scenario,cum_pop_share,cum_access_share
current,0.0,0.0
current,0.00029117398590355556,4.18952740147061e-10
current,0.00043676097885533334,9.389238547633132e-10
current,0.0005823479718071111,1.494243269876194e-09
current,0.0010191089506624445,3.2894452334363313e-09
current,0.0011646959436142222,4.1689167265049496e-09
current,0.001310282936566,5.1236928781011185e-09
current,0.0014558699295177777,6.131453119005115e-09
current,0.0016014569224695554,7.756562158011441e-09
current,0.0017470439154213331,9.500800613992436e-09
current,0.0020382179013248886,1.3135965618866095e-08
current,0.0021838048942766663,1.4974160036792263e-08
current,0.0022609522366485203,1.6424572404934343e-08
current,0.002406539229600298,1.9413362818184828e-08
current,0.0028433002084556312,2.891757799610419e-08
current,0.0031344741943591867,3.542817445243402e-08
current,0.003425648180262742,4.625792008360132e-08
current,0.00357123517321452,5.1725292052164275e-08
current,0.0037168221661662976,5.738844136382983e-08
current,0.004007996152069853,6.882099446508301e-08
current,0.0042991701379734085,8.0388597836575e-08
current,0.004444757130925186,9.017531715856871e-08
current,0.004735931116828742,1.1009951893482704e-07
current,0.004881518109780519,1.2028166193596307e-07
current,0.005609453074539408,1.7146157767331364e-07
current,0.0056866004169112624,1.77694432053597e-07
current,0.005763747759283117,1.850659543806105e-07
current,0.006054921745186672,2.1567051324267407e-07
current,0.006132069087558527,2.2400006791651257e-07
current,0.006714417059365638,2.901537086900517e-07
current,0.006860004052317415,3.0685729708710487e-07
current,0.007151178038220971,3.40282695662075e-07
current,0.007296765031172749,3.5801780200031927e-07
current,0.00787911300297986,4.306911975462823e-07
current,0.008170286988883415,4.671516544861646e-07
current,0.00846146097478697,5.112690725826895e-07
current,0.008500034645972897,5.171866801444919e-07
current,0.008645621638924674,5.452895521051948e-07
current,0.008791208631876452,5.757982802383222e-07
current,0.00893679562482823,6.063537467526173e-07
current,0.009373556603683563,7.021030980226575e-07
current,0.009664730589587119,7.663534022498779e-07
current,0.009741877931958973,7.848550567453226e-07
current,0.00980527380971693,8.019734428169422e-07
current,0.009950860802668708,8.484799808974469e-07
current,0.010028008145040563,8.745702992980886e-07
current,0.010610356116847674,1.0755361228592174e-06
current,0.010755943109799451,1.127257329686478e-06
current,0.010794516780985378,1.141274299009056e-06
current,0.010940103773937155,1.195428571208207e-06
current,0.011085690766888933,1.2508148832857826e-06
current,0.011376864752792488,1.3647198620668102e-06
current,0.011668038738696044,1.4960924078867995e-06
current,0.011768029544757717,1.5436824624658144e-06
current,0.01220479052361305,1.7629457613497168e-06
current,0.012350377516564828,1.8382759404652983e-06
current,0.012641551502468384,1.999775411636082e-06
current,0.012787138495420161,2.085960534154891e-06
current,0.013078312481323717,2.2622931582843823e-06
current,0.013369486467227272,2.448672532180826e-06
current,0.01351507346017905,2.543390974393326e-06
current,0.013806247446082606,2.742965873629923e-06
current,0.014097421431986161,2.942865221441519e-06
current,0.014243008424937939,3.056449781616713e-06
current,0.014369800180453854,3.1611089685841127e-06
current,0.014660974166357409,3.413666698155856e-06
current,0.014806561159309187,3.5464457360523305e-06
current,0.015388909131116298,4.109360694248532e-06
current,0.015427482802302224,4.147648919398414e-06
current,0.015573069795254002,4.297975428703697e-06
current,0.01586424378115756,4.60061137760864e-06
current,0.01600983077410934,4.7597534937541815e-06
current,0.016048404445295265,4.804178740280482e-06
current,0.016193991438247044,4.976532190110908e-06
current,0.0164851654241506,5.357920285032763e-06
current,0.01663075241710238,5.54894035699794e-06
current,0.017649861367764825,7.119833341337622e-06
current,0.017795448360716604,7.348550619059796e-06
current,0.01808662234662016,7.82282350257901e-06
current,0.01823220933957194,8.061772338996654e-06
current,0.018523383325475495,8.544129359049815e-06
current,0.018600530667847347,8.672829281943294e-06
current,0.018663926545605305,8.783424859916283e-06
current,0.018809513538557084,9.043608445127245e-06
current,0.01982862248921953,1.0875449165276635e-05
current,0.01997420948217131,1.1150605655349633e-05
current,0.020265383468074865,1.1713984818112975e-05
current,0.020410970461026644,1.2006436591423192e-05
current,0.020474366338784602,1.2134037450014594e-05
current,0.020911127317639937,1.3031497415703668e-05
current,0.021056714310591716,1.3342464936422153e-05
current,0.02134788829649527,1.3994978670633591e-05
current,0.021386461967681198,1.408700970770281e-05
current,0.021532048960632977,1.4506220085418658e-05
current,0.021677635953584757,1.4929021676923657e-05
current,0.021804427709100672,1.530159506393194e-05
current,0.02195001470205245,1.575121970077896e-05
current,0.022076806457568366,1.6159235993400398e-05
current,0.02237677887575339,1.715281885177839e-05
current,0.02252236586870517,1.7638078016820112e-05
current,0.02266795286165695,1.8137870193931645e-05
current,0.022959126847560504,1.9150658675170716e-05
current,0.02299770051874643,1.929000044877869e-05
current,0.02314328751169821,1.9851601520479805e-05
current,0.023270079267214125,2.0369363193211387e-05
current,0.023415666260165904,2.097897950555449e-05
current,0.023479062137923862,2.125717767121219e-05
current,0.02362464913087564,2.190802640761421e-05
current,0.023915823116779197,2.32975837457584e-05
current,0.023979218994537154,2.36041828732514e-05
current,0.024124805987488934,2.4336707048947462e-05
current,0.024270392980440713,2.5082408825512263e-05
current,0.02456156696634427,2.6617386917845527e-05
current,0.024707153959296048,2.738789606317512e-05
current,0.02486440906636001,2.8226790339117685e-05
current,0.02494155640873186,2.864649962302604e-05
current,0.025068348164247776,2.934627277724394e-05
current,0.02514549550661963,2.9787721219123775e-05
current,0.025291082499571408,3.062092885685442e-05
current,0.025354478377329365,3.098471731500157e-05
current,0.02595442321369941,3.443753470849709e-05
current,0.026144610846973282,3.555703707524176e-05
current,0.02629019783992506,3.64323020586342e-05
current,0.026416989595440976,3.7205996336589255e-05
current,0.026562576588392756,3.810041943213983e-05
current,0.02685375057429631,3.99503078520384e-05
current,0.02723412584084406,4.237732479534908e-05
current,0.02737971283379584,4.332347229687596e-05
current,0.027525299826747618,4.427051781533131e-05
current,0.027670886819699397,4.524443869794941e-05
current,0.027962060805602953,4.719377470363293e-05
current,0.028107647798554732,4.818598513073346e-05
current,0.02817104367631269,4.863706496181257e-05
current,0.028234439554070647,4.9093018774718345e-05
current,0.0283115868964425,4.9660014059212584e-05
current,0.028350160567628426,4.994793220797408e-05
current,0.02865013298581345,5.2209232087461074e-05
current,0.028713528863571407,5.2691627983054474e-05
current,0.028859115856523187,5.37994412154702e-05
current,0.029004702849474966,5.492918523524265e-05
current,0.02913149460499088,5.5923766237376106e-05
current,0.02919489048274884,5.643471903341438e-05
current,0.02927203782512069,5.706439653249916e-05
current,0.029572010243305715,5.9619754596665236e-05
current,0.029635406121063673,6.017345325923881e-05
current,0.02969880199882163,6.0734488395597177e-05
current,0.02984438899177341,6.202310334421264e-05
current,0.03042673696358052,6.71890984235292e-05
current,0.0305723239565323,6.850002397482294e-05
current,0.03071791094948408,6.981855331593e-05
current,0.03090809858275795,7.154959017544184e-05
current,0.031098286216031824,7.328253485531518e-05
current,0.03116168209378978,7.387418619778082e-05
current,0.03130726908674156,7.52820060382418e-05
current,0.03138441642911341,7.602984553638443e-05
current,0.03144781230687137,7.665262286260909e-05
current,0.03152495964924322,7.74234521817621e-05
current,0.03177854316027505,7.998106635246822e-05
current,0.0318556905026469,8.076247794878698e-05
current,0.03198248225816282,8.206832150193823e-05
current,0.032682417900594535,8.943489271714635e-05
current,0.032828004893546314,9.096817765512145e-05
current,0.032973591886498094,9.252038062905992e-05
current,0.033163779519771966,9.457339377686787e-05
current,0.036036210890710546,0.000125888109030766
current,0.036181797883662326,0.00012752097620966166
current,0.03872207070542369,0.00015635976000656946
current,0.03886765769837547,0.000158033988618192
current,0.03901324469132725,0.00015972598840763725
current,0.0390903920336991,0.00016062978475892337
current,0.03915378791145706,0.00016137431070985597
current,0.03988172287621595,0.00016994819445315004
current,0.039945118753973906,0.00017072250083799323
current,0.040090705746925685,0.00017250746324158457
current,0.04016785308929754,0.00017348445388467657
current,0.040206426760483464,0.00017398079671913144
current,0.04032214777404124,0.00017547951011954855
current,0.040399295116413096,0.0001764887197340224
current,0.04058948274968697,0.00017902625303978478
current,0.04073506974263875,0.0001809698943605999
current,0.04277328764396364,0.00020861402085436249
current,0.04291887463691542,0.0002105960870838825
current,0.04321004862281898,0.00021472691200429196
current,0.043310039428880655,0.00021614982487492166
current,0.04346729453594461,0.00021844313642765145
current,0.043594086291460526,0.00022030925021645787
current,0.043657482169218484,0.0002212433957023296
current,0.04380306916217026,0.00022342486235741237
current,0.04384164283335619,0.00022400373089718974
current,0.04398722982630797,0.0002261912693902625
current,0.04406437716867982,0.000227362010976825
current,0.04438135655746961,0.0002321754883575668
current,0.04482512770177531,0.00023911225926280216
current,0.04497071469472709,0.00024142976570332888
current,0.04527930406421451,0.0002465487828907385
current,0.045317877735400434,0.00024718867160219407
current,0.04544466949091635,0.0002492931007842624
current,0.045571461246432264,0.00025141092532045983
current,0.045717048239384044,0.00025386950094025937
current,0.046217002269692414,0.00026233316598475454
current,0.04628039814745037,0.00026340727544903154
current,0.04642598514040215,0.0002658759274717192
current,0.046503132482774004,0.0002672320358973392
current,0.04664871947572578,0.00026979398944708156
current,0.049121158708286136,0.00031358156514974027
current,0.04915973237947206,0.0003142825142041802
current,0.04941331589050389,0.00031892892907828865
current,0.04954010764601981,0.00032129282794033016
current,0.049685694638971586,0.00032403186983388137
current,0.05012245561782692,0.0003322797023377327
current,0.051922290126937054,0.0003666742400430139
current,0.05199943746930891,0.0003681561042197287
current,0.052145024462260686,0.0003709549491488624
current,0.052290611455212466,0.0003737696999895597
current,0.05244786656227642,0.000376814942665999
current,0.05273904054817998,0.0003825870462934344
current,0.05293190890410961,0.00038645178971646394
current,0.05307749589706139,0.00038940164559416395
current,0.05320428765257731,0.00039199935040229455
current,0.05574456047433867,0.0004441205199060888
current,0.05763719138271178,0.00048307830330311457
current,0.05778277837566356,0.00048609210281524545
current,0.05790957013117948,0.0004887643109092438
current,0.05803636188669539,0.0004915727054416991
current,0.05807493555788132,0.000492428370908477
current,0.05815208290025317,0.0004941491697411581
current,0.058278874655769086,0.0004969828219308144
current,0.05847885626789243,0.0005014871617873803
current,0.05862444326084421,0.0005048200017652584
current,0.05872443406690589,0.0005071160295430749
current,0.058763007738091816,0.0005080171612271455
current,0.05880158140927774,0.0005089349944299146
current,0.05894716840222952,0.0005124031445443597
current,0.0590927553951813,0.0005159098157630049
current,0.05919274620124298,0.0005183342787400845
current,0.05926989354361483,0.0005202144068162134
current,0.05958440375774275,0.0005278800942298483
current,0.05974165886480671,0.0005317434269150826
current,0.05988724585775849,0.0005354322399548067
current,0.06017841984366205,0.0005428211521903107
current,0.060324006836613826,0.000546530870170149
current,0.06036258050779975,0.0005475286773568438
current,0.06048937226331567,0.0005508088885911447
current,0.060552768141073625,0.0005524642402797086
current,0.06075274975319697,0.0005577125306249059
current,0.06095273136532032,0.0005630005873508906
current,0.061152712977443666,0.0005682888390358876
current,0.06304534388581677,0.0006194081502756115
current,0.06317213564133269,0.0006229252894193413
current,0.06321070931251861,0.0006239979156725941
current,0.06346429282355044,0.000631237186699127
current,0.0636642744356738,0.0006369596850420768
current,0.06370284810685972,0.0006380888751922699
current,0.0638484350998115,0.0006423692787149171
current,0.06399402209276328,0.0006466859962741785
current,0.06403259576394921,0.0006478322313041018
current,0.06409599164170716,0.0006497197210780332
current,0.06417313898407902,0.0006520467415905095
current,0.06455351425062676,0.0006635557617350408
current,0.06459208792181269,0.0006647329691801652
current,0.0647188796773286,0.0006686256013274404
current,0.06479602701970046,0.0006709979839068046
current,0.06494161401265224,0.0006754891417839737
current,0.06508720100560401,0.000680009887764755
current,0.06518719181166568,0.0006831232629883699
current,0.06525058768942364,0.000685099255853228
current,0.06539617468237542,0.0006896397453664063
current,0.06543474835356135,0.0006908579885190147
current,0.06558033534651313,0.0006954643060165844
current,0.06565748268888498,0.0006979075572187877
current,0.06580306968183676,0.0007025223831377198
current,0.06594865667478854,0.0007071723084146677
current,0.06708978247443177,0.0007439288699653748
current,0.06740676186322156,0.0007541414986563107
current,0.06747015774097952,0.0007561874790233404
current,0.06767013935310287,0.0007626522135152219
current,0.06774728669547472,0.0007651629336013498
current,0.06806426608426451,0.0007755742703319886
current,0.06844464135081225,0.0007882915122500503
current,0.06859022834376403,0.0007932436609884671
current,0.0688814023296676,0.0008031874431769172
current,0.06902698932261937,0.0008082488025902809
current,0.0693269617408044,0.0008186852885628107
current,0.06939035761856235,0.0008209276168915587
current,0.0700193780468182,0.0008432762177043946
current,0.07025082007393375,0.000851607138393856
current,0.07039640706688553,0.000856892004011303
current,0.07045980294464349,0.0008592097422566203
current,0.07052319882240145,0.0008615439533866994
current,0.07077678233343328,0.0008710031795014296
current,0.07097676394555663,0.0008784741785547901
current,0.07132392698622997,0.0008914488896285248
current,0.07146951397918175,0.0008969136935356921
current,0.07159630573469766,0.000901795819487733
current,0.07178649336797154,0.0009091450587107059
current,0.07190221438152931,0.0009136613025885373
current,0.07210219599365267,0.0009215224279824053
current,0.0721407696648386,0.0009230554709660214
current,0.07220416554259655,0.0009255979233931346
current,0.07260412876684325,0.0009416396824292864
current,0.0728041103789666,0.0009497082545902658
current,0.07310408279715162,0.0009619731524947618
current,0.07330406440927498,0.0009701931428122938
current,0.07344965140222676,0.0009761852692913709
current,0.07351304727998471,0.0009788038351886863
current,0.07357644315774267,0.0009814290493616676
current,0.07367643396380434,0.000985580229100129
current,0.07371500763499027,0.00098719335888214
current,0.07401498005317529,0.0009998300098675531
current,0.07585346050815607,0.00107850042270322
current,0.07599904750110785,0.0010848019498940545
current,0.07614463449405963,0.0010911377411793773
current,0.07652500976060737,0.0011077836224926499
current,0.0768249821787924,0.001121010279764337
current,0.0769792768635361,0.0011278224213520068
current,0.07704267274129406,0.001130640654359897
current,0.07751443806248594,0.0011516526479494757
current,0.07761442886854761,0.0011561863894622765
current,0.07765300253973353,0.0011579607181215268
current,0.07777979429524945,0.0011638828038003722
current,0.0779797759073728,0.0011733724643536916
current,0.07807976671343447,0.0011781490762595602
current,0.07877970235586619,0.0012116870853523603
current,0.07884309823362415,0.0012148068461137298
current,0.0790430798457475,0.0012247496534760554
current,0.07910647572350546,0.0012279102089304392
current,0.07937649142180694,0.001241385703758049
current,0.07941506509299287,0.0012433143441469164
current,0.07949221243536472,0.001247180719364829
current,0.07969219404748808,0.0012572261844613069
current,0.07989217565961143,0.0012674021465733292
current,0.07993074933079736,0.0012693677912496261
current,0.08000789667316921,0.00127330708963315
current,0.08026148018420104,0.0012862732149961677
current,0.08040706717715282,0.0012937271428617183
current,0.08090702120746118,0.0013193818294318744
current,0.08134378218631652,0.0013419211589790717
current,0.08144377299237819,0.0013470820149956994
current,0.08164375460450154,0.0013574046329982473
current,0.08177054636001746,0.0013639942178327335
current,0.08227050039032582,0.0013899879697423536
current,0.08230907406151175,0.0013920251444827585
current,0.0825090556736351,0.0014026013624498632
current,0.08310900051000515,0.0014343949148441799
current,0.08320899131606682,0.0014397315901083707
current,0.0838429500936464,0.001474092516458978
current,0.08409653360467823,0.0014879048393689155
current,0.08422332536019414,0.0014948631300479665
current,0.0844233069723175,0.0015058960623999889
current,0.08456889396526927,0.0015139402917293007
current,0.08475908159854315,0.001524461780101437
current,0.08563260355625381,0.0015732228696711595
current,0.08583258516837716,0.0015844570808665585
current,0.08597817216132894,0.0015926479229788834
current,0.08610496391684486,0.0015997875572917241
current,0.08618211125921671,0.001604136802364227
current,0.08628210206527838,0.0016098013068331597
current,0.08647228969855225,0.0016206010351926413
current,0.08661787669150403,0.0016288847050798128
current,0.0870036134033633,0.0016509210737104538
current,0.08757417630318491,0.0016838292064294518
current,0.08771976329613669,0.0016922285789873405
current,0.08786535028908847,0.0017006493522063095
current,0.08799214204460439,0.0017080086268112206
current,0.08806928938697624,0.0017125055311860862
current,0.08825947702025011,0.0017236523299337528
current,0.08844966465352398,0.0017348148081701238
current,0.08852681199589583,0.001739360818472125
current,0.08859020787365379,0.0017431119708007856
current,0.08878039550692766,0.0017544671059156866
current,0.08898037711905102,0.001766416618937254
current,0.08910716887456693,0.001774019202089567
current,0.08926146355931064,0.0017832851035954448
current,0.08946144517143399,0.0017953783711114545
current,0.08966142678355735,0.001807755296640991
current,0.08980701377650913,0.001816807597312632
current,0.08988416111888098,0.001821609964229788
current,0.09004141622594494,0.0018314075002579919
current,0.09047817720480028,0.0018587461964949563
current,0.09094994252599216,0.0018885760162341816
current,0.09102708986836401,0.0018934574818032454
current,0.09118138455310772,0.0019032704786502838
current,0.0912971055666655,0.0019106523350748378
current,0.09149708717878885,0.0019234575709815341
current,0.09164267417174063,0.001932988043870186
current,0.09178826116469241,0.0019425473080014375
current,0.09188825197075408,0.0019491260459813186
current,0.09208823358287743,0.001962348716420808
current,0.09215162946063539,0.0019665412953937924
current,0.09219020313182132,0.0019691015682309176
current,0.09257057839836906,0.0019944633191597613
current,0.09264772574074091,0.0019996630219833874
current,0.09272487308311277,0.002004896379075029
current,0.09302484550129779,0.002025308834208343
current,0.09589727687223637,0.0022254838169396872
current,0.09605157155698008,0.002236256815743898
current,0.09625155316910343,0.002250229492773862
current,0.09631494904686139,0.0022546969047139397
current,0.09639209638923324,0.0022601552207490512
current,0.09646924373160509,0.0022656569908235144
current,0.09659603548712101,0.0022747087114133465
current,0.09689600790530603,0.00229613326442247
current,0.09697315524767788,0.002301648722611562
current,0.09703655112543584,0.002306217285874094
current,0.0971136984678077,0.002311820770423516
current,0.09727095357487166,0.002323315706410664
current,0.09739774533038757,0.002332656318663298
current,0.09768891931629113,0.0023541855640233423
current,0.09876664923817641,0.0024339465431818144
current,0.09895683687145028,0.002448110973098878
current,0.09915681848357363,0.0024630439227199103
current,0.0992568092896353,0.0024705392879147262
current,0.09960397233030864,0.002496623829876258
current,0.09973076408582456,0.0025061801882357224
current,0.09993074569794791,0.0025213731033204077
current,0.10023933506743532,0.002544954862639379
current,0.10047077709455088,0.0025627299399974247
current,0.10057076790061255,0.002570424800285439
current,0.1007707495127359,0.002586025541890435
current,0.10089754126825182,0.002595944890461632
current,0.10109752288037517,0.002611612878211741
current,0.10125181756511888,0.0026237866269807853
current,0.10135180837118055,0.0026316765061605426
current,0.10139038204236647,0.0026347243448425453
current,0.10221452845321992,0.0026998527995249315
current,0.10259490371976766,0.0027302147343960886
current,0.10279488533189102,0.0027463717334889766
current,0.10292167708740693,0.002756643931765751
current,0.10332164031165363,0.0027890687811449964
current,0.10535985821297851,0.0029549474768065273
current,0.10555983982510186,0.002971317904150113
current,0.1057527081810315,0.0029871843374203793
current,0.10581610405878945,0.0029924151423236013
current,0.10601608567091281,0.003008959387440339
current,0.10611607647697448,0.003017250377057
current,0.10640725046287804,0.0030414016087298456
current,0.10644582413406396,0.003044611978169306
current,0.10650922001182192,0.0030499029815287204
current,0.10658636735419377,0.003056393093236765
current,0.10678634896631713,0.0030732271565786775
current,0.1068863397723788,0.003081751108023857
current,0.10808622944511889,0.0031851025083493266
current,0.10823181643807067,0.003197773541819331
current,0.10842200407134454,0.003214416738795088
current,0.1086219856834679,0.003231929153091957
current,0.10866055935465382,0.003235317355975242
current,0.11026041225164061,0.0033761167133144914
current,0.11040599924459239,0.003388965107114848
current,0.11069717323049595,0.003414726565074242
current,0.11084276022344773,0.003427652006572406
current,0.11114273264163275,0.0034545052328840927
current,0.11128831963458453,0.0034676682724483513
current,0.11135171551234249,0.0034734143373824806
current,0.11185166954265086,0.0035189254517534315
current,0.11295156840932927,0.0036195589643820384
current,0.1129901420805152,0.0036230993969796708
current,0.11313572907346697,0.0036364842190554276
current,0.1131743027446529,0.0036400628487342573
current,0.11361106372350824,0.0036805899204512276
current,0.11373785547902415,0.003692355892644263
current,0.113815002821396,0.0036995635239413655
current,0.11396929750613971,0.00371405906284678
current,0.11400787117732564,0.00371770864519184
current,0.1142393132044412,0.0037397115684191023
current,0.11511283516215186,0.003822835568967093
current,0.11530302279542573,0.003841015641391868
current,0.1154030136014874,0.003850612350817308
current,0.1155573082862311,0.00386567692195458
current,0.11584848227213466,0.0038941597862255394
current,0.11597527402765058,0.0039068066819076775
current,0.11607526483371225,0.0039168613263331695
current,0.11619098584727003,0.003928531556507687
current,0.11633657284022181,0.003943297910580468
current,0.11645229385377959,0.003955094730074155
current,0.11655228465984126,0.003965314488959463
current,0.11695224788408795,0.00400619751985924
current,0.11701564376184591,0.00401271274420167
current,0.11705421743303183,0.00401668682365393
current,0.11720851211777554,0.004032621791240655
current,0.11779086008958266,0.004092867632874741
current,0.11785425596734062,0.004099444080153608
current,0.1198924738686655,0.004311320700636745
current,0.12000819488222328,0.004323432398538579
current,0.1203081673004083,0.0043550744783252245
current,0.12060813971859333,0.004386748566277105
current,0.12064671338977925,0.004390826666967338
current,0.12071010926753721,0.0043975676940670675
current,0.12085569626048899,0.004413086040256701
current,0.12105567787261234,0.004434434044378237
current,0.12120126486556412,0.0044500369296235015
current,0.1213468518585159,0.004466000592182493
current,0.12164682427670093,0.0044989828704047035
current,0.12196380366549071,0.004534020955331218
current,0.12209059542100663,0.004548065234685169
current,0.12240757480979642,0.0045833751058919955
current,0.12270754722798144,0.004616832375986099
current,0.12300751964616646,0.004650370294029491
current,0.12332449903495625,0.004686123731373311
current,0.12336307270614218,0.004690481117299571
current,0.12351736739088588,0.0047079417738066605
current,0.12366295438383766,0.004724441957475299
current,0.12370152805502359,0.004728822409384616
current,0.12657395942596217,0.005056817884165864
current,0.12665110676833402,0.00506565779317656
current,0.126714502646092,0.005072947845431913
current,0.12679164998846384,0.005081860815525064
current,0.12690737100202162,0.005095249697113828
current,0.12734413198087696,0.005145876008940399
current,0.12742127932324882,0.005154825558279818
current,0.12745985299443474,0.005159310687568618
current,0.12757557400799252,0.0051728202190350235
current,0.1276912950215503,0.005186415340269432
current,0.12783688201450208,0.005203530797863985
current,0.12793687282056376,0.0052153336335742945
current,0.1281368544326871,0.005238975066313743
current,0.12817542810387303,0.005243551029163871
current,0.12837540971599637,0.005267360550508348
current,0.13092517527056904,0.005572671131834239
current,0.13096374894175497,0.0055772926215459425
current,0.13146370297206333,0.0056373257076480525
current,0.13166368458418667,0.005661377160769812
current,0.13197227395367409,0.0056985000675878065
current,0.13217225556579743,0.005722768285817758
current,0.13260901654465276,0.00577636895421802
current,0.1329089889628378,0.005813187511769699
current,0.13302470997639557,0.005827406454792861
current,0.13310185731876742,0.005836902531572321
current,0.13317900466113927,0.005846466703517059
current,0.13324240053889724,0.005854327960312409
current,0.13382474851070436,0.005926656121067283
current,0.1340247301228277,0.00595169185931247
current,0.13412472092888938,0.005964216965736869
current,0.1341632946000753,0.005969063427704478
current,0.134263285406137,0.005981642664568075
current,0.1347070565504427,0.006037798478611706
current,0.13490703816256605,0.0060631946982177345
current,0.1349841855049379,0.006073060548384014
current,0.13518416711706124,0.0060986721356092845
current,0.13613510528343062,0.006220517727488865
current,0.1362806922763824,0.006239174659663907
current,0.13658066469456742,0.0062776448337764496
current,0.13688063711275245,0.006316232215881776
current,0.13728060033699915,0.006367756722090213
current,0.14015303170793772,0.006740107775548456
current,0.1402530225139994,0.006753132381710866
current,0.1403530133200611,0.0067661610744671075
current,0.14049860031301287,0.0067851419208382275
current,0.14064418730596465,0.00680425721253366
current,0.14137212227072354,0.006900193826058174
current,0.14147211307678523,0.00691342319177986
current,0.1415721038828469,0.006926763919080173
current,0.14177208549497025,0.006953482619852102
current,0.14207205791315528,0.006993946224959867
current,0.14247202113740198,0.007047918006136809
current,0.14254916847977384,0.007058348676127569
current,0.14299293962407955,0.007118394863831916
current,0.14349289365438792,0.007186087581354104
current,0.1436384806473397,0.007206129681708255
current,0.14375420166089747,0.007222161236707578
current,0.14386992267445525,0.007238219501410861
current,0.14412350618548708,0.007273693759559107
current,0.14426909317843886,0.007294103177299582
current,0.1444690747905622,0.007322290729480544
current,0.14461466178351398,0.007342845136715958
current,0.14490583576941754,0.007383974620641149
current,0.14505142276236932,0.0074045396896234164
current,0.1451970097553211,0.0074251968465904195
current,0.14523558342650703,0.0074307523314909385
current,0.14563554665075373,0.007488601915472583
current,0.14576233840626965,0.007506942723512616
current,0.14663586036398032,0.007633520870505867
current,0.14683584197610366,0.007662520999198473
current,0.14733579600641203,0.0077350333542558014
current,0.1475672380335276,0.007768655284982824
current,0.14764438537589944,0.0077798719409453276
current,0.14804434860014615,0.0078381843980425
current,0.14954421069107127,0.008057004184489253
current,0.150544118751688,0.008202955303992487
current,0.15074410036381133,0.008232213119537937
current,0.15263116164857884,0.008508333499263885
current,0.15273115245464053,0.00852297110839651
current,0.15303112487282555,0.008567161714840227
current,0.1532311064849489,0.008596739557354263
current,0.1535480858737387,0.00864364042786016
current,0.15374806748586203,0.008673280945144706
current,0.15454799393435542,0.0087927021242185
current,0.1546935809273072,0.008814457769781283
current,0.15482037268282312,0.008833406186605133
current,0.15494716443833903,0.008852365227390427
current,0.15524713685652405,0.00889725351705507
current,0.1554471184686474,0.008927194882220319
current,0.15559270546159917,0.008949054849677342
current,0.15569269626766086,0.008964168900858879
current,0.15573126993884678,0.008970006987314915
current,0.15703115041764854,0.00916674323395381
current,0.15743111364189524,0.009227361223345144
current,0.15830463559960592,0.009360164801848205
current,0.15850461721172926,0.009390581329930134
current,0.1585817645541011,0.009402377258537471
current,0.15887293854000467,0.009447093460675184
current,0.15901852553295645,0.00946948219358467
current,0.1592185071450798,0.009500408898378838
current,0.15929565448745164,0.009512356920150258
current,0.15949563609957498,0.009543336919606767
current,0.15955903197733295,0.009553201899870918
current,0.1597904740044485,0.009589245176524866
current,0.1604848000857952,0.009697508691690499
current,0.16060052109935297,0.0097156106046824
current,0.16100048432359967,0.009778205560458672
current,0.16110047512966136,0.00979385573172603
current,0.1618004107720931,0.009903492430301076
current,0.16200039238421643,0.009934973175021344
current,0.16243715336307177,0.010003971197020407
current,0.16256394511858768,0.010024048814705349
current,0.1626907368741036,0.010044210083407366
current,0.16283632386705538,0.010067392112844383
current,0.16538608942162805,0.01047546681094521
current,0.16557627705490194,0.010505950357363006
current,0.16567626786096362,0.010521979301874183
current,0.1658218548539154,0.01054540536807939
current,0.16596744184686718,0.010568831493227246
current,0.16606743265292886,0.010584933786199891
current,0.1663674050711139,0.010633286127403692
current,0.16644455241348574,0.010645813781903003
current,0.16688131339234108,0.010716753160146556
current,0.1686283573077624,0.011002661707910888
current,0.1687283481138241,0.011019088561200896
current,0.16923551513588775,0.011102869825702
current,0.16938110212883953,0.011126946198087458
current,0.16968107454702455,0.011176569467866536
current,0.16971964821821048,0.011182971505871995
current,0.16981963902427216,0.011199622987884765
current,0.16996522601722394,0.011223902225955045
current,0.17011081301017572,0.011248197396090405
current,0.17171226993264527,0.011516235761534176
current,0.17181226073870695,0.011532987560398902
current,0.17195784773165873,0.011557421733735161
current,0.17295775579227546,0.01172599200417866
current,0.17345770982258382,0.011810345635864977
current,0.1735734308361416,0.011829933070184798
current,0.1737636184694155,0.011862252978998348
current,0.17390920546236727,0.011887090213768811
current,0.17398635280473912,0.011900254216966043
current,0.1747862792532325,0.012037185162936897
current,0.17498626086535585,0.01207179217914371
current,0.1755862057017259,0.012175947630597863
current,0.17602296668058123,0.012251821480774859
current,0.1765229207108896,0.012338952928748306
current,0.17660006805326145,0.012352450129113492
current,0.176831510080377,0.0123930308957006
current,0.1769770970733288,0.012418730299093987
current,0.17712268406628057,0.012444466265308337
current,0.17722267487234225,0.01246214385634834
current,0.17766644601664797,0.012540615793956668
current,0.17782074070139167,0.012568118984572881
current,0.178020722313515,0.012604036509064477
current,0.1787814728466105,0.012740807597878857
current,0.17907264683251406,0.012793317613239003
current,0.17954441215370592,0.012878697056380622
current,0.1796899991466577,0.01290508665899538
current,0.1804899255951511,0.013050104046092277
current,0.18063551258810287,0.013076507838623009
current,0.18075123360166065,0.013097531059485402
current,0.18087802535717656,0.013120574478470384
current,0.1809165990283625,0.013127585954403677
current,0.18117018253939432,0.01317373008987338
current,0.18120875621058025,0.013180775334228312
current,0.18136305089532395,0.013208957103221237
current,0.18150863788827573,0.013235806690712448
current,0.18170150624420536,0.013271450559873627
current,0.1820014786623904,0.013327301723535336
current,0.18215873376945435,0.013356643583767515
current,0.1824499077553579,0.013410982806713207
current,0.1826400953886318,0.01344651216878881
current,0.18270349126638977,0.013458361546305057
current,0.1830838665329375,0.013529957766623742
current,0.18358382056324588,0.013624299183503793
current,0.18547645147161898,0.013981932904135769
current,0.1864793669224531,0.014172189887967134
current,0.18677933934063812,0.014229139299420244
current,0.18697932095276146,0.01426746844228611
current,0.18701789462394738,0.014274882944332929
current,0.1871446863794633,0.014299306163137251
current,0.18722183372183515,0.014314201408342513
current,0.18728522959959312,0.014326449031438879
current,0.18753881311062495,0.014375443265364494
current,0.1877387947227483,0.014414373737606808
current,0.1884716944752809,0.014557525887445487
current,0.18861728146823267,0.014585984198517988
current,0.18963639041889513,0.014785364484422987
current,0.1897819774118469,0.014814069980815787
current,0.19007315139775047,0.01487205830225801
current,0.19061318279435344,0.0149796248472105
current,0.19076747747909714,0.015010381589531706
current,0.1915916238899506,0.01517468339400446
current,0.19173721088290238,0.015203878336774813
current,0.19243456553823993,0.015344803762008722
current,0.1925801525311917,0.015374249409177913
current,0.19272573952414349,0.015403709388017993
current,0.19301691351004704,0.015463670605414329
current,0.19333389289883685,0.015529018041543316
current,0.19343388370489853,0.01554981433393366
current,0.1939410507269622,0.015655365367601357
current,0.1940678424824781,0.015681841805618914
current,0.19426782409460144,0.015723750938185184
current,0.19516774134915651,0.015912808706233805
current,0.19546771376734154,0.01597594187937803
current,0.19619564873210044,0.016130388449563254
current,0.19639563034422378,0.016172905886102124
current,0.1964342040154097,0.01618111168218883
current,0.19793406610633482,0.016501909410752504
current,0.1980340569123965,0.016523441989922002
current,0.1981340477184582,0.01654514160090295
current,0.19889479825155368,0.01671127563913371
current,0.19909477986367702,0.016755105255531515
current,0.19949474308792373,0.01684289021988459
current,0.1995947338939854,0.01686488531863909
current,0.1996947247000471,0.01688693436431465
current,0.19981044571360487,0.01691249915556911
current,0.19988759305597673,0.016929662017573153
current,0.20054334546613747,0.017077117021398514
current,0.20225503416560234,0.017465172039865248
current,0.20341973010921657,0.01772928150220331
current,0.20574912199644502,0.018260083692675403
current,0.20600270550747685,0.01831791943867218
current,0.20619289314075073,0.018361361682589752
current,0.2087426586953234,0.018946791114951157
current,0.2088882456882752,0.01898026282591111
current,0.2090425403730189,0.01901579808292465
current,0.20933371435892245,0.019083230684220687
current,0.21133353048015593,0.019546449023115163
current,0.21233343854077266,0.019780750115049008
current,0.212533420152896,0.01982770987870197
current,0.21323077480823355,0.019992091893840568
current,0.21333076561429523,0.02001579710880616
current,0.21358434912532706,0.020076019760679298
current,0.21445787108303774,0.02028588640021665
current,0.21465785269516108,0.020334338239802015
current,0.21485783430728442,0.020383630783603217
current,0.2150034213002362,0.02041989707054888
current,0.21558576927204331,0.02056539354827056
current,0.2157313562649951,0.02060177132071423
current,0.21636531504257467,0.02076042779700923
current,0.21766519552137642,0.021086341810327834
current,0.2178107825143282,0.021123035104031036
current,0.21795636950727998,0.021159746913300182
current,0.21874264504259977,0.021358159258809215
current,0.21888823203555155,0.021394975646913447
current,0.21904252672029526,0.021434091180553377
current,0.21908110039148118,0.021443875484786382
current,0.22019973685587307,0.021729300995334544
current,0.220238310527059,0.02173915337679314
current,0.22111183248476968,0.02196271319063834
current,0.22117522836252765,0.021978976250281283
current,0.22404765973346621,0.022716111568303735
current,0.22666822560659822,0.02338884566867729
current,0.2267682164126599,0.023414714206592902
current,0.22746815205509163,0.023598796268894204
current,0.22858678851948352,0.023893868740095504
current,0.2287025095330413,0.02392457739939426
current,0.22927307243286293,0.02407705037063545
current,0.2293502197752348,0.024097672631527997
current,0.2293887934464207,0.02410798435006175
current,0.22982555442527605,0.024225104826419132
current,0.22997114141822783,0.024264259751926965
current,0.23007113222428952,0.024291171992377132
current,0.2374621222562956,0.02628273252872962
current,0.238349664544907,0.026523283498942923
current,0.23849525153785878,0.026562766547254153
current,0.24053346943918366,0.02711716188491182
current,0.24072365707245755,0.02716896733772043
current,0.24099367277075903,0.027242714003403726
current,0.24149513049617607,0.027379753110173342
current,0.24164071748912785,0.02741956119143025
current,0.24233504357047453,0.027609932562822098
current,0.2438565446366655,0.028027349812778147
current,0.2441735240254553,0.028114857341916596
current,0.2443191110184071,0.02815506083760977
current,0.2446190834365921,0.028237965628411313
current,0.24651171434496522,0.02876498539946471
current,0.24680288833086877,0.028846368317450227
current,0.24769043061948018,0.02909476995132314
current,0.24829037545585023,0.029262799842351465
current,0.2483903662619119,0.029290866978817224
current,0.24909030190434364,0.029488719524313624
current,0.24997784419295505,0.029740152728065947
current,0.2501234311859068,0.02978144364872892
current,0.25018682706366474,0.02979945240970832
current,0.2503440821707287,0.029844139465225874
current,0.25048966916368043,0.029885598140756246
current,0.2506352561566322,0.0299270607249711
current,0.25078084314958393,0.02996857149638356
current,0.2520487607047431,0.030331044750327916
current,0.25219434769769483,0.030372668170391418
current,0.2523943293098182,0.030429926985650533
current,0.2532678512675289,0.03068051726319565
current,0.25446774094026897,0.03102488553199218
current,0.25734017231120754,0.031851268838509805
current,0.2574857593041593,0.03189325239705417
current,0.25787229086304186,0.032005123059458226
current,0.2581634648489454,0.032089707650618804
current,0.25898761125979886,0.03232954446436853
current,0.2592411947708307,0.03240383524297766
current,0.25936798652634663,0.032441143320728144
current,0.2597679497505933,0.03255953138788228
current,0.26224292863077353,0.03329325698159086
current,0.2623885156237253,0.03333647916384591
current,0.2631884420722187,0.03358066017193036
current,0.2632270157434046,0.033592490441026815
current,0.2633599288301711,0.03363331329214697
current,0.2634756498437289,0.033668935852195325
current,0.2642364003768244,0.03390325837666262
current,0.2644899838878562,0.03398245249159284
current,0.26461677564337216,0.03402205109340568
current,0.2649167480615572,0.03411576807138476
current,0.26506233505450894,0.03416146868156569
current,0.26564468302631605,0.034346286732031356
current,0.265771474781832,0.034386527523481855
current,0.26591706177478375,0.034432982516952204
current,0.2661170433869071,0.03449682612185025
current,0.2662499564736736,0.03453932027504543
current,0.26707410288452704,0.03480328710398083
current,0.2672669712404567,0.03486511363123014
current,0.27013940261139524,0.03579071381155908
current,0.270284989604347,0.03583764233135176
current,0.27098234425968454,0.03606255203683874
current,0.2711395993667485,0.0361133717800491
current,0.27203951662130355,0.036404851759954476
current,0.2721395074273652,0.03643736322381764
current,0.2724394798455502,0.03653508971279418
current,0.27326362625640366,0.03680404158429128
current,0.27364400152295143,0.036928287010563984
current,0.2747626379873433,0.03729847510482101
current,0.2748955510741098,0.03734257318911814
current,0.2758390817164935,0.03765698722401371
current,0.2763390357468019,0.03782385483376871
current,0.27783889783772703,0.03832479773078811
current,0.2787898360040964,0.03864374265078245
current,0.27904341951512823,0.03872880501882456
current,0.27908199318631416,0.038741751611974844
current,0.2793731671722177,0.03883959953952198
current,0.2795731487843411,0.038907135201255764
current,0.28017309362071113,0.03911109022245923
current,0.28090102858547,0.039358562157442656
current,0.281201001003655,0.03946112690087974
current,0.2814921749895586,0.03956116230349926
current,0.28169215660168195,0.03962990606408801
current,0.2818377435946337,0.03968011724045623
current,0.28295638005902557,0.040068141828853814
current,0.2836563157014573,0.04031252063923664
current,0.2836948893726432,0.04032599305192632
current,0.2844948158211366,0.04060690700016499
current,0.28671367154266514,0.04139277048777386
current,0.2873136163790352,0.04160621287288107
current,0.28760479036493874,0.04171035778601239
current,0.2877047811710004,0.04174613812635716
current,0.28778192851337225,0.04177385480146268
current,0.2885098634781311,0.04203588503396626
current,0.2888010374640347,0.04214072056459874
current,0.289664972528017,0.04245202411930647
current,0.2922147380825897,0.043376038583359686
current,0.29363003404616533,0.04389183329110427
current,0.29366860771735126,0.04390590569374053
current,0.2939597817032548,0.04401243939498286
current,0.2944669487253185,0.044198001518367835
current,0.29479923144223474,0.04431979548651932
current,0.2959178679066266,0.04473250663995247
current,0.2978176932217984,0.045433589774172244
current,0.29791768402786006,0.04547068488238555
current,0.2980465278808209,0.0455186467905434
current,0.30007519596907556,0.046276813734200326
current,0.3002207829620273,0.046331242644538806
current,0.3006065196738866,0.04647569378212108
current,0.3026447375752115,0.047241723465971774
current,0.3036446456358282,0.04761819578808446
current,0.30380190074289215,0.047677695147695445
current,0.30424567188719787,0.04784630976163171
current,0.304828019859005,0.048068099596174016
current,0.3048924417854854,0.04809263720633662
current,0.30521455141788756,0.04821551091355954
current,0.30540473905116144,0.04828811980341714
current,0.3055047298572231,0.04832646015554199
current,0.30666942580083734,0.04877437753198514
current,0.3067962175563533,0.048823142748753046
current,0.30819092686702837,0.04935974709608395
current,0.3082295005382143,0.049374596382128905
current,0.3097293626291394,0.04995289474611661
current,0.30976793630032534,0.04996779217757402
current,0.3100849156891151,0.050090856232730276
current,0.31052868683342083,0.05026375940211797
current,0.3107188744666947,0.05033790867546988
current,0.31097245797772655,0.05043695793224312
current,0.31110537106449304,0.050488908089734184
current,0.31113758202773323,0.050501534998907804
current,0.3127101330983728,0.05112020416233084
current,0.313914654775774,0.051594244094765804
current,0.32227905392050593,0.05489579618366892
current,0.3224058456760219,0.054945868784726584
current,0.32380055498669696,0.055499018780071845
current,0.32491919145108883,0.05594325696097927
current,0.32507644655815277,0.056006274170055596
current,0.3251150202293387,0.056021792749235716
current,0.3251794421558191,0.05604771775385777
current,0.3279455950219029,0.05716183039185722
current,0.32927690845482,0.05769865746486985
current,0.33214933982575856,0.05885708469740822
current,0.33291009035885405,0.05916399508804325
current,0.3339291993095165,0.05957514339356916
current,0.33407478630246823,0.05963402549512261
current,0.33438929651659616,0.05976128612768384
current,0.334466443858968,0.0597927114102859
current,0.33497361088103167,0.05999955178337005
current,0.3351308659880956,0.060063864589466616
current,0.33601840827670704,0.06042702852853274
current,0.3360955556190789,0.060458738088351074
current,0.33721419208347075,0.060919548766893025
current,0.3375613551241441,0.06106334373727816
current,0.33785252911004765,0.06118437515832835
current,0.3380453974659773,0.06126471649691121
current,0.33819098445892903,0.0613255581032009
current,0.33822955813011496,0.06134169946400015
current,0.33841974576338885,0.06142199240921122
current,0.3388197089876355,0.061591588281922356
current,0.3401195894664373,0.062143191281070466
current,0.34266935502101,0.06322870947139751
current,0.34345563055632977,0.06356596246853113
current,0.34368110729901125,0.06366273341438612
current,0.344061482565559,0.06382624203545673
current,0.3466017553873204,0.06491947724420016
current,0.34720170022369046,0.06517786624216107
current,0.3475488632643638,0.06532742234765765
current,0.3477390508976377,0.06540962443375259
current,0.34809337149328,0.06556299153653859
current,0.34867571946508713,0.06581553383458248
current,0.3487914404786449,0.06586573812709264
current,0.35039289740111446,0.06656201471429606
current,0.35082965837996977,0.06675205988383259
current,0.35178059654633914,0.06716707912128858
current,0.3524570267743836,0.06746235198916406
current,0.35328117318523705,0.06782302875193788
current,0.35371793416409236,0.06801418942027622
current,0.3541617053083981,0.06820845687976694
current,0.35456166853264476,0.0683845473671857
current,0.3546388158750166,0.06841858773712799
current,0.35490464204854966,0.06853631513830286
current,0.35566539258164515,0.06887340219371096
current,0.3559875022140473,0.0690166191081842
current,0.3562874746322323,0.06914999516484203
current,0.3563196855954725,0.06916449279747881
current,0.3569842510293051,0.06946363842478843
current,0.3571171641160716,0.0695237684656945
current,0.35751712734031826,0.06970556273539974
current,0.35824814931753407,0.0700378364438826
current,0.3586919204618398,0.07024030730860437
current,0.3593918561042715,0.07055977440622914
current,0.35999180094064154,0.0708340623852546
current,0.36087934322925297,0.07124363353591175
current,0.36284421198690603,0.07215094390042188
current,0.3641755254198231,0.07276625556984727
current,0.36457426468012266,0.07295099460849151
current,0.3647198516730744,0.0730188362523567
current,0.3656197689276295,0.07344029631900018
current,0.36581913855777926,0.07353393340200064
current,0.366919924307227,0.07405201042791985
current,0.3680846202508412,0.07460061677591893
current,0.36878197490617876,0.07492930298978913
current,0.36998186457891885,0.07549488298842143
current,0.372081671506214,0.07649008027243367
current,0.37428324300510946,0.0775358471126979
current,0.3755511605602686,0.07813923195611583
current,0.37568000441322946,0.07820097913691744
current,0.3762799492495995,0.07848945056838544
current,0.37679532466144294,0.07873749450027964
current,0.3791541512674023,0.07987924331703221
current,0.37985150592273986,0.08021725169136881
current,0.38005087555288963,0.08031460218435704
current,0.3813135498771715,0.08093279528612553
current,0.3813521235483574,0.08095172363167644
current,0.3817958946926631,0.08116985150341732
current,0.38219463395296266,0.0813658594002857
current,0.38259459717720934,0.08156264482027843
current,0.3826717445195812,0.08160062495341856
current,0.3829862547337091,0.08175555115399945
current,0.3832562704320106,0.08188899304854634
current,0.38365500969231014,0.08208678014563844
current,0.38523990663625907,0.08287801668616651
current,0.38555688602504884,0.08303638783957301
current,0.3856836777805648,0.08309973748138516
current,0.3863810324359023,0.08344861698374703
current,0.3866065091785838,0.08356154101678273
current,0.38696082977422613,0.08373910427286203
current,0.38699940344541206,0.08375844696001859
current,0.38715369813015577,0.08383589356476716
current,0.38728661121692226,0.08390266287456703
current,0.38755662691522375,0.08403833147513869
current,0.3877559965453735,0.08413854207495065
current,0.38783314388774537,0.08417732507276543
current,0.38796605697451186,0.08424416304259642
current,0.3884732239965755,0.08449939957274939
current,0.38851179766776145,0.08451884453689561
current,0.3886385894232774,0.08458304541395924
current,0.38870504596666067,0.08461671126354853
current,0.38873725692990085,0.0846331245570055
current,0.3912096961624612,0.08589328176963455
current,0.39127309204021915,0.0859256061433317
current,0.39184365494004075,0.08621658797784341
current,0.3925410095953783,0.0865729584143863
current,0.39268659658833005,0.08664750588834348
current,0.3935741388769415,0.08710566909682488
current,0.3941447017767631,0.08740033970066265
current,0.39447698449367935,0.08757307323381718
current,0.3954279226600487,0.08806878822090777
current,0.39546649633123465,0.08808901383029555
current,0.39667101800863586,0.0887210392729054
current,0.39737095365106756,0.0890893421663575
current,0.39777091687531424,0.08930233820875466
current,0.397886637888872,0.0893639662969195
current,0.4022897808866629,0.09171999718096145
current,0.4027265418655182,0.09195374816826811
current,0.40361408415412964,0.09242947393327897
current,0.40499915557345884,0.09317265658807367
current,0.40503772924464476,0.09319337301080757
current,0.4055029250483276,0.09344346173852726
current,0.4138673241930595,0.09794259018473297
current,0.41402457930012343,0.09802737186646647
current,0.4141403003136812,0.09808987482283928
current,0.4157128513843208,0.09893926057705282
current,0.4162834142841424,0.09924854126930818
current,0.416917373061722,0.0995926636187173
current,0.41862455411345334,0.10052323179085075
current,0.41881742246938297,0.10062838466091076
current,0.41910859645528653,0.10078713882707853
current,0.41980853209771823,0.10116907715756959
current,0.41996578720478217,0.10125528808057878
current,0.420042934547154,0.10129767887563361
current,0.4225927001017267,0.10270017792125924
current,0.42285038780764844,0.10284231711615983
current,0.4229137836854064,0.10287752292418728
current,0.4231673671964382,0.10301862187121559
current,0.42332462230350215,0.10310620426192961
current,0.42586045741382045,0.10452073501649585
current,0.4258990310850064,0.10454226872981989
current,0.4288868781192216,0.106210449682603
current,0.4300142618326291,0.10684022342583277
current,0.4301471749193956,0.10691455190728949
current,0.43033736255266947,0.1070209397890656
current,0.43053673218281924,0.10713248168053116
current,0.4306939872898832,0.10722046309219174
current,0.43088417492315706,0.10732715744786944
current,0.4310297619161088,0.10740909304273338
current,0.43119081673230986,0.10749979226287369
current,0.4324470442986782,0.10821131935538887
current,0.4326372319319521,0.10831908768157508
current,0.43295421132074186,0.10849886499111425
current,0.43381814638472416,0.10898903751594502
current,0.43448271181855674,0.10936681381597115
current,0.43491947279741205,0.1096157347294664
current,0.4355752252075728,0.10999091727695957
current,0.4362516554356173,0.11037821859919612
current,0.4371535624063433,0.1108952271401373
current,0.4376689378181867,0.11119081167216852
current,0.4390002512511038,0.11195452242979631
current,0.43930022366928884,0.1121270009572698
current,0.4394612784854899,0.11221989014901453
current,0.43977825787427965,0.11240310678561363
current,0.44254441074036344,0.11400404115875049
current,0.4428665203727656,0.1141904969508717
current,0.44538260208578895,0.11564774776036194
current,0.4466505196409481,0.11638239078855284
current,0.4476696285916105,0.11697318109010096
current,0.44855717088022196,0.11748778101839367
current,0.44887415026901173,0.1176719169689093
current,0.4494740951053818,0.11802067995061466
current,0.4578384942501137,0.12289669387864123
current,0.45796528600562963,0.12297075952621363
current,0.45912488068227736,0.12364929988525661
current,0.45925779376904385,0.12372756175780955
current,0.4596381690355916,0.12395180564241035
current,0.4597710821223581,0.12403059052584828
current,0.4599039952091246,0.124109583735439
current,0.46194831160095606,0.1253260065992497
current,0.46327962503387315,0.12612019405076652
current,0.4633181987050591,0.1261433007476747
current,0.46338465524844236,0.12618311585137357
current,0.46414540578153785,0.12663954435199498
current,0.46433559341481173,0.12675412290615298
current,0.4644811804077635,0.12684193824807788
current,0.46608103330475026,0.12780782891342057
current,0.466524804449056,0.12807998371997079
current,0.46659126099243925,0.12812074509867039
current,0.46709121502274764,0.12842911014929928
current,0.46738111369190954,0.12860810733352643
current,0.4675079054474255,0.1286865402447588
current,0.46770727507757526,0.12881030360249654
current,0.4678340668330912,0.12888954832654423
current,0.47066465876024244,0.1306649295164496
current,0.4709346744585439,0.1308343928581741
current,0.47118825796957575,0.13099356097759524
current,0.4712516538473337,0.13103351151031983
current,0.4712838648105739,0.1310538158723908
current,0.4714167778973404,0.1311376253820455
current,0.47220305343266017,0.13163496841225197
current,0.4725251630650623,0.13183892610942297
current,0.47353949710918963,0.1324854654960941
current,0.4736059536525729,0.13252783622507713
current,0.47430330830791045,0.1329738548986556
current,0.47474006928676576,0.1332533277713184
current,0.47537402806434537,0.1336593467612572
current,0.4756652020502489,0.1338459088813882
current,0.4759563760361525,0.13403324894854363
current,0.4765269389359741,0.13440172511528875
current,0.4765913608624545,0.13444333162959368
current,0.47759126892307124,0.13509146567751085
current,0.4776546648008292,0.13513257209184687
current,0.4777875778875957,0.13521878018627115
current,0.4796880247187683,0.13645300122357076
current,0.4799135014614498,0.13659969400677285
current,0.48061085611678733,0.13705452673130963
current,0.4807265771303451,0.13713036930874967
current,0.480916764763619,0.1372550760668568
current,0.48104355651913494,0.1373386910403554
current,0.4813656661515371,0.13755129002334723
current,0.48144281349390894,0.13760227412994147
current,0.4817597928826987,0.13781182261388814
current,0.4818927059694652,0.13790020888653023
current,0.48204996107652914,0.13800515394616664
current,0.4826619693780932,0.13841744534594175
current,0.4841200745665262,0.13940218699412288
current,0.48427732967359016,0.13950880583218914
current,0.48472828315895317,0.13981458602743185
current,0.4847927050854336,0.1398582761841566
current,0.4849828927187075,0.1399873693652778
current,0.4859972267628348,0.14067716698500662
current,0.48688476905144623,0.141283964327476
current,0.4870780348308875,0.1414161311139531
current,0.4874584100974353,0.1416766375631421
current,0.48832810610492106,0.1422723898577254
current,0.4885595481320366,0.1424311590007572
current,0.48871680323910055,0.14253911610257397
current,0.4889703867501324,0.14271384575749227
current,0.4891032998368989,0.14280548327196296
current,0.48948983139578145,0.14307228366910943
current,0.4901662616238259,0.1435397488926566
current,0.49029305337934187,0.14362761823422152
current,0.4909220738075977,0.1440635449095164
current,0.4913938391287896,0.14439184023209284
current,0.492281381417401,0.14501020851627414
current,0.49258997078688843,0.14522679146541217
current,0.49284355429792026,0.14540483066815696
current,0.4943016594863533,0.14643230932577747
current,0.4944173804999111,0.14651429014126222
current,0.494455954171097,0.1465416214684302
current,0.4945716751846548,0.14662372622984154
current,0.49564940510654004,0.14738903828918018
current,0.4957782489595009,0.14748070308092956
current,0.4960359366654226,0.1476649824241964
current,0.49629362437134433,0.14784972184499315
current,0.4963258353345845,0.1478729200603109
current,0.4964029826769564,0.14792857608581092
current,0.4964801300193282,0.14798454717741105
current,0.49673371353036005,0.1481686858806541
current,0.4968625573833209,0.1482623048499721
current,0.49836241947424603,0.14935272244615713
current,0.4984288760176293,0.14940111855979404
current,0.49920193913539446,0.1499651122639359
current,0.500521766086986,0.1509312717336973
current,0.5029308094417884,0.15269568557388893
current,0.503027442331509,0.1527665492056527
current,0.5041051722533942,0.15356024450571265
current,0.5042380853401608,0.15365818765284162
current,0.5047032811438436,0.15400166011327887
current,0.5130676802885755,0.16021311388831905
current,0.5182570988216861,0.16406693661115154
current,0.5207973716434475,0.16595810636227717
current,0.5211839032023301,0.16624592018266893
current,0.5222846889517778,0.16706666411935683
current,0.5223480848295358,0.16711397960101096
current,0.5226057725354575,0.1673063269780194
current,0.523282202763502,0.16781546868147829
current,0.5241308235295924,0.16845425179355564
current,0.5241942194073503,0.16850211902172024
current,0.5245111987961402,0.16874148363110383
current,0.5247044645755814,0.16888758368540477
current,0.5250214439643712,0.16912728567758745
current,0.5255368193762147,0.16951713523587383
current,0.5266145492980999,0.17033486517258417
current,0.5274198233791053,0.17094833197682052
current,0.5274583970502913,0.17097775042618987
current,0.5276577666804411,0.17113022810955034
current,0.5283341969084856,0.1716492541271468
current,0.5294293696586528,0.17249038924171078
current,0.5304279095190995,0.1732592104621502
current,0.5304913053968574,0.1733082624379367
current,0.5308134150292595,0.1735577859929217
current,0.5322081243399346,0.1746386583017283
current,0.5324009926958643,0.1747881588766826
current,0.5325298365488251,0.17488846084829604
current,0.534304921126048,0.17627107410902162
current,0.5350911966613678,0.17688389765193616
current,0.5355983636834315,0.17728010168516106
current,0.5357251554389474,0.17737936330512896
current,0.5357637291101334,0.17740963245173103
current,0.5391780912135961,0.18009186952469936
current,0.5398754458689335,0.18064015733680053
current,0.5399140195401195,0.18067053978083503
current,0.5402226089096069,0.1809137436583487
current,0.5407057733582101,0.18129512654971042
current,0.5408668281744112,0.18142229099402457
current,0.5432124756514557,0.183275358349589
current,0.5439211168427404,0.18383756737937054
current,0.5443928821639322,0.18421233274200285
current,0.5451015233552169,0.18477599546189924
current,0.5452344364419834,0.184881933462867
current,0.5460585828528369,0.1855426341352922
current,0.5506189809576917,0.1892498982771101
current,0.5510055125165743,0.18956486447018542
current,0.552106298266022,0.19046401251143877
current,0.5527402570436015,0.1909840147672784
current,0.5531589995657243,0.1913283997238831
current,0.5534166872716461,0.19154090956169806
current,0.5535324082852039,0.1916364931441815
current,0.5538867288808462,0.19192916818717995
current,0.5539501247586042,0.19198158275805569
current,0.5539823357218444,0.1920082502116908
current,0.5564984174348677,0.1941139114081922
current,0.5570782147731915,0.19459915150745016
current,0.557965757061803,0.19534595364010826
current,0.5605155226163756,0.19749851752924172
current,0.5608958978829234,0.19782127401890276
current,0.562468448953563,0.19915752723053048
current,0.5649845306665863,0.2012956079406222
current,0.5657844571150796,0.2019796210760857
current,0.5664286763798839,0.20253061788229612
current,0.5676867172363956,0.20360881031547523
current,0.5681938842584593,0.20404351288779526
current,0.5682572801362172,0.20409798110084792
current,0.5683206760139752,0.20415249752775125
current,0.5685135443699049,0.2043183999936383
current,0.5692543965244298,0.20495823354905646
current,0.569320853067813,0.20501605848535484
current,0.5695141188472542,0.20518438588515014
current,0.5699578899915599,0.20557422897993186
current,0.5742037778822868,0.20932234224960458
current,0.5750913201708983,0.21010653163540022
current,0.5773735717701848,0.21213137240504068
current,0.5775003635257007,0.21224399066568167
current,0.5775389371968866,0.21227838093146975
current,0.5781095000967083,0.2127877819349352
current,0.578574695900391,0.21320420156705058
current,0.5792720505557285,0.21383223883584215
current,0.5832034282323275,0.2173793651320762
current,0.5915678273770595,0.22496532110692283
current,0.5916835483906173,0.22507037419104253
current,0.5923125688188732,0.22564171750263642
current,0.5924668635036169,0.22578207941190162
current,0.5929822389154603,0.22625163740306684
current,0.5944403441038933,0.2275805455385354
current,0.5944725550671336,0.22761021966446077
current,0.594909316045989,0.228012928402897
current,0.5951992147151509,0.2282822366056754
current,0.5958965693704884,0.2289315683219234
current,0.5959351430416744,0.2289677924452865
current,0.5968692609756406,0.22984604963431174
current,0.5979000117993275,0.23081525588167254
current,0.5980993814294773,0.2310028844157535
current,0.5983529649405092,0.231241592340895
current,0.5991904499847547,0.23203763581673686
current,0.5999313021392796,0.23274436342133367
current,0.5999698758104656,0.2327812038808755
current,0.6001600634437394,0.23296328954304715
current,0.6015773458263088,0.23432119477570496
current,0.6017346009333728,0.23447199528022455
current,0.6018675140201394,0.2345996305154333
current,0.6026083661746643,0.23531124803051504
current,0.6028398082017798,0.23553364475395477
current,0.6041604576946287,0.2368050312077215
current,0.6046114111799916,0.23724195182791347
current,0.6048428532071072,0.23746664414000856
current,0.6049696449626231,0.23758977598623376
current,0.6071885006841515,0.2397519147138827
current,0.6073495555003526,0.23990906839777962
current,0.6087346269196818,0.24126111528336608
current,0.6093466352212459,0.24185940151840024
current,0.6095009299059896,0.24201048930646893
current,0.6105638916929167,0.2430584596434268
current,0.6106024653641027,0.24309660966224655
current,0.6107181863776605,0.24321152336911853
current,0.6149640742683874,0.24745600497066497
current,0.6150929181213483,0.24758565227287968
current,0.6160438562877176,0.2485427906892569
current,0.6170423961481643,0.24955243053992118
current,0.6180087250453706,0.25052958168027795
current,0.6192971635749792,0.2518360360409157
current,0.6204158000393711,0.25297518290817733
current,0.620730310253499,0.2532955867892976
current,0.6208460312670568,0.25341361479735197
current,0.6214580395686209,0.2540395580603005
current,0.6215909526553874,0.2541755970993706
current,0.6252078201178585,0.25789402628421015
current,0.6257554064929421,0.25845699288651935
current,0.6271707024565177,0.2599135049243311
current,0.6274242859675496,0.2601757844041471
current,0.627939661379393,0.2607113396870841
current,0.6285516696809571,0.2613519787928797
current,0.6294952003233408,0.26234148035615
current,0.6299195107063861,0.2627869989638516
current,0.630234020920514,0.26311872517066953
current,0.6310202964558338,0.2639540226852898
current,0.6313424060882359,0.2642972710577118
current,0.6314691978437518,0.26443265138904176
current,0.6318235184393941,0.2648119301343851
current,0.6319845732555952,0.2649868683918012
current,0.6322422609615169,0.2652670032015183
current,0.632705145015748,0.26577162223139744
current,0.6333171533173121,0.2664415340248818
current,0.635092237894535,0.2683861922672511
current,0.6358008790858196,0.26916261261569496
current,0.6359276708413355,0.26930165172872256
current,0.6365566912695914,0.26999214364520785
current,0.6368788009019934,0.2703459529349669
current,0.6386538854792163,0.2722992957430551
current,0.6388149402954174,0.2724767857082531
current,0.6389759951116185,0.2726555809391942
current,0.6417783489135171,0.2757732821306815
current,0.6427446778107235,0.276850097074555
current,0.6427768887739638,0.27688600375888983
current,0.649853368591842,0.2847842674168234
current,0.6501703479806318,0.28514012071942335
current,0.6519454325578546,0.2871347129618628
current,0.6537814574625469,0.2891982750021008
current,0.6544154162401264,0.289912766604907
current,0.6577177734884696,0.29363537960653824
current,0.658233148900313,0.2942165799026703
current,0.6584908366062348,0.2945073011272437
current,0.6586196804591956,0.29465267889088803
current,0.6589740010548379,0.2950547884606253
current,0.6615142738765993,0.2979448556616664
current,0.6629295698401749,0.2995618921880936
current,0.665345392083191,0.3023227816495725
current,0.665383965754377,0.3023670906943731
current,0.6656094424970584,0.3026262749592823
current,0.6657637371818022,0.30280376940870385
current,0.6662469016304053,0.30335983772512154
current,0.666401196315149,0.3035375758952413
current,0.6667555169107914,0.3039457917094547
current,0.6693001830067683,0.30689651917048566
current,0.6715017545056637,0.3094721359361134
current,0.6719735198268556,0.31002422606065216
current,0.6724452851480475,0.31057907961508086
current,0.6749855579698089,0.31357159548276436
current,0.6750241316409948,0.3136170811114561
current,0.6750627053121808,0.3136625887087275
current,0.6764780012757564,0.31533553205624765
current,0.6805666340594193,0.3201806614369208
current,0.6821391851300589,0.3220472353231681
current,0.6833972259865706,0.32354309209559434
current,0.6844923987367378,0.3248458481172496
current,0.6845309724079238,0.32489180857436456
current,0.6859462683714994,0.32659044248398333
current,0.6862607785856273,0.32696835095718135
current,0.6878333296562669,0.3288736827736413
current,0.6884505083952417,0.3296226901027519
current,0.6886077635023057,0.3298136592866984
current,0.6887620581870494,0.33000129525435085
current,0.6888777792006072,0.3301436298096251
current,0.6894253655756909,0.3308177603687297
current,0.6896182339316206,0.3310556187766425
current,0.6897725286163643,0.3312464519973635
current,0.6905588041516841,0.33222177640407025
current,0.691589554975371,0.333504499764032
current,0.6923626180931362,0.3344666248525474
current,0.6944624250204313,0.3370921797026691
current,0.6949133785057943,0.3376660446330942
current,0.6970070911164082,0.34034297609864134
current,0.7007812136859433,0.34516944060834004
current,0.7028255300777747,0.3477918593612075
current,0.7034545505060306,0.34859950778967064
current,0.7040665588075946,0.34938602237639377
current,0.7049040438518401,0.3504767668174296
current,0.7056126850431248,0.35140236571327493
current,0.7064501700873703,0.35250004711160676
current,0.7068367016462529,0.35300775905126996
current,0.7069909963309966,0.35321062680146087
current,0.708090895197675,0.3546611873188298
current,0.7091916809471227,0.356114655194169
current,0.7100935879178487,0.35730660635316414
current,0.7107055962194128,0.3581154851681161
current,0.7117363470430996,0.35948536623020944
current,0.7144096838631869,0.3630478899025879
current,0.7150387042914428,0.36388826752997
current,0.7202281228245534,0.3708415148603852
current,0.7225869494305128,0.37401646979320285
current,0.7228768480996748,0.37440710389571497
current,0.7232633796585574,0.37493233928118
current,0.7309688799046914,0.3854901665820689
current,0.7334849616177147,0.3889398685111257
current,0.736158298437802,0.39260772592206816
current,0.7375735944013776,0.3945526055385006
current,0.740633635909198,0.3987674330816993
current,0.7431739087309593,0.4022670762858484
current,0.7434884189450872,0.40270060769214255
current,0.7466335210863664,0.4070565393699801
current,0.7472455293879304,0.4079092487922347
current,0.7479863815424553,0.40894565736119065
current,0.749087167291903,0.4104932427949612
current,0.7496991755934671,0.4113595001112743
current,0.7503433948582714,0.41227250156843637
current,0.7528836676800328,0.4158819015631556
current,0.756028769821312,0.4203620890205293
current,0.756640778122876,0.42123801712259645
current,0.7591568598358993,0.42485211913600784
current,0.7596286251570912,0.4255408078881633
current,0.7603372663483758,0.42657783433192265
current,0.761400228135303,0.4281440087314768
current,0.7618189706574258,0.4287733900724544
current,0.7620444474001072,0.4291131406842613
current,0.763302488256619,0.4310131105012122
current,0.7635923869257809,0.43145235086114797
current,0.7646875596759481,0.43312905922003825
current,0.7730519588206801,0.44596875240691647
current,0.7740028969870495,0.44743380716755954
current,0.7741601520941135,0.4476763184748905
current,0.7744746623082414,0.44816457521631853
current,0.7752609378435612,0.44939037031616763
current,0.7769907440212648,0.45209858816488824
current,0.7795310168430262,0.4560794090249938
current,0.7825188638772413,0.460798933167851
current,0.7832919269950065,0.46202805767645055
current,0.7839039352965705,0.4630146220207037
current,0.7845329557248264,0.4640291351383333
current,0.7850047210460183,0.4647929605034475
current,0.7906659049003207,0.47399418330331644
current,0.7907303268268011,0.4740989412061553
current,0.7907947487532815,0.474204371596315
current,0.7933445143078541,0.47838504392653375
current,0.7945041089845019,0.480297768943908
current,0.794987273433105,0.48109702195227777
current,0.7973461000390645,0.4850243600823377
current,0.8003739305836446,0.4900896342300642
current,0.8006884407977725,0.4906166781098586
current,0.8018158245111799,0.49252132194645215
current,0.8024922547392245,0.4936641539856733
current,0.8037806932688331,0.4958468630360356
current,0.8045414438019286,0.49714246573424425
current,0.8052178740299731,0.4982983483745808
current,0.805636616552096,0.49901710103546026
current,0.8063774687066209,0.500300852000877
current,0.8070064891348767,0.5014093331033783
current,0.8074896535834799,0.5022767743937339
current,0.8081660838115244,0.5034926452084116
current,0.8086814592233679,0.5044203566511037
current,0.8113549691723057,0.5093325556698319
current,0.8114838130252665,0.5095694926857776
current,0.8125845987747142,0.5116018309493531
current,0.8147861702736097,0.5156945499874508
current,0.8153981785751737,0.5168341173992207
current,0.8235754441424996,0.5321228533187939
current,0.8237326992495636,0.5324211852235817
current,0.8245189747848835,0.5339173142091093
current,0.8246156076746041,0.5341016012721422
current,0.8246800296010844,0.5342247483753796
current,0.8269025860646593,0.5385275020501953
current,0.8269670079911396,0.5386529798748735
current,0.8277532835264595,0.5401896322645561
current,0.8394916027504582,0.5632754968605399
current,0.8412214089281618,0.5666791490793894
current,0.8425098474577704,0.5692149283454736
current,0.8429816127789622,0.5701559673980707
current,0.8453404393849216,0.5748612947321762
current,0.8570787586089204,0.5983955495878733
current,0.8571431805354007,0.5985250198290699
current,0.8596834533571621,0.6036541043643013
current,0.8693789532924666,0.6233620326569077
current,0.8698507186136585,0.6243234261754292
current,0.8705593598049431,0.6257751152865859
current,0.8719444312242723,0.6286157117179791
current,0.8723631737463952,0.6294758026125908
current,0.8732650807171212,0.6313525655879367
current,0.8746803766806968,0.6343006193311739
current,0.8864186959046955,0.6588276358900598
current,0.8909790940095502,0.6683645691478737
current,0.8925574312083208,0.671675217777211
current,0.895388023135472,0.6776684086990409
current,0.8975895946343675,0.68234219624837
current,0.8976540165608479,0.6824792096088308
current,0.8994900414655401,0.6863934534580027
current,0.8995222524287804,0.6864622732266993
current,0.9021957623777181,0.6921753827923567
current,0.9048690991978054,0.697888420796557
current,0.9054488965361293,0.6991355998505846
current,0.9059642719479727,0.7002474682415679
current,0.9081831276695012,0.7050417189997685
current,0.9093105113829086,0.7074832692515064
current,0.9093427223461489,0.7075537582366116
current,0.910115785463914,0.7092499577114252
current,0.9102768402801151,0.7096041286072101
current,0.9171960649909293,0.7248919895358084
current,0.9175825965498119,0.7257508973449575
current,0.9182590267778564,0.7272702278282699
current,0.923605700418031,0.7393206716468608
current,0.9237989661974723,0.7397574460063419
current,0.9263150479104956,0.7454520776795895
current,0.9263794698369759,0.745598725936518
current,0.9323551639054064,0.7592377791405334
current,0.9324840077583673,0.7595340728998666
current,0.9325806406480879,0.7597565119502424
current,0.9326450625745683,0.7599049017073507
current,0.93390310343108,0.7628072764314326
current,0.9368020901226992,0.7695162442247161
current,0.9370597778286209,0.7701148329836219
current,0.9384448492479501,0.7733816105668783
current,0.9384770602111904,0.7734577397756047
current,0.939926553557,0.7769776361241042
current,0.9403130851158826,0.7779190119248125
current,0.9404097180056032,0.7781555702400297
current,0.9404741399320836,0.77831396418616
current,0.9405063508953239,0.7783940123328629
current,0.9406029837850445,0.7786342845227321
current,0.941279414013089,0.7803452289588566
current,0.9413116249763293,0.7804267191926183
current,0.9424067977264965,0.783199864008081
current,0.9425034306162171,0.7834453617111096
current,0.9435019704766637,0.7860223300742466
current,0.9444682993738701,0.78851743860012
current,0.9445649322635907,0.788768638937232
current,0.9446615651533113,0.7890207586257272
current,0.9461754804256014,0.7929978128050916
current,0.9472384422125285,0.7957920534461709
current,0.9473994970287296,0.7962170622174354
current,0.9474961299184502,0.7964767322426781
current,0.9475605518449306,0.796650170488155
current,0.9476571847346512,0.7969141235807732
current,0.948236982072975,0.7985108900005273
current,0.9483980368891761,0.7989638670723308
current,0.950620593352751,0.8052275129219576
current,0.951844609955879,0.808677147040979
current,0.9537128458238114,0.8139541857139913
current,0.954099377382694,0.8150520627796763
current,0.9544214870150961,0.8159693860486961
current,0.9550012843534199,0.8176327093027222
current,0.955162339169621,0.8181016004221688
current,0.9554200268755427,0.8188563403833621
current,0.9561930899933079,0.8211523986540462
current,0.9566440434786708,0.8225144860598448
current,0.9574493175596762,0.8249652630870978
current,0.9575459504493968,0.8252613804679653
current,0.9582868026039217,0.8275450728849731
current,0.9600584055821335,0.8330244424705041
current,0.9610247344793399,0.8360183465807635
current,0.9615723208544236,0.8377258583679322
current,0.9655342693329699,0.8500905726954446
current,0.9664039653404557,0.852823893990402
current,0.9665005982301763,0.8531284525948726
current,0.9673380832744218,0.8557838077609723
current,0.9686587327672707,0.8599868348757712
current,0.9697216945541978,0.8634384229488392
current,0.9733293224371018,0.8752478505818051
current,0.9743600732607887,0.8786232528892306
current,0.9743922842240289,0.8787332654582722
current,0.9756485117903972,0.8830496989661446
current,0.9757129337168776,0.8832726067267748
current,0.9768725283935253,0.8873111363403189
current,0.9769369503200057,0.8875458057789862
current,0.9797070931586641,0.8977495607509596
current,0.9799003589381053,0.8984618175377669
current,0.9805123672396694,0.9007351043404497
current,0.9806734220558705,0.9013633267762844
current,0.9823806031076019,0.908247485204902
current,0.9836368306739702,0.9134019881850577
current,0.98511853498302,0.9195404650822304
current,0.9855050665419026,0.9211823314022843
current,0.9856016994316232,0.9215981593648443
current,0.9862781296596678,0.9245147782776506
current,0.9869545598877123,0.927553888579972
current,0.9881785764908404,0.9333136941326031
current,0.9892415382777675,0.9384455738367814
current,0.9895636479101696,0.9400172569329264
current,0.9912386179986608,0.9483199603751885
current,0.9916895714840237,0.950588676262479
current,0.9931712757930735,0.9584929168409617
current,0.9942342375800006,0.9642664179638563
current,0.9947818239550843,0.9674028425912764
current,0.9957481528522907,0.9730016160913841
current,0.9971654352348601,0.9817980656900887
current,0.9985827176174296,0.990625275761855
current,0.999999999999999,1.0000000000000007
equity_siting,0.0,0.0
equity_siting,7.714734237185409e-05,1.4146178814639144e-09
equity_siting,0.00015429468474370818,7.493652716627168e-09
equity_siting,0.0002314420271155623,1.4683254473404644e-08
equity_siting,0.00030858936948741637,2.2807245431751757e-08
equity_siting,0.00034716304067334343,2.857881335529406e-08
equity_siting,0.000638337026576899,7.897838604245998e-08
equity_siting,0.0007154843689487531,9.702344138100202e-08
equity_siting,0.0007788802467067109,1.1552460600749288e-07
equity_siting,0.0012156412255620442,2.521988790830204e-07
equity_siting,0.0012927885679338983,2.7764531866236495e-07
equity_siting,0.0013313622391198253,2.913163656599633e-07
equity_siting,0.001622536225023381,3.9719344493636377e-07
equity_siting,0.0019137102109269364,5.165888547526711e-07
equity_siting,0.002204884196830492,6.903016079111458e-07
equity_siting,0.0023048750028921657,7.51053943953715e-07
equity_siting,0.002596048988795721,9.455209862737944e-07
equity_siting,0.0028872229746992766,1.1505656831823842e-06
equity_siting,0.0030140147302151923,1.255586299990336e-06
equity_siting,0.0030525884014011196,1.2929296178866522e-06
equity_siting,0.003634936373208231,1.9415843282017028e-06
equity_siting,0.003673510044394158,1.9849132111391023e-06
equity_siting,0.0039646840302977136,2.338154404646214e-06
equity_siting,0.004110271023249491,2.5656566936414976e-06
equity_siting,0.004187418365621346,2.6911804767630357e-06
equity_siting,0.004478592351524901,3.1885522806135093e-06
equity_siting,0.004624179344476679,3.488099026644005e-06
equity_siting,0.004687575222234636,3.631578845230644e-06
equity_siting,0.0047261488934205636,3.7213386683690996e-06
equity_siting,0.004871735886372341,4.0800916819169664e-06
equity_siting,0.005017322879324119,4.4422104194012245e-06
equity_siting,0.0053084968652276745,5.225512006601408e-06
equity_siting,0.005371892742985632,5.406673469703634e-06
equity_siting,0.0054986844985015475,5.7751351911569385e-06
equity_siting,0.005935445477356881,7.106884666232967e-06
equity_siting,0.0060810324703086584,7.56288863533849e-06
equity_siting,0.006663380442115769,9.533737087393987e-06
equity_siting,0.006790172197631685,9.972989337810276e-06
equity_siting,0.0070813461835352405,1.0992138895325387e-05
equity_siting,0.007119919854721168,1.112804187543972e-05
equity_siting,0.007265506847672945,1.1645254843621042e-05
equity_siting,0.007411093840624723,1.2217619631337949e-05
equity_siting,0.007556680833576501,1.284987169115312e-05
equity_siting,0.007620076711334458,1.3135637198162753e-05
equity_siting,0.007765663704286236,1.3810035538850567e-05
equity_siting,0.007911250697238014,1.4491551324493619e-05
equity_siting,0.00820242468314157,1.5892663827259322e-05
equity_siting,0.008348011676093347,1.659341913573609e-05
equity_siting,0.008425159018465201,1.7002770544577638e-05
equity_siting,0.008716333004368757,1.855416036865956e-05
equity_siting,0.008793480346740611,1.8984742738206052e-05
equity_siting,0.009084654332644167,2.0638931762273702e-05
equity_siting,0.009384626750829189,2.2398276886953013e-05
equity_siting,0.009530213743780967,2.3262345049005056e-05
equity_siting,0.009593609621538924,2.3656875357521442e-05
equity_siting,0.00997398488808667,2.6128374731550208e-05
equity_siting,0.010119571881038448,2.713498604139121e-05
equity_siting,0.010196719223410302,2.7688031537858025e-05
equity_siting,0.010796664059780347,3.2058262343163276e-05
equity_siting,0.010835237730966273,3.23393310528239e-05
equity_siting,0.011135210149151295,3.4550312770226276e-05
equity_siting,0.01142638413505485,3.6780121891000775e-05
equity_siting,0.011717558120958406,3.907790239524282e-05
equity_siting,0.01179470546333026,3.9692055001095684e-05
equity_siting,0.011921497218846175,4.070283483330099e-05
equity_siting,0.012067084211797953,4.1891592331414206e-05
equity_siting,0.01213048008955591,4.2415030132783055e-05
equity_siting,0.012430452507740932,4.491245554413695e-05
equity_siting,0.012620640141014806,4.650734703125624e-05
equity_siting,0.012684036018772764,4.703968312098221e-05
equity_siting,0.012747431896530721,4.759408500366659e-05
equity_siting,0.012810827774288679,4.814892561326186e-05
equity_siting,0.012874223652046636,4.870385807488032e-05
equity_siting,0.012937619529804593,4.929243892236848e-05
equity_siting,0.013083206522756371,5.0644802399554405e-05
equity_siting,0.013160353865128226,5.1374250401383594e-05
equity_siting,0.013223749742886183,5.198668307746521e-05
equity_siting,0.013300897085258038,5.2738494285648106e-05
equity_siting,0.013378044427629892,5.350064395287315e-05
equity_siting,0.01344144030538785,5.413445536648032e-05
equity_siting,0.013732614291291405,5.707736682807815e-05
equity_siting,0.01385940604680732,5.836134361820924e-05
equity_siting,0.014112989557839151,6.09856010679701e-05
equity_siting,0.014258576550790929,6.255640793903049e-05
equity_siting,0.014448764184064803,6.462137107731132e-05
equity_siting,0.01459435117701658,6.623881767926541e-05
equity_siting,0.014671498519388435,6.712031110044529e-05
equity_siting,0.014734894397146392,6.78854705370809e-05
equity_siting,0.015171655376001725,7.325492204326768e-05
equity_siting,0.015210229047187652,7.373906311622772e-05
equity_siting,0.015287376389559506,7.471133167431752e-05
equity_siting,0.015403097403117287,7.617362706277164e-05
equity_siting,0.015480244745489142,7.715796398066342e-05
equity_siting,0.015670432378763016,7.966927267656216e-05
equity_siting,0.016370368021194733,8.900706208172957e-05
equity_siting,0.01666154200709829,9.292463971373991e-05
equity_siting,0.016807129000050068,9.489079003753651e-05
equity_siting,0.01690711980611174,9.628172805155055e-05
equity_siting,0.0169705156838697,9.718392002426784e-05
equity_siting,0.017009089355055625,9.774850408113911e-05
equity_siting,0.017072485232813583,9.868121353677928e-05
equity_siting,0.017149632575185435,9.983731794535994e-05
equity_siting,0.017466611963975226,0.00010459276689061186
equity_siting,0.017612198956927005,0.00010678995175819523
equity_siting,0.01773899071244292,0.00010870881848743064
equity_siting,0.017865782467958835,0.00011065751696529697
equity_siting,0.01830955361226454,0.00011769993264379834
equity_siting,0.018618142981751958,0.00012269316856715494
equity_siting,0.018656716652937885,0.00012331762742862708
equity_siting,0.018720112530695842,0.00012438121883669354
equity_siting,0.01886569952364762,0.00012685507249472037
equity_siting,0.018942846866019474,0.00012817776290037963
equity_siting,0.01906963862153539,0.00013036668301510677
equity_siting,0.01921522561448717,0.00013289232891524925
equity_siting,0.019253799285673095,0.00013357598137238308
equity_siting,0.01969056026452843,0.0001413672204521567
equity_siting,0.01994414377556026,0.00014602096969635242
equity_siting,0.020070935531076174,0.0001483556807770866
equity_siting,0.020148082873448027,0.00014980283190860216
equity_siting,0.020293669866399806,0.0001525487958050013
equity_siting,0.020584843852303362,0.00015809917401442177
equity_siting,0.020711635607819277,0.0001605262064298602
equity_siting,0.021002809593722832,0.00016616311214836328
equity_siting,0.021195677949652467,0.00016993296819018934
equity_siting,0.021341264942604247,0.0001728951930514676
equity_siting,0.02146805669812016,0.00017554228190713153
equity_siting,0.02161364369107194,0.0001786327056819741
equity_siting,0.021904817676975497,0.00018486822241998107
equity_siting,0.021943391348161423,0.0001857027717429788
equity_siting,0.022020538690533276,0.00018738137707850246
equity_siting,0.022220520302656623,0.00019178383384962555
equity_siting,0.022377775409720583,0.0001952550210889329
equity_siting,0.022504567165236498,0.00019814301906071976
equity_siting,0.022631358920752413,0.00020103634933025825
equity_siting,0.02266993259193834,0.0002019186964034631
equity_siting,0.022708506263124265,0.00020281391413931512
equity_siting,0.022785653605496118,0.00020464765183302776
equity_siting,0.022931240598447897,0.0002081188502039927
equity_siting,0.023222414584351453,0.00021521722704648895
equity_siting,0.02351358857025501,0.00022252732248329444
equity_siting,0.023552162241440935,0.00022351025103976006
equity_siting,0.02367895399695685,0.00022675026607863814
equity_siting,0.023878935609080196,0.00023187835863380663
equity_siting,0.024078917221203543,0.00023704670281044814
equity_siting,0.0243700912071071,0.00024466855610213843
equity_siting,0.024433487084865056,0.0002463412450464338
equity_siting,0.024472060756050983,0.00024738740117286517
equity_siting,0.024617647749002762,0.00025152633033611183
equity_siting,0.02465622142018869,0.00025262765341212053
equity_siting,0.024694795091374615,0.000253745600750601
equity_siting,0.024884982724648487,0.0002592967749544475
equity_siting,0.02496213006702034,0.00026156637650110804
equity_siting,0.025000703738206266,0.0002627211870806321
equity_siting,0.02507785108057812,0.00026503512331366787
equity_siting,0.025177841886639792,0.00026807766399098375
equity_siting,0.02521641555782572,0.000269268133481403
equity_siting,0.02529356290019757,0.00027165112489325137
equity_siting,0.02567393816674532,0.00028370968778529165
equity_siting,0.025751085509117172,0.0002861584493515942
equity_siting,0.02589667250206895,0.000290826810489492
equity_siting,0.026213651890858742,0.0003010044628026834
equity_siting,0.026530631279648532,0.0003112757549486887
equity_siting,0.02659402715740649,0.00031336976379668906
equity_siting,0.026885201143310045,0.00032324284713137466
equity_siting,0.027030788136261825,0.00032823765266505096
equity_siting,0.027094184014019782,0.00033042976407151876
equity_siting,0.027220975769535697,0.0003348185814753751
equity_siting,0.02732096657559737,0.00033829929667805926
equity_siting,0.027552408602712932,0.0003464250442296841
equity_siting,0.02769799559566471,0.0003515740884454495
equity_siting,0.02784358258861649,0.0003567746046826709
equity_siting,0.027970374344132406,0.0003613172562090599
equity_siting,0.028033770221890363,0.00036360966074051274
equity_siting,0.02809716609964832,0.0003659071551689115
equity_siting,0.028444329140321665,0.00037856253546206844
equity_siting,0.02857112089583758,0.0003833859756924266
equity_siting,0.028686841909395362,0.0003877907924499037
equity_siting,0.02872541558058129,0.0003892860080569584
equity_siting,0.028871002573533068,0.00039496312825464916
equity_siting,0.029162176559436623,0.00040650825361572876
equity_siting,0.029307763552388403,0.0004124094569675039
equity_siting,0.029407754358450076,0.00041646561902801535
equity_siting,0.029446328029636003,0.00041803893917753226
equity_siting,0.02950972390739396,0.0004206386953374505
equity_siting,0.029699911540667832,0.00042847781339977356
equity_siting,0.029845498533619612,0.00043450936460169695
equity_siting,0.030427846505426723,0.0004590134451840371
equity_siting,0.03058214119017043,0.0004656575756808287
equity_siting,0.03096251645671818,0.0004820960045401091
equity_siting,0.031025912334476137,0.00048487249059360504
equity_siting,0.03112590314053781,0.0004893000747629813
equity_siting,0.031164476811723737,0.0004910320954847843
equity_siting,0.03131006380467551,0.0004976790436088448
equity_siting,0.03137345968243347,0.0005006254515992151
equity_siting,0.031773422906680164,0.0005197466121589152
equity_siting,0.03197340451880351,0.0005294729280335756
equity_siting,0.032243420217105,0.0005426166419308948
equity_siting,0.03228199388829093,0.0005444976858021158
equity_siting,0.03235914123066278,0.0005482742765614388
equity_siting,0.03239771490184871,0.000550191412216802
equity_siting,0.03247486224422056,0.0005540336679175198
equity_siting,0.03267484385634391,0.000564074762990377
equity_siting,0.032774834662405584,0.0005691166154691328
equity_siting,0.03297481627452893,0.0005792041400163367
equity_siting,0.03326599026043249,0.0005940292133396875
equity_siting,0.03330456393161842,0.0005960161130132432
equity_siting,0.033404554737680094,0.0006012333083143601
equity_siting,0.03360453634980344,0.0006117088011733515
equity_siting,0.033731328105319355,0.0006183561778594575
equity_siting,0.034022502091222914,0.000634094623323412
equity_siting,0.03414929384673883,0.0006410280071677781
equity_siting,0.034349275458862176,0.0006520201892379846
equity_siting,0.03442642280123403,0.0006562621270047807
equity_siting,0.034526413607295706,0.00066179832940473
equity_siting,0.034672000600247485,0.0006698774818689002
equity_siting,0.035057737312106756,0.0006913703836462876
equity_siting,0.03512113318986471,0.0006949152928777436
equity_siting,0.03524792494538063,0.0007021087061187013
equity_siting,0.035818487845202245,0.0007345365839045949
equity_siting,0.03594527960071816,0.0007417429096494052
equity_siting,0.03602242694309001,0.0007461288538938705
equity_siting,0.036099574285461865,0.0007505628075940697
equity_siting,0.03622636604097778,0.0007578596020242441
equity_siting,0.03637195303392956,0.0007663612110223744
equity_siting,0.036571934646052906,0.0007780406521142007
equity_siting,0.038410415101033685,0.0008854488207741319
equity_siting,0.03861039671315703,0.0008971392205350588
equity_siting,0.03876469139790074,0.000906176516934033
equity_siting,0.038828087275658694,0.0009098899665921068
equity_siting,0.039264848254514026,0.0009356394575058499
equity_siting,0.03932824413227198,0.0009393834295849085
equity_siting,0.03958182764330381,0.0009546288632922566
equity_siting,0.03972741463625559,0.0009634667844734114
equity_siting,0.039804561978627445,0.0009681507799565096
equity_siting,0.039950148971579225,0.0009770413823836797
equity_siting,0.04002729631395108,0.0009818024789378511
equity_siting,0.04018159099869478,0.0009913733302857866
equity_siting,0.04033884610575874,0.0010011357028000321
equity_siting,0.04045456711931652,0.0010083355578871076
equity_siting,0.040517962997074476,0.0010122974083240277
equity_siting,0.04124589796183337,0.0010579556616851804
equity_siting,0.04154587038001839,0.001076863054579502
equity_siting,0.04224580602245011,0.0011211264486580164
equity_siting,0.04253698000835367,0.0011396980966861569
equity_siting,0.042682567001305446,0.0011490821230056925
equity_siting,0.04278255780736712,0.0011555308850766288
equity_siting,0.0429281448003189,0.00116492050216875
equity_siting,0.04312812641244225,0.0011778314579308235
equity_siting,0.04362808044275062,0.0012101442389824601
equity_siting,0.04366665411393655,0.0012126413523708894
equity_siting,0.0437438014563084,0.0012177460801029614
equity_siting,0.04382094879868025,0.001222866747624961
equity_siting,0.04396653579163203,0.001232614615153729
equity_siting,0.046506808613393395,0.001403571338345749
equity_siting,0.046652395606345175,0.00141346027232096
equity_siting,0.04680669029108888,0.0014239674203822298
equity_siting,0.04695227728404066,0.0014340126297662512
equity_siting,0.04702942462641251,0.0014393372329072583
equity_siting,0.047106571968784365,0.0014447051003518166
equity_siting,0.047252158961736145,0.0014548462027405855
equity_siting,0.047329306304108,0.0014602256403925668
equity_siting,0.04747489329705978,0.001470478664345486
equity_siting,0.04820282826181867,0.0015217718679570804
equity_siting,0.0484564117728505,0.0015396953330208782
equity_siting,0.04853355911522235,0.001545164062947348
equity_siting,0.04867914610817413,0.0015555444811496243
equity_siting,0.04897032009407769,0.0015763456988438164
equity_siting,0.04947027412438606,0.0016125548303162767
equity_siting,0.049533670002144016,0.0016171696242177759
equity_siting,0.04973365161426736,0.0016317853133211216
equity_siting,0.04987923860721914,0.001642442430565771
equity_siting,0.05022640164789249,0.0016679492264706495
equity_siting,0.050371988640844266,0.0016786485116890826
equity_siting,0.05043538451860222,0.0016833108353177736
equity_siting,0.05056217627411814,0.0016926422929261875
equity_siting,0.050870765643605556,0.0017156423294367154
equity_siting,0.05110220767072112,0.0017329788629711772
equity_siting,0.05139338165662468,0.001754809144702567
equity_siting,0.05159336326874803,0.0017698161495039708
equity_siting,0.05189333568693305,0.0017924348461702808
equity_siting,0.052193308105118075,0.0018151067788529714
equity_siting,0.05321241705578052,0.0018927559502754287
equity_siting,0.053412398667903864,0.0019079998700730141
equity_siting,0.05361238028002721,0.0019232785596020987
equity_siting,0.05381236189215056,0.0019386273955032396
equity_siting,0.053969616999214515,0.0019507131304122819
equity_siting,0.05412391168395822,0.0019625997128680846
equity_siting,0.054162485355144147,0.0019655723345620153
equity_siting,0.05426247616120582,0.001973290704940898
equity_siting,0.0544080631541576,0.00198464885314123
equity_siting,0.054598250787431475,0.001999586509063635
equity_siting,0.05469824159349315,0.0020075109252253535
equity_siting,0.054888429226767024,0.0020226001610238764
equity_siting,0.055034016219718804,0.0020341554154223213
equity_siting,0.05523399783184215,0.002050106193418043
equity_siting,0.055633961056088845,0.0020821362610218635
equity_siting,0.055826829412018476,0.002097611355896198
equity_siting,0.05602681102414182,0.0021136572469818865
equity_siting,0.0561723980170936,0.0021253459127321514
equity_siting,0.05637237962921695,0.002141476385252661
equity_siting,0.0565723612413403,0.002157633508613158
equity_siting,0.05661093491252622,0.0021607773122900614
equity_siting,0.056801122545800095,0.002176334087223844
equity_siting,0.05687826988817195,0.0021826642084202263
equity_siting,0.05717824230635697,0.0022073017813544716
equity_siting,0.05737822391848032,0.00222373917080068
equity_siting,0.05766939790438388,0.0022477321322490235
equity_siting,0.05781498489733566,0.0022597731539932843
equity_siting,0.057878380775093614,0.0022650267291654176
equity_siting,0.05870252718594707,0.0023333407312170432
equity_siting,0.058802517992008745,0.0023416699873311793
equity_siting,0.058948104984960524,0.002353806131114917
equity_siting,0.05901150086271848,0.002359109421816997
equity_siting,0.05915708785567026,0.0023715066083065143
equity_siting,0.05935706946779361,0.0023885977769118882
equity_siting,0.059557051079916955,0.0024057028902737723
equity_siting,0.05962044695767491,0.002411130507863637
equity_siting,0.05965902062886084,0.002414435107574509
equity_siting,0.059759011434922515,0.0024230889210157007
equity_siting,0.05995899304704586,0.002440472318486833
equity_siting,0.06002238892480382,0.0024460431264933854
equity_siting,0.0601679759177556,0.002458838347245855
equity_siting,0.060294767673271514,0.002469995631702096
equity_siting,0.060794721703579885,0.0025141806721359888
equity_siting,0.06098490933685376,0.002531020359661702
equity_siting,0.061130496329805536,0.0025439269464802234
equity_siting,0.06163045036011391,0.0025886314777421406
equity_siting,0.06270818028199919,0.002685086994592078
equity_siting,0.06274675395318512,0.002688540053482368
equity_siting,0.06294673556530847,0.0027065190510295223
equity_siting,0.06309232255826025,0.002719667969231734
equity_siting,0.06313089622944618,0.0027231740017839385
equity_siting,0.06320804357181803,0.002730203817772526
equity_siting,0.06335363056476981,0.0027435308202822454
equity_siting,0.06350792524951351,0.002757693422382486
equity_siting,0.0636535122424653,0.0027710777337408344
equity_siting,0.06378030399798121,0.002782749728317483
equity_siting,0.06381887766916713,0.002786309244479884
equity_siting,0.06401885928129049,0.0028047923011675253
equity_siting,0.06411885008735216,0.00281405984727644
equity_siting,0.06435029211446772,0.0028355197939543557
equity_siting,0.06464146610037128,0.0028625638460434365
equity_siting,0.06478705309332305,0.0028761747356376315
equity_siting,0.06493264008627483,0.00288982780322612
equity_siting,0.0650326308923365,0.002899220706269674
equity_siting,0.06517821788528828,0.0029129088468753802
equity_siting,0.06533251257003199,0.002927601684167748
equity_siting,0.06547809956298377,0.0029414769153935072
equity_siting,0.06576927354888733,0.0029692329334718966
equity_siting,0.06596925516101068,0.0029883972929264264
equity_siting,0.06626042914691424,0.0030163736567677766
equity_siting,0.06638722090243016,0.0030286182954611506
equity_siting,0.067016241330686,0.0030894465615288976
equity_siting,0.06739661659723374,0.0031262491329026067
equity_siting,0.06758680423050761,0.0031446593774336383
equity_siting,0.06805856955169949,0.0031904649810203297
equity_siting,0.06834974353760305,0.0032187975076289448
equity_siting,0.06847653529311896,0.003231163400122751
equity_siting,0.06862212228607074,0.0032453693378794004
equity_siting,0.06881230991934462,0.0032639368991640777
equity_siting,0.0689280309329024,0.003275319622960878
equity_siting,0.06899142681066035,0.003281587323561314
equity_siting,0.06913701380361213,0.0032960004116394095
equity_siting,0.06973695863998218,0.0033554499501324197
equity_siting,0.06985267965353996,0.0033669556841130557
equity_siting,0.06999826664649174,0.00338143956526581
equity_siting,0.07012505840200765,0.003394124406249574
equity_siting,0.07027064539495943,0.003408690712497576
equity_siting,0.0703706362010211,0.0034187141273649604
equity_siting,0.0707705994252678,0.003458847147880529
equity_siting,0.07091618641821958,0.003473473139883702
equity_siting,0.0709547600894055,0.0034773491443192963
equity_siting,0.07110905477414921,0.0034928910855675484
equity_siting,0.07122477578770699,0.0035047039845712974
equity_siting,0.07126334945889291,0.0035086814682624944
equity_siting,0.07156332187707794,0.0035396771794276864
equity_siting,0.07166331268313961,0.003550100014651885
equity_siting,0.07224566065494673,0.003610876158936782
equity_siting,0.07244564226707008,0.0036317576940157045
equity_siting,0.07264562387919343,0.003652696306246415
equity_siting,0.07279121087214521,0.0036679527024034665
equity_siting,0.07309118329033024,0.003699406726821223
equity_siting,0.07323677028328202,0.0037146886176888942
equity_siting,0.0733823572762338,0.0037299955950683846
equity_siting,0.07344575315399175,0.0037366785463301103
equity_siting,0.07350914903174971,0.0037433689068159318
equity_siting,0.07365473602470149,0.003758753622557528
equity_siting,0.07380032301765327,0.0037742530507185756
equity_siting,0.07386371889541123,0.0037810486608298682
equity_siting,0.07406370050753458,0.0038025931437318593
equity_siting,0.07422095561459854,0.003819624676331868
equity_siting,0.07436654260755032,0.003835424810440769
equity_siting,0.0750005013851299,0.003904560281543044
equity_siting,0.07514608837808168,0.003920462680552736
equity_siting,0.07761852761064203,0.004190577960327015
equity_siting,0.07787211112167386,0.004218298341042983
equity_siting,0.07817208353985888,0.004251099683484235
equity_siting,0.07831767053281066,0.004267024875137951
equity_siting,0.07846325752576244,0.004282959723174697
equity_siting,0.07890001850461778,0.004330802503191844
equity_siting,0.07904560549756956,0.00434681739006942
equity_siting,0.08084544000667969,0.004544930928218518
equity_siting,0.08088401367786562,0.004549182804400708
equity_siting,0.08117518766376917,0.004581293296168426
equity_siting,0.08136537529704305,0.004602271426493232
equity_siting,0.08151966998178675,0.0046193012511045834
equity_siting,0.08155824365297268,0.004623573598744331
equity_siting,0.08409851647473404,0.004906861695770146
equity_siting,0.08424410346768582,0.004923154558070713
equity_siting,0.0843896904606376,0.004939502135725166
equity_siting,0.08497203843244472,0.005005042373334541
equity_siting,0.08504918577481657,0.005013725315486642
equity_siting,0.08512633311718842,0.005022419495681502
equity_siting,0.0852420541307462,0.005035478069139636
equity_siting,0.08538764112369798,0.005051922810877634
equity_siting,0.08553322811664976,0.00506842827380986
equity_siting,0.08557180178783569,0.005072802717781491
equity_siting,0.08564894913020754,0.005081569473244907
equity_siting,0.08674884799688595,0.005206705050837972
equity_siting,0.08686456901044373,0.00521990106842347
equity_siting,0.08716454142862876,0.005254186909055179
equity_siting,0.08731012842158054,0.005270839886133318
equity_siting,0.0874101192276422,0.005282311699446516
equity_siting,0.08755570622059398,0.005299017240894355
equity_siting,0.08767142723415176,0.005312302398643624
equity_siting,0.0886905361848142,0.005429518266769802
equity_siting,0.09072875408613909,0.005664927035767577
equity_siting,0.09076732775732502,0.0056693900952936626
equity_siting,0.0909129147502768,0.005686381931045583
equity_siting,0.09107016985734076,0.005704739525778406
equity_siting,0.09110874352852669,0.005709246966028026
equity_siting,0.09154550450738203,0.005760285975895079
equity_siting,0.09186001472150994,0.0057972114228488835
equity_siting,0.09200560171446172,0.005814318250110797
equity_siting,0.09231419108394913,0.0058506754766049955
equity_siting,0.09245977807690091,0.0058678755768596345
equity_siting,0.09295973210720927,0.005926950296551255
equity_siting,0.09305972291327094,0.005938803420604042
equity_siting,0.0931231187910289,0.005946338704104152
equity_siting,0.09328037389809286,0.005965058266312334
equity_siting,0.09342596089104464,0.005982411729664198
equity_siting,0.093625942503168,0.006006253619195096
equity_siting,0.09381613013644187,0.006028988489394619
equity_siting,0.09393185114999965,0.0060428910667007256
equity_siting,0.0940089984923715,0.006052160262394356
equity_siting,0.09430897091055652,0.006088224949731749
equity_siting,0.0944545579035083,0.0061057730730754
equity_siting,0.09460014489646008,0.006123339284503683
equity_siting,0.09467729223883194,0.006132681851409026
equity_siting,0.09482287923178372,0.006150358468030969
equity_siting,0.0951398586205735,0.00618888584466871
equity_siting,0.09601338057828417,0.006295606148682215
equity_siting,0.09621336219040752,0.0063200504932679515
equity_siting,0.09659373745695526,0.006366561941562138
equity_siting,0.09673932444990704,0.006384399464264313
equity_siting,0.09677789812109297,0.006389131359204236
equity_siting,0.09706907210699653,0.006424864152601906
equity_siting,0.0971690629130582,0.006437162226102021
equity_siting,0.09731464990600998,0.00645508012379502
equity_siting,0.09737804578376794,0.006462906582893609
equity_siting,0.09757802739589129,0.006487637802949132
equity_siting,0.09787799981407631,0.006524770834156717
equity_siting,0.09802358680702809,0.006542862809460866
equity_siting,0.09816917379997987,0.006560968187077725
equity_siting,0.10006180470835298,0.006796863611204773
equity_siting,0.10013895205072483,0.006806485992248897
equity_siting,0.10033893366284818,0.006831443110866116
equity_siting,0.10052912129612206,0.006855260043244531
equity_siting,0.10059251717388001,0.006863247265109486
equity_siting,0.10089248959206504,0.006901195829641577
equity_siting,0.10103807658501682,0.006919833210512152
equity_siting,0.10113806739107849,0.006932650101656095
equity_siting,0.1012648591465944,0.006948920335767973
equity_siting,0.10151844265762623,0.006981503379010355
equity_siting,0.10341107356599934,0.00722497034975561
equity_siting,0.10381103679024603,0.0072766114967197084
equity_siting,0.1039110275963077,0.0072895361456830465
equity_siting,0.10405661458925948,0.00730848318259582
equity_siting,0.10415660539532115,0.007321536339215193
equity_siting,0.10430219238827293,0.007340630811459336
equity_siting,0.10450217400039628,0.007366948954262154
equity_siting,0.10470215561251964,0.007393287765659541
equity_siting,0.10484774260547142,0.007412511328685552
equity_siting,0.10492488994784327,0.0074227047629186055
equity_siting,0.1052248623660283,0.007462381279161789
equity_siting,0.10562482559027499,0.007515329250832721
equity_siting,0.10592479800846001,0.007555198212371429
equity_siting,0.10612477962058336,0.007581941487379451
equity_siting,0.10632476123270672,0.007608770049812971
equity_siting,0.10676152221156206,0.0076676500862305885
equity_siting,0.10687724322511984,0.007683296064538917
equity_siting,0.1069772340311815,0.007696818351546543
equity_siting,0.10709295504473929,0.007712480364386928
equity_siting,0.10723854203769106,0.0077323923471564835
equity_siting,0.10738412903064284,0.007752309487726189
equity_siting,0.10748411983670451,0.007766083516957826
equity_siting,0.1103565512076431,0.00816226477370249
equity_siting,0.11079331218649843,0.008222580953650614
equity_siting,0.11117368745304618,0.008275295886697669
equity_siting,0.11149066684183596,0.008319566375451243
equity_siting,0.11163625383478774,0.008339902925691858
equity_siting,0.11167482750597367,0.008345321307971177
equity_siting,0.11196600149187723,0.008386312008819435
equity_siting,0.11202939736963519,0.008395264287449834
equity_siting,0.11252935139994355,0.008466084434377845
equity_siting,0.11276079342705911,0.008498876756124523
equity_siting,0.1131607566513058,0.008555552021993642
equity_siting,0.11323790399367765,0.008566505537798098
equity_siting,0.11336469574919357,0.008584519107153202
equity_siting,0.11351028274214535,0.008605243595146755
equity_siting,0.11381025516033037,0.008648089485066639
equity_siting,0.11395584215328215,0.008668905761712682
equity_siting,0.11405583295934382,0.008683208779914815
equity_siting,0.11425581457146718,0.008711904618506662
equity_siting,0.11512933652917784,0.00883728312602011
equity_siting,0.11542930894736286,0.008880726714251858
equity_siting,0.11562929055948622,0.008909994097315119
equity_siting,0.11582927217160957,0.008939362727287353
equity_siting,0.11602925378373292,0.008968809558972038
equity_siting,0.1161292445897946,0.008983567283332937
equity_siting,0.11616781826098052,0.008989266151013435
equity_siting,0.11636779987310387,0.009018886411390143
equity_siting,0.11676776309735057,0.00907820601861095
equity_siting,0.11735011106915769,0.009164633982824563
equity_siting,0.11749569806210947,0.009186281451743848
equity_siting,0.11769567967423282,0.00921605638180289
equity_siting,0.11777282701660467,0.009227561227201048
equity_siting,0.11821659816091037,0.00929386280397069
equity_siting,0.12025481606223526,0.009599709784766501
equity_siting,0.12040040305518704,0.009621660547949254
equity_siting,0.12047755039755889,0.009633313720137647
equity_siting,0.12062313739051067,0.009655335328707984
equity_siting,0.12074992914602659,0.009674530529415307
equity_siting,0.12098137117314214,0.009709684436681123
equity_siting,0.12167569725448883,0.009815375532118708
equity_siting,0.12187567886661219,0.009845843019534173
equity_siting,0.12199139988016997,0.009863504107843764
equity_siting,0.12219138149229332,0.009894154096051258
equity_siting,0.1223369684852451,0.009916489197015353
equity_siting,0.12253695009736845,0.009947268003731422
equity_siting,0.12260034597512641,0.00995703882332664
equity_siting,0.12274593296807819,0.009979557618838881
equity_siting,0.1234458686105099,0.010087916625936017
equity_siting,0.12631829998144847,0.010533499978073695
equity_siting,0.1264450917369644,0.010553220140814674
equity_siting,0.12659067872991617,0.010575909880576644
equity_siting,0.12706244405110803,0.010649677967795935
equity_siting,0.1273536180370116,0.010695471483234813
equity_siting,0.12745360884307327,0.010711262218745984
equity_siting,0.12753075618544513,0.010723480721771489
equity_siting,0.12793071940969183,0.010786850694404208
equity_siting,0.12812090704296572,0.010817016688819875
equity_siting,0.1282664940359175,0.010840144911458816
equity_siting,0.1285834734247073,0.010890624766614586
equity_siting,0.12888344584289232,0.010938747577757828
equity_siting,0.1290290328358441,0.010962222131687079
equity_siting,0.12906760650703003,0.010968466175288497
equity_siting,0.12926758811915337,0.011000881529308159
equity_siting,0.1295675605373384,0.011049700087439203
equity_siting,0.12966755134340008,0.0110660177154715
equity_siting,0.1299675237615851,0.011114980007998697
equity_siting,0.13011311075453688,0.011138791073539002
equity_siting,0.13021310156059857,0.011155159958918923
equity_siting,0.13031309236666025,0.011171548503246106
equity_siting,0.13045867935961203,0.011195509022469378
equity_siting,0.1305744003731698,0.011214622554977086
equity_siting,0.13077438198529315,0.011247697969383248
equity_siting,0.13090117374080906,0.011268702230754274
equity_siting,0.1319010818014258,0.011434876942683745
equity_siting,0.13197822914379764,0.011447718533733435
equity_siting,0.13210502089931356,0.011468843986082406
equity_siting,0.13260497492962192,0.011552305682763327
equity_siting,0.1327951625628958,0.011584087198043304
equity_siting,0.1329407495558476,0.011608545323186403
equity_siting,0.13337751053470293,0.011681958397534999
equity_siting,0.1334775013407646,0.011698861646061773
equity_siting,0.13391426231961995,0.01177303713921435
equity_siting,0.1339914096619918,0.0117862436590435
equity_siting,0.13422285168910736,0.011825950412233926
equity_siting,0.13434964344462327,0.011847712322031556
equity_siting,0.13449523043757505,0.011872957325883162
equity_siting,0.13493900158188077,0.011950054169630278
equity_siting,0.13613889125462086,0.012158584923323312
equity_siting,0.13629318593936457,0.012185409473100721
equity_siting,0.13643877293231635,0.012210758451830783
equity_siting,0.13738971109868572,0.012376428119722902
equity_siting,0.1375352980916375,0.012401869638445676
equity_siting,0.13768088508458928,0.012427324731970458
equity_siting,0.13799786447337908,0.01248282450145545
equity_siting,0.13887138643108976,0.01263608425142145
equity_siting,0.14047123932807654,0.012917468133917066
equity_siting,0.1409711933583849,0.013005451956838977
equity_siting,0.14117117497050824,0.013040714938137302
equity_siting,0.14131676196346002,0.013066490617715207
equity_siting,0.14135533563464595,0.013073329730757578
equity_siting,0.1418625026567096,0.01316334358423212
equity_siting,0.14197822367026738,0.013183954851834063
equity_siting,0.1420167973414533,0.013190826232505845
equity_siting,0.14217109202619702,0.013218358649442829
equity_siting,0.14267104605650538,0.013307724566257912
equity_siting,0.14277103686256706,0.013325726919931929
equity_siting,0.14349897182732596,0.013456992552034813
equity_siting,0.1436918401832556,0.013491818712074489
equity_siting,0.1438186319387715,0.013514768225902718
equity_siting,0.14425539291762685,0.013593874155739784
equity_siting,0.14440097991057863,0.013620292007029848
equity_siting,0.1445911675438525,0.013655230940205819
equity_siting,0.1471409330984252,0.014124364505040107
equity_siting,0.14917915099975007,0.014500076455090048
equity_siting,0.15018206645058418,0.014685638582232952
equity_siting,0.150435649961616,0.01473266243304976
equity_siting,0.15056244171713193,0.014756229113226257
equity_siting,0.1510623957474403,0.014849269093310283
equity_siting,0.15112579162519826,0.014861111944448453
equity_siting,0.15127137861815004,0.014888335532785612
equity_siting,0.15141696561110182,0.014915587143475373
equity_siting,0.15145553928228775,0.01492281869804948
equity_siting,0.1517467132681913,0.014977432608580185
equity_siting,0.15182386061056316,0.014991960350379958
equity_siting,0.15212383302874818,0.015048518675609445
equity_siting,0.15226942002169996,0.015076060217495812
equity_siting,0.15239621177721588,0.015100062755041546
equity_siting,0.15526864314815444,0.015643969171961983
equity_siting,0.1556490184147022,0.015716155343816807
equity_siting,0.1571488805056273,0.016001141118408974
equity_siting,0.15721227638338528,0.01601319160278766
equity_siting,0.15794517613591788,0.01615283454244793
equity_siting,0.15814515774804122,0.01619105022117089
equity_siting,0.158290744740993,0.016218911141125038
equity_siting,0.15859071715917802,0.016276600220018943
equity_siting,0.1587363041521298,0.016304598979962746
equity_siting,0.15898988766316163,0.016353455058320494
equity_siting,0.15924347117419346,0.016402318423984086
equity_siting,0.1595434435923785,0.016460287200268188
equity_siting,0.16008347498898146,0.016565263102248717
equity_siting,0.16023776967372516,0.01659528591624009
equity_siting,0.16311020104466373,0.017159739838677406
equity_siting,0.1632557880376155,0.017188602560439328
equity_siting,0.16369254901647085,0.017275419992649043
equity_siting,0.16383813600942262,0.017304366466380033
equity_siting,0.16412930999532618,0.017362392197511553
equity_siting,0.16427489698827796,0.01739142478986181
equity_siting,0.16442048398122974,0.017420552955854665
equity_siting,0.16456607097418152,0.017450090590801937
equity_siting,0.1647116579671333,0.017479647954916654
equity_siting,0.16485724496008508,0.017509300125115843
equity_siting,0.16536441198214874,0.01761287756477085
equity_siting,0.1656555859680523,0.017672591736578046
equity_siting,0.16585556758017564,0.017713761071220496
equity_siting,0.16600115457312742,0.017743769256078838
equity_siting,0.1661467415660792,0.01777383339838324
equity_siting,0.16629232855903098,0.017803943295626432
equity_siting,0.1663309022302169,0.01781194658231916
equity_siting,0.16663087464840193,0.01787459137474442
equity_siting,0.16777200044804516,0.018113056657986615
equity_siting,0.16817196367229187,0.018197296652045152
equity_siting,0.16827195447835355,0.01821837208025906
equity_siting,0.1684719360904769,0.018260615526520585
equity_siting,0.16857192689653858,0.018281815191441213
equity_siting,0.16871751388949036,0.018312837586863494
equity_siting,0.17060457517425787,0.01871537206398241
equity_siting,0.17075016216720965,0.01874648981984619
equity_siting,0.17115012539145635,0.018832310560821835
equity_siting,0.1715868863703117,0.018926087919310233
equity_siting,0.17170260738386947,0.018951032228338188
equity_siting,0.1721463785281752,0.019047026460717473
equity_siting,0.17222352587054704,0.019063780131117133
equity_siting,0.17397056978596837,0.019443902659270818
equity_siting,0.17407056059203005,0.019465803711737936
equity_siting,0.1747263130021908,0.019609653771240035
equity_siting,0.1748531047577067,0.019637517609617957
equity_siting,0.17674573566607982,0.020054670691052406
equity_siting,0.1768913226590316,0.020086911736442413
equity_siting,0.17699131346509328,0.02010923380543644
equity_siting,0.17768866812043083,0.020265163198816275
equity_siting,0.17781545987594674,0.020293548647892633
equity_siting,0.17861538632444013,0.020473197232931714
equity_siting,0.17876968100918383,0.020507855546331805
equity_siting,0.17895986864245772,0.020550929190525407
equity_siting,0.17915985025458106,0.02059650975526849
equity_siting,0.17930543724753284,0.020629745487435555
equity_siting,0.17945102424048462,0.020662983386563385
equity_siting,0.17965100585260796,0.02070884272941395
equity_siting,0.17979659284555974,0.020742437605875453
equity_siting,0.18049394750089728,0.02090382386683632
equity_siting,0.18063953449384906,0.020937517317238204
equity_siting,0.18073952529991075,0.020960661283388454
equity_siting,0.18105650468870055,0.021034110054455987
equity_siting,0.18120209168165233,0.02106793277649093
equity_siting,0.182075613639363,0.021271218369575698
equity_siting,0.18307552169997973,0.02150391987231015
equity_siting,0.18317551250604142,0.02152723802163171
equity_siting,0.18346668649194497,0.021595215764817002
equity_siting,0.18426661294043836,0.021782458901075594
equity_siting,0.18484896091224548,0.02191893845803666
equity_siting,0.18684877703347896,0.022391488973550363
equity_siting,0.18774869428803403,0.022604315811810948
equity_siting,0.18787548604354995,0.022634411065069148
equity_siting,0.18802107303650173,0.02266898214793455
equity_siting,0.1883122470224053,0.022738222603071793
equity_siting,0.18851222863452863,0.022785914146736447
equity_siting,0.18876581214556046,0.022847040726460762
equity_siting,0.18958995855641392,0.02304616779646105
equity_siting,0.1897355455493657,0.02308152330926005
equity_siting,0.18993552716148904,0.023130280455650083
equity_siting,0.190092782268553,0.023168855664531963
equity_siting,0.19029276388067634,0.023217936848496504
equity_siting,0.19092672265825592,0.023373554645970986
equity_siting,0.1910723096512077,0.02340956041942302
equity_siting,0.19111088332239362,0.02341910327058175
equity_siting,0.19126517800713733,0.02345734206543618
equity_siting,0.19381494356171,0.0240903875503738
equity_siting,0.19396053055466178,0.02412653412844498
equity_siting,0.19507916701905367,0.02440493794774928
equity_siting,0.1951177406902396,0.024414547184066528
equity_siting,0.19537132420127143,0.024477799982853217
equity_siting,0.19557130581339477,0.024527875148904036
equity_siting,0.1957712874255181,0.024578525437913976
equity_siting,0.19597126903764145,0.02462926572538244
equity_siting,0.1965712138740115,0.024783668631369948
equity_siting,0.1976898503384034,0.02507257899617004
equity_siting,0.19780557135196117,0.025102532064398105
equity_siting,0.19790556215802285,0.025128419693527772
equity_siting,0.19796895803578082,0.025144943551104443
equity_siting,0.19800753170696675,0.02515500078869509
equity_siting,0.1980846790493386,0.025175139132846726
equity_siting,0.19823026604229038,0.02521316619795145
equity_siting,0.19837585303524216,0.02525155730966257
equity_siting,0.1989464159350638,0.02540201487654909
equity_siting,0.2004462780259889,0.025798831819565743
equity_siting,0.20094773575140595,0.025932578700980816
equity_siting,0.20121775144970744,0.02600466266993196
equity_siting,0.2019120775310541,0.026190336062886115
equity_siting,0.2026728280641496,0.026393793579601674
equity_siting,0.2028630156974235,0.026444788600089
equity_siting,0.2054835815705555,0.02715062547989369
equity_siting,0.20624433210365098,0.027356220256795714
equity_siting,0.20656131149244078,0.027442205741408834
equity_siting,0.20670689848539256,0.02748181599584337
equity_siting,0.20680688929145424,0.02750904410473801
equity_siting,0.2084083462139238,0.02794803200471089
equity_siting,0.2092958885025352,0.02819139723353955
equity_siting,0.21100757720200006,0.02866692639742739
equity_siting,0.21189511949061146,0.028913707132111485
equity_siting,0.21236688481180332,0.02904544879637874
equity_siting,0.214916650366376,0.029757770145528457
equity_siting,0.21506223735932778,0.029798503040284932
equity_siting,0.21512563323708575,0.029816253441192233
equity_siting,0.21522562404314743,0.02984448123912752
equity_siting,0.21726384194447232,0.03042018759092411
equity_siting,0.21742109705153628,0.030464782746517555
equity_siting,0.21762107866365962,0.03052171659911841
equity_siting,0.21844522507451308,0.030757046883063178
equity_siting,0.218572016830029,0.030793262783567824
equity_siting,0.21871760382298078,0.030835049343747714
equity_siting,0.21951753027147416,0.031064976547201185
equity_siting,0.22039105222918484,0.031316631776451026
equity_siting,0.22126457418689552,0.0315686274857833
equity_siting,0.22151815769792735,0.03164180610449023
equity_siting,0.2218093316838309,0.03172600772115049
equity_siting,0.2219549186767827,0.03176821211192781
equity_siting,0.22210050566973447,0.031810574825057655
equity_siting,0.22362200673592544,0.032254734242424365
equity_siting,0.22376759372887722,0.03229723746326845
equity_siting,0.22389438548439314,0.03233430063570898
equity_siting,0.22433114646324848,0.03246219321632295
equity_siting,0.22471767802213105,0.03257576322398048
equity_siting,0.2250088520080346,0.03266146604676276
equity_siting,0.22570878765046634,0.032867794255465745
equity_siting,0.22629113562227346,0.03303973854339526
equity_siting,0.22643672261522524,0.03308279317099498
equity_siting,0.2293091539861638,0.03393511531183478
equity_siting,0.22945474097911558,0.03397850310145455
equity_siting,0.2294933146503015,0.03399004145907798
equity_siting,0.22962622773706803,0.03402985714035092
equity_siting,0.2297419487506258,0.034064612013077436
equity_siting,0.2298875357435776,0.03410855866747732
equity_siting,0.23003312273652937,0.03415261039411306
equity_siting,0.23079387326962486,0.03438286441689798
equity_siting,0.23093946026257664,0.03442697187268371
equity_siting,0.23182700255118804,0.03469674454000789
equity_siting,0.2324269473875581,0.034879695226913754
equity_siting,0.23252693819361978,0.034910266062806644
equity_siting,0.23325487315837867,0.03513388691441838
equity_siting,0.23354604714428223,0.03522404956938434
equity_siting,0.23374602875640557,0.03528612598430467
equity_siting,0.2338728205119215,0.035325496543805464
equity_siting,0.23507271018466158,0.03569846554505107
equity_siting,0.2353262936956934,0.03577744790365012
equity_siting,0.23545920678245993,0.03581889355609643
equity_siting,0.23565207513838957,0.035879194561660215
equity_siting,0.2368167710820038,0.03624336010132491
equity_siting,0.23694356283751972,0.03628304522174659
equity_siting,0.2370891498304715,0.036328779179265636
equity_siting,0.23738912224865652,0.036423139223864434
equity_siting,0.23754637735572048,0.03647284269520101
equity_siting,0.2400213562359007,0.03725671290162829
equity_siting,0.2401669432288525,0.03730325916553366
equity_siting,0.24026693403491417,0.037335296334898856
equity_siting,0.24064730930146191,0.037457262086676935
equity_siting,0.2407928962944137,0.037503968925781
equity_siting,0.24089288710047538,0.03753612851708648
equity_siting,0.24103847409342716,0.03758296662964491
equity_siting,0.2423383545722289,0.038002185859202585
equity_siting,0.2424839415651807,0.03804916373943399
equity_siting,0.24360257802957258,0.038410252002702525
equity_siting,0.24647500940051115,0.039338859521501235
equity_siting,0.24836764030888425,0.03995164735549348
equity_siting,0.24850055339565078,0.039994682153062955
equity_siting,0.24890051661989748,0.04012419646405805
equity_siting,0.25122990850712595,0.04088355403966469
equity_siting,0.2524978260622851,0.04129767164950157
equity_siting,0.25253639973347103,0.041310298834215796
equity_siting,0.2534363169880261,0.04160514627552101
equity_siting,0.25413367164336365,0.04183418046042488
equity_siting,0.2549578180542171,0.04210500824388025
equity_siting,0.2552577904724021,0.042205168628079597
equity_siting,0.25655767095120385,0.042639769619993106
equity_siting,0.2576763074155957,0.04301828015616735
equity_siting,0.25782189440854747,0.04306781388868255
equity_siting,0.2578604680797334,0.043080954097719296
equity_siting,0.2583604221100418,0.04325244228356837
equity_siting,0.25896036694641184,0.0434583190836139
equity_siting,0.26046022903733695,0.043973354715392356
equity_siting,0.2607138125483688,0.044060592312775655
equity_siting,0.26358624391930735,0.04504911213494472
equity_siting,0.2638774179052109,0.04514955298976517
equity_siting,0.2647509398629216,0.045452217207922724
equity_siting,0.26504211384882514,0.045553107462289286
equity_siting,0.26574204949125685,0.045797579808756386
equity_siting,0.2665661959021103,0.04608581390294327
equity_siting,0.26685736988801384,0.04618765569988877
equity_siting,0.26785727794863057,0.046537513469170226
equity_siting,0.2680028649415823,0.046588536200883476
equity_siting,0.26808001228395417,0.0466156123661855
equity_siting,0.2689439473479365,0.046919266139610616
equity_siting,0.2698874779903202,0.04725170132983138
equity_siting,0.26992605166150613,0.047265426441871664
equity_siting,0.2702583343784224,0.047384221916150784
equity_siting,0.27040392137137415,0.04743629661225693
equity_siting,0.2713548595377435,0.04777704670211531
equity_siting,0.27165483195592854,0.0478850765876812
equity_siting,0.2723827669206874,0.048147271910923946
equity_siting,0.2735014033850793,0.04855092532423701
equity_siting,0.2757202591066078,0.04935396617109398
equity_siting,0.2782700246611805,0.0502771050089444
equity_siting,0.28566101469318655,0.052957018954883875
equity_siting,0.2860467514050458,0.05309797761798204
equity_siting,0.2861467422111075,0.053134583031989625
equity_siting,0.28643791619701103,0.05324120144181348
equity_siting,0.28745702514767346,0.05361580222075753
equity_siting,0.2880393731194806,0.053830312505653524
equity_siting,0.28854654014154424,0.05401808840163748
equity_siting,0.2886753839945051,0.05406596058757064
equity_siting,0.28882097098745685,0.054120105470022835
equity_siting,0.28926474213176256,0.054285269262320725
equity_siting,0.28946472374388593,0.05435972296896948
equity_siting,0.29026465019237935,0.05465783698947011
equity_siting,0.2904102371853311,0.054712292482377016
equity_siting,0.290448810856517,0.05472678983098748
equity_siting,0.29048738452770295,0.05474131961118369
equity_siting,0.2925160526159576,0.055506867339556676
equity_siting,0.2927062402492315,0.055578885662940454
equity_siting,0.2932885882210386,0.055799435666710154
equity_siting,0.29341537997655454,0.055847457018316275
equity_siting,0.29354829306332103,0.05589816751342981
equity_siting,0.29399206420762675,0.056067634276492875
equity_siting,0.2941920458197501,0.056144356689681256
equity_siting,0.294919980784509,0.056424200344887016
equity_siting,0.29551992562087903,0.05665695546411688
equity_siting,0.295646717376395,0.0567061904900586
equity_siting,0.29704142668707006,0.057248753676625436
equity_siting,0.29816006315146193,0.05768403554764073
equity_siting,0.29841364666249376,0.05778295118241059
equity_siting,0.2987136190806788,0.05790014777848387
equity_siting,0.2995135455291722,0.05821342058751061
equity_siting,0.2995521192003581,0.05822855618628097
equity_siting,0.299742306833632,0.05830327272587997
equity_siting,0.29989956194069595,0.058365112750838624
equity_siting,0.30129427125137104,0.058913933051289405
equity_siting,0.30249879292877224,0.05938811659785072
equity_siting,0.3025759402711441,0.05941877139758398
equity_siting,0.302890450485272,0.059543786419404644
equity_siting,0.3044630015559116,0.060169921241162036
equity_siting,0.30475417554181516,0.06028588535822033
equity_siting,0.304831322884187,0.06031683796068329
equity_siting,0.30571886517279845,0.060673076128086145
equity_siting,0.30721872726372357,0.061275288260606596
equity_siting,0.30791866290615527,0.06155717683512003
equity_siting,0.3080759180132192,0.06162055291875019
equity_siting,0.30817590881928086,0.061660853926296555
equity_siting,0.3086830758413445,0.06186541112011458
equity_siting,0.3090000552301343,0.06199332282585893
equity_siting,0.30934721827080763,0.06213356995400307
equity_siting,0.3104658547351995,0.0625876422638361
equity_siting,0.3114849636858619,0.06300166490978983
equity_siting,0.31352318158718684,0.063830034302889
equity_siting,0.31371604994311647,0.06390847442175154
equity_siting,0.31400722392902003,0.06402728459812489
equity_siting,0.31404579760020596,0.06404302760905488
equity_siting,0.3152104935438202,0.0645190800133572
equity_siting,0.3162104016044369,0.06493240730619912
equity_siting,0.3164103832165603,0.06501513352479608
equity_siting,0.31917653608264407,0.06616256787599484
equity_siting,0.32050784951556116,0.06671769450578091
equity_siting,0.3218077299943629,0.06726017453891667
equity_siting,0.3219979176276368,0.06733955940097866
equity_siting,0.3227586681607323,0.06765721036235493
equity_siting,0.3230586405789173,0.06778320787992557
equity_siting,0.32320422757186906,0.06784438190128002
equity_siting,0.3233042183779307,0.06788644039137622
equity_siting,0.32365138141860406,0.0680325058446651
equity_siting,0.32620114697317676,0.06911103603761685
equity_siting,0.32631686798673454,0.06916005705859478
equity_siting,0.3265070556200084,0.06924161347497448
equity_siting,0.32695082676431414,0.06943236287514086
equity_siting,0.327027974106686,0.06946556467636571
equity_siting,0.32729380028021904,0.06958042473407762
equity_siting,0.3288952572026886,0.0702724824603256
equity_siting,0.32912073394537006,0.07036995075870568
equity_siting,0.3297030819171772,0.07062210412390708
equity_siting,0.3297675038436576,0.07065006919796303
equity_siting,0.3304439340717021,0.07094498453834856
equity_siting,0.33331636544264065,0.07220294808353567
equity_siting,0.33410264097796044,0.07254771065770921
equity_siting,0.334393814963864,0.07267552741976895
equity_siting,0.3350583803976966,0.07296739152969059
equity_siting,0.3351912934844631,0.07302603815163493
equity_siting,0.3359223154616789,0.07335019325544184
equity_siting,0.33606790245463064,0.07341479306087968
equity_siting,0.3362251575616946,0.07348511483638807
equity_siting,0.3366238968219941,0.07366536910871807
equity_siting,0.33706766796629983,0.07386672335616608
equity_siting,0.3390325367239529,0.07476660239027544
equity_siting,0.33923190635410266,0.07485798198065831
equity_siting,0.34056321978701976,0.07547176209293033
equity_siting,0.3409435950535675,0.0756472932646327
equity_siting,0.34183113734217896,0.07605839032327205
equity_siting,0.34226789832103427,0.07626077406223862
equity_siting,0.3427046592998896,0.07646501637147055
equity_siting,0.34273687026312977,0.07648010072114196
equity_siting,0.34313683348737645,0.07666759718847704
equity_siting,0.34503665880254825,0.07755896446754967
equity_siting,0.3464519547661239,0.07822437074322693
equity_siting,0.3472127052992194,0.07858272710181846
equity_siting,0.3483774012428336,0.07913364158421414
equity_siting,0.34897734607920367,0.07941847569124971
equity_siting,0.3495772909155737,0.0797036247023025
equity_siting,0.3499772541398204,0.07989374706817284
equity_siting,0.3502772265580054,0.0800363509360593
equity_siting,0.3504765961881552,0.08013131682014048
equity_siting,0.35117395084349273,0.08046359822724505
equity_siting,0.3535327774494521,0.08158973744712901
equity_siting,0.35479545177373395,0.08219270548650133
equity_siting,0.3548340254449199,0.08221118807726482
equity_siting,0.3552327647052194,0.08240242477730417
equity_siting,0.35530991204759127,0.08243948206062758
equity_siting,0.35609618758291106,0.08281765993349552
equity_siting,0.35699610483746613,0.08325071064833045
equity_siting,0.3572661205357676,0.08338086046429641
equity_siting,0.35766485979606716,0.08357378314026176
equity_siting,0.3583622144514047,0.08391164354626643
equity_siting,0.35868432408380685,0.08406825470202099
equity_siting,0.35908428730805353,0.08426325093355622
equity_siting,0.36744868645278544,0.08834912132709258
equity_siting,0.36903358339673437,0.08912394059004329
equity_siting,0.3690721570679203,0.08914280592210572
equity_siting,0.36921774406087204,0.08921412247359752
equity_siting,0.36935065714763854,0.08927924492268263
equity_siting,0.3695500267777883,0.08937698285184188
equity_siting,0.36962717412016016,0.08941481702503863
equity_siting,0.36978146880490387,0.08949049854300113
equity_siting,0.36991438189167036,0.08955569906433979
equity_siting,0.37018439758997185,0.08968816490861573
equity_siting,0.3702229712611578,0.08970715036841095
equity_siting,0.3703497630166737,0.08976958307760419
equity_siting,0.3706667424054635,0.08992570354193677
equity_siting,0.3717675281549112,0.09046865541191344
equity_siting,0.3727184663212806,0.0909382001863123
equity_siting,0.37322563334334424,0.09118867443484585
equity_siting,0.3732920898867275,0.09122150963139537
equity_siting,0.3739920255291592,0.09156857361543927
equity_siting,0.37481617194001265,0.09197900732677508
equity_siting,0.3749429636955286,0.09204215357287333
equity_siting,0.37564031835086614,0.0923896852037172
equity_siting,0.37684020802360624,0.0929882765895067
equity_siting,0.37741077092342784,0.09327455501512846
equity_siting,0.378678688478587,0.09391179501811521
equity_siting,0.37874208435634493,0.093943862147738
equity_siting,0.3790743670732612,0.09411236410185948
equity_siting,0.37977172172859874,0.09446734642562661
equity_siting,0.37981029539978467,0.09448707315887729
equity_siting,0.38021025862403135,0.09469231817142096
equity_siting,0.3803558456169831,0.09476707782243887
equity_siting,0.3803880565802233,0.09478365101978821
equity_siting,0.3815925782576245,0.0954035128939068
equity_siting,0.38170829927118227,0.09546365446535386
equity_siting,0.38265923743755165,0.0959593239947178
equity_siting,0.38335917307998335,0.09632541293455438
equity_siting,0.38382436888366617,0.09656933647056737
equity_siting,0.3847119111722776,0.09703548924788964
equity_siting,0.3847504848434635,0.09705579288551605
equity_siting,0.38510480543910586,0.09724230349443314
equity_siting,0.38764507826086725,0.09857958080407134
equity_siting,0.387760799274425,0.09864056196654038
equity_siting,0.38791805438148896,0.09872349031695074
equity_siting,0.39001786130878413,0.09983516631287483
equity_siting,0.39037218190442646,0.10002295864557624
equity_siting,0.3908875573162699,0.10029644109150933
equity_siting,0.39529070031406077,0.10263780082075888
equity_siting,0.3954835686699904,0.10274035911576596
equity_siting,0.39608351350636045,0.10305971904428683
equity_siting,0.39665407640618205,0.10336511832089164
equity_siting,0.3967312237485539,0.10340659608491001
equity_siting,0.3967634347117941,0.1034240368887086
equity_siting,0.405127833856526,0.10796505934328347
equity_siting,0.4056983967563476,0.10827501843015723
equity_siting,0.40595608446226933,0.10841528244343457
equity_siting,0.40599465813345526,0.1084362888008894
equity_siting,0.4077018391851866,0.10936663201919597
equity_siting,0.4081386001640419,0.1096048073251597
equity_siting,0.40839218367507374,0.10974309700827067
equity_siting,0.40852509676184023,0.109815606599856
equity_siting,0.40872446639199,0.10992445665607031
equity_siting,0.40901564037789356,0.11008363052304126
equity_siting,0.4090790362556515,0.11011833259478734
equity_siting,0.40923629136271544,0.1102044203379842
equity_siting,0.40993622700514715,0.11058812372264319
equity_siting,0.41037999814945286,0.11083192151293784
equity_siting,0.41101395692703246,0.11118040893339473
equity_siting,0.41141392015127914,0.11140104189853929
equity_siting,0.41160410778455303,0.11150617561614237
equity_siting,0.4140765470171134,0.11287422487690757
equity_siting,0.4149404820810957,0.11335236129547663
equity_siting,0.41526259171349783,0.11353076619734745
equity_siting,0.41746416321239327,0.1147513251600292
equity_siting,0.41812872864622586,0.11511981585812267
equity_siting,0.41831891627949974,0.11522552205590743
equity_siting,0.41850910391277363,0.11533132956406185
equity_siting,0.4188260833015634,0.11550816184566269
equity_siting,0.41948183571172415,0.11587410722571966
equity_siting,0.4207380632780925,0.11657588266958463
equity_siting,0.42089911809429353,0.11666589674602539
equity_siting,0.42105637320135747,0.1167538409828404
equity_siting,0.4236061387559302,0.11818233501998736
equity_siting,0.4265939857901454,0.11986273307340635
equity_siting,0.4272704160181899,0.1202459627907819
equity_siting,0.42853833357334903,0.12096557842833176
equity_siting,0.4286839205663008,0.12104828067061865
equity_siting,0.43001523399921787,0.12180579193833048
equity_siting,0.4301724891062818,0.1218953577798824
equity_siting,0.43106003139489324,0.12240107467929957
equity_siting,0.431377010783683,0.12258179869792914
equity_siting,0.4316939901724728,0.12276283522897886
equity_siting,0.43182078192798873,0.12283541748596248
equity_siting,0.4319536950147552,0.1229117490538182
equity_siting,0.434719847880839,0.1245045652433435
equity_siting,0.4348527609676055,0.12458143601358332
equity_siting,0.434985674054372,0.1246584837011139
equity_siting,0.4354224350332273,0.12491352277348915
equity_siting,0.43546100870441323,0.12493605922387681
equity_siting,0.4367923221373303,0.12571390398231427
equity_siting,0.43781143108799275,0.12630939713745548
equity_siting,0.43787788763137603,0.12634823384028102
equity_siting,0.43876542991998746,0.1268704881896498
equity_siting,0.4392808053318309,0.12717428171009354
equity_siting,0.4401827123025569,0.1277067457964985
equity_siting,0.4404826847207419,0.12788387065252332
equity_siting,0.4412434352538374,0.12833383249226205
equity_siting,0.44140449007003846,0.12842909565696725
equity_siting,0.4439205717830618,0.12992774114927216
equity_siting,0.44452051661943187,0.13028608942431028
equity_siting,0.4445849385459123,0.1303246118135515
equity_siting,0.4446513950892956,0.13036437979729132
equity_siting,0.44718723019961387,0.13188435805071053
equity_siting,0.44875978127025345,0.132834160059826
equity_siting,0.44920355241455917,0.13310233715544767
equity_siting,0.44940292204470894,0.13322305723633412
equity_siting,0.4495297138002249,0.13330022826751403
equity_siting,0.4506893084768726,0.13400601797834777
equity_siting,0.4508794961101465,0.13412200268940924
equity_siting,0.45125987137669427,0.13435478691725683
equity_siting,0.45152988707499575,0.1345201548370425
equity_siting,0.4516566788305117,0.13459786945986124
equity_siting,0.45178552268347255,0.1346769383519193
equity_siting,0.45191843577023905,0.13475868469901722
equity_siting,0.4521720192812709,0.1349146487243814
equity_siting,0.45329940299467836,0.13560930600516202
equity_siting,0.4533627988724363,0.13564838461174142
equity_siting,0.4534292554158196,0.13568971293981363
equity_siting,0.45502910831280635,0.13668590458502827
equity_siting,0.4551746953057581,0.1367768453484933
equity_siting,0.4561890293498854,0.1374114317768193
equity_siting,0.45688638400522297,0.13784790183881906
equity_siting,0.45752034278280257,0.1382460346255219
equity_siting,0.45765325586956906,0.13833011583935884
equity_siting,0.45768546683280925,0.1383505556101148
equity_siting,0.45818542086311764,0.138667927881436
equity_siting,0.4584108976057991,0.1388110942752207
equity_siting,0.45847429348355706,0.1388514574753333
equity_siting,0.45859001449711484,0.13892552642058076
equity_siting,0.46695441364184676,0.1442850161845742
equity_siting,0.4670188355683272,0.1443263262429407
equity_siting,0.46734094520072933,0.14453322038817676
equity_siting,0.4675311328340032,0.14465547328295889
equity_siting,0.4678223068199068,0.14484293942074147
equity_siting,0.4698666232117382,0.14615941329257495
equity_siting,0.4712516946310674,0.14705183310576836
equity_siting,0.47132884197343927,0.14710155929930493
equity_siting,0.4714556337289552,0.14718368435465956
equity_siting,0.4715885468157217,0.14726990001569065
equity_siting,0.4719055262045115,0.14747556334934062
equity_siting,0.4723422871833668,0.1477597525927599
equity_siting,0.47303964183870434,0.1482158171922503
equity_siting,0.47335415205283227,0.14842210689392413
equity_siting,0.4761847439799835,0.15028716051073404
equity_siting,0.4767553068798051,0.15066321355163992
equity_siting,0.47704648086570867,0.15085514038394587
equity_siting,0.4772037359727726,0.15095902554341983
equity_siting,0.47820364403338933,0.15162087398283255
equity_siting,0.4783938316666632,0.15174729518623237
equity_siting,0.47871594129906536,0.1519619596525786
equity_siting,0.4789473833261809,0.15211682381374583
equity_siting,0.4793277585927287,0.15237190173002496
equity_siting,0.4802153008813401,0.15296708440822462
equity_siting,0.48122963492546744,0.15364789524302339
equity_siting,0.48201591046078723,0.15417662764071674
equity_siting,0.48214882354755373,0.1542660060003425
equity_siting,0.48240240705858556,0.15443730786413415
equity_siting,0.4825596621656495,0.15454375956009547
equity_siting,0.4830106156510125,0.15485041945956984
equity_siting,0.48363963607926835,0.15527885057843382
equity_siting,0.4837664278347843,0.1553652458789214
equity_siting,0.48423819315597616,0.15568694866329913
equity_siting,0.4851257354445876,0.15629319832816932
equity_siting,0.485434324814075,0.1565044423936537
equity_siting,0.48575643444647715,0.1567252320000212
equity_siting,0.48594970022591844,0.1568579271737984
equity_siting,0.48620328373695026,0.15703210991923622
equity_siting,0.4862677056634307,0.1570763634484658
equity_siting,0.48713740167091646,0.1576764645552347
equity_siting,0.4871759753421024,0.15770312147732068
equity_siting,0.4886340805305354,0.1587110058879588
equity_siting,0.4887498015440932,0.15879109131009425
equity_siting,0.488865522557651,0.15887122702749026
equity_siting,0.4890227776647149,0.15898044198756323
equity_siting,0.49048088285314795,0.1599935885177828
equity_siting,0.4915586127750332,0.16074411737184865
equity_siting,0.49163576011740506,0.16079843743396
equity_siting,0.49202229167628764,0.1610715071081866
equity_siting,0.4922477684189691,0.16123098323131563
equity_siting,0.49232491576134096,0.16128560070801048
equity_siting,0.49239137230472424,0.16133280315709886
equity_siting,0.49264495581575607,0.1615135350459932
equity_siting,0.4927737996687169,0.16160547041782844
equity_siting,0.49409362662030837,0.16254783198361092
equity_siting,0.4942224704732692,0.16263985028480618
equity_siting,0.49663151382807164,0.16436991053843128
equity_siting,0.49676442691483813,0.16446543703580713
equity_siting,0.49722962271852095,0.16480044398140825
equity_siting,0.49748731042444266,0.16498647093268384
equity_siting,0.4982603735422078,0.16554925329004788
equity_siting,0.5008006463639691,0.1673995881172893
equity_siting,0.5008972792536898,0.1674701165108369
equity_siting,0.5009606751314477,0.167516445125123
equity_siting,0.5013472066903303,0.16779966319217518
equity_siting,0.5021958274564207,0.16842269182707859
equity_siting,0.5028722576844652,0.1689193182496116
equity_siting,0.5043721197753903,0.17002539425615415
equity_siting,0.5046890991641801,0.17026005744513123
equity_siting,0.5047524950419381,0.1703070174573865
equity_siting,0.5066529418731107,0.17171736483925293
equity_siting,0.506685152836351,0.17174128275905431
equity_siting,0.5070021322251408,0.1719772445084465
equity_siting,0.5070407058963268,0.17200597615585914
equity_siting,0.5072400755264765,0.17215469144906537
equity_siting,0.5083178054483618,0.17295997209290803
equity_siting,0.5085754931542835,0.17315265738248042
equity_siting,0.509090868566127,0.1735400065894627
equity_siting,0.5097672987941715,0.1740494444286595
equity_siting,0.5108450287160567,0.17486234004396323
equity_siting,0.511940201466224,0.1756891782739892
equity_siting,0.5121330698221537,0.1758349906794363
equity_siting,0.5121964656999116,0.17588292704711805
equity_siting,0.5123897314793529,0.1760292219689989
equity_siting,0.5137844407900279,0.17708950411063065
equity_siting,0.5139112325455438,0.17718655862082758
equity_siting,0.5139498062167298,0.17721613114571036
equity_siting,0.5142719158491319,0.1774634550316208
equity_siting,0.5145805052186193,0.17770066761414322
equity_siting,0.5146190788898053,0.17773034592445053
equity_siting,0.518033440993268,0.1803780359427365
equity_siting,0.5185406080153316,0.1807721635523523
equity_siting,0.5186735211020982,0.18087551454021872
equity_siting,0.5193499513301427,0.18140245734624538
equity_siting,0.5200473059854802,0.1819458174928182
equity_siting,0.5207559471767649,0.18249889941246383
equity_siting,0.5291203463214968,0.18902843109157225
equity_siting,0.5343097648546075,0.19308348574747017
equity_siting,0.5347929293032107,0.19346317109677424
equity_siting,0.5352646946244025,0.19383397931938254
equity_siting,0.5359733358156872,0.19439146059502607
equity_siting,0.53774842039291,0.19579102316985006
equity_siting,0.5400940678699545,0.19764374014600997
equity_siting,0.5403517555758762,0.19784734532008688
equity_siting,0.5409637638774403,0.19833326352464725
equity_siting,0.5417879102882938,0.19898878152441518
equity_siting,0.5463483083931485,0.2026306725149088
equity_siting,0.5474490941425962,0.20351127345725248
equity_siting,0.5480830529201758,0.20402192410910272
equity_siting,0.5481987739337336,0.2041151835888387
equity_siting,0.5484886726028956,0.20434942028299619
equity_siting,0.5494872124633422,0.20515703271304953
equity_siting,0.5495506083411001,0.2052084161640052
equity_siting,0.55033688387642,0.20584925021624847
equity_siting,0.5503690948396602,0.20587558311222795
equity_siting,0.551469880589108,0.20677662990395154
equity_siting,0.5518886231112308,0.20711991438261995
equity_siting,0.5522751546701133,0.2074380596198615
equity_siting,0.5528549520084372,0.20791561780435297
equity_siting,0.5553710337214605,0.20999436473776156
equity_siting,0.5556287214273822,0.2102077451875359
equity_siting,0.55600909669393,0.21052344479654084
equity_siting,0.5585588622485026,0.21265429384728254
equity_siting,0.5587517306044323,0.212816246904356
equity_siting,0.5588151264821902,0.2128695178555586
equity_siting,0.5593222935042539,0.2132962887122798
equity_siting,0.5602098357928653,0.21404338036587586
equity_siting,0.5610097622413587,0.2147172986506423
equity_siting,0.563525843954382,0.21684386884089946
equity_siting,0.5635923004977652,0.21690026766890744
equity_siting,0.5643975745787706,0.217584802194831
equity_siting,0.5659701256494102,0.2189266072716394
equity_siting,0.5661311804656113,0.21906440545053982
equity_siting,0.5661945763433692,0.2191187779523255
equity_siting,0.5666383474876749,0.21950118428498575
equity_siting,0.5668316132671162,0.21966809575536994
equity_siting,0.5677191555557276,0.220437044289439
equity_siting,0.5684600077102525,0.22107997032919796
equity_siting,0.5684985813814385,0.22111351204421834
equity_siting,0.5686253731369544,0.22122389237930426
equity_siting,0.5709076247362409,0.2232122429194923
equity_siting,0.5712619453318832,0.22352125031124886
equity_siting,0.571727141135566,0.22392740890945664
equity_siting,0.5718559849885269,0.2240399377729669
equity_siting,0.5725002042533311,0.2246040125294928
equity_siting,0.5730707671531527,0.22510671246642402
equity_siting,0.5743288080096645,0.22621919227306267
equity_siting,0.5744445290232223,0.22632168228180433
equity_siting,0.5750735494514781,0.2268801110572382
equity_siting,0.5752278441362219,0.22701718082983113
equity_siting,0.5759251987915593,0.2276379899191387
equity_siting,0.5842895979362913,0.23508781680563087
equity_siting,0.5857477031247244,0.23638765048484248
equity_siting,0.5899935910154512,0.24017519299371953
equity_siting,0.5905089664272947,0.24063747226835913
equity_siting,0.5905475400984806,0.24067280378225384
equity_siting,0.5907469097286304,0.240855803547071
equity_siting,0.5907791206918707,0.2408854025550665
equity_siting,0.5947104983684697,0.24450437930198618
equity_siting,0.595147259347325,0.2449080326507947
equity_siting,0.5954008428583569,0.2451425290374851
equity_siting,0.5964315936820438,0.2460971712871501
equity_siting,0.5971289483373813,0.24674393217465387
equity_siting,0.5971675220085673,0.2467798648057263
equity_siting,0.5973247771156313,0.2469270555227144
equity_siting,0.5974576902023978,0.24705154153086648
equity_siting,0.5976891322295134,0.2472684576994039
equity_siting,0.5984299843840383,0.24796533320250375
equity_siting,0.5986201720173121,0.24814428410533396
equity_siting,0.5989100706864741,0.2484177150909687
equity_siting,0.5991415127135896,0.24863686386605688
equity_siting,0.6004621622064384,0.24989022910003925
equity_siting,0.6005889539619543,0.2500109024339662
equity_siting,0.6028078096834828,0.2521265007926138
equity_siting,0.6029621043682265,0.25227386303187777
equity_siting,0.6043793867507959,0.25362959685511405
equity_siting,0.6057644581701251,0.25495660945625825
equity_siting,0.60650531032465,0.25566970817405094
equity_siting,0.6074394282586163,0.25657069270906
equity_siting,0.6078903817439792,0.2570059002092311
equity_siting,0.6079289554151652,0.25704313331822964
equity_siting,0.6080446764287231,0.2571553319944968
equity_siting,0.6088821614729686,0.25797186230800556
equity_siting,0.6131280493636955,0.26212718669181434
equity_siting,0.6132568932166563,0.2622542024577209
equity_siting,0.6138689015182204,0.2628607701708612
equity_siting,0.6149318633051475,0.2639164167053952
equity_siting,0.6160504997695394,0.2650274639604083
equity_siting,0.6170014379359088,0.2659723133688946
equity_siting,0.6171171589494666,0.2660875183193599
equity_siting,0.6181156988099132,0.2670820938080383
equity_siting,0.6182486118966798,0.2672147783620605
equity_siting,0.6218654793591508,0.27086514703886894
equity_siting,0.6221190628701827,0.2711224885089485
equity_siting,0.6235343588337583,0.27255925796590746
equity_siting,0.6240497342456017,0.27308334362450654
equity_siting,0.6242107890618028,0.27324759358417167
equity_siting,0.6245252992759307,0.2735694125512882
equity_siting,0.6254688299183144,0.27453520888558747
equity_siting,0.6258931403013597,0.27496993105126044
equity_siting,0.6265051486029237,0.2755987455793472
equity_siting,0.6270527349780074,0.2761618749555314
equity_siting,0.6280190638752138,0.2771702587847699
equity_siting,0.6293075024048224,0.2785162222988415
equity_siting,0.6296220126189502,0.2788457851605606
equity_siting,0.6297488043744661,0.2789787000468384
equity_siting,0.6303608126760302,0.27962732814356833
equity_siting,0.6306829223084323,0.2799693099566171
equity_siting,0.6311458063626634,0.28046180368865
equity_siting,0.6319320818979832,0.28130234140684984
equity_siting,0.6326407230892679,0.28206247387322736
equity_siting,0.6332527313908319,0.28271903759102823
equity_siting,0.6336070519864743,0.28309915699441424
equity_siting,0.6353821365636971,0.28500498686085696
equity_siting,0.636011156991953,0.2856804787980681
equity_siting,0.6361722118081541,0.2858543319857181
equity_siting,0.637947296385377,0.28777628996221233
equity_siting,0.6382049840912987,0.2880555494527863
equity_siting,0.6383317758468146,0.28819307087031015
equity_siting,0.6454082556646927,0.295904484874903
equity_siting,0.6455693104808938,0.2960804632350549
equity_siting,0.6483716642827925,0.29914494701101757
equity_siting,0.6502076891874847,0.30116374872480944
equity_siting,0.650239900150725,0.3011992280869791
equity_siting,0.6505620097831271,0.30155508672816195
equity_siting,0.6538643670314702,0.3052037864360808
equity_siting,0.65418134642026,0.3055541704683249
equity_siting,0.6543424012364611,0.30573234345831324
equity_siting,0.656117485813684,0.3076964257443508
equity_siting,0.6567514445912636,0.30839847127835984
equity_siting,0.659291717413025,0.31122376349600267
equity_siting,0.6602580463102313,0.31229957808241127
equity_siting,0.6616733422738069,0.31388200717389336
equity_siting,0.6617119159449929,0.3139252235083237
equity_siting,0.6619696036509146,0.31421423772181334
equity_siting,0.6621238983356583,0.31438735376484156
equity_siting,0.662278193020402,0.31456070869177405
equity_siting,0.6624070368733629,0.3147056091744152
equity_siting,0.6626325136160444,0.3149603694767619
equity_siting,0.6650483358590604,0.31770189271701654
equity_siting,0.6655637112709039,0.31828766265146674
equity_siting,0.6681083773668808,0.32118075233313165
equity_siting,0.6684626979625231,0.32158449432695674
equity_siting,0.668934463283715,0.3221235865426496
equity_siting,0.6694062286049068,0.32266576429975813
equity_siting,0.6716078001038023,0.32519691113647015
equity_siting,0.6716463737749883,0.3252412897634309
equity_siting,0.6716849474461742,0.3252856750691492
equity_siting,0.6742252202679356,0.3282127721569054
equity_siting,0.674579540863578,0.32862277648800553
equity_siting,0.6786681736472409,0.3333559149562482
equity_siting,0.6802407247178804,0.3351771778740599
equity_siting,0.6802792983890664,0.3352220042511004
equity_siting,0.6807624628376696,0.3357879257021953
equity_siting,0.6810769730517975,0.33615744430327765
equity_siting,0.6823350139083092,0.33763981794257947
equity_siting,0.6837503098718848,0.3393107914822293
equity_siting,0.6853228609425244,0.3411704294929389
equity_siting,0.6859400396814992,0.3419009595255453
equity_siting,0.6860943343662429,0.34208401490640644
equity_siting,0.6875096303298185,0.34376430415142945
equity_siting,0.6886048030799857,0.34507232222639667
equity_siting,0.6887620581870497,0.3452605854704592
equity_siting,0.6888777792006076,0.3453994657085432
equity_siting,0.6890706475565372,0.3456314554948165
equity_siting,0.689224942241281,0.34581758026937803
equity_siting,0.6900112177766008,0.34676926870613356
equity_siting,0.6905588041516845,0.3474387565366521
equity_siting,0.6926586110789796,0.3500131753432935
equity_siting,0.6934316741967448,0.35096542296684236
equity_siting,0.6938826276821077,0.35152769414611984
equity_siting,0.6976567502516428,0.35624009807515405
equity_siting,0.6986875010753296,0.3575310726622851
equity_siting,0.6993165215035855,0.3583198625438346
equity_siting,0.7013608378954169,0.36088697993127206
equity_siting,0.701972846196981,0.3616557140473256
equity_siting,0.7040665588075949,0.3643000777279431
equity_siting,0.7049040438518405,0.3653658875507453
equity_siting,0.705741528896086,0.36643963828777426
equity_siting,0.7058958235808297,0.36663750135783085
equity_siting,0.7069966093302774,0.3680561230286953
equity_siting,0.7080965081969558,0.369476016096455
equity_siting,0.7088051493882405,0.3703939175953135
equity_siting,0.709191680947123,0.3708953445895596
equity_siting,0.7098207013753789,0.3717165660028931
equity_siting,0.7124940381954662,0.3752081042826816
equity_siting,0.7176834567285768,0.381993795177985
equity_siting,0.7200422833345362,0.38509865485104927
equity_siting,0.7209441903052622,0.38628671098598616
equity_siting,0.7219749411289491,0.3876457850143923
equity_siting,0.7222648397981111,0.388029201338548
equity_siting,0.7228768480996751,0.3888407940519467
equity_siting,0.7305823483458092,0.3991468772561419
equity_siting,0.7330984300588325,0.4025128750773424
equity_siting,0.733484961617715,0.403030362909893
equity_siting,0.7361582984378023,0.40661045535450735
equity_siting,0.7375735944013779,0.4085089434029166
equity_siting,0.7401138672231393,0.4119315631239143
equity_siting,0.7431739087309597,0.4160591018207651
equity_siting,0.7463190108722388,0.42030970963433745
equity_siting,0.7466335210863667,0.4207394605741153
equity_siting,0.7473743732408916,0.42175201720297373
equity_siting,0.7484751589903393,0.42326362065617046
equity_siting,0.7490871672919034,0.42410664311295504
equity_siting,0.7497313865567077,0.42499916239524366
equity_siting,0.7522716593784691,0.42852588421592375
equity_siting,0.7554167615197482,0.43289824230680046
equity_siting,0.7560287698213123,0.4337542077987503
equity_siting,0.7566407781228763,0.4346120986437101
equity_siting,0.7591568598358996,0.4381629485294842
equity_siting,0.7596286251570915,0.43883535624154246
equity_siting,0.7606915869440186,0.44036720193151085
equity_siting,0.7614002281353033,0.4413992045434826
equity_siting,0.7618189706574261,0.44201525280702103
equity_siting,0.7630770115139378,0.44386980268802834
equity_siting,0.7633024882566193,0.44420289832175996
equity_siting,0.7635923869257812,0.4446347989640332
equity_siting,0.7719567860705132,0.4571686329983462
equity_siting,0.7730519588206805,0.45881968593363837
equity_siting,0.7740028969870498,0.4602545914327391
equity_siting,0.7741601520941138,0.46049216956480693
equity_siting,0.7749464276294337,0.46169052024642326
equity_siting,0.7752609378435615,0.4621702180290278
equity_siting,0.7769907440212651,0.46481509972389035
equity_siting,0.7795310168430265,0.46872697633975086
equity_siting,0.7825188638772417,0.47337708575889326
equity_siting,0.7832919269950068,0.4745911710339937
equity_siting,0.7837636923161987,0.4753375772095184
equity_siting,0.7843927127444545,0.4763336543754547
equity_siting,0.7850047210460186,0.47730524333260543
equity_siting,0.7906659049003211,0.48631076729011063
equity_siting,0.7907303268268014,0.48641337341532837
equity_siting,0.7932800923813741,0.49050258901814126
equity_siting,0.7933445143078545,0.49060608003840045
equity_siting,0.7945041089845022,0.4924772104505347
equity_siting,0.7949872734331054,0.4932620643786811
equity_siting,0.7973461000390648,0.49709569579022533
equity_siting,0.8003739305836449,0.5020465554600443
equity_siting,0.8006884407977728,0.5025633808935074
equity_siting,0.8013648710258173,0.5036857966446809
equity_siting,0.8021256215589129,0.5049515315362896
equity_siting,0.8034140600885215,0.50709815825074
equity_siting,0.804090490316566,0.5082266584102025
equity_siting,0.8052178740299735,0.5101092695564217
equity_siting,0.8056366165520963,0.5108111068683747
equity_siting,0.8063774687066212,0.5120657537518688
equity_siting,0.807006489134877,0.5131480028215583
equity_siting,0.8076829193629216,0.514335825867404
equity_siting,0.808198294774765,0.5152428760295684
equity_siting,0.8086814592233682,0.5160950514870677
equity_siting,0.811354969172306,0.5208903594857479
equity_siting,0.8114838130252668,0.5211217712004994
equity_siting,0.8125845987747146,0.5231053807863422
equity_siting,0.81478617027361,0.5271006601106492
equity_siting,0.815398178575174,0.5282143958387022
equity_siting,0.8235754441425,0.5431461209534175
equity_siting,0.8237326992495639,0.5434375030165026
equity_siting,0.8245189747848838,0.5449018469811884
equity_siting,0.8246156076746044,0.5450818142917047
equity_siting,0.8246800296010848,0.5452021228363876
equity_siting,0.8269025860646596,0.5494056078265511
equity_siting,0.82696700799114,0.5495281052125922
equity_siting,0.8277532835264598,0.5510305659261696
equity_siting,0.8294830897041634,0.5543524808694387
equity_siting,0.8412214089281621,0.5768979622473477
equity_siting,0.8425098474577707,0.579396545318481
equity_siting,0.8448686740637301,0.5839894269997677
equity_siting,0.845340439384922,0.5849099818277654
equity_siting,0.8570787586089207,0.6078865193763054
equity_siting,0.8571431805354011,0.6080129117561579
equity_siting,0.8596834533571625,0.6130259428548657
equity_siting,0.869378953292467,0.6322625514257025
equity_siting,0.8698507186136588,0.6332023278136373
equity_siting,0.8702694611357816,0.6340418465784773
equity_siting,0.8709781023270663,0.6354644324951035
equity_siting,0.8723631737463955,0.638252429367088
equity_siting,0.8732650807171215,0.6400891718310445
equity_siting,0.8746803766806971,0.6429762993346056
equity_siting,0.8792407747855518,0.652284128493068
equity_siting,0.8909790940095506,0.6762457731738758
equity_siting,0.8925574312083211,0.6794780981162072
equity_siting,0.8947590027072165,0.684039537781733
equity_siting,0.8975895946343678,0.6899181357842166
equity_siting,0.8994256195390601,0.6937415060524083
equity_siting,0.8994900414655405,0.6938756722984688
equity_siting,0.9021635514144782,0.6994552710449918
equity_siting,0.9048368882345655,0.7050373989256483
equity_siting,0.9048690991978058,0.7051048620976648
equity_siting,0.9054488965361296,0.7063220047619502
equity_siting,0.905964271947973,0.7074075230598663
equity_siting,0.9081831276695015,0.7120887331275615
equity_siting,0.909310511382909,0.7144750868567711
equity_siting,0.9093427223461492,0.7145438765488741
equity_siting,0.9101157854639144,0.7162046462136635
equity_siting,0.9170350101747285,0.731128466812954
equity_siting,0.9171960649909296,0.7314763425685732
equity_siting,0.9175825965498122,0.7323170112396129
equity_siting,0.9182590267778568,0.733803660780529
equity_siting,0.9236057004180314,0.7455685849384587
equity_siting,0.9237989661974726,0.7459948422594832
equity_siting,0.9263150479104959,0.7515570800443421
equity_siting,0.9263794698369763,0.7517001904706012
equity_siting,0.9323551639054067,0.7650113543771446
equity_siting,0.9324840077583676,0.7653005075660838
equity_siting,0.9325806406480882,0.7655177020584666
equity_siting,0.9326450625745686,0.7656625327006896
equity_siting,0.9339031034310803,0.768498601358408
equity_siting,0.9368020901226995,0.7750491756541493
equity_siting,0.9370597778286213,0.7756348278526414
equity_siting,0.9384448492479505,0.7788235691271661
equity_siting,0.9384770602111907,0.7788978583474229
equity_siting,0.9399265535570004,0.7823326063821614
equity_siting,0.940313085115883,0.7832511583061051
equity_siting,0.9404097180056036,0.7834819844040946
equity_siting,0.940474139932084,0.7836365659887128
equity_siting,0.9405063508953242,0.7837146786537103
equity_siting,0.9406029837850448,0.7839491367982635
equity_siting,0.9412794140130893,0.7856189872266082
equity_siting,0.9413116249763296,0.7856985248486887
equity_siting,0.9424067977264968,0.7884061899183943
equity_siting,0.9425034306162174,0.7886462357399778
equity_siting,0.9434697595134238,0.7910855208665811
equity_siting,0.9444682993738704,0.7936111039958599
equity_siting,0.9445649322635911,0.793856208953464
equity_siting,0.9446615651533117,0.7941021984343548
equity_siting,0.9461754804256017,0.7979853897449659
equity_siting,0.9472384422125288,0.800713223473986
equity_siting,0.9473994970287299,0.8011279229593055
equity_siting,0.9474961299184506,0.801381736338419
equity_siting,0.9475605518449309,0.8015510316068477
equity_siting,0.9476571847346515,0.8018085925495966
equity_siting,0.9482369820729754,0.8033676553894269
equity_siting,0.9494609986761035,0.8067338609512993
equity_siting,0.9496220534923046,0.8071769462636951
equity_siting,0.9518446099558794,0.8132967049500164
equity_siting,0.9537128458238118,0.818445471775989
equity_siting,0.9540993773826943,0.8195181444488128
equity_siting,0.9544214870150964,0.8204131260772435
equity_siting,0.9550012843534202,0.8220377094911293
equity_siting,0.9551623391696213,0.8224967084575918
equity_siting,0.9554200268755431,0.8232332213571324
equity_siting,0.9561930899933082,0.8254733519192833
equity_siting,0.9566440434786712,0.8268028113590681
equity_siting,0.9574493175596765,0.8291938731259851
equity_siting,0.9575459504493972,0.8294827673932381
equity_siting,0.9582868026039221,0.8317108180274426
equity_siting,0.9600584055821338,0.837062644691361
equity_siting,0.9610247344793402,0.8399837569265665
equity_siting,0.9615723208544239,0.8416496021513764
equity_siting,0.9655342693329703,0.8537159380103951
equity_siting,0.966403965340456,0.8563881265482826
equity_siting,0.9665005982301766,0.8566855186709232
equity_siting,0.9673380832744222,0.8592764856303333
equity_siting,0.968658732767271,0.8633787738135392
equity_siting,0.9697216945541981,0.8667482141118439
equity_siting,0.9733293224371021,0.87827400633773
equity_siting,0.974360073260789,0.8815693172419187
equity_siting,0.9743922842240292,0.8816766506431064
equity_siting,0.9756485117903976,0.8858890301558289
equity_siting,0.975712933716878,0.8861067111744921
equity_siting,0.9768725283935257,0.8900467139756195
equity_siting,0.976936950320006,0.8902757058213275
equity_siting,0.9797070931586644,0.9002330017235762
equity_siting,0.9799003589381057,0.9009289716525358
equity_siting,0.9805123672396697,0.9031495538258539
equity_siting,0.9806734220558708,0.9037624252905864
equity_siting,0.9823806031076022,0.910478218511079
equity_siting,0.9836368306739706,0.9155089510218795
equity_siting,0.9851185349830204,0.9214976315024703
equity_siting,0.985505066541903,0.9230998809692956
equity_siting,0.9856016994316236,0.9235055795138978
equity_siting,0.9862781296596681,0.9263512060918431
equity_siting,0.9869545598877126,0.9293181370517917
equity_siting,0.9881785764908407,0.934939489536861
equity_siting,0.9892415382777678,0.939945807806129
equity_siting,0.9895636479101699,0.9414798908638408
equity_siting,0.9912386179986611,0.9495808830565031
equity_siting,0.991689571484024,0.9517941122586684
equity_siting,0.9931712757930738,0.959505845157041
equity_siting,0.994234237580001,0.965138503012294
equity_siting,0.9947818239550846,0.9681988845418656
equity_siting,0.995748152852291,0.9736606843255303
equity_siting,0.9971654352348605,0.9822430561656174
equity_siting,0.9985827176174299,0.9908543328377828
equity_siting,0.9999999999999993,0.9999999999999996
market_siting,0.0,0.0
market_siting,0.00029117398590355556,3.8897595728011086e-10
market_siting,0.00043676097885533334,8.702093142669194e-10
market_siting,0.0005823479718071111,1.3841995633912142e-09
market_siting,0.0010191089506624445,3.0514034548118344e-09
market_siting,0.0011646959436142222,3.865315403251442e-09
market_siting,0.001310282936566,4.748985854663896e-09
market_siting,0.0014558699295177777,5.681778351242001e-09
market_siting,0.0016014569224695554,7.185781929145219e-09
market_siting,0.0017470439154213331,8.800172429686317e-09
market_siting,0.0020382179013248886,1.2165056278053444e-08
market_siting,0.0021838048942766663,1.3866778879268639e-08
market_siting,0.0022609522366485203,1.5209002980816347e-08
market_siting,0.002406539229600298,1.7975142059547938e-08
market_siting,0.0028433002084556312,2.6772150747263674e-08
market_siting,0.0031344741943591867,3.279896345059823e-08
market_siting,0.0032800611873109644,3.785920388704899e-08
market_siting,0.00357123517321452,4.803820912189253e-08
market_siting,0.0037168221661662976,5.3281630204965596e-08
market_siting,0.004007996152069853,6.386394160400176e-08
market_siting,0.0042991701379734085,7.457259351905652e-08
market_siting,0.004444757130925186,8.363476190955954e-08
market_siting,0.004735931116828742,1.0234899325986064e-07
market_siting,0.004881518109780519,1.1177569003216198e-07
market_siting,0.005609453074539408,1.5915170921500422e-07
market_siting,0.0056866004169112624,1.6492024958857395e-07
market_siting,0.005763747759283117,1.7174219478823633e-07
market_siting,0.005840895101654971,1.7945036826633256e-07
market_siting,0.006132069087558527,2.086473831208541e-07
market_siting,0.0062776560805103045,2.2411598074858858e-07
market_siting,0.006860004052317415,2.863241940287961e-07
market_siting,0.007151178038220971,3.1841515173122364e-07
market_siting,0.007296765031172749,3.348357413805368e-07
market_siting,0.00787911300297986,4.021117334868971e-07
market_siting,0.008170286988883415,4.3633323374880917e-07
market_siting,0.008208860660069341,4.418098873367642e-07
market_siting,0.008500034645972897,4.84330911366167e-07
market_siting,0.008645621638924674,5.103593628277946e-07
market_siting,0.008791208631876452,5.386095314690097e-07
market_siting,0.00893679562482823,5.67320369629203e-07
market_siting,0.009373556603683563,6.559647625930257e-07
market_siting,0.009664730589587119,7.15438495453871e-07
market_siting,0.009741877931958973,7.325624362113378e-07
market_siting,0.00980527380971693,7.489403471647584e-07
market_siting,0.009950860802668708,7.920209431986088e-07
market_siting,0.010028008145040563,8.161630396227123e-07
market_siting,0.010610356116847674,1.0052528933841926e-06
market_siting,0.010755943109799451,1.0531508929523425e-06
market_siting,0.010794516780985378,1.0661250658184124e-06
market_siting,0.010940103773937155,1.1174059346419345e-06
market_siting,0.01123127775984071,1.2228493785816069e-06
market_siting,0.011376864752792488,1.2761572448952222e-06
market_siting,0.011476855558854162,1.3207464390688108e-06
market_siting,0.011768029544757717,1.4507743513166685e-06
market_siting,0.01220479052361305,1.6618304754415843e-06
market_siting,0.012350377516564828,1.736034386148052e-06
market_siting,0.012641551502468384,1.8882476771142713e-06
market_siting,0.012787138495420161,1.968073987209242e-06
market_siting,0.01293272548837194,2.0557809406321362e-06
market_siting,0.013223899474275495,2.2312619718102077e-06
market_siting,0.01351507346017905,2.4120142507152983e-06
market_siting,0.013806247446082606,2.596777502515082e-06
market_siting,0.014097421431986161,2.7862991327990957e-06
market_siting,0.014243008424937939,2.8975153529555777e-06
market_siting,0.014369800180453854,2.9960774531859752e-06
market_siting,0.014660974166357409,3.23462758254972e-06
market_siting,0.01524332213816452,3.756110151649317e-06
market_siting,0.015388909131116298,3.8876668576498755e-06
market_siting,0.015427482802302224,3.923122497065622e-06
market_siting,0.01571865678820578,4.208088361229281e-06
market_siting,0.01586424378115756,4.355470100257187e-06
market_siting,0.01600983077410934,4.506434380732412e-06
market_siting,0.016048404445295265,4.547542369606296e-06
market_siting,0.016193991438247044,4.707119465974774e-06
market_siting,0.016339578431198824,4.8880547950787904e-06
market_siting,0.01663075241710238,5.279427108505137e-06
market_siting,0.017649861367764825,6.735061515474327e-06
market_siting,0.01794103535366838,7.181398386962368e-06
market_siting,0.018018182696040233,7.300744990722996e-06
market_siting,0.018163769688992012,7.526214715402468e-06
market_siting,0.018309356681943792,7.76061741113361e-06
market_siting,0.018600530667847347,8.23308370898334e-06
market_siting,0.019619639618509793,9.929854163373547e-06
market_siting,0.01968303549626775,1.0039108036127765e-05
market_siting,0.01982862248921953,1.0293737119561549e-05
market_siting,0.01997420948217131,1.0557355357024894e-05
market_siting,0.020265383468074865,1.1087315835310564e-05
market_siting,0.020410970461026644,1.1358121124266736e-05
market_siting,0.02084773143988198,1.2196108812020629e-05
market_siting,0.020911127317639937,1.2319478352491054e-05
market_siting,0.021056714310591716,1.2607362584439679e-05
market_siting,0.02134788829649527,1.321842728834994e-05
market_siting,0.021386461967681198,1.3303675311975949e-05
market_siting,0.021532048960632977,1.369206716490262e-05
market_siting,0.021658840716148892,1.4039674408820494e-05
market_siting,0.021804427709100672,1.44557317665675e-05
market_siting,0.02195001470205245,1.4879463638236796e-05
market_siting,0.022249987120237475,1.5803701270115353e-05
market_siting,0.022395574113189255,1.6253114245191986e-05
market_siting,0.02252236586870517,1.6645777316862913e-05
market_siting,0.022813539854608725,1.7583037248826962e-05
market_siting,0.022959126847560504,1.806434749475849e-05
market_siting,0.02299770051874643,1.8193284400265226e-05
market_siting,0.02314328751169821,1.871976771714591e-05
market_siting,0.023270079267214125,1.919865565781417e-05
market_siting,0.023333475144972082,1.9456028141356427e-05
market_siting,0.023479062137923862,2.0049491516744823e-05
market_siting,0.02362464913087564,2.0652688564639183e-05
market_siting,0.0236880450086336,2.093626972120133e-05
market_siting,0.023833632001585378,2.1617334939829357e-05
market_siting,0.024124805987488934,2.2991149889740574e-05
market_siting,0.024270392980440713,2.370610524737276e-05
market_siting,0.024347540322812566,2.4095450448858117e-05
market_siting,0.02447433207832848,2.4742672395556017e-05
market_siting,0.02461991907128026,2.5495582856637197e-05
market_siting,0.02476550606423204,2.6266605257082564e-05
market_siting,0.024828901941989997,2.6603109980631294e-05
market_siting,0.02542884677836004,2.9832954949435227e-05
market_siting,0.025619034411633913,3.0868419116103724e-05
market_siting,0.02591020839753747,3.245871461227093e-05
market_siting,0.026055795390489248,3.3273129717533086e-05
market_siting,0.026182587146005163,3.3988732379873416e-05
market_siting,0.026339842253069123,3.488119390611157e-05
market_siting,0.026485429246020903,3.571235964803111e-05
market_siting,0.02677660323192446,3.74243546565445e-05
market_siting,0.027156978498472206,3.970937649719854e-05
market_siting,0.027302565491423986,4.0597568117000795e-05
market_siting,0.027448152484375765,4.149901120985726e-05
market_siting,0.02773932647027932,4.332137742981827e-05
market_siting,0.0278849134632311,4.423339213349268e-05
market_siting,0.02803050045618288,4.5162683404250507e-05
market_siting,0.028093896333940837,4.557989598240668e-05
market_siting,0.028157292211698794,4.6001628031691955e-05
market_siting,0.028457264629883818,4.8093098942606036e-05
market_siting,0.02853441197225567,4.8633720189981226e-05
market_siting,0.02859780785001363,4.9079919118729234e-05
market_siting,0.028743394842965408,5.0108638095186446e-05
market_siting,0.028870186598481323,5.1056437888954786e-05
market_siting,0.02893358247623928,5.153111256799012e-05
market_siting,0.02907916946919106,5.263274106023878e-05
market_siting,0.029379141887376083,5.4996184813810665e-05
market_siting,0.02944253776513404,5.550833610757149e-05
market_siting,0.029505933642891998,5.603239671557992e-05
market_siting,0.02969612127616587,5.7633453619898834e-05
market_siting,0.02984170826911765,5.885960502509098e-05
market_siting,0.030031895902391522,6.046243230715042e-05
market_siting,0.0301774828953433,6.169991383525288e-05
market_siting,0.03024087877310126,6.225864393672992e-05
market_siting,0.03038646576605304,6.356482580343128e-05
market_siting,0.03096881373786015,6.88320427251804e-05
market_siting,0.031045961080232002,6.95410729788838e-05
market_siting,0.03110935695798996,7.012411512608306e-05
market_siting,0.031254943950941735,7.148025800283925e-05
market_siting,0.031508527461973565,7.386188565568376e-05
market_siting,0.03163531921748948,7.506968321083133e-05
market_siting,0.03178090621044126,7.648857544448155e-05
market_siting,0.03185805355281311,7.72435639661091e-05
market_siting,0.03255798919524483,8.413190180403108e-05
market_siting,0.03263513653761668,8.490290161614621e-05
market_siting,0.03278072353056846,8.636263622052678e-05
market_siting,0.03565315490150704,0.00011546722526120574
market_siting,0.035843342534780914,0.00011740238722301415
market_siting,0.035988929527732694,0.00011892197747080296
market_siting,0.03852920234949406,0.00014559512013212857
market_siting,0.03867478934244584,0.0001471446173036276
market_siting,0.038738185220203794,0.0001478354981058061
market_siting,0.038883772213155574,0.00014942222732415724
market_siting,0.039611707177914464,0.0001574449590130072
market_siting,0.03968885452028632,0.00015830463317068177
market_siting,0.039752250398044274,0.00015902079175352736
market_siting,0.039897837390996053,0.00016073975306421444
market_siting,0.03993641106218198,0.0001611958313372339
market_siting,0.04001355840455383,0.00016212434425575892
market_siting,0.040090705746925685,0.0001630786641559097
market_siting,0.04028089338019956,0.00016546664692616595
market_siting,0.04231911128152445,0.00019113760178629926
market_siting,0.04246469827447623,0.0001929793275788606
market_siting,0.04261028526742801,0.00019482357719687138
market_siting,0.042710276073489685,0.00019613962562836778
market_siting,0.04277367195124764,0.00019700381823533925
market_siting,0.04290046370676356,0.00019873840624775484
market_siting,0.043191637692667116,0.0002027756809497851
market_siting,0.04326878503503897,0.0002038547968010386
market_siting,0.043585764423828756,0.00020835409728605302
market_siting,0.04362433809501468,0.00020891238674268256
market_siting,0.043701485437386535,0.00021003634158611763
market_siting,0.04414525658169224,0.0002165045104509705
market_siting,0.044290843574644016,0.00021866031005180554
market_siting,0.044436430567595796,0.0002208483820359646
market_siting,0.04456322232311171,0.00022279480749158454
market_siting,0.044690014078627625,0.00022475360444746897
market_siting,0.044835601071579405,0.00022700791940377462
market_siting,0.04499285617864336,0.00022947057992969667
market_siting,0.04505625205640132,0.0002304643841852151
market_siting,0.0452018390493531,0.00023274871728558538
market_siting,0.04570179307966147,0.0002406041436438282
market_siting,0.04584738007261325,0.00024292193261097198
market_siting,0.04599296706556503,0.0002452986148183471
market_siting,0.04846540629812538,0.00028579804580203727
market_siting,0.04871898980915721,0.000290146745234485
market_siting,0.04886457680210899,0.0002926852129653552
market_siting,0.04894172414448084,0.000294033511138469
market_siting,0.04906851589999676,0.0002962511531967391
market_siting,0.04950527687885209,0.0003039186716589403
market_siting,0.051305111387962225,0.0003358988949050957
market_siting,0.051450698380914005,0.00033848902086625553
market_siting,0.05148927205209993,0.0003391814252538029
market_siting,0.05164652715916389,0.0003420246926001208
market_siting,0.05179211415211567,0.00034466875400790214
market_siting,0.052083288138019226,0.0003500648368269896
market_siting,0.05221007989353514,0.00035246750466199923
market_siting,0.054750352715296505,0.0004006745871939939
market_siting,0.054895939708248284,0.00040343820680456994
market_siting,0.056788570616621396,0.000439495569281212
market_siting,0.056934157609573176,0.0004423008938662303
market_siting,0.05706094936508909,0.0004447724607728747
market_siting,0.05709952303627502,0.0004455396143831404
market_siting,0.05722631479179093,0.00044814660570309094
market_siting,0.05735310654730685,0.0004507674606337632
market_siting,0.057553088159430194,0.0004549335128055728
market_siting,0.05759166183061612,0.00045574182390386073
market_siting,0.0577073828441739,0.00045818428800595534
market_siting,0.057807373650235576,0.0004603089158367776
market_siting,0.05788452099260743,0.0004619500057542837
market_siting,0.05803010798555921,0.0004651600206287375
market_siting,0.05817569497851099,0.00046838070396435367
market_siting,0.05832128197146277,0.0004716447795951667
market_siting,0.058421272777524444,0.0004738922905712645
market_siting,0.058735782991652365,0.00048103207850732943
market_siting,0.05877435666283829,0.0004819174103580883
market_siting,0.05881293033402422,0.0004828175360070753
market_siting,0.059104104319927776,0.000489808791698367
market_siting,0.05923089607544369,0.0004928771319708399
market_siting,0.05943087768756704,0.0004977312605270918
market_siting,0.059494273565324995,0.0004992705946405121
market_siting,0.05969425517744834,0.0005041616840577332
market_siting,0.05973282884863427,0.0005051064653595752
market_siting,0.059932810460757616,0.0005100047423674056
market_siting,0.060078397453709395,0.0005136226691731208
market_siting,0.06197102836208251,0.0005611982808726021
market_siting,0.06204817570445436,0.0005631715268157466
market_siting,0.062174967459970275,0.0005664245487734789
market_siting,0.062320554452922054,0.0005701731136809798
market_siting,0.06247780955998601,0.00057424114667163
market_siting,0.06273139307101784,0.0005809369111855631
market_siting,0.0629313746831412,0.0005862353890208992
market_siting,0.06296994835432712,0.0005872601532892516
market_siting,0.06304709569669897,0.0005893249152967589
market_siting,0.06335568506618638,0.0005976635483632665
market_siting,0.06339425873737231,0.000598709593657157
market_siting,0.06353984573032409,0.0006026742654670463
market_siting,0.06368543272327587,0.0006066762455798791
market_siting,0.06374882860103383,0.0006084220045043619
market_siting,0.06378740227221975,0.0006094848044481853
market_siting,0.0641677775387675,0.0006201479975065824
market_siting,0.06429456929428341,0.0006237483021729922
market_siting,0.06444015628723519,0.0006279301791177913
market_siting,0.06458574328018697,0.0006321135166459293
market_siting,0.06468573408624864,0.0006349930687815174
market_siting,0.0647491299640066,0.0006368207120708539
market_siting,0.06478770363519253,0.0006379454817503568
market_siting,0.0649332906281443,0.0006422123785384645
market_siting,0.06507887762109608,0.0006464871750726454
market_siting,0.06522446461404786,0.0006507788004307544
market_siting,0.06537005160699964,0.0006550917367081726
market_siting,0.06651117740664288,0.0006890880822259608
market_siting,0.06657457328440083,0.0006909808302001762
market_siting,0.06677455489652419,0.0006969750445075715
market_siting,0.06709153428531398,0.0007064926799056941
market_siting,0.06716868162768583,0.0007088685485505845
market_siting,0.06748566101647561,0.000718641423550321
market_siting,0.06786603628302336,0.0007304037981436039
market_siting,0.06790460995420929,0.0007316093146577574
market_siting,0.06798175729658114,0.000734057918804563
market_siting,0.06812734428953292,0.0007387050093341057
market_siting,0.06841851827543648,0.0007480125325219794
market_siting,0.06856410526838826,0.000752696654754054
market_siting,0.06886407768657328,0.0007623559993172958
market_siting,0.06892747356433124,0.0007644354238675735
market_siting,0.06955649399258708,0.0007852708333621785
market_siting,0.06970208098553886,0.0007901625813770802
market_siting,0.06989494934146849,0.0007966467508419246
market_siting,0.06995834521922645,0.0007988056677584419
market_siting,0.0700217410969844,0.0008009676818185053
market_siting,0.07027532460801623,0.0008097165489930703
market_siting,0.07047530622013959,0.0008166503224408736
market_siting,0.07062089321309137,0.0008217387144697943
market_siting,0.07081108084636524,0.0008285362600414393
market_siting,0.07093787260188116,0.0008331014195733494
market_siting,0.07113785421400451,0.0008403847356308575
market_siting,0.07120125009176247,0.0008427363160046744
market_siting,0.07160121331600916,0.0008575967672930237
market_siting,0.07167836065838101,0.0008604632062005766
market_siting,0.07171693432956694,0.000861901045680416
market_siting,0.0719169159416903,0.0008693794794087486
market_siting,0.07221688835987532,0.0008807358407047217
market_siting,0.07241686997199867,0.0008883493724065396
market_siting,0.07256245696495045,0.0008939140676503876
market_siting,0.07262585284270841,0.0008963421977139118
market_siting,0.07272584364877008,0.0009001816118880834
market_siting,0.072764417319956,0.0009016764309737583
market_siting,0.07306438973814103,0.0009133931400739069
market_siting,0.07312778561589899,0.0009158787185550091
market_siting,0.07316635928708491,0.0009173934521125211
market_siting,0.07500483974206569,0.0009901559729087713
market_siting,0.07515042673501747,0.000995995116742799
market_siting,0.07529601372796925,0.0010018964764602842
market_siting,0.07559598614615427,0.0010141525580700307
market_siting,0.07597636141270202,0.0010297352038803802
market_siting,0.07603975729045998,0.0010323427437031092
market_siting,0.07651152261165185,0.001051883201631142
market_siting,0.07661151341771352,0.001056076447652116
market_siting,0.07673830517322944,0.0010615540427209378
market_siting,0.07743824081566116,0.001092650558605979
market_siting,0.07763822242778451,0.0011015406170857443
market_siting,0.07770161830554247,0.001104426171846445
market_siting,0.07774019197672839,0.001106183126317945
market_siting,0.07794017358885175,0.0011153792243393376
market_siting,0.0780035694666097,0.0011183037415111988
market_siting,0.07808071680898156,0.0011218643898207809
market_siting,0.07811929048016748,0.0011236532170482917
market_siting,0.07831927209229084,0.0011329476486538147
market_siting,0.07841926289835251,0.0011376251630446578
market_siting,0.07867284640938434,0.00114961760563633
market_siting,0.0791728004396927,0.001173365347961792
market_siting,0.07931838743264448,0.0011803007440722851
market_siting,0.07941837823870615,0.0011850740077009286
market_siting,0.0796183598508295,0.0011946213820563636
market_siting,0.08005512082968484,0.0012155048528984889
market_siting,0.08018191258520076,0.0012216044272321499
market_siting,0.08022048625638668,0.0012234662742992928
market_siting,0.08072044028669505,0.001247600388101017
market_siting,0.0807975876290669,0.001251363394278909
market_siting,0.08083616130025283,0.0012532506916038768
market_siting,0.08143610613662287,0.0012826712714047864
market_siting,0.08163608774874623,0.0012924822989578261
market_siting,0.0817360785548079,0.001297418179320314
market_siting,0.08237003733238747,0.001329200074769626
market_siting,0.08257001894451083,0.0013392473730287173
market_siting,0.08282360245554266,0.0013520225985029347
market_siting,0.08295039421105857,0.0013584585855725034
market_siting,0.08302754155343042,0.0013624015142555616
market_siting,0.0831731285463822,0.001369850765654299
market_siting,0.08336331617965607,0.0013795827244545789
market_siting,0.08347903719321385,0.0013855416117948087
market_siting,0.08367901880533721,0.0013959300477779423
market_siting,0.08387900041746056,0.001406320551533599
market_siting,0.08402458741041234,0.0014139003552764407
market_siting,0.08415137916592826,0.001420504017731237
market_siting,0.08425136997198993,0.001425743102471438
market_siting,0.08512489192970059,0.0014715968823430549
market_siting,0.08531507956297446,0.001481586289273923
market_siting,0.08546066655592624,0.0014893538535788425
market_siting,0.08560625354887802,0.0014971627215751148
market_siting,0.0857518405418298,0.0015049851637489466
market_siting,0.08587863229734571,0.001511826602461513
market_siting,0.08644919519716733,0.0015427331716736617
market_siting,0.0866393828304412,0.0015530428697613067
market_siting,0.08682957046371508,0.0015633682580902294
market_siting,0.08701975809698895,0.0015738737101782527
market_siting,0.0870831539747469,0.0015773757610630576
market_siting,0.08728313558687026,0.0015884278392755322
market_siting,0.08736028292924211,0.0015927036405725143
market_siting,0.08748707468475803,0.0015997353008758428
market_siting,0.08768705629688138,0.0016109361523125247
market_siting,0.08788703790900473,0.0016223884507882153
market_siting,0.08803262490195651,0.0016307665133864226
market_siting,0.08846938588081185,0.001656074025055875
market_siting,0.0886693674929352,0.0016679228568225667
market_siting,0.08876935829899688,0.001674007524168875
market_siting,0.08891494529194865,0.0016828965801960547
market_siting,0.08911492690407201,0.0016951261943961712
market_siting,0.08926051389702379,0.0017040319558941422
market_siting,0.08932390977478175,0.0017079103826857318
market_siting,0.08970428504132949,0.0017313675238614448
market_siting,0.08993572706844505,0.0017456713653312558
market_siting,0.0900128744108169,0.001750518455587135
market_siting,0.09036003745149024,0.0017724023070254731
market_siting,0.09066000986967526,0.001791312586291835
market_siting,0.09093002556797675,0.0018084360282707974
market_siting,0.09380245693891533,0.0019943357611099176
market_siting,0.09400243855103868,0.002007301419473295
market_siting,0.09406583442879664,0.002011437822307797
market_siting,0.09422012911354034,0.0020215322723969604
market_siting,0.09434692086905626,0.00202990573254486
market_siting,0.09481868619024814,0.0020612867681124285
market_siting,0.0948820820680061,0.0020655123288707967
market_siting,0.09518205448619112,0.0020856180883532132
market_siting,0.09533930959325508,0.0020963052044414513
market_siting,0.095466101348771,0.0021049452632998338
market_siting,0.09654383127065627,0.002178749035989252
market_siting,0.09673401890393014,0.0021918586495997118
market_siting,0.0969340005160535,0.0022056701417988885
market_siting,0.09709125562311746,0.0022165865769934764
market_siting,0.0974384186637908,0.0022407637919379594
market_siting,0.09751556600616265,0.002246137985440199
market_siting,0.09766986069090636,0.0022568906655934537
market_siting,0.09779665244642227,0.0022657294911342086
market_siting,0.09787379978879412,0.0022711483379102724
market_siting,0.09795094713116598,0.002276591522237203
market_siting,0.09815092874328933,0.0022907323349753797
market_siting,0.098250919549351,0.002297818770894552
market_siting,0.09832806689172285,0.002303297819529135
market_siting,0.09861924087762641,0.002324076714459725
market_siting,0.09881922248974977,0.0023385057953589938
market_siting,0.09894601424526568,0.0023476807526046765
market_siting,0.09914599585738904,0.002362172061844847
market_siting,0.0992459866634507,0.0023694693997256
market_siting,0.10007013307430415,0.0024297076305204827
market_siting,0.10010870674549008,0.002432536092081517
market_siting,0.10018585408786193,0.0024382148316751686
market_siting,0.10056622935440968,0.002466297557142029
market_siting,0.10069302110992559,0.002475798344613649
market_siting,0.10109298433417228,0.002505788272673486
market_siting,0.10119297514023395,0.0025132868885309615
market_siting,0.10139295675235731,0.0025282862263538253
market_siting,0.10343117465368219,0.0026819527652529717
market_siting,0.10363115626580555,0.0026970937977710122
market_siting,0.1037083036081774,0.0027029646093437703
market_siting,0.10377169948593536,0.0027078026165410127
market_siting,0.10392599417067906,0.0027195913235058982
market_siting,0.10412597578280242,0.002734893054972146
market_siting,0.10422596658886409,0.0027425629239263357
market_siting,0.10451714057476764,0.0027649471427061006
market_siting,0.1047485826018832,0.002782772953382826
market_siting,0.10478715627306913,0.0027857542050845454
market_siting,0.10482572994425506,0.002788738322198993
market_siting,0.10488912582201301,0.0027936649292344107
market_siting,0.10508910743413637,0.0028092347141061885
market_siting,0.10516625477650822,0.0028153164505802697
market_siting,0.10526624558256989,0.0028232002353277626
market_siting,0.1055748349520573,0.002847792406623807
market_siting,0.105729129636801,0.0028601179108126078
market_siting,0.10587471662975279,0.0028718529138251135
market_siting,0.10606490426302666,0.0028872464530951005
market_siting,0.10626488587515001,0.0029034436519317403
market_siting,0.10634203321752186,0.0029097020527762882
market_siting,0.10649632790226557,0.002922314947959578
market_siting,0.10664191489521735,0.0029343167699461795
market_siting,0.10668048856640328,0.0029375023595885844
market_siting,0.10697166255230683,0.002961650503695514
market_siting,0.10727163497049186,0.0029866011078563052
market_siting,0.10741722196344364,0.0029987903273568806
market_siting,0.1074806178412016,0.0030041048971165218
market_siting,0.10798057187150996,0.0030461982436103944
market_siting,0.10812615886446174,0.003058504082381195
market_siting,0.10922605773114015,0.003151594164762536
market_siting,0.11042594740388025,0.0032531918918510144
market_siting,0.11046452107506617,0.0032564722603256237
market_siting,0.11059131283058209,0.003267354809241954
market_siting,0.11073689982353387,0.003279865377642424
market_siting,0.11077547349471979,0.0032831951225024605
market_siting,0.11121223447357513,0.0033212863130315535
market_siting,0.11128938181594698,0.003328017146079054
market_siting,0.11288923471293377,0.003467843485563822
market_siting,0.11300495572649155,0.003478048068410239
market_siting,0.11319514335976542,0.0034948636413200834
market_siting,0.1132951341658271,0.0035037396197249815
market_siting,0.1134494288505708,0.003517593546334943
market_siting,0.11357622060608671,0.0035292923930833283
market_siting,0.11367621141214838,0.0035387446379985155
market_siting,0.11407617463639508,0.003576557377243715
market_siting,0.11417616544245675,0.00358602100851
market_siting,0.1142395613202147,0.003592047078807098
market_siting,0.11482190929202182,0.0036478251217069955
market_siting,0.11488530516977978,0.0036539099816018036
market_siting,0.11500102618333756,0.003665057056968209
market_siting,0.11703924408466244,0.0038614903159097463
market_siting,0.11742498079652171,0.003898843605306931
market_siting,0.11772495321470673,0.003928109428196231
market_siting,0.11802492563289176,0.00395740511154813
market_siting,0.11810207297526361,0.0039649924972162635
market_siting,0.11816546885302157,0.003971235604539657
market_siting,0.11836545046514492,0.003990980381839133
market_siting,0.11840402413633085,0.003994800467921912
market_siting,0.11854961112928263,0.004009236409085847
market_siting,0.1186951981222344,0.004023692651695847
market_siting,0.11898637210813796,0.004052745440174908
market_siting,0.11910209312169574,0.004064370197741923
market_siting,0.11914066679288167,0.004068274097828449
market_siting,0.11928625378583345,0.004083049770325777
market_siting,0.11958622620401847,0.004113558304448779
market_siting,0.11990320559280826,0.00414596509943188
market_siting,0.12002999734832417,0.004158955680833955
market_siting,0.12034697673711396,0.0041916319209336205
market_siting,0.12064694915529899,0.004222579678546063
market_siting,0.12080124384004269,0.004238510702860991
market_siting,0.12167476579775335,0.004328776212787778
market_siting,0.12197473821593838,0.00435979535204674
market_siting,0.12229171760472816,0.004392863807623469
market_siting,0.12233029127591409,0.004396933212475515
market_siting,0.12520272264685267,0.004701551457883487
market_siting,0.12526611852461064,0.00470829959737268
market_siting,0.12541170551756242,0.004723796932838249
market_siting,0.12548885285993427,0.0047320231411484915
market_siting,0.12564314754467798,0.004748635953887304
market_siting,0.12575886855823576,0.004761154204177922
market_siting,0.1258360159006076,0.004769525065852374
market_siting,0.1259517369141654,0.00478214820917019
market_siting,0.12605172772022707,0.004793064885545682
market_siting,0.12625170933235041,0.0048149323816099945
market_siting,0.1263972963253022,0.004830882604013474
market_siting,0.12643586999648812,0.004835139257652498
market_siting,0.12663585160861146,0.0048572105598974425
market_siting,0.1267129989509833,0.00486575936571396
market_siting,0.129262764505556,0.005148635569586765
market_siting,0.12976271853586435,0.00520416108753299
market_siting,0.1299627001479877,0.005226487469558856
market_siting,0.1302712895174751,0.0052610456632058095
market_siting,0.13047127112959844,0.005283491575296635
market_siting,0.13090803210845378,0.005332647312087646
market_siting,0.13098517945082563,0.005341345235379792
market_siting,0.1311009004643834,0.005354410352283341
market_siting,0.13140087288256844,0.0053884639538110905
market_siting,0.13143944655375436,0.005392861414002633
market_siting,0.13151659389612622,0.005401729283205659
market_siting,0.1315799897738842,0.005409032322542087
market_siting,0.13177997138600753,0.005432187813557887
market_siting,0.1318799621920692,0.005443773314483907
market_siting,0.131995683205627,0.005457187288902162
market_siting,0.13203425687681292,0.005461675212288843
market_siting,0.1321342476828746,0.0054733097284693265
market_siting,0.13271659565468172,0.005541105203051565
market_siting,0.13315335663353706,0.00559197435103161
market_siting,0.13329894362648884,0.0056089563575721845
market_siting,0.1335303856536044,0.005635975206608057
market_siting,0.1339741567979101,0.005687915802466506
market_siting,0.13417413841003345,0.005711404763618528
market_siting,0.13512507657640282,0.0058241023338341125
market_siting,0.13542504899458785,0.005859684194256728
market_siting,0.13557063598753963,0.0058769846986662716
market_siting,0.13577061759966297,0.005900786916615613
market_siting,0.13584776494203482,0.00590997734500502
market_siting,0.13624772816628153,0.005957634453057512
market_siting,0.13640202285102523,0.005976040861797338
market_siting,0.13670199526921026,0.006011890430115081
market_siting,0.13680198607527194,0.006024011832716436
market_siting,0.1396744174462105,0.006372938834939228
market_siting,0.1397744082522722,0.006385154841525261
market_siting,0.13987439905833388,0.006397390663767746
market_siting,0.14001998605128566,0.00641525686951403
market_siting,0.14074792101604455,0.006505119351324598
market_siting,0.1409479026281679,0.0065298318239978385
market_siting,0.14124787504635292,0.00656725670645676
market_siting,0.14164783827059962,0.0066171754702482695
market_siting,0.14209160941490534,0.006672713069586827
market_siting,0.1421687567572772,0.006682411332730885
market_siting,0.14226874756333888,0.006695026344846197
market_siting,0.14241433455629066,0.006713582192863383
market_siting,0.14253005556984844,0.006728428813667979
market_siting,0.14272292392577807,0.006753281762523038
market_siting,0.1429765074368099,0.006786098354234636
market_siting,0.14312209442976168,0.006805004664928373
market_siting,0.1431606681009476,0.006810018829490768
market_siting,0.14323781544331946,0.006820122388508005
market_siting,0.14338340243627123,0.006839386795822704
market_siting,0.14352898942922301,0.0068588126702658495
market_siting,0.14382016341512657,0.006897686065941683
market_siting,0.14422012663937328,0.006951191403213877
market_siting,0.1442587003105592,0.0069563632194746435
market_siting,0.14475865434086757,0.007023429727097652
market_siting,0.1449586359529909,0.007050294289775243
market_siting,0.14535859917723762,0.007104229370892399
market_siting,0.14555858078936096,0.007131289895012955
market_siting,0.14565857159542264,0.00714482817741427
market_siting,0.14653209355313332,0.007263801235562799
market_siting,0.14683206597131834,0.007304673290983228
market_siting,0.14695885772683426,0.0073219496782709614
market_siting,0.14845871981775938,0.007526778950921096
market_siting,0.14895867384806774,0.007595110144424025
market_siting,0.14915865546019108,0.00762246718012495
market_siting,0.14947563484898088,0.007665859154740538
market_siting,0.14967561646110422,0.007693274356446107
market_siting,0.15156267774587173,0.007952346420709728
market_siting,0.15176265935799507,0.007979897773963079
market_siting,0.15190824635094685,0.008000020547606412
market_siting,0.15203503810646277,0.008017546041856243
market_siting,0.15216182986197868,0.008035083163714402
market_siting,0.15236181147410202,0.00806277594989157
market_siting,0.15243895881647387,0.008073481072994685
market_siting,0.1524775324876598,0.008078858084814905
market_siting,0.15277750490584482,0.008120681769966118
market_siting,0.1535774313543382,0.008232303995366144
market_siting,0.1536774221603999,0.008246282946634868
market_siting,0.15382300915335168,0.008266652070170157
market_siting,0.15396859614630345,0.008287035208217414
market_siting,0.15436855937055016,0.008343104547879994
market_siting,0.1544071330417361,0.008348517671566963
market_siting,0.15460711465385943,0.008376649909883368
market_siting,0.1547527016468112,0.008397384641938397
market_siting,0.15495268325893455,0.008425988786983779
market_siting,0.1551526648710579,0.008454642919065992
market_siting,0.15602618682876856,0.008580156905232951
market_siting,0.15608958270652654,0.00858929656225652
market_siting,0.1563807566924301,0.008631424579875696
market_siting,0.15707508277377677,0.008731965961681423
market_siting,0.1577750184162085,0.008833370000758824
market_siting,0.15789073942976628,0.00885015927372893
market_siting,0.15799073023582796,0.008864693176687536
market_siting,0.1581907118479513,0.008893809721757977
market_siting,0.158590675072198,0.00895214013120306
market_siting,0.15882211709931357,0.008985958619712894
market_siting,0.1598220251599303,0.009132145028355949
market_siting,0.1599488169154462,0.009150718081750404
market_siting,0.16002596425781807,0.00916204168725664
market_siting,0.16015275601333398,0.009180689176436028
market_siting,0.16034294364660787,0.009208884710181591
market_siting,0.16044293445266955,0.009223710522850748
market_siting,0.16054292525873123,0.009238603635895895
market_siting,0.16084289767691626,0.009283325969825285
market_siting,0.16339266323148893,0.009664591774191955
market_siting,0.16469254371029068,0.00985906789999814
market_siting,0.16512930468914602,0.009924937086534085
market_siting,0.1652292954952077,0.00994013047153638
market_siting,0.16573646251727137,0.010017654383725278
market_siting,0.16588204951022315,0.010039913697252227
market_siting,0.16602763650317492,0.010062224399224067
market_siting,0.1661732234961267,0.01008459918998429
market_siting,0.1662732143021884,0.010100000303094625
market_siting,0.16637320510825007,0.01011549400331031
market_siting,0.16651879210120185,0.010138134437534906
market_siting,0.16826583601662318,0.01040987073996152
market_siting,0.1692657440772399,0.010565781784307428
market_siting,0.16976569810754827,0.010643800952650564
market_siting,0.17136715503001781,0.010893856908545675
market_siting,0.1714828760435756,0.010912031315980217
market_siting,0.17152144971476152,0.010918109634125555
market_siting,0.1716670367077133,0.01094108431635495
market_siting,0.17196700912589832,0.0109889592879804
market_siting,0.1727669355743917,0.011116802064091158
market_siting,0.1729571232076656,0.011147198285037073
market_siting,0.17315710481978894,0.011179266078249444
market_siting,0.1736570588500973,0.011259857413570929
market_siting,0.17409381982895264,0.0113303086325781
market_siting,0.17423940682190442,0.011353934490479731
market_siting,0.17483935165827447,0.011451519073779367
market_siting,0.17498493865122625,0.011475242352158707
market_siting,0.1752163806783418,0.011513020329276969
market_siting,0.17529352802071366,0.011525631519861287
market_siting,0.17573729916501937,0.011598231204700122
market_siting,0.17588288615797115,0.011622049967646531
market_siting,0.17602847315092293,0.011645921157544108
market_siting,0.17646523412977827,0.011717897275070903
market_siting,0.17661082112273005,0.011742043704427257
market_siting,0.1768108027348534,0.011775263990538671
market_siting,0.17757155326794888,0.011901770159084635
market_siting,0.17767154407401056,0.01191840814924658
market_siting,0.17781713106696234,0.011942733614726335
market_siting,0.1781083050528659,0.011991405899470621
market_siting,0.17818545239523775,0.012004342933569863
market_siting,0.17833974707998146,0.01203024091883345
market_siting,0.17846653883549737,0.012051567437141367
market_siting,0.1787201223465292,0.01209424672122199
market_siting,0.17883584336008698,0.012113791746501859
market_siting,0.17898143035303876,0.012138396977627256
market_siting,0.17912701734599054,0.012163124669029688
market_siting,0.17928131203073425,0.012189353993822313
market_siting,0.18008123847922763,0.012325773537680787
market_siting,0.1805530038004195,0.01240650253929202
market_siting,0.18061639967817747,0.012417472495714258
market_siting,0.18080658731145136,0.01245042111474456
market_siting,0.18110655972963638,0.012502475768589472
market_siting,0.18148693499618412,0.012568696576145622
market_siting,0.18167980335211376,0.012602274010736573
market_siting,0.18217975738242212,0.012689531490329673
market_siting,0.18407238829079522,0.013020582203316044
market_siting,0.184217975283747,0.01304611914805018
market_siting,0.18451794770193203,0.013098792579038454
market_siting,0.184675202808996,0.013126644764572556
market_siting,0.18471377648018192,0.013133477094222877
market_siting,0.18491375809230526,0.013168983553775868
market_siting,0.18504054984782117,0.013191572954478798
market_siting,0.18510394572557914,0.0132029015677146
market_siting,0.18535752923661097,0.013248337555892106
market_siting,0.18555751084873431,0.013284344517134864
market_siting,0.18629041060126691,0.013417176357405499
market_siting,0.1864061316148247,0.013438161237853746
market_siting,0.18644470528601062,0.013445174332301
market_siting,0.1865604262995684,0.013466236776109789
market_siting,0.18757953525023086,0.013652075714770813
market_siting,0.18761810892141678,0.013659142290583416
market_siting,0.18769525626378863,0.013673313593034362
market_siting,0.1885194026746421,0.013825299128969954
market_siting,0.18905943407124506,0.013924904021523573
market_siting,0.18921372875598877,0.013953507598562198
market_siting,0.18935931574894055,0.013980554289987585
market_siting,0.1900566704042781,0.01411089650376341
market_siting,0.19020225739722987,0.014138166489302181
market_siting,0.19051923678601967,0.01419862126416426
market_siting,0.19081041077192323,0.014254852966539482
market_siting,0.19093720252743915,0.014279341199503736
market_siting,0.1912283765133427,0.014335607884037788
market_siting,0.19142835812546605,0.014374442849007301
market_siting,0.1915055054678379,0.014389427375132465
market_siting,0.19180547788602292,0.014447820691082901
market_siting,0.1919054686920846,0.014467331752833457
market_siting,0.1920510556850364,0.014495744366532788
market_siting,0.19212820302740824,0.014510852685291864
market_siting,0.1926353700494719,0.014610523452669777
market_siting,0.19353528730402697,0.014787978574435024
market_siting,0.1935738609752129,0.014795588018316971
market_siting,0.19377384258733624,0.014835068121894689
market_siting,0.19387383339339792,0.014854983637131447
market_siting,0.19460176835815682,0.015000759967660648
market_siting,0.1947473553511086,0.015029946215454745
market_siting,0.19484734615717028,0.01505001614405292
market_siting,0.19513852014307384,0.015108645191981357
market_siting,0.19589927067616933,0.015262306257971571
market_siting,0.19629923390041604,0.015343498577175655
market_siting,0.19649921551253938,0.015384259114422084
market_siting,0.19664480250549116,0.0154140950812345
market_siting,0.19676052351904894,0.015437844953463295
market_siting,0.19686051432511062,0.015458510997061692
market_siting,0.19836037641603574,0.0157703138924911
market_siting,0.1990161288261965,0.01590719023637905
market_siting,0.20072781752566135,0.01626612959398128
market_siting,0.2018925134692756,0.016511265772342423
market_siting,0.20214609698030742,0.016564758906023807
market_siting,0.2022460877863691,0.016585864220537445
market_siting,0.20243627541964299,0.016626045139812903
market_siting,0.20251342276201484,0.01664238846144255
market_siting,0.20255199643320076,0.01665059095997379
market_siting,0.2048813883204292,0.01714637016899106
market_siting,0.2068812044416627,0.01758066786164681
market_siting,0.20708118605378603,0.017624100856353388
market_siting,0.20777854070912358,0.017776153707075592
market_siting,0.20787853151518526,0.017798078600940685
market_siting,0.2081321150262171,0.01785379847396847
market_siting,0.20836355705333265,0.017904760579910545
market_siting,0.20936346511394938,0.018125449362522632
market_siting,0.20965463909985294,0.018190079112430892
market_siting,0.20985462071197628,0.018235480296267162
market_siting,0.20993176805434813,0.018253005027005498
market_siting,0.21013174966647147,0.018298595907853377
market_siting,0.21100527162418214,0.018500577159731645
market_siting,0.21355503717875482,0.0190941979495882
market_siting,0.2137006241717066,0.01912821991869772
market_siting,0.21384621116465838,0.019162504829144552
market_siting,0.21448016994223795,0.019312053878654263
market_siting,0.21506251791404507,0.019449525042822265
market_siting,0.21521681259878878,0.01948603607500184
market_siting,0.21633544906318067,0.019750951845991887
market_siting,0.2163740227343666,0.019760100509820012
market_siting,0.21643741861212457,0.019775142488014572
market_siting,0.21905798448525657,0.020397737786488353
market_siting,0.22193041585619513,0.021082590560539814
market_siting,0.22271669139151493,0.021270425009655685
market_siting,0.2228622783844667,0.02130522077830177
market_siting,0.2229622691905284,0.021329146863447637
market_siting,0.22408090565492028,0.021603322691657774
market_siting,0.224780841297352,0.021775299971514884
market_siting,0.2256543632550627,0.021992105907782424
market_siting,0.22569293692624862,0.022001707931130488
market_siting,0.22577008426862047,0.02202091483979778
market_siting,0.22587007507468215,0.022045895197281038
market_siting,0.2271699555534839,0.02237127712134799
market_siting,0.2280574978420953,0.022593876575735923
market_siting,0.2282030848350471,0.0226304055214162
market_siting,0.22839327246832097,0.02267832246395993
market_siting,0.22853885946127275,0.02271518144683265
market_siting,0.23006036052746373,0.02310132745336177
market_siting,0.23033037622576522,0.02316996084300529
market_siting,0.23083183395118226,0.023297593889392315
market_siting,0.23822282398318834,0.025192216785569748
market_siting,0.23879338688300997,0.0253390200731819
market_siting,0.24068601779138307,0.025827503646440143
market_siting,0.24083160478433485,0.025865180389559272
market_siting,0.24171914707294626,0.02609495273915297
market_siting,0.24201911949113128,0.02617267779178066
market_siting,0.24233609887992108,0.026255091967670945
market_siting,0.24245181989347886,0.026285332718537308
market_siting,0.24333936218209026,0.02651792077615223
market_siting,0.24340275805984823,0.026534586203985865
market_siting,0.24400270289621828,0.026692921125363284
market_siting,0.24527062045137743,0.02702818399996741
market_siting,0.24570738143023277,0.027143674068130612
market_siting,0.24580737223629445,0.027170130034391518
market_siting,0.24596166692103816,0.02721105907383786
market_siting,0.24610725391398994,0.02724969917961226
market_siting,0.24680718955642167,0.027436202443669677
market_siting,0.24695277654937345,0.027475074248214642
market_siting,0.24782629850708413,0.027709486598600588
market_siting,0.24865044491793759,0.02793179989118884
market_siting,0.24879603191088936,0.027971274158567483
market_siting,0.2490496154219212,0.0280400647773729
market_siting,0.24919520241487297,0.028079597375346647
market_siting,0.24948637640077653,0.02815868440854771
market_siting,0.24961316815629245,0.02819321644145092
market_siting,0.249904342142196,0.028272829251880134
market_siting,0.2503043053664427,0.028382547073641365
market_siting,0.25277928424662294,0.0290616860838219
market_siting,0.2531658158055055,0.029168310879036145
market_siting,0.25331140279845726,0.029208688074237727
market_siting,0.25451129247119736,0.02954202149739042
market_siting,0.2547112740833207,0.029598060006634373
market_siting,0.2548568610762725,0.029639365673889667
market_siting,0.25500244806922423,0.029680683708828943
market_siting,0.255148035062176,0.02972200846911183
market_siting,0.2559479615106694,0.029949524364691223
market_siting,0.2567087120437649,0.030166308703762773
market_siting,0.25682443305732267,0.03019944757887409
market_siting,0.2568630067285086,0.030210575082487267
market_siting,0.25698979848402453,0.03024720061057916
market_siting,0.25724338199505636,0.030320557537345263
market_siting,0.25737629508182286,0.030359233778760864
market_siting,0.2575218820747746,0.030401730475576372
market_siting,0.25810423004658173,0.030573211607748996
market_siting,0.26014244794790664,0.03117540214697774
market_siting,0.2609665943587601,0.031419616546808735
market_siting,0.26116657597088344,0.03147923138588427
market_siting,0.2612933677263994,0.03151704901814185
market_siting,0.261486236082329,0.0315747563667353
market_siting,0.26218359073766656,0.03178368158627042
market_siting,0.2622835815437282,0.03181375154781682
market_siting,0.26244083665079215,0.031861119643756486
market_siting,0.26257374973755865,0.03190122759231943
market_siting,0.2633978961484121,0.03214998531393982
market_siting,0.26377827141495985,0.03226490747602287
market_siting,0.2639238584079116,0.0323089018662994
market_siting,0.2648237756624667,0.032583007293997296
market_siting,0.2651237480806517,0.03267495911737982
market_siting,0.26799617945159027,0.03355731638673144
market_siting,0.26911481591598213,0.03390096077453984
market_siting,0.2719872472869207,0.034790637127763556
market_siting,0.27293818545329007,0.035085644846090065
market_siting,0.2731917689643219,0.03516432050819908
market_siting,0.2734917413825069,0.03525772212891554
market_siting,0.27353031505369285,0.03526976116561613
market_siting,0.2737302966658162,0.03533236308411438
market_siting,0.2738632097525827,0.035374200734863435
market_siting,0.27400879674553447,0.03542019281248401
market_siting,0.27473673171029334,0.03565029368736579
market_siting,0.27503670412847836,0.03574515560617025
market_siting,0.27553665815878675,0.035903750255323524
market_siting,0.2764801888011705,0.03620323380370823
market_siting,0.2765187624723564,0.03621557893350867
market_siting,0.27763739893674827,0.036576052692599594
market_siting,0.27783738054887164,0.036640535618548714
market_siting,0.2784373253852417,0.03683428326185268
market_siting,0.27858291237819344,0.03688143771596311
market_siting,0.27862148604937936,0.03689395150064936
market_siting,0.27932142169181107,0.03712115854682972
market_siting,0.2796125956777146,0.03721649973420541
market_siting,0.28183145139924315,0.03794345975650634
market_siting,0.2824313962356132,0.0381411869147092
market_siting,0.28272257022151676,0.038237962092539726
market_siting,0.2830137442074203,0.03833497989857983
market_siting,0.28309089154979217,0.03836081678080962
market_siting,0.2831294652209781,0.03837383855434206
market_siting,0.28382379130232477,0.03860903140272087
market_siting,0.2853236533932499,0.03911777293084231
market_siting,0.28583082041531355,0.039290602055507565
market_siting,0.28683373586614763,0.03963288632912661
market_siting,0.2871249098520512,0.03973226725287927
market_siting,0.28727049684500294,0.03978212828191487
market_siting,0.2883891333093948,0.04016539358257294
market_siting,0.2909388988639675,0.04104148198200357
market_siting,0.29103888967002917,0.04107593094939336
market_siting,0.2911388804760908,0.041110391256283955
market_siting,0.29255417643966647,0.04159821177406139
market_siting,0.29445400175483827,0.042254665349713436
market_siting,0.29459958874779,0.04230502014837158
market_siting,0.29662825683604466,0.043007683424192145
market_siting,0.2967855119431086,0.04306242875422701
market_siting,0.29717124865496786,0.04319720491669833
market_siting,0.2973168356479196,0.043248166804474
market_siting,0.29747409075498354,0.04330332108633804
market_siting,0.29805643872679066,0.04350850448152433
market_siting,0.2981852825797515,0.043553939689798336
market_siting,0.30022350048107643,0.04427317489874412
market_siting,0.30028792240755686,0.04429593464591404
market_siting,0.300610032039959,0.04441000074136053
market_siting,0.30073682379547495,0.0444551049400244
market_siting,0.30213153310615004,0.044951451072172965
market_siting,0.3032962290497643,0.04536620412360751
market_siting,0.30348641668303816,0.04543423450466766
market_siting,0.3035249903542241,0.045448033625428666
market_siting,0.3039687614985298,0.04560721700709565
market_siting,0.3042857408873196,0.04572104189563043
market_siting,0.305085667335813,0.04600953597182568
market_siting,0.3052758549690869,0.046078133976989184
market_siting,0.3055294384801187,0.04616974645010952
market_siting,0.30556801215130464,0.04618368577906787
market_siting,0.30643194721528694,0.0464966438753909
market_siting,0.30763646889268814,0.04693525965093056
market_siting,0.30766867985592833,0.04694699799842067
market_siting,0.30916854194685345,0.04749410565715702
market_siting,0.3092953337023694,0.04754046665234408
market_siting,0.3094282467891359,0.04758916753419949
market_siting,0.31054688325352775,0.048000860841817705
market_siting,0.31099065439783347,0.04816425765007048
market_siting,0.31132293711474973,0.04828661409076096
market_siting,0.31148019222181367,0.04834497217758436
market_siting,0.31424634508789745,0.04937620297814347
market_siting,0.31581889615853703,0.0499626132543306
market_siting,0.31585746982972296,0.04997701916141655
market_siting,0.3187299012006615,0.05105073180327891
market_siting,0.31879432312714195,0.05107481841820202
market_siting,0.3188943139332036,0.051112206673688744
market_siting,0.3202256273661207,0.051610221547324066
market_siting,0.32037121435907245,0.05166472454461042
market_siting,0.32113196489216794,0.05195017320789045
market_siting,0.32949636403689986,0.05509197097804528
market_siting,0.3300035310589635,0.05528339750111137
market_siting,0.33089107334757495,0.05561932045186546
market_siting,0.33228578265825004,0.056147309607085624
market_siting,0.332443037765314,0.05620701686717043
market_siting,0.3325886247582657,0.056262448203053365
market_siting,0.3337072612226576,0.056689009365274566
market_siting,0.33378440856502944,0.05671855142677572
market_siting,0.33478431662564617,0.05710164334089846
market_siting,0.33507549061154973,0.05721373886462383
market_siting,0.33542265365222307,0.05734775575067261
market_siting,0.335461227323409,0.057362746077592515
market_siting,0.33560681431636075,0.05741939618238967
market_siting,0.3357996826722904,0.057494677747581845
market_siting,0.33598987030556426,0.05756898655195
market_siting,0.33853014312732566,0.05858242023618747
market_siting,0.33891051839387343,0.05873432118335129
market_siting,0.3389876657362453,0.058765138883257156
market_siting,0.33917785336951917,0.058841218283318314
market_siting,0.3395250164101925,0.05898034588094133
market_siting,0.3401073643819996,0.05921400592662892
market_siting,0.34046168497764195,0.059356264090645476
market_siting,0.341061629814012,0.059597330217518764
market_siting,0.34266308673648155,0.060241463228939376
market_siting,0.3429542607223851,0.06035875185579165
market_siting,0.3439051988887545,0.06074327400971999
market_siting,0.3443419598676098,0.06091996105360296
market_siting,0.34445768088116757,0.0609668879307454
market_siting,0.3448944418600229,0.06114409610821045
market_siting,0.3457185882708763,0.06147887793591396
market_siting,0.348268353825449,0.062518784341129
market_siting,0.34834550116782087,0.06255039168437704
market_siting,0.34913177670314066,0.06287296336036727
market_siting,0.34989252723623615,0.06318515535596199
market_siting,0.3511924077150379,0.06371941133465422
market_siting,0.3515923709392846,0.06388384367774004
market_siting,0.35181784768196606,0.06397660279736908
market_siting,0.3521178201001511,0.06410035365497824
market_siting,0.3525615912444568,0.06428362865937125
market_siting,0.35288370087685894,0.06441678378474612
market_siting,0.3535601311049034,0.06469935131072244
market_siting,0.3535923420681436,0.06471287001057026
market_siting,0.3539923052923903,0.06488085495617772
market_siting,0.35439226851663697,0.06504940152484284
market_siting,0.3548360396609427,0.06523670733566202
market_siting,0.3555359753033744,0.06553441484523434
market_siting,0.35580180147690743,0.06564773332701795
market_siting,0.35668934376551886,0.0660265546264653
market_siting,0.35802065719843595,0.06659572434418044
market_siting,0.35815357028520245,0.06665271698042162
market_siting,0.3587535151215725,0.06691026506991911
market_siting,0.3594180805554051,0.06719711283294952
market_siting,0.35956366754835684,0.06726008917128086
market_siting,0.36029468952557264,0.06757843802443485
market_siting,0.3614593854691869,0.06808611641294861
market_siting,0.3621567401245244,0.06839012983727238
market_siting,0.36247125033865235,0.06852768085418401
market_siting,0.3628699895989519,0.06870217265475083
market_siting,0.364069879271692,0.06922828100515882
market_siting,0.36603474802934505,0.07009484771979158
market_siting,0.3673026655845042,0.07065412072235748
market_siting,0.36750203521465397,0.07074233211245076
market_siting,0.36960184214194913,0.07167331376393223
market_siting,0.36973068599491,0.07173082731781312
market_siting,0.3702460614067534,0.07196158975475395
market_siting,0.37134684715620114,0.07245805421872667
market_siting,0.3735484186550966,0.07345187310055733
market_siting,0.3742457733104341,0.0737674892069286
market_siting,0.3746457365346808,0.07394978936956143
market_siting,0.3755456537892359,0.07436001966549415
market_siting,0.3755842274604218,0.07437762840938208
market_siting,0.3760279986047275,0.07458057180069193
market_siting,0.37704710755538995,0.07504775877631492
market_siting,0.37731712325369143,0.0751719654513215
market_siting,0.3773942705960633,0.07520748616849379
market_siting,0.37771124998485306,0.07535396675370247
market_siting,0.3784086046401906,0.07567666564659589
market_siting,0.37844717831137653,0.07569456704828822
market_siting,0.3789543453334402,0.07593066998085046
market_siting,0.3791086400181839,0.07600254301968501
market_siting,0.37946296061382623,0.07616764421835488
market_siting,0.37986169987412577,0.07635365918744634
market_siting,0.38008717661680724,0.07645910775139098
market_siting,0.3803571923151087,0.07658546662152461
market_siting,0.38048398407062467,0.07664486216729488
market_siting,0.3805225577418106,0.07666295808992185
market_siting,0.38064934949732654,0.07672257167890378
market_siting,0.3807264968396984,0.07675885787967393
market_siting,0.38078989271745634,0.07678876474697091
market_siting,0.38136045561727794,0.07705802851214515
market_siting,0.3838328948498383,0.07822546074332895
market_siting,0.38453024950517584,0.07855533439060317
market_siting,0.3851301943415459,0.07883920884084401
market_siting,0.38532956397169565,0.07893357458948051
market_siting,0.3854751509646474,0.07900254767631015
market_siting,0.3870600479085963,0.07975486515715241
market_siting,0.38737455812272426,0.07990497386598813
market_siting,0.38744101466610753,0.07993677655164148
market_siting,0.3876403842962573,0.08003255600721153
market_siting,0.3877732973830238,0.08009644030304254
market_siting,0.3883438602828454,0.08037085099592042
market_siting,0.38923140257145683,0.08079800713819173
market_siting,0.3901823407378262,0.08125675058837782
market_siting,0.3902145517010664,0.08127236390969732
market_siting,0.3914190733784676,0.08185696222971907
market_siting,0.3914576470496535,0.08187576964872023
market_siting,0.39159056013642,0.08194138494292583
market_siting,0.39202732111527533,0.08215780091167114
market_siting,0.39291486340388676,0.08259834797079794
market_siting,0.3929534370750727,0.0826175222478655
market_siting,0.39368137203983156,0.08298054655023963
market_siting,0.39379709305338934,0.08303825955781254
market_siting,0.39395434816045327,0.08311676981718095
market_siting,0.39435431138469995,0.08331668544829514
market_siting,0.39492487428452155,0.08360283210306604
market_siting,0.39630994570385075,0.08429884767747824
market_siting,0.39694390448143035,0.08461751193797012
market_siting,0.3973426437417299,0.08481800054580067
market_siting,0.39767492645864616,0.08498537254322919
market_siting,0.3979661004445497,0.08513228290385134
market_siting,0.39922877476883156,0.08577093515024348
market_siting,0.39934449578238934,0.08582968152365099
market_siting,0.3994216431247612,0.08586895412540964
market_siting,0.39957889823182513,0.08594900694632654
market_siting,0.39977176658775476,0.08604722251481822
market_siting,0.40134431765839435,0.08684821537128057
market_siting,0.4014077135361523,0.08688078276176066
market_siting,0.4097721126808842,0.09117788483777017
market_siting,0.41002569619191603,0.09130845228992991
market_siting,0.41256153130223433,0.09261798786368886
market_siting,0.41271878640929827,0.09269933905459322
market_siting,0.41290897404257215,0.09279773945247817
market_siting,0.41309916167584604,0.09289642436292679
market_siting,0.4132447486687978,0.09297224908515489
market_siting,0.41437213238220527,0.09356011058718545
market_siting,0.41457150201235504,0.09366431060992005
market_siting,0.41476168964562893,0.09376407163679845
market_siting,0.4150786690344187,0.093930397846885
market_siting,0.4151172427056046,0.09395067551297187
market_siting,0.41555400368445994,0.09418114456650033
market_siting,0.4172611847361913,0.09508212578102772
market_siting,0.417961120378623,0.09545221457128038
market_siting,0.41861687278878373,0.09580063715406116
market_siting,0.41891684520696876,0.09596071604257195
market_siting,0.4191745329128905,0.09609823250016362
market_siting,0.41930744599965697,0.09616916715654679
market_siting,0.420209352970383,0.09665133332211914
market_siting,0.42052633235917275,0.09682085114434325
market_siting,0.42329248522525653,0.0983019947671827
market_siting,0.42418002751386796,0.09877809796290003
market_siting,0.4251991364645304,0.09932489436931696
market_siting,0.42551611585332016,0.09949520664217744
market_siting,0.4256771706695212,0.09958186947490828
market_siting,0.4270084841024383,0.10029844603711746
market_siting,0.42733059373484045,0.10047219108664414
market_siting,0.4274573854903564,0.10054071698617452
market_siting,0.4279225812940392,0.10079273799537841
market_siting,0.42808363611024025,0.1008805382779142
market_siting,0.428464011376788,0.10108808794569156
market_siting,0.42972023894315636,0.10177467975062561
market_siting,0.4308798336198041,0.10240925953998208
market_siting,0.43155626384784856,0.10278303265534085
market_siting,0.43242019891183087,0.10326100634958234
market_siting,0.4407845980565628,0.10789204566904748
market_siting,0.4408231717277487,0.10791342753958083
market_siting,0.4415839222608442,0.10833561562089225
market_siting,0.4417168353476107,0.10840952811418887
market_siting,0.44298475290276984,0.10911551197956205
market_siting,0.4431749405360437,0.10922154498335197
market_siting,0.4452192569278752,0.11036206952389216
market_siting,0.4453648439208269,0.11044344688322338
market_siting,0.4477236705267863,0.111762535539128
market_siting,0.4493235234237731,0.11265745872128491
market_siting,0.4500234590662048,0.11305090000088656
market_siting,0.45135477249912187,0.11380363347180444
market_siting,0.4517985436434276,0.1140553624768683
market_siting,0.4519557987504915,0.11414520594907979
market_siting,0.45208259050600746,0.11421778293281352
market_siting,0.45463235606058017,0.11567928900818096
market_siting,0.45476526914734666,0.11575554942822623
market_siting,0.4553652139837167,0.11610004273269775
market_siting,0.4554316705271,0.11613834447732041
market_siting,0.4559316245574084,0.11642656276767431
market_siting,0.4560584163129243,0.11649987477196216
market_siting,0.4567229817467569,0.11688421489493643
market_siting,0.4570128804159188,0.1170521424846717
market_siting,0.45726646392695064,0.11719938726677222
market_siting,0.4573298598047086,0.11723635708131014
market_siting,0.457845235216552,0.11753750594249204
market_siting,0.4581152509148535,0.11769539662903969
market_siting,0.45843736054725565,0.117885145771513
market_siting,0.45945169459138296,0.11848321266739054
market_siting,0.4601490492467205,0.11889587840492497
market_siting,0.4607830080243001,0.1192714226146738
market_siting,0.4612197690031554,0.11953027479594741
market_siting,0.461510942989059,0.11970295569112761
market_siting,0.46154315395229917,0.11972210103815689
market_siting,0.4618343279382027,0.11989576775569623
market_siting,0.46240489083802433,0.12023686080428249
market_siting,0.4624713473814076,0.12027658995860675
market_siting,0.46253474325916555,0.1203146123366895
market_siting,0.4635346513197823,0.12091591100938143
market_siting,0.46432092685510207,0.12139179747112673
market_siting,0.46451111448837595,0.12150715337859232
market_siting,0.46462683550193373,0.12157748962634413
market_siting,0.4647536272574497,0.12165482712708046
market_siting,0.4654509819127872,0.1220803719419246
market_siting,0.4656764586554687,0.12221800335353654
market_siting,0.46599343804425847,0.1224118517107451
market_siting,0.4678938848754311,0.12357493073207897
market_siting,0.46821599450783324,0.12377274604320837
market_siting,0.4682931418502051,0.12382030561424101
market_siting,0.4684260549369716,0.1239023313847171
market_siting,0.46862542456712136,0.1240256323804064
market_siting,0.4686898464936018,0.12406548884927558
market_siting,0.47120592820662516,0.12562828718161476
market_siting,0.4726640333950582,0.12653967713361006
market_siting,0.4728542210283321,0.1266591003770438
market_siting,0.4734662293298961,0.12704398037209488
market_siting,0.47448056337402345,0.12768218236753354
market_siting,0.4746378184810874,0.1277812826681635
market_siting,0.4747022404075678,0.12782190626891812
market_siting,0.47485949551463175,0.12792133316817353
market_siting,0.4757470378032432,0.12848261185591447
market_siting,0.4761979912886062,0.12876832789719805
market_siting,0.47657836655515395,0.12900937256085587
market_siting,0.47671127964192045,0.12909378701440088
market_siting,0.4769648631529523,0.12925546722017675
market_siting,0.4771221182600162,0.12935576265668614
market_siting,0.48010996529423144,0.1312690453145898
market_siting,0.4802367570497474,0.13135031814679748
market_siting,0.48110645305723315,0.13190798435368367
market_siting,0.48129971883667444,0.13203192613508388
market_siting,0.4813661753800577,0.13207458656427473
market_siting,0.4814990884668242,0.13216010569198414
market_siting,0.48432968039397545,0.1339816985858442
market_siting,0.4850061106220199,0.1344174499800784
market_siting,0.4853926421809025,0.13466655317425033
market_siting,0.48564622569193433,0.13483128214790743
market_siting,0.48595481506142174,0.13503255597799235
market_siting,0.4865838354896776,0.1354437317059816
market_siting,0.4866995565032354,0.13551966133034166
market_siting,0.48777728642512064,0.13622758266164858
market_siting,0.48781586009630656,0.13625316938444892
market_siting,0.4880473021234221,0.13640671657662845
market_siting,0.48830498982934384,0.1365778022859101
market_siting,0.4884338336823047,0.13666334863296925
market_siting,0.48989193887073773,0.13763389653222408
market_siting,0.4900248519575042,0.13772272654027296
market_siting,0.4901019992998761,0.13777442413569896
market_siting,0.4903555828109079,0.13794480696426298
market_siting,0.4904713038244657,0.13802269527665414
market_siting,0.4919711659153908,0.13903325967627822
market_siting,0.492003376878631,0.13905499604064667
market_siting,0.49208052422100285,0.13910707881091433
market_siting,0.4929680665096143,0.1397083110334472
market_siting,0.4953771098644167,0.14134033972686696
market_siting,0.49645483978630195,0.14207478530239032
market_siting,0.49655147267602257,0.14214113670960735
market_siting,0.4968091603819443,0.14231912321279686
market_siting,0.4968725562597022,0.14236291699955245
market_siting,0.501275699257493,0.14541785998200066
market_siting,0.5015333869634148,0.14559694685484303
market_siting,0.5067228054965254,0.1492061714358145
market_siting,0.5068557185832919,0.14929881677725035
market_siting,0.5069191144610499,0.14934309119908706
market_siting,0.5072360938498397,0.14956448733310848
market_siting,0.5075530732386295,0.14978623034003832
market_siting,0.5084016940047199,0.15038052305446692
market_siting,0.5090781242327644,0.15085594424123538
market_siting,0.5092713900122057,0.15099184566372598
market_siting,0.5103721757616534,0.15176809258831453
market_siting,0.5104107494328394,0.15179533350228486
market_siting,0.5109261248446828,0.15216128238607193
market_siting,0.5134663976664442,0.15396773420343238
market_siting,0.513595241519405,0.1540597787479981
market_siting,0.5143683046371702,0.1546124023244146
market_siting,0.5154460345590555,0.1553833012253026
market_siting,0.5155094304368134,0.15542869327015216
market_siting,0.5169041397474885,0.15642846108720146
market_siting,0.5171035093776383,0.1565718425396022
market_siting,0.5179087834586437,0.1571512503996535
market_siting,0.5196838680358665,0.158430499358703
market_siting,0.5198767363917962,0.15856971993786037
market_siting,0.5203839034138599,0.158936334124384
market_siting,0.5205168165006264,0.15903249410711215
market_siting,0.5206436082561423,0.15912436400088315
market_siting,0.5207100647995255,0.15917263091543774
market_siting,0.5207486384707115,0.1592006618495519
market_siting,0.521445993126049,0.15970790556654865
market_siting,0.5224445329864956,0.16043456068353318
market_siting,0.5228310645453782,0.16071612400591279
market_siting,0.5228696382165642,0.1607442467540639
market_siting,0.522998482069525,0.1608383952207371
market_siting,0.5253441295465695,0.16255293198144435
market_siting,0.5261304050818894,0.1631289571819351
market_siting,0.5264389944513768,0.16335517844010816
market_siting,0.5267611040837789,0.16359132769177787
market_siting,0.5272328694049707,0.1639372044036846
market_siting,0.5355972685497027,0.17008401662410894
market_siting,0.5357583233659038,0.17020283068661418
market_siting,0.5358912364526703,0.17030184851291763
market_siting,0.536599877643955,0.170830336592007
market_siting,0.5376950503941222,0.17164765831112908
market_siting,0.5383714806221668,0.17215449302113425
market_siting,0.5391956270330203,0.17277594965231366
market_siting,0.5395821585919028,0.17306925767125042
market_siting,0.5400539239130947,0.17342890500013516
market_siting,0.5413737508646862,0.17443562777258662
market_siting,0.5414371467424441,0.1744841076133315
market_siting,0.5448515088459068,0.17709571379791267
market_siting,0.5449672298594647,0.17718468097351037
market_siting,0.5456758710507493,0.17773177563588408
market_siting,0.545933558756671,0.17793096628800245
market_siting,0.5470343445061188,0.17878338669238705
market_siting,0.5479218867947302,0.179474299862551
market_siting,0.5479540977579704,0.1794994515040059
market_siting,0.5483084183536128,0.17977736322800925
market_siting,0.5486887936201605,0.18007607679990675
market_siting,0.5491959606422242,0.18047818853671954
market_siting,0.5492593565199821,0.18052857990268795
market_siting,0.5493227523977401,0.1805790303113603
market_siting,0.5495156207536698,0.18073277339020866
market_siting,0.5501598400184741,0.18125015318882204
market_siting,0.5507396373567979,0.1817172520980741
market_siting,0.5513735961343774,0.1822304719858833
market_siting,0.5521144482889023,0.18283048218481895
market_siting,0.553372489145414,0.18385065517040527
market_siting,0.5538162602897198,0.18421124837075745
market_siting,0.5547038025783312,0.18493658265123292
market_siting,0.5548970683577724,0.18509476679942302
market_siting,0.5571793199570589,0.1869677519989385
market_siting,0.5573061117125748,0.18707191769606527
market_siting,0.5578766746123964,0.18754316164484708
market_siting,0.5582954171345192,0.18788996818755516
market_siting,0.5589927717898567,0.18847094038662293
market_siting,0.5590313454610427,0.18850310042824972
market_siting,0.5595145099096459,0.1889062152696879
market_siting,0.5596688045943896,0.18903616451895067
market_siting,0.5597845256079474,0.1891340130233475
market_siting,0.5602497214116302,0.1895288350687678
market_siting,0.5606864823904856,0.18990160932185174
market_siting,0.5607186933537258,0.18992919600216182
market_siting,0.5614160480090633,0.1905298876316886
market_siting,0.5653474256856623,0.19391888479509817
market_siting,0.5737118248303943,0.20113405365483558
market_siting,0.5742272002422377,0.20157984882887944
market_siting,0.5750271266907311,0.20227393008139685
market_siting,0.575280710201763,0.20249473438706153
market_siting,0.5755706088709249,0.20274767013474704
market_siting,0.5756091825421109,0.202781481608619
market_siting,0.5765433004760772,0.20360246310305996
market_siting,0.5780014056645102,0.20488455813293144
market_siting,0.578466601468193,0.2052942888182397
market_siting,0.5786567891014668,0.20546271450934242
market_siting,0.5802293401721064,0.20685608352825433
market_siting,0.5847897382769611,0.2109020312540294
market_siting,0.585820489100648,0.21181690956313515
market_siting,0.5883702546552206,0.2140834198400321
market_siting,0.5884367111986039,0.21414256349716038
market_siting,0.5898539935811733,0.21540880510986618
market_siting,0.5940998814719002,0.21922216473444833
market_siting,0.5942266732274161,0.2193360542254588
market_siting,0.594265246898602,0.21937071631316984
market_siting,0.594716200383965,0.21977737232532196
market_siting,0.5954570525384899,0.22044696783358084
market_siting,0.5956884945656055,0.22065689592443294
market_siting,0.5982045762786288,0.22293983103626738
market_siting,0.5983374893653953,0.22306089008614208
market_siting,0.598491784050139,0.22320155857376256
market_siting,0.5986911536802888,0.22338383439859966
market_siting,0.5995286387245343,0.22415002335701711
market_siting,0.5995672123957203,0.22418536903987074
market_siting,0.6001962328239762,0.22476191622929206
market_siting,0.6004276748510917,0.2249742836865595
market_siting,0.6005433958646496,0.22508064955295198
market_siting,0.6030594775776729,0.22739637920604203
market_siting,0.603220532393874,0.22754489068691142
market_siting,0.6054393881154024,0.2295965951150522
market_siting,0.6055966432224664,0.22974266258676415
market_siting,0.6065475813888358,0.23062803260169412
market_siting,0.6071595896903998,0.2311983285308265
market_siting,0.6072753107039577,0.2313076184417922
market_siting,0.6083939471683496,0.23237003473325712
market_siting,0.609360276065556,0.2332932014095015
market_siting,0.6106809255584048,0.23455518559617322
market_siting,0.6109345090694367,0.23479778283579003
market_siting,0.6115465173710007,0.23538515150938044
market_siting,0.6129315887903299,0.236714490131159
market_siting,0.6171774766810568,0.24079015311310323
market_siting,0.6179183288355817,0.24150192973350215
market_siting,0.6192067673651903,0.24274490322304124
market_siting,0.619754353740274,0.24327480765550297
market_siting,0.6201786641233192,0.2436879585039622
market_siting,0.6212416259102463,0.2447242482401094
market_siting,0.6215561361243742,0.2450327690328601
market_siting,0.6216829278798901,0.24515799055695714
market_siting,0.62246920341521,0.24593540109943318
market_siting,0.6225980472681708,0.2460630284621577
market_siting,0.6235415779105545,0.24700180440293312
market_siting,0.6241535862121186,0.24761074308857026
market_siting,0.6277704536745896,0.25120989584609743
market_siting,0.6280925633069917,0.2515316082021595
market_siting,0.628446883902634,0.2518857193255411
market_siting,0.6298621798662096,0.25330358613697856
market_siting,0.6303250639204407,0.253770933914485
market_siting,0.6304518556759566,0.25389954988950275
market_siting,0.6307095433818783,0.25416244496279233
market_siting,0.6310240535960062,0.25448435634605404
market_siting,0.6311851084122073,0.25464996301376247
market_siting,0.6317004838240508,0.2551804927817894
market_siting,0.6318333969108173,0.255317665213426
market_siting,0.6336084814880402,0.2571577517302881
market_siting,0.6337695363042413,0.2573247723695341
market_siting,0.6340865156930311,0.2576539324537522
market_siting,0.635861600270254,0.25949896246456633
market_siting,0.6360226550864551,0.2596663733895758
market_siting,0.6377977396636779,0.2615126475252697
market_siting,0.63811984929608,0.2618482417209202
market_siting,0.6387538080736596,0.2625091311229719
market_siting,0.6387860190368998,0.2625428850979351
market_siting,0.6397845588973464,0.26359012684192396
market_siting,0.6403965671989105,0.2642349599683062
market_siting,0.6405254110518713,0.2643718084772429
market_siting,0.641234052243156,0.265128082298254
market_siting,0.6415883728387983,0.26550745431134376
market_siting,0.6416269465099843,0.2655488857344491
market_siting,0.6421101109585875,0.2660685883241557
market_siting,0.6423677986645092,0.2663460370202734
market_siting,0.6433341275617156,0.2673867610779972
market_siting,0.643849502973559,0.267942870922122
market_siting,0.6442038235692014,0.26832650115139406
market_siting,0.6444293003118828,0.2685709843687882
market_siting,0.6468451225548989,0.2711968339743487
market_siting,0.6469994172396426,0.27136471850028243
market_siting,0.649539690061404,0.27413567216939644
market_siting,0.64957826373259,0.27417785928467586
market_siting,0.6514142886372822,0.2761938294344779
market_siting,0.6584907684551604,0.2839997284141991
market_siting,0.6595859412053277,0.2852204377947725
market_siting,0.6611584922759672,0.28697352825785466
market_siting,0.6613127869607109,0.2871457579180837
market_siting,0.6613513606318969,0.2871888487541246
market_siting,0.6627666565954725,0.28877662890846495
market_siting,0.6641819525590481,0.29037144944335463
market_siting,0.6643362472437918,0.2905456174700608
market_siting,0.6649652676720477,0.29125608428347083
market_siting,0.6650038413432336,0.2912998705466246
market_siting,0.6656210200822085,0.29200192926616364
market_siting,0.6657367410957663,0.29213381668591126
market_siting,0.6682770139175277,0.2950456146684152
market_siting,0.6687487792387196,0.29558695465839013
market_siting,0.6689030739234633,0.2957660038801408
market_siting,0.6714477400194402,0.29872574796310974
market_siting,0.6730202910900798,0.3005602073698689
market_siting,0.6732131594460095,0.30078569029199326
market_siting,0.6736849247672013,0.3013405694909008
market_siting,0.6747156755908882,0.302553113316852
market_siting,0.6752632619659719,0.303197372226804
market_siting,0.6760495375012917,0.30412846443118957
market_siting,0.6793518947496349,0.3080513725272311
market_siting,0.6798028482349978,0.3085955313609125
market_siting,0.6838914810186607,0.31353619731406907
market_siting,0.6851495218751724,0.3150589086740229
market_siting,0.6872432344857864,0.31762253714912253
market_siting,0.6881451414565124,0.3187321533235159
market_siting,0.690947495258411,0.32218088391829475
market_siting,0.6916561364496957,0.323053123202684
market_siting,0.6924291995674609,0.3240064114839064
market_siting,0.6946307710663563,0.3267270205795398
market_siting,0.6947850657511,0.32691904920688947
market_siting,0.6962003617146756,0.3286823343068415
market_siting,0.6968123700162396,0.32945228307812263
market_siting,0.6969696251233036,0.3296522514214471
market_siting,0.6972841353374315,0.33005231694966547
market_siting,0.6975740340065935,0.33042139404812326
market_siting,0.697960565565476,0.3309137131860571
market_siting,0.6989913163891629,0.3322304862500087
market_siting,0.6993778479480455,0.3327256332501771
market_siting,0.7014776548753406,0.33542148151556134
market_siting,0.7023151399195862,0.33650194829386854
market_siting,0.7060892624891212,0.34140317565789485
market_siting,0.7086053442021445,0.34467204052517814
market_siting,0.7092173525037085,0.3454691186614768
market_siting,0.7144067710368192,0.35223799263696526
market_siting,0.7155075567862669,0.3536741258573614
market_siting,0.7166074556529453,0.35510958815366567
market_siting,0.7191477284747066,0.3584462965694003
market_siting,0.721821065294794,0.361959193720805
market_siting,0.7226585503390395,0.36306900062117803
market_siting,0.7232705586406035,0.3638802383919745
market_siting,0.7235850688547314,0.3642975617454812
market_siting,0.7267301709960106,0.3685037859063065
market_siting,0.7273421792975746,0.3693241835307891
market_siting,0.729701005903534,0.37253670617102747
market_siting,0.7303300263317899,0.37339746092008297
market_siting,0.7328702991535513,0.37689221804004847
market_siting,0.7405757993996853,0.3875161124812179
market_siting,0.7426201157915168,0.3903435451072641
market_siting,0.7432643350563211,0.3912360337886938
market_siting,0.744005187210846,0.3922650949038003
market_siting,0.7447138284021306,0.3932579712348767
market_siting,0.7453258367036947,0.3941167551875476
market_siting,0.7463887984906218,0.3956142221991413
market_siting,0.7494488399984421,0.39993050446704276
market_siting,0.7519649217114655,0.4034942886495096
market_siting,0.7551100238527446,0.4079561056338676
market_siting,0.7577833606728319,0.4117486794819032
market_siting,0.7582021031949547,0.4123446468667973
market_siting,0.7584275799376362,0.41266752549372043
market_siting,0.7587174786067982,0.4130847542303774
market_siting,0.7601327745703738,0.41513607928041474
market_siting,0.7612335603198215,0.4167338882562843
market_siting,0.7621844984861909,0.4181256440467692
market_siting,0.7632796712363581,0.4197338280796523
market_siting,0.7658199440581195,0.42350737549791134
market_siting,0.7664489644863753,0.4244491706202353
market_siting,0.7672220276041405,0.4256340530382384
market_siting,0.7702098746383557,0.4302204394163475
market_siting,0.7708218829399197,0.4311698119138404
market_siting,0.7708863048664001,0.4312705973786311
market_siting,0.7720458995430478,0.433087129013228
market_siting,0.7721103214695282,0.4331886491237542
market_siting,0.772424831683656,0.4336851078950914
market_siting,0.7735522153970635,0.4354990584637731
market_siting,0.7819166145417955,0.4490347200703854
market_siting,0.7823997789903987,0.4498232023579807
market_siting,0.7836882175200073,0.4519264979672931
market_siting,0.7838454726270713,0.4521836790176863
market_siting,0.7845219028551158,0.4532900199708488
market_siting,0.7852826533882113,0.45453722863787205
market_siting,0.7860235055427363,0.4557591270652752
market_siting,0.7916846893970387,0.46511041772072387
market_siting,0.7921564547182306,0.46588977458128644
market_siting,0.7951842852628107,0.4709074622927184
market_siting,0.7964423261193224,0.47299860698847807
market_siting,0.7989920916738951,0.47725272529003926
market_siting,0.7996211121021509,0.4783127972640645
market_siting,0.8000928774233428,0.47911148370459467
market_siting,0.8005116199454656,0.47982816488777147
market_siting,0.801026995357309,0.4807162414773293
market_siting,0.8018132708926289,0.4820821638838819
market_siting,0.8022964353412321,0.48292423892653563
market_siting,0.8029728655692766,0.48411187836416264
market_siting,0.8032873757834045,0.48466716808108457
market_siting,0.8034162196363653,0.4848957829699779
market_siting,0.8040926498644099,0.48611118419311816
market_siting,0.8047046581659739,0.4872217248355857
market_siting,0.8069272146295488,0.49131072081119687
market_siting,0.8096007245784865,0.496249704753132
market_siting,0.8102297450067424,0.4974234395473053
market_siting,0.810326377896463,0.4976039671810012
market_siting,0.8116148164260716,0.5000316037931656
market_siting,0.8133446226037752,0.5033118193845134
market_siting,0.8134090445302555,0.5034353537869207
market_siting,0.8134734664567359,0.5035591546247121
market_siting,0.8160137392784973,0.508466656553845
market_siting,0.8173988106978265,0.5111725020151631
market_siting,0.8181074518891112,0.5125788350480612
market_siting,0.818893727424431,0.5141462238252051
market_siting,0.8270709929917569,0.5304498548536387
market_siting,0.8294298195977163,0.5351626016722462
market_siting,0.8298485621198392,0.5360011550233346
market_siting,0.8309493478692869,0.5382298397984393
market_siting,0.8336228578182246,0.5436737442444516
market_siting,0.8364534497453759,0.5494897823048099
market_siting,0.8369688251572194,0.550553168802757
market_siting,0.8487071443812181,0.5748057777237766
market_siting,0.8501224403447937,0.5777322818025951
market_siting,0.850186862271274,0.5778656474768116
market_siting,0.8517651994700446,0.5811384433060474
market_siting,0.8517974104332848,0.5812054314613034
market_siting,0.8518618323597652,0.5813396037606696
market_siting,0.8527637393304912,0.5832280101904169
market_siting,0.8535500148658111,0.5848788355999777
market_siting,0.8557688705873395,0.5895392869893025
market_siting,0.8576048954920318,0.5934237086673476
market_siting,0.8577659503082329,0.5937644515431149
market_siting,0.8579232054152969,0.5940997719613653
market_siting,0.8585996356433414,0.5955474002459018
market_siting,0.8593726987611066,0.5972019513102025
market_siting,0.8599524960994304,0.5984443859199335
market_siting,0.8604242614206222,0.5994597574332444
market_siting,0.8615516451340297,0.6019015083976271
market_siting,0.8732899643580284,0.6273840667170794
market_siting,0.8850282835820271,0.6529459502289825
market_siting,0.8873871101879865,0.6580839732809067
market_siting,0.8877736417468691,0.6589260035059966
market_siting,0.888245407068061,0.6599548002719366
market_siting,0.8904469785669564,0.6648352113035711
market_siting,0.8905758224199173,0.6651211793096969
market_siting,0.8934748091115365,0.671571639910174
market_siting,0.8952046152892401,0.6754424244440818
market_siting,0.8965896867085693,0.6785605439815828
market_siting,0.8967829524880105,0.6789984187928487
market_siting,0.906478452423315,0.7009823994939998
market_siting,0.9067361401292368,0.7015711611480074
market_siting,0.9094094769493241,0.7076905275387635
market_siting,0.9116110484482195,0.7129095624293388
market_siting,0.9116754703746999,0.7130624007208908
market_siting,0.9117076813379401,0.7131389877465982
market_siting,0.9120942128968227,0.7140596436217719
market_siting,0.9166546110016774,0.7249243252746198
market_siting,0.9167190329281578,0.7250783222675893
market_siting,0.9179770737846695,0.7280899079476643
market_siting,0.9180737066743901,0.7283214716489438
market_siting,0.9234203803145647,0.741258452203734
market_siting,0.9303396050253789,0.7580092793906866
market_siting,0.9317890983711886,0.7615200272857583
market_siting,0.9324655285992332,0.7631593802425845
market_siting,0.9349816103122565,0.769271167854193
market_siting,0.9350460322387368,0.7694281684529336
market_siting,0.9410217263071673,0.7840413558553354
market_siting,0.9410539372704075,0.7841206864282205
market_siting,0.9420524771308542,0.7865883012828085
market_siting,0.9421491100205748,0.7868273278939357
market_siting,0.9422457429102954,0.7870691088180343
market_siting,0.9433409156604626,0.7898177542303837
market_siting,0.9434375485501832,0.7900610120042668
market_siting,0.9449514638224733,0.7938948666689897
market_siting,0.9459177927196797,0.79634690044536
market_siting,0.9460144256094003,0.7965921602530108
market_siting,0.9460466365726405,0.7966742711452106
market_siting,0.9462076913888416,0.7970859570026945
market_siting,0.9463043242785623,0.7973330204162934
market_siting,0.9473672860654894,0.800077647276141
market_siting,0.9474317079919697,0.800246856727296
market_siting,0.94746391895521,0.8003320503092556
market_siting,0.9475605518449306,0.8005880402467768
market_siting,0.9476571847346512,0.8008476761096518
market_siting,0.9478182395508523,0.8012879876950274
market_siting,0.9481403491832544,0.8021796264293662
market_siting,0.9483014039994555,0.802631251351144
market_siting,0.9505239604630303,0.8088651554202079
market_siting,0.9509104920219129,0.8099504973224226
market_siting,0.9527787278898453,0.815200724046962
market_siting,0.9533585252281691,0.8168445991410553
market_siting,0.9536162129340908,0.8175793218810756
market_siting,0.9548402295372189,0.8210909022763059
market_siting,0.9554200268755427,0.822755205658775
market_siting,0.9561930899933079,0.8250115078716652
market_siting,0.9579646929715196,0.8302611957499189
market_siting,0.958769967052525,0.8326548366853703
market_siting,0.9596396630600108,0.8352699070477265
market_siting,0.9597362959497314,0.8355605830193805
market_siting,0.9604771481042563,0.8378112378204594
market_siting,0.96102473447934,0.83948291759865
market_siting,0.9619910633765464,0.8424603590544105
market_siting,0.9624420168619093,0.8438768852356273
market_siting,0.96253864975163,0.8441814067206602
market_siting,0.9665005982301763,0.8567303399532423
market_siting,0.9673380832744218,0.8593978013575351
market_siting,0.9709457111573259,0.8708955227128433
market_siting,0.9719764619810127,0.8742619176884849
market_siting,0.9730394237679398,0.8777388423073541
market_siting,0.9743600732607887,0.882060982977863
market_siting,0.975616300827157,0.8862790812041329
market_siting,0.9756807227536374,0.8864977249284912
market_siting,0.9757129337168776,0.8866071896005036
market_siting,0.9768725283935253,0.8905797296299734
market_siting,0.9770657941729666,0.891267783206887
market_siting,0.9776778024745306,0.8934806780599693
market_siting,0.977742224401011,0.8937154670020486
market_siting,0.9805123672396694,0.9038509955850023
market_siting,0.9806734220558705,0.9044694715197849
market_siting,0.9819296496222388,0.9094267306165881
market_siting,0.9836368306739702,0.9161759309951159
market_siting,0.98511853498302,0.9221490053785205
market_siting,0.9857949652110646,0.9249658399808683
market_siting,0.9861814967699472,0.9265823859759992
market_siting,0.9862781296596678,0.9269987370482636
market_siting,0.9869545598877123,0.9299197665819146
market_siting,0.9881785764908404,0.9355306609641154
market_siting,0.9892415382777675,0.9405983593822573
market_siting,0.9909165083662587,0.9486075112495154
market_siting,0.9912386179986608,0.9501478775249208
market_siting,0.9916895714840237,0.9523675714415586
market_siting,0.9931712757930735,0.9600659216210938
market_siting,0.9942342375800006,0.9656248212864326
market_siting,0.9947818239550843,0.9686375362854706
market_siting,0.9957481528522907,0.97403148617621
market_siting,0.9971654352348601,0.9825039552551227
market_siting,0.9985827176174296,0.9910235790329706
market_siting,0.999999999999999,1.0000000000000004
