google_place_id,station_name,address,latitude,longitude,business_status,primary_type,types,district,is_operational,likely_private,access_guess
ChIJOwMH4IeszTERFMYt_coYLrw,Virta Charging Station,"1, Jalan Remia 5, Bandar Botanik, 41200 Klang, Selangor, Malaysia",2.9982526,101.4452919,OPERATIONAL,electric_vehicle_charging_station,electric_vehicle_charging_station|transportation_service|point_of_interest|establishment,Klang,True,False,likely-public
ChIJK3cLqp2rzTERbMtuUlQRq0w,ChargeSINI Charging Station,"Econsave Pandamaran, Taman Perindustrian Pandamaran, 42000 Klang, Selangor, Malaysia",2.9949839999999996,101.4197018,OPERATIONAL,electric_vehicle_charging_station,electric_vehicle_charging_station|transportation_service|point_of_interest|establishment,Klang,True,False,likely-public
ChIJI-lVL4SszTERHN2j327QL1Y,ChargEV Charging Station,"82623, Jalan Langat, Bandar Bukit Tinggi 2, 41200 Pelabuhan Klang, Selangor, Malaysia",3.0022283,101.4419131,CLOSED_TEMPORARILY,electric_vehicle_charging_station,electric_vehicle_charging_station|transportation_service|point_of_interest|establishment,Klang,False,False,likely-public
ChIJLyJTL32szTERX7Mp4svnYhI,Gentari Charging Station,"AEON Bukit Tinggi Mall, Bandar Bukit Tinggi 2, 41200 Pelabuhan Klang, Selangor, Malaysia",2.9947939,101.44459359999999,OPERATIONAL,electric_vehicle_charging_station,electric_vehicle_charging_station|transportation_service|point_of_interest|establishment,Klang,True,False,likely-public
ChIJ93Z_vXyszTER6UsGB7Ui4VE,ChargeSINI Charging Station,"The Canvas Hotel, Persiaran Batu Nilam 16, Bandar Bukit Tinggi 2, 41200 Klang, Selangor, Malaysia",2.9927972,101.4438584,OPERATIONAL,electric_vehicle_charging_station,electric_vehicle_charging_station|transportation_service|point_of_interest|establishment,Klang,True,False,likely-public
ChIJh3tZI32szTER0KJTnYhfRA8,Gentari Charging Station,"Bandar Bukit Tinggi 2, 41200 Port Klang, Sela, Bandar Bukit Tinggi 2, 41200 Port Klang, Selangor, Malaysia",2.9950511,101.44418619999999,OPERATIONAL,electric_vehicle_charging_station,electric_vehicle_charging_station|transportation_service|point_of_interest|establishment,Klang,True,False,likely-public
ChIJVWTHIH2szTERUBr5aLtK3OM,ChargEV Charging Station,"g18, Persiaran Batu Nilam 1, Bandar Bukit Tinggi 2, 41200 Klang, Selangor, Malaysia",2.994566,101.444148,CLOSED_TEMPORARILY,electric_vehicle_charging_station,electric_vehicle_charging_station|transportation_service|point_of_interest|establishment,Klang,False,False,likely-public
ChIJYXvhintUzDER92Rruv9K1Mc,chargEV Charging Station,"22, Jalan Inang 9c, Bandar Bukit Raja, 41050 Klang, Selangor, Malaysia",3.0807895,101.4267089,OPERATIONAL,electric_vehicle_charging_station,electric_vehicle_charging_station|transportation_service|point_of_interest|establishment,Klang,True,False,likely-public
ChIJh80gqOZVzDERAka8bxOVFvs,Din Aircond Enterprise,"22, jln 4l/ku4, tmn dagang, Kampung Rantau Panjang, 42100 Klang, Selangor, Malaysia",3.0552466999999996,101.4104923,OPERATIONAL,electric_vehicle_charging_station,electric_vehicle_charging_station|transportation_service|point_of_interest|establishment,Klang,True,False,likely-public
ChIJ9doqjQ1VzDERvyXrsVNMukI,Quantum Deepmatrix Trading,"238-2 Jalan Kg Sungai Bertih pelabuhan klang, Teluk Gadong, 41010 Klang, Selangor, Malaysia",3.0372106999999997,101.4243807,OPERATIONAL,electric_vehicle_charging_station,electric_vehicle_charging_station|transportation_service|point_of_interest|establishment,Klang,True,False,likely-public
ChIJ74fG_COtzTER2o1i5LTjnvs,DC Handal Charging Station,"WCE E32, 3204, SAE Toll Plaza, Batu 6, Jalan Kebun, Kampung Jawa, 42000 Klang, Selangor, Malaysia",2.9861795,101.491095,OPERATIONAL,electric_vehicle_charging_station,electric_vehicle_charging_station|transportation_service|point_of_interest|establishment,Klang,True,False,likely-public
ChIJdRH6QACtzTERseiVS_9SiOo,EVLUTION Charging Station,"37, Jln Jed 3, Bandar Parklands, 41200 Klang, Selangor, Malaysia",2.9733212,101.46067520000001,OPERATIONAL,electric_vehicle_charging_station,electric_vehicle_charging_station|transportation_service|point_of_interest|establishment,Klang,True,False,likely-public
ChIJHXGgLACtzTER8nb1SViq_SI,SFA Charging Station,"Lot 16056, Lorong 3, Taman Alam Shah, 41050 Klang, Selangor, Malaysia",3.0318503,101.47233100000001,OPERATIONAL,electric_vehicle_charging_station,electric_vehicle_charging_station|transportation_service|point_of_interest|establishment,Klang,True,False,likely-public
ChIJ1SgnOlVTzDERfUq10jKEWmU,Electric Vehicle Charging Station,"Hicom Town Centre, No 43, Jalan Kota Raja F27/F, Seksyen 27, 40400 Shah Alam, Selangor, Malaysia",3.0164001,101.4676729,OPERATIONAL,electric_vehicle_charging_station,electric_vehicle_charging_station|transportation_service|point_of_interest|establishment,Klang,True,False,likely-public
ChIJV-DSQgBTzDERttbHBgPH3rY,ChargEV Charging Station,"40170 Shah Alam, Selangor, Malaysia",3.0951391,101.48174309999999,OPERATIONAL,electric_vehicle_charging_station,electric_vehicle_charging_station|transportation_service|point_of_interest|establishment,Petaling,True,False,likely-public
ChIJT5uiIlBTzDERaGWIKG-JXos,chargEV Charging Station,"Lorong Perbandaran, Kawasan 1, 41200 Klang, Selangor, Malaysia",3.0445594999999996,101.4445389,OPERATIONAL,electric_vehicle_charging_station,electric_vehicle_charging_station|transportation_service|point_of_interest|establishment,Klang,True,False,likely-public
ChIJX5jqCuRTzDERvEsG5Qiv7Wk,Gentari Charging Station,"13, Jln Setia Murni AH U13/AH, Alam Nusantara, 40170 Shah Alam, Selangor, Malaysia",3.1098459,101.4496217,OPERATIONAL,electric_vehicle_charging_station,electric_vehicle_charging_station|transportation_service|point_of_interest|establishment,Petaling,True,False,likely-public
ChIJOREMa-NSzDER1XzM00yWbBI,Tesla Supercharger,"LG1 Parking, Finance Avenue, I-city, 40000 Shah Alam, Selangor, Malaysia",3.0632213,101.4833821,OPERATIONAL,electric_vehicle_charging_station,electric_vehicle_charging_station|transportation_service|point_of_interest|establishment,Petaling,True,False,likely-public
ChIJQwQmE_lTzDERR1Gh8zu6v1Y,Shell Recharge Charging Station,"1, Jalan Multimedia, I-city, 40000 Shah Alam, Selangor, Malaysia",3.062357,101.481606,CLOSED_TEMPORARILY,electric_vehicle_charging_station,electric_vehicle_charging_station|transportation_service|point_of_interest|establishment,Petaling,False,False,likely-public
ChIJEWiYVcNTzDERbfANaMc3Efo,chargEV Charging Station,"WELCOME CENTRE, Setia Alam, 40170 Shah Alam, Selangor, Malaysia",3.1047258,101.46227979999999,OPERATIONAL,electric_vehicle_charging_station,electric_vehicle_charging_station|transportation_service|point_of_interest|establishment,Petaling,True,False,likely-public
ChIJXWU51t1SzDERtpw4JhDBdQ8,ChargeSINI Charging Station,"Ken Rimba Condominium, 1, Jalan Lengkuas 16/26, Seksyen 16, 40200 Shah Alam, Selangor, Malaysia",3.0533995,101.4851001,OPERATIONAL,electric_vehicle_charging_station,electric_vehicle_charging_station|transportation_service|point_of_interest|establishment,Klang,True,False,likely-public
ChIJYR2ztgZTzDERDSW1ImPiejk,chargEV Charging Station,"Lebuhraya Baru Lembah Klang, Taman Perindustrian Bukit Raja Selatan, 40000 Shah Alam, Selangor, Malaysia",3.07125,101.473259,OPERATIONAL,electric_vehicle_charging_station,electric_vehicle_charging_station|transportation_service|point_of_interest|establishment,Klang,True,False,likely-public
ChIJO9kpZBFTzDERRUGSDqpY6-4,Virta Global Charging Station,"102, Persiaran Rajawali, Bandar Baru Klang, 41150 Klang, Selangor, Malaysia",3.0621396,101.46281259999999,OPERATIONAL,electric_vehicle_charging_station,electric_vehicle_charging_station|transportation_service|point_of_interest|establishment,Klang,True,False,likely-public
ChIJQ1uGKeVTzDERERcjamNjfJA,JomCharge Charging Station,"2, Jln Setia Prima S U13/S, Setia Alam, 40170 Shah Alam, Selangor, Malaysia",3.1076099,101.44559339999999,OPERATIONAL,electric_vehicle_charging_station,electric_vehicle_charging_station|transportation_service|point_of_interest|establishment,Petaling,True,False,likely-public
ChIJDzsh-uNTzDERGOojAG6yWLs,CDG ENGIE Charging Station,"Jln Setia Murni AH U13/AH, Alam Nusantara, 40170 Shah Alam, Selangor, Malaysia",3.1102493000000004,101.4503658,CLOSED_TEMPORARILY,electric_vehicle_charging_station,electric_vehicle_charging_station|transportation_service|point_of_interest|establishment,Petaling,False,False,likely-public
ChIJ37jfhN5TzDERnLQdDaJh7sw,chargEV Charging Station,"680, Jln Setia Dagang AH U13/AH, Alam Nusantara, 40170 Shah Alam, Selangor, Malaysia",3.110268,101.46009699999999,OPERATIONAL,electric_vehicle_charging_station,electric_vehicle_charging_station|transportation_service|point_of_interest|establishment,Petaling,True,False,likely-public
ChIJT8IwUNxTzDERLN6rvYjaXL8,chargEV Charging Station,"359, Persiaran Setia Dagang, Alam Nusantara, 40170 Shah Alam, Selangor, Malaysia",3.107929,101.46000989999999,OPERATIONAL,electric_vehicle_charging_station,electric_vehicle_charging_station|transportation_service|point_of_interest|establishment,Petaling,True,False,likely-public
ChIJkZhAa9NTzDERHecgiERVDpU,ChargeSINI Charging Station,"Green Canopy Biz Park, Setia Eco-park, 40170 Shah Alam, Selangor, Malaysia",3.1085007,101.4785144,OPERATIONAL,electric_vehicle_charging_station,electric_vehicle_charging_station|transportation_service|point_of_interest|establishment,Petaling,True,False,likely-public
ChIJX2zJBTxTzDERhN8s7s_SPlE,ChargeSini Charging Station,"Regency Condominium, Jalan Pelangi, Kawasan 16, 41300 Klang, Selangor, Malaysia",3.0511611,101.46285669999999,OPERATIONAL,electric_vehicle_charging_station,electric_vehicle_charging_station|transportation_service|point_of_interest|establishment,Klang,True,False,likely-public
ChIJq2sFohpTzDERnHpsbzbnWKI,Sgmv Sdn. Bhd.,"Jln Tiara 2C, Bandar Baru Klang, 41150 Klang, Selangor, Malaysia",3.0642620999999997,101.46838389999999,OPERATIONAL,electric_vehicle_charging_station,electric_vehicle_charging_station|transportation_service|point_of_interest|establishment,Klang,True,False,likely-public
ChIJ6xxzD9NTzDERXYlEMZAMOlE,chargEV Charging Station,"2A, Jalan Setia Nusantara U13/22s, Setia Eco-park, 40170 Shah Alam, Selangor, Malaysia",3.1078657,101.4769043,OPERATIONAL,electric_vehicle_charging_station,electric_vehicle_charging_station|transportation_service|point_of_interest|establishment,Petaling,True,False,likely-public
ChIJ_7jDXdlTzDERzyPbvFOXKUU,chargEV Charging Station,"Alam Nusantara, 40170 Shah Alam, Selangor, Malaysia",3.1100931999999997,101.46363129999999,OPERATIONAL,electric_vehicle_charging_station,electric_vehicle_charging_station|transportation_service|point_of_interest|establishment,Petaling,True,False,likely-public
ChIJdanAGABRzDERd619ragspNo,SFA Charging Station,"4FV7+56, 40170 Kapar, Selangor, Malaysia",3.1428846,101.4630512,OPERATIONAL,electric_vehicle_charging_station,electric_vehicle_charging_station|transportation_service|point_of_interest|establishment,Petaling,True,False,likely-public
ChIJgWRhMABRzDERtUELMcd6nKs,EVC Charging Station,"PT 34532, Jalan Setia Alam AR U13/AR, Setia Alam, Section, U13 Shah Alam, 40170 Shah Alam, Selangor, Malaysia",3.1271005,101.46700249999999,OPERATIONAL,electric_vehicle_charging_station,electric_vehicle_charging_station|transportation_service|point_of_interest|establishment,Petaling,True,False,likely-public
ChIJMV0Bid1TzDER97rTOupoJSM,Audi Charging Station,"7, Persiaran Setia Dagang, Alam Nusantara, 40170 Shah Alam, Selangor, Malaysia",3.1081722,101.4568269,OPERATIONAL,electric_vehicle_charging_station,electric_vehicle_charging_station|transportation_service|point_of_interest|establishment,Petaling,True,False,likely-public
ChIJW_zZmxFQzDERhlH3aurLhNc,eLoaded Charging Station,"5GH5+PQ, 40160 Shah Alam, Selangor, Malaysia",3.1810902,101.5088025,OPERATIONAL,electric_vehicle_charging_station,electric_vehicle_charging_station|transportation_service|point_of_interest|establishment,Petaling,True,False,likely-public
ChIJsX89IFlbzDER7nPN7B4v6QY,Gentari Charging Station,"1475, Lebuhraya Kuala Lumpur-Kuala Selangor, 48020 Rawang, Selangor, Malaysia",3.269358,101.509123,OPERATIONAL,electric_vehicle_charging_station,electric_vehicle_charging_station|transportation_service|point_of_interest|establishment,Gombak,True,False,likely-public
ChIJnzLfRV9bzDERLVkK0UZG4sk,Gentari Charging Station,"Kundang, 48020 Rawang, Selangor, Malaysia",3.2713372,101.5067665,OPERATIONAL,electric_vehicle_charging_station,electric_vehicle_charging_station|transportation_service|point_of_interest|establishment,Gombak,True,False,likely-public
ChIJhzqHpI6yzTERwJ0xadOrjAo,chargEV Charging Station,"Persiaran Anggerik Vanilla, Kota Kemuning, 40460 Shah Alam, Selangor, Malaysia",3.0031236,101.5412614,OPERATIONAL,electric_vehicle_charging_station,electric_vehicle_charging_station|transportation_service|point_of_interest|establishment,Klang,True,False,likely-public
ChIJP9tu64CyzTER3j3lXKJ8tpc,Chargesini Charging Station,"Columbia Asia Hospital - Bukit Rimau, Seksyen 32, 40460 Shah Alam, Selangor, Malaysia",2.9973680999999996,101.5287316,OPERATIONAL,electric_vehicle_charging_station,electric_vehicle_charging_station|transportation_service|point_of_interest|establishment,Klang,True,False,likely-public
ChIJMYVW7iSzzTERJG4ySFMMVs4,ChargeSINI Charging Station,"Jalan USJ 25/1B, One City, 47630 Subang Jaya, Selangor, Malaysia",3.0217481999999998,101.5797207,OPERATIONAL,electric_vehicle_charging_station,electric_vehicle_charging_station|transportation_service|point_of_interest|establishment,Petaling,True,False,likely-public
ChIJxYB6EoGyzTERhnh2cipkybs,JomCharge Charging Station,"Persiaran Sungai Selangor, Bukit Rimau, 40460 Shah Alam, Selangor, Malaysia",2.9995385999999997,101.52839139999999,OPERATIONAL,electric_vehicle_charging_station,electric_vehicle_charging_station|transportation_service|point_of_interest|establishment,Klang,True,False,likely-public
ChIJcS6mhoGyzTERpi7MS3SmnqE,ChargeSINI Charging Station,"GEO, Condominium, Bukit Rimau, 40460 Shah Alam, Selangor, Malaysia",3.0008672,101.52691349999999,OPERATIONAL,electric_vehicle_charging_station,electric_vehicle_charging_station|transportation_service|point_of_interest|establishment,Klang,True,False,likely-public
ChIJq9z__MezzTERfQmPlYaDBBM,ChargeSINI Charging Station,"D'Aman Residences, Jalan Dagang Mas 3, Taman Mas Sepang, 47130 Puchong, Selangor, Malaysia",2.9753894,101.58183389999999,OPERATIONAL,electric_vehicle_charging_station,electric_vehicle_charging_station|transportation_service|point_of_interest|establishment,Sepang,True,False,likely-public
ChIJaQeMJ9mzzTERe4uvFRH2TaU,Next Gen Auto World Sdn Bhd,"C-GF-09 , Ground Floor , Block C, Garden Shoppe One City, Jalan USJ 25/1C, One City, 47650 Subang Jaya, Selangor, Malaysia",3.0207184,101.5797996,OPERATIONAL,car_dealer,car_dealer|electric_vehicle_charging_station|store|transportation_service|point_of_interest|establishment,Petaling,True,False,likely-public
ChIJGfWa9rhNzDERjhZRf7sumNk,Handal Green Mobility Charging Station,"BHPetrol Persiaran Tengku Ampuan 1 Jalan 22, 6, Persiaran Tengku Ampuan, Taman Perindustrian Subang Utama, 40300 Shah Alam, Selangor, Malaysia",3.039879,101.54776659999999,OPERATIONAL,electric_vehicle_charging_station,electric_vehicle_charging_station|transportation_service|point_of_interest|establishment,Petaling,True,False,likely-public
ChIJObzeMwZTzDERl6Sf1UAALio,Flexi Parking,"No. 13-1, Vestland Commercial Centre, 6, Jalan Juruanalisis U1/35, Hicom-glenmarie Industrial Park, 40150 Shah Alam, Selangor, Malaysia",3.0817080999999997,101.5625773,OPERATIONAL,electric_vehicle_charging_station,electric_vehicle_charging_station|transportation_service|point_of_interest|establishment,Petaling,True,False,likely-public
ChIJBUn3W3hTzDERLifzjXTpkF0,Electric Vehicle Charging Station,"Wisma MBSA, Seksyen 14, 40000 Shah Alam, Selangor, Malaysia",3.0740159,101.5190538,OPERATIONAL,electric_vehicle_charging_station,electric_vehicle_charging_station|transportation_service|point_of_interest|establishment,Petaling,True,False,likely-public
ChIJQ44F1V5TzDERA5P3MV38kJU,Exicom Charging Station,"No. 23, 15, 24, Jalan Linggis 15/24, Seksyen 15, 40200 Shah Alam, Selangor, Malaysia",3.0607721,101.5232851,OPERATIONAL,electric_vehicle_charging_station,electric_vehicle_charging_station|transportation_service|point_of_interest|establishment,Petaling,True,False,likely-public
ChIJGRND8y9NzDER-90EqLm5UxI,Virta Global Charging Station,"Westbound Shah Alam Expressway, 1, Jalan TP 5, Taman Perindustrian UEP, 47600 Subang Jaya, Selangor, Malaysia",3.0444538,101.56025919999999,OPERATIONAL,electric_vehicle_charging_station,electric_vehicle_charging_station|transportation_service|point_of_interest|establishment,Petaling,True,False,likely-public
ChIJ6yRQrJtTzDERa3rYdYMF_CY,Shell Recharge Charging Station,"Jalan Tengku Ampuan Zabedah 2 E9/E, Seksyen 9, 40100 Shah Alam, Selangor, Malaysia",3.0842261,101.5234136,CLOSED_TEMPORARILY,electric_vehicle_charging_station,electric_vehicle_charging_station|transportation_service|point_of_interest|establishment,Petaling,False,False,likely-public
ChIJM12bfbdNzDERM3Z1Y-hsRYQ,ChargeSINI Charging Station,"Utropolis Suites, 1, Jalan Kontraktor U1/14, Hicom-glenmarie Industrial Park, 40150 Shah Alam, Selangor, Malaysia",3.0910701,101.55896,OPERATIONAL,electric_vehicle_charging_station,electric_vehicle_charging_station|transportation_service|point_of_interest|establishment,Petaling,True,False,likely-public
ChIJHSKT1utNzDERk4x6_c4fWlc,chargEV Charging Station,"ELITE, Bukit Jelutong, 40150 Shah Alam, Selangor, Malaysia",3.0989614,101.5441491,OPERATIONAL,electric_vehicle_charging_station,electric_vehicle_charging_station|transportation_service|point_of_interest|establishment,Petaling,True,False,likely-public
ChIJeRarun5SzDERZXBg-uIcQ3o,chargEV Charging Station,"7, Persiaran Masjid, Seksyen 14, 40100 Shah Alam, Selangor, Malaysia",3.0790189999999997,101.51983899999999,OPERATIONAL,electric_vehicle_charging_station,electric_vehicle_charging_station|transportation_service|point_of_interest|establishment,Petaling,True,False,likely-public
ChIJbe5-oQ5NzDERwA2N8TJUFFc,ChargeSINI Charging Station,"Alam Sanjung Service Apartment, Jln Budiman 22/3, Seksyen 22, 40300 Shah Alam, Selangor, Malaysia",3.0683152,101.55361049999999,OPERATIONAL,electric_vehicle_charging_station,electric_vehicle_charging_station|transportation_service|point_of_interest|establishment,Petaling,True,False,likely-public
ChIJH3geHgJPzDER7cAAsQi0n34,Shell Recharge Charging Station,"Level B1, Megah Rise Mall, Persiaran Gerbang Utama, Bukit Jelutong, 47301 Shah Alam, Selangor, Malaysia",3.1145321,101.5292941,CLOSED_TEMPORARILY,electric_vehicle_charging_station,electric_vehicle_charging_station|transportation_service|point_of_interest|establishment,Petaling,False,False,likely-public
ChIJ6TbvBXhSzDERWBi41AXxf1I,ChargeSINI Charging Station,"Concorde Hotel, C9/C, Jalan Tengku Ampuan Zabedah, Seksyen 9, 40100 Shah Alam, Selangor, Malaysia",3.083955,101.5243994,OPERATIONAL,electric_vehicle_charging_station,electric_vehicle_charging_station|transportation_service|point_of_interest|establishment,Petaling,True,False,likely-public
ChIJ01dkXWpTzDER1o9PM6wTm_A,Electric Vehicle Charging Station,"SA1-5-13, Vista Alam, Seksyen 14, 4000, Seksyen 14, 40000 Shah Alam, Selangor, Malaysia",3.0695295,101.5247152,OPERATIONAL,electric_vehicle_charging_station,electric_vehicle_charging_station|transportation_service|point_of_interest|establishment,Petaling,True,False,likely-public
ChIJDWATjFpMzDERigU0szsj9rU,ChargeSini Charging Station,"Jalan SS 16/1, Ss 16, 40150 Subang Jaya, Selangor, Malaysia",3.0822943,101.5835221,OPERATIONAL,electric_vehicle_charging_station,electric_vehicle_charging_station|transportation_service|point_of_interest|establishment,Petaling,True,False,likely-public
ChIJYw3zfmlNzDERbvJl1OPQabA,Gentari Charging Station,"Lot 1, Jalan Singa 20/1, Seksyen 20, 40300 Shah Alam, Selangor, Malaysia",3.0575069,101.54162810000001,OPERATIONAL,electric_vehicle_charging_station,electric_vehicle_charging_station|transportation_service|point_of_interest|establishment,Petaling,True,False,likely-public
ChIJQ9hE4XdNzDERjQWKG2SUqVw,chargEV Charging Station,"Jalan Aerobik 13/43, Seksyen 13, 40100 Shah Alam, Selangor, Malaysia",3.0742729,101.53729330000002,OPERATIONAL,electric_vehicle_charging_station,electric_vehicle_charging_station|transportation_service|point_of_interest|establishment,Petaling,True,False,likely-public
ChIJs2dnL8BNzDEREybtCcYmWUk,ChargEV,"Petronas Kesas Arah Barat, 40400 Subang Jaya, Selangor, Malaysia",3.0502194,101.5633739,OPERATIONAL,electric_vehicle_charging_station,electric_vehicle_charging_station|transportation_service|point_of_interest|establishment,Petaling,True,False,likely-public
ChIJdQMqxoZSzDERymAthIzwckA,chargEV Charging Station,"14, Jalan Perbadanan, Seksyen 14, 40000 Shah Alam, Selangor, Malaysia",3.0713284,101.5184319,OPERATIONAL,electric_vehicle_charging_station,electric_vehicle_charging_station|transportation_service|point_of_interest|establishment,Petaling,True,False,likely-public
ChIJR6d3nHdSzDERCXZnuN5kAsY,ChargeSINI Charging Station,"Smile Hotel, Jalan Tengku Ampuan Zabedah G 9/G, Seksyen 9, 40100 Shah Alam, Selangor, Malaysia",3.0854087999999997,101.5221914,OPERATIONAL,electric_vehicle_charging_station,electric_vehicle_charging_station|transportation_service|point_of_interest|establishment,Petaling,True,False,likely-public
ChIJJSLlK8NMzDERe9tBlfwkjWk,chargEV Charging Station,"Stadium MPSJ, 16, Persiaran Bakti, Usj 5, 47610 Subang Jaya, Selangor, Malaysia",3.051687,101.58186979999999,OPERATIONAL,electric_vehicle_charging_station,electric_vehicle_charging_station|transportation_service|point_of_interest|establishment,Petaling,True,False,likely-public
ChIJKQA1DE1MzDERvUDLvpiKjI0,ChargeSINI Charging Station,"CHINT GLOBAL (MALAYSIA), Jln Pelukis U1/46B, Kawasan Perindustrian Temasya, 40150 Shah Alam, Selangor, Malaysia",3.0854535,101.57260169999999,OPERATIONAL,electric_vehicle_charging_station,electric_vehicle_charging_station|transportation_service|point_of_interest|establishment,Petaling,True,False,likely-public
ChIJsVTSHJhPzDERsLu9ArpUPw4,BYD Ara Damansara - Sime Beyond Auto,"Block 1, Sime Darby Motors City, 6, Jln PJU 1A/7, Ara Damansara, 47301 Petaling Jaya, Selangor, Malaysia",3.1156463999999997,101.57009670000001,OPERATIONAL,car_dealer,car_dealer|electric_vehicle_charging_station|store|transportation_service|service|point_of_interest|establishment,Petaling,True,False,likely-public
ChIJC9bU3HVNzDEROXsu4xLarOc,JomCharge Charging Station,"Block G, No. 2, Jln PJU 1A/7, Ara Damansara, 47301 Petaling Jaya, Selangor, Malaysia",3.1128442,101.5745501,OPERATIONAL,electric_vehicle_charging_station,electric_vehicle_charging_station|transportation_service|point_of_interest|establishment,Petaling,True,False,likely-public
ChIJp83ypX9OzDERWDorgXL-WA0,Virta Global Charging Station,"6, Jalan PJU 1A/7, U 3, 47301 Petaling Jaya, Selangor, Malaysia",3.1153036,101.56790060000002,OPERATIONAL,electric_vehicle_charging_station,electric_vehicle_charging_station|transportation_service|point_of_interest|establishment,Petaling,True,False,likely-public
ChIJ85dOL7JPzDERLLonqvIzORA,Shell Recharge Charging Station,"11, Jalan Teknologi, Taman Sains Selangor, 47810 Petaling Jaya, Selangor, Malaysia",3.149032,101.578886,OPERATIONAL,electric_vehicle_charging_station,electric_vehicle_charging_station|transportation_service|point_of_interest|establishment,Petaling,True,False,likely-public
ChIJuV9s9UVPzDERdovKFgFtqJg,Electric Vehicle Charging Station,"2952, Jalan Paya Jaras Tengah 665, Kampung Paya Jaras Tengah, 47000 Sungai Buloh, Selangor, Malaysia",3.1552522,101.57216799999999,OPERATIONAL,electric_vehicle_charging_station,electric_vehicle_charging_station|transportation_service|point_of_interest|establishment,Petaling,True,False,likely-public
ChIJtUAIb5ZPzDERraN5JEr-sL8,Powered by RISE Charging Station,"20, Jalan Teknologi 3/4, Kota Damansara, 47810 Petaling Jaya, Selangor, Malaysia",3.1515614999999997,101.57016209999999,OPERATIONAL,electric_vehicle_charging_station,electric_vehicle_charging_station|transportation_service|point_of_interest|establishment,Petaling,True,False,likely-public
ChIJ_9InYxFPzDERLylKU423nDM,Porsche Destination Charging,"M2 – 8 – 3A Tower 2, Sime Darby Motors City, 6, Jalan PJU 1A/7, Ara Damansara, 47301 Petaling Jaya, Selangor, Malaysia",3.1150354,101.56820599999999,OPERATIONAL,electric_vehicle_charging_station,electric_vehicle_charging_station|transportation_service|point_of_interest|establishment,Petaling,True,False,likely-public
ChIJ14gcZeFOzDERMIFN0f7GEMw,ChargeSINI Charging Station,"2A, Persiaran Surian Tropicana Indah, PJU 3, Kota Damansara, 47410, Tropicana Indah, 47810 Petaling Jaya, Selangor, Malaysia",3.1495045999999998,101.5878919,OPERATIONAL,electric_vehicle_charging_station,electric_vehicle_charging_station|transportation_service|point_of_interest|establishment,Petaling,True,False,likely-public
ChIJ16vdvipMzDERp-QSVCohgfY,ChargeSINI Charging Station,"Persiaran Golf, Lakeview Resort Saujana, 40150 Shah Alam, Selangor, Malaysia",3.1124446999999997,101.5714199,OPERATIONAL,electric_vehicle_charging_station,electric_vehicle_charging_station|transportation_service|point_of_interest|establishment,Petaling,True,False,likely-public
ChIJtYJydgdPzDERT6Rrs54fWFM,NISSAN Charging Station,"No. 34 & 36, Jalan Teknologi 3/1, Taman Sains Selangor, 47810 Petaling Jaya, Selangor, Malaysia",3.1601762,101.5713033,OPERATIONAL,electric_vehicle_charging_station,electric_vehicle_charging_station|transportation_service|point_of_interest|establishment,Petaling,True,False,likely-public
ChIJhaugyi5MzDERXl4q5mEKi1c,BMW Destination Charging Station,"Persiaran Golf, Seksyen U2 Saujana, 40150 Shah Alam, Selangor, Malaysia",3.10846,101.57739,OPERATIONAL,electric_vehicle_charging_station,electric_vehicle_charging_station|transportation_service|point_of_interest|establishment,Petaling,True,False,likely-public
ChIJSZGiBIJOzDERXTSZ02q60xg,BMW Destination Charging Station,"79, Jalan PJU 1a/2, Taipan 2 Damansara, 47301 Petaling Jaya, Selangor, Malaysia",3.11399,101.57636,OPERATIONAL,electric_vehicle_charging_station,electric_vehicle_charging_station|transportation_service|point_of_interest|establishment,Petaling,True,False,likely-public
ChIJv421MyxMzDERSWBJgkpHlas,JomCharge Charging Station,"4H4G+G2, Saujana, 40150 Shah Alam, Selangor, Malaysia",3.1063134,101.5750631,OPERATIONAL,electric_vehicle_charging_station,electric_vehicle_charging_station|transportation_service|point_of_interest|establishment,Petaling,True,False,likely-public
ChIJxWBZwX9OzDERVnDHOLxwWzo,GO TO-U Charging Station,"6, Jalan PJU 1A/7, U 3, 47301 Petaling Jaya, Selangor, Malaysia",3.1150130999999996,101.5691942,OPERATIONAL,electric_vehicle_charging_station,electric_vehicle_charging_station|transportation_service|point_of_interest|establishment,Petaling,True,False,likely-public
ChIJ_fXn4F1PzDERiQaxPKRukGE,Renergy,"Tower B, Emporis Residence, Persiaran Surian, Kota Damansara, 47810 Petaling Jaya, Selangor, Malaysia",3.1562631999999997,101.57115859999999,OPERATIONAL,electric_vehicle_charging_station,electric_vehicle_charging_station|transportation_service|point_of_interest|establishment,Petaling,True,False,likely-public
ChIJJ0nR3q5FzDERjKL1QHBnaM8,JomCharge Charging Station,"47000 Sungai Buloh, Selangor, Malaysia",3.2248071,101.57710689999999,OPERATIONAL,electric_vehicle_charging_station,electric_vehicle_charging_station|transportation_service|point_of_interest|establishment,Gombak,True,False,likely-public
ChIJHa-QEBFFzDERzcI24llGgB0,ChargeSINI Charging Station,"Suria Putra, Jalan BRP 2/1, Bukit Rahman Putra, 47000 Sungai Buloh, Selangor, Malaysia",3.218915,101.55511519999999,OPERATIONAL,electric_vehicle_charging_station,electric_vehicle_charging_station|transportation_service|point_of_interest|establishment,Petaling,True,False,likely-public
ChIJzXAo_GpFzDERNlD3yxdCBKI,QuickCharge Charging Station,"Kelab Rahman Putra Malaysia, Jalan BRP 2/1, Bukit Rahman Putra, 47000 Sungai Buloh, Selangor, Malaysia",3.2194045,101.55265059999999,OPERATIONAL,electric_vehicle_charging_station,electric_vehicle_charging_station|transportation_service|point_of_interest|establishment,Petaling,True,False,likely-public
ChIJx5QZxAJFzDERTdjQ5EpDL-s,QuickCharge Charging Station @ Kelab Rahman Putra,"Kelab Rahman Putra Malaysia, Jalan BRP 2/1, Bukit Rahman Putra, 47000 Sungai Buloh, Selangor, Malaysia",3.2198279999999997,101.5538093,OPERATIONAL,electric_vehicle_charging_station,electric_vehicle_charging_station|transportation_service|point_of_interest|establishment,Petaling,True,False,likely-public
ChIJe9rgewBRzDER5_mykLwYhYs,Shah alam,"E35, Lebuhraya Koridor Guthrie, 40160 Shah Alam, Selangor, Malaysia",3.1728064,101.5194119,OPERATIONAL,electric_vehicle_charging_station,electric_vehicle_charging_station|transportation_service|point_of_interest|establishment,Petaling,True,False,likely-public
ChIJ1cND8URDzDERKwfE8XARz4U,Gentari Charging Station,"Persiaran Gamuda Gardens 1, 48050 Rawang, Selangor, Malaysia",3.2835145999999997,101.5400178,OPERATIONAL,electric_vehicle_charging_station,electric_vehicle_charging_station|transportation_service|point_of_interest|establishment,Gombak,True,False,likely-public
ChIJV4KOg1pCzDERqqH8HTzgWUM,JomCharge Charging Station,"Jalan Rawang Putra, Pusat Bandar Rawang, 48000 Rawang, Selangor, Malaysia",3.3207478,101.5792773,OPERATIONAL,electric_vehicle_charging_station,electric_vehicle_charging_station|transportation_service|point_of_interest|establishment,Gombak,True,False,likely-public
ChIJrxL7qmG3zTER30l4Y5ql7O4,GO TO-U Charging Station,"RekaScape, Cyberjaya, 63000 Cyberjaya, Selangor, Malaysia",2.9090393,101.6570974,OPERATIONAL,electric_vehicle_charging_station,electric_vehicle_charging_station|transportation_service|point_of_interest|establishment,Sepang,True,False,likely-public
ChIJy1y2NQC3zTERn3zBVm79BZs,Tesla Supercharger,"23A, Persiaran APEC, Cyberjaya, 63000 Cyberjaya, Selangor, Malaysia",2.9152223,101.6582792,OPERATIONAL,electric_vehicle_charging_station,electric_vehicle_charging_station|transportation_service|point_of_interest|establishment,Sepang,True,False,likely-public
ChIJLyFdP_u2zTER8v2-NxZny4g,chargEV Charging Station,"Persiaran Multimedia, Cyberjaya, 63000 Cyberjaya, Selangor, Malaysia",2.9224144,101.6510632,OPERATIONAL,electric_vehicle_charging_station,electric_vehicle_charging_station|transportation_service|point_of_interest|establishment,Sepang,True,False,likely-public
ChIJS2et9uezzTERgOtWhoqpHDc,ChargeSINI Charging Station,"X2 Residency Malaysia, Selangor, Puchong, Taman Putra Prima, Jalan Putra Prima Utama邮政编码:, Taman Putra Prima, 47130 Puchong, Selangor, Malaysia",2.9650421,101.5933764,OPERATIONAL,electric_vehicle_charging_station,electric_vehicle_charging_station|transportation_service|point_of_interest|establishment,Sepang,True,False,likely-public
ChIJ_83WGMe2zTERar-4K3pfxaE,ChargeSini Charging Station,"Lakefront Residence @ Cyberjaya, Persiaran Semarak Api, Cyberjaya, 63000 Cyberjaya, Selangor, Malaysia",2.9339863,101.6313749,OPERATIONAL,electric_vehicle_charging_station,electric_vehicle_charging_station|transportation_service|point_of_interest|establishment,Sepang,True,False,likely-public
ChIJv7Qok-y2zTERcdPgcXYkm7M,chargEV Charging Station,"Persiaran Semarak Api, Cyberjaya, 63000 Cyberjaya, Selangor, Malaysia",2.934298,101.64560499999999,OPERATIONAL,electric_vehicle_charging_station,electric_vehicle_charging_station|transportation_service|point_of_interest|establishment,Sepang,True,False,likely-public
ChIJoRz-GdlLzDERylTcOgJRy60,DRG Resources Berhad,"7, Jln NPT 7/1F, Bandar Nusaputra Timur, 47130 Puchong, Selangor, Malaysia",2.9398293,101.6242125,OPERATIONAL,electric_vehicle_charging_station,electric_vehicle_charging_station|transportation_service|point_of_interest|establishment,Sepang,True,False,likely-public
ChIJjWJmI1a2zTERnBw1Unpz01Q,ChargeSINI Charging Station,"Shaftsbury Square, 63000 Cyberjaya, Selangor, Malaysia",2.9225977,101.6618969,OPERATIONAL,electric_vehicle_charging_station,electric_vehicle_charging_station|transportation_service|point_of_interest|establishment,Sepang,True,False,likely-public
ChIJV4BVHOizzTERVmTXbbpZH6U,ChargeSINI Charging Station,"X2 Residency, Jalan Putra Prima Utama, Taman Putra Prima, 47130 Puchong, Selangor, Malaysia",2.9666927999999997,101.5932163,OPERATIONAL,electric_vehicle_charging_station,electric_vehicle_charging_station|transportation_service|point_of_interest|establishment,Sepang,True,False,likely-public
ChIJQ-jXTAC3zTERHN5k_iASjwI,chargEV Charging Station,"Cyberjaya, 63000 Cyberjaya, Selangor, Malaysia",2.9088398,101.6566375,OPERATIONAL,electric_vehicle_charging_station,electric_vehicle_charging_station|transportation_service|point_of_interest|establishment,Sepang,True,False,likely-public
ChIJr_vUDwa3zTER9LACJhEu5tk,ChargEV Charging Station,"5, Jalan Cyber Point 5, Cyberjaya, 63000 Cyberjaya, Selangor, Malaysia",2.9072196999999997,101.6562785,OPERATIONAL,electric_vehicle_charging_station,electric_vehicle_charging_station|transportation_service|point_of_interest|establishment,Sepang,True,False,likely-public
ChIJ8QQHQ_62zTERjGAzYNPbNEs,JomCharge Charging Station,"Jalan Teknokrat 7, Cyberjaya, 63000 Cyberjaya, Selangor, Malaysia",2.917939,101.6572343,OPERATIONAL,electric_vehicle_charging_station,electric_vehicle_charging_station|transportation_service|point_of_interest|establishment,Sepang,True,False,likely-public
ChIJIZXPn8C2zTERPd4-BrTJCds,chargEV Charging Station,"Jalan Setia 4, Cyberjaya, 63000 Cyberjaya, Selangor, Malaysia",2.936038,101.63440399999999,OPERATIONAL,electric_vehicle_charging_station,electric_vehicle_charging_station|transportation_service|point_of_interest|establishment,Sepang,True,False,likely-public
ChIJeUN1vcS2zTERmDuX2aBMPd0,ChargeSINI Charging Station,"Selangorku Pr1ma Lakefront Homes Selangorku Pr1ma Lakefront Homes, Persiaran Sepang, Cyber 11, 63000 Cyberjaya, Selangor, Malaysia",2.9274605,101.631958,OPERATIONAL,electric_vehicle_charging_station,electric_vehicle_charging_station|transportation_service|point_of_interest|establishment,Sepang,True,False,likely-public
ChIJHSha_Da1zTERdGv1nef5tXI,Chery Showroom Bukit Puchong (Lesydear Automobile Sdn Bhd),"2, Jalan BP 4, Bandar Bukit Puchong, 47120 Puchong, Selangor, Malaysia",2.9862121,101.6275411,OPERATIONAL,car_dealer,car_dealer|electric_vehicle_charging_station|transportation_service|store|point_of_interest|establishment,Petaling,True,False,likely-public
ChIJecorNZ-0zTERUhg836eTdWo,chargEV Charging Station,"3, Lebuh Puteri, Bandar Puteri, 47100 Puchong, Selangor, Malaysia",3.0132786,101.6212992,OPERATIONAL,electric_vehicle_charging_station,electric_vehicle_charging_station|transportation_service|point_of_interest|establishment,Petaling,True,False,likely-public
ChIJw5HJHvZMzDERNZuhbTr_zXI,EMERGENCE INNOVATIVE SDN BHD,"21, Jalan SP 3/4, Taman Saujana Puchong, 47100 Puchong, Selangor, Malaysia",2.9922684999999998,101.63978329999999,OPERATIONAL,electric_vehicle_charging_station,electric_vehicle_charging_station|transportation_service|point_of_interest|establishment,Petaling,True,False,likely-public
ChIJDeBxPACzzTER8Qb--Zd_B8I,Carput Zap Charging Station,"33, Jalan Teratai 2c, Taman Puchong Perdana, 47100 Puchong, Selangor, Malaysia",3.0040209,101.6048187,OPERATIONAL,electric_vehicle_charging_station,electric_vehicle_charging_station|transportation_service|point_of_interest|establishment,Petaling,True,False,likely-public
ChIJ_3dRUG61zTER5RV9mFJR47M,Shell Recharge Charging Station,"Block J,basement 1, Jalan Wawasan, Taman Wawasan, 47160 Puchong, Selangor, Malaysia",3.030922,101.616789,OPERATIONAL,electric_vehicle_charging_station,electric_vehicle_charging_station|transportation_service|point_of_interest|establishment,Petaling,True,False,likely-public
ChIJ33rlFQu1zTERuYSYm0-M9Io,Shell Recharge Charging Station,"Sierra Alfresco, Jln Sierra 10/1, Bandar 16 Sierra, 47110 Puchong, Selangor, Malaysia",2.9744854999999997,101.65507099999999,OPERATIONAL,electric_vehicle_charging_station,electric_vehicle_charging_station|transportation_service|point_of_interest|establishment,Sepang,True,False,likely-public
ChIJuy5SZqS0zTERYcCrBfoMAeY,ChargeSINI Charging Station,"IOI Rio IOI Rio, Lebuh Puteri, Bandar Puteri, 47100 Puchong, Selangor, Malaysia",3.0206217,101.62374179999999,OPERATIONAL,electric_vehicle_charging_station,electric_vehicle_charging_station|transportation_service|point_of_interest|establishment,Petaling,True,False,likely-public
ChIJBW3rcgC1zTERzdhy-aJ_DJ8,ChargeSINI Charging Station,"Jalan Desaria, Taman Kipark, 47100 Puchong, Selangor, Malaysia",2.9777074999999997,101.63960209999999,OPERATIONAL,electric_vehicle_charging_station,electric_vehicle_charging_station|transportation_service|point_of_interest|establishment,Sepang,True,False,likely-public
ChIJr2JYrUW0zTER9RUEcg7Padw,chargEV Charging Station,"1 out of services) Petronas Puchong Gateway, 47100 Seri Kembangan, Selangor, Malaysia",2.9804619999999997,101.64687839999999,OPERATIONAL,electric_vehicle_charging_station,electric_vehicle_charging_station|transportation_service|point_of_interest|establishment,Sepang,True,False,likely-public
ChIJJbgAXcGzzTERM_Z90AZtLGA,Electric Vehicle Charging Station,"15, Jalan Utama 1/6, Taman Perindustrian Puchong, 47100 Puchong, Selangor, Malaysia",3.0004942,101.61006379999999,OPERATIONAL,electric_vehicle_charging_station,electric_vehicle_charging_station|transportation_service|point_of_interest|establishment,Petaling,True,False,likely-public
ChIJXyczUrO1zTER-uIGft0XNwI,OT&S Global Sdn. Bhd.,"34-2B, Jalan Puteri 1/2, Bandar Puteri, 47100 Puchong, Selangor, Malaysia",3.0271065999999998,101.6162212,OPERATIONAL,electric_vehicle_charging_station,electric_vehicle_charging_station|transportation_service|point_of_interest|establishment,Petaling,True,False,likely-public
ChIJOVAJKgC1zTER-KyzqAMwuWc,ChargEV Charging Station,"19, Jln Sierra 9/3A, Bandar 16 Sierra, 47110 Puchong, Selangor, Malaysia",2.9697573999999998,101.6546113,OPERATIONAL,electric_vehicle_charging_station,electric_vehicle_charging_station|transportation_service|point_of_interest|establishment,Sepang,True,False,likely-public
ChIJJ36nr1dLzDERV1o_6EVAMB0,ChargeSINI Charging Station,"Raytech Puchong | Auto Window Tinting, Jalan Merbah 3, Bandar Puchong Jaya, 47170 Puchong, Selangor, Malaysia",3.0422303,101.6180881,OPERATIONAL,electric_vehicle_charging_station,electric_vehicle_charging_station|transportation_service|point_of_interest|establishment,Petaling,True,False,likely-public
ChIJ129DIKhNzDERuWTWj6Q_nuI,EV Connection Sdn Bhd,"P2-L1-01, Building 2, Sunway REIT Industrial, Lot 3, Jln SS 8/6, Sungai Way Free Trade Industrial Zone, 47300 Petaling Jaya, Selangor, Malaysia",3.0903646,101.6070723,OPERATIONAL,electric_vehicle_charging_station,electric_vehicle_charging_station|transportation_service|point_of_interest|establishment,Petaling,True,False,likely-public
ChIJKadiIl5NzDERrenpsiz6j3k,DC Handal Charging Station,"UOA Business Park, 1, Jalan Pengaturcara U1/51, Seksyen U1, 40150 Shah Alam, Selangor, Malaysia",3.0856586,101.5869602,OPERATIONAL,electric_vehicle_charging_station,electric_vehicle_charging_station|transportation_service|point_of_interest|establishment,Petaling,True,False,likely-public
ChIJqa8iYaVNzDERvUNv33GUaMA,Tesla Supercharger,"3, Jalan PJS 11/15, Bandar Sunway, 47500 Petaling Jaya, Selangor, Malaysia",3.0735116,101.6071049,OPERATIONAL,electric_vehicle_charging_station,electric_vehicle_charging_station|transportation_service|point_of_interest|establishment,Petaling,True,False,likely-public
ChIJ-e_tpuJNzDER448g_eoGznU,ChargEV Charging Station,"Taman Subang Ria, 47500 Subang Jaya, Selangor, Malaysia",3.0817278,101.6012544,OPERATIONAL,electric_vehicle_charging_station,electric_vehicle_charging_station|transportation_service|point_of_interest|establishment,Petaling,True,False,likely-public
ChIJ5yPtc-lLzDER3T1PHnyctLI,Gentari Charging Station,"51, Jalan 51A/221, Seksyen 51a, 46100 Petaling Jaya, Selangor, Malaysia",3.0989947,101.63529779999999,OPERATIONAL,electric_vehicle_charging_station,electric_vehicle_charging_station|transportation_service|point_of_interest|establishment,Petaling,True,False,likely-public
ChIJSWkBSZNMzDER8bkpFcmcBks,ChargeSINI Charging Station,"The Summit USJ, Usj 1, 47600 Subang Jaya, Selangor, Malaysia",3.0602403,101.5935446,OPERATIONAL,electric_vehicle_charging_station,electric_vehicle_charging_station|transportation_service|point_of_interest|establishment,Petaling,True,False,likely-public
ChIJ6zAQVIRMzDEREAzzGNiunj8,JomCharge Charging Station,"3J85+M27, Bandar Sunway, 47500 Subang Jaya, Selangor, Malaysia",3.0666637,101.6075476,OPERATIONAL,electric_vehicle_charging_station,electric_vehicle_charging_station|transportation_service|point_of_interest|establishment,Petaling,True,False,likely-public
ChIJwceqsxlMzDERaIpSbpYPWCA,chargEV Charging Station,"1, Jalan SS 7/26a, Ss 7, 47301 Petaling Jaya, Selangor, Malaysia",3.1050809999999998,101.596054,OPERATIONAL,electric_vehicle_charging_station,electric_vehicle_charging_station|transportation_service|point_of_interest|establishment,Petaling,True,False,likely-public
ChIJPe8IfldLzDERfKd7DvOAdDM,Tesla Supercharger,"Batu 9, Jalan Puchong, Bandar Puchong Jaya, 47170 Puchong, Wilayah Persekutuan Kuala Lumpur, Malaysia",3.0438,101.61760000000001,OPERATIONAL,electric_vehicle_charging_station,electric_vehicle_charging_station|transportation_service|point_of_interest|establishment,Petaling,True,False,likely-public
ChIJ66oaXOdNzDER0OYJUw891Ug,JomCharge Charging Station,"9, Jalan SS 7/13b, Ss 7, 47301 Petaling Jaya, Selangor, Malaysia",3.0958262999999997,101.59913309999999,OPERATIONAL,electric_vehicle_charging_station,electric_vehicle_charging_station|transportation_service|point_of_interest|establishment,Petaling,True,False,likely-public
ChIJj-LQyYlMzDERkqlvNb33H8M,chargEV Charging Station,"21, Jalan PJS 11/2, Bandar Sunway, 47500 Petaling Jaya, Selangor, Malaysia",3.072638,101.601058,OPERATIONAL,electric_vehicle_charging_station,electric_vehicle_charging_station|transportation_service|point_of_interest|establishment,Petaling,True,False,likely-public
ChIJOw5aLH9MzDER5ddGhP04GGE,ChargeSINI Charging Station,"Greenfield Residence, Jalan PJS 8/15, Bandar Sunway, 46150 Petaling Jaya, Selangor, Malaysia",3.0784434999999997,101.6134195,OPERATIONAL,electric_vehicle_charging_station,electric_vehicle_charging_station|transportation_service|point_of_interest|establishment,Petaling,True,False,likely-public
ChIJxQlbKnxLzDERdT5TSXvLNYg,Shell Recharge Charging Station,"Pillar 9, Basement 1, Jalan Puchong, Bandar Puchong Jaya, 47170 Puchong, Selangor, Malaysia",3.0449159999999997,101.61827799999999,OPERATIONAL,electric_vehicle_charging_station,electric_vehicle_charging_station|transportation_service|point_of_interest|establishment,Petaling,True,False,likely-public
ChIJLbW8ctpNzDER9L95rWxVwts,Shell Recharge Charging Station,"15/4, Jalan SS 12/1A, Ss 12, 47500 Subang Jaya, Selangor, Malaysia",3.078328,101.59384399999999,OPERATIONAL,electric_vehicle_charging_station,electric_vehicle_charging_station|transportation_service|point_of_interest|establishment,Petaling,True,False,likely-public
ChIJfXUzb45LzDERZ8GVPPcee8M,Chargesini Charging Station,"Cycle & Carriage, Jalan 51a/219, Ss 9a, 46100 Petaling Jaya, Selangor, Malaysia",3.0874085,101.62513720000001,OPERATIONAL,electric_vehicle_charging_station,electric_vehicle_charging_station|transportation_service|point_of_interest|establishment,Petaling,True,False,likely-public
ChIJc7AFEHZMzDERk2f_BqWFOn0,ChargeSini Charging Station,"Icon City, 47300 Petaling Jaya, Selangor, Malaysia",3.0877868,101.6150361,OPERATIONAL,electric_vehicle_charging_station,electric_vehicle_charging_station|transportation_service|point_of_interest|establishment,Petaling,True,False,likely-public
ChIJ0TNP-6dPzDERNtfzl2Ws2t4,Carcare Premium Auto Detailing Sdn Bhd,"76, JALAN PJU 5/21 THE STRAND, Kota Damansara, 47810 Petaling Jaya, Selangor, Malaysia",3.1543598,101.59487270000001,OPERATIONAL,car_wash,car_wash|electric_vehicle_charging_station|car_repair|transportation_service|service|point_of_interest|establishment,Petaling,True,False,likely-public
ChIJtXeBZXhLzDERAx3iLx1Yurc,Shell Recharge Charging Station,"Jalan Professor Khoo Kay Kim, 14, Seksyen, Seksyen 14, 46100 Petaling Jaya, Selangor, Malaysia",3.1091015,101.636921,OPERATIONAL,electric_vehicle_charging_station,electric_vehicle_charging_station|transportation_service|point_of_interest|establishment,Petaling,True,False,likely-public
ChIJ6eY4KABPzDER2Cybf6oEKaY,Kempower Charging Station,"15385, Lebuhraya Baru Lembah Klang, Taman Putra Damai, 47301 Petaling Jaya, Selangor, Malaysia",3.1189883999999997,101.5926518,OPERATIONAL,electric_vehicle_charging_station,electric_vehicle_charging_station|transportation_service|point_of_interest|establishment,Petaling,True,False,likely-public
ChIJob-iDCxPzDERVSbi-GjyaQo,ChargeSini Charging Station,"Jln PJU 7/3, Mutiara Damansara, 47800 Petaling Jaya, Selangor, Malaysia",3.1576217000000004,101.61145619999999,OPERATIONAL,electric_vehicle_charging_station,electric_vehicle_charging_station|transportation_service|point_of_interest|establishment,Petaling,True,False,likely-public
ChIJXY_dXJI1zDERehJb-k0_uQE,EVGuru,"Unit 13A07, Level 13A, Lobby 2 Block A, Damansara Intan, 47308 Petaling Jaya, Selangor, Malaysia",3.1302114,101.6291957,OPERATIONAL,service,electric_vehicle_charging_station|electrician|transportation_service|service|point_of_interest|establishment,Petaling,True,False,likely-public
ChIJy8PX3B5PzDERgJW6OMV3YJ0,Exicom Charging Station,"Kampung Sungai Kayu Ara, 47400 Petaling Jaya, Selangor, Malaysia",3.1336835,101.6096924,OPERATIONAL,electric_vehicle_charging_station,electric_vehicle_charging_station|transportation_service|point_of_interest|establishment,Petaling,True,False,likely-public
ChIJzaWtbUFJzDERA7Jj35dcv_s,ChargeSINI Charging Station,"Seventeen Mall, Jalan 17/38, Seksyen 17 Petaling Jaya, 46400 Petaling Jaya, Selangor, Malaysia",3.1285987,101.63481189999999,OPERATIONAL,electric_vehicle_charging_station,electric_vehicle_charging_station|transportation_service|point_of_interest|establishment,Petaling,True,False,likely-public
ChIJQ6ANg9JIzDERL-o8Ddw0vdU,Virta Charging Station,"Lot 2805, Jalan Damansara, Kampung Sungai Penchala, 60000 Kuala Lumpur, Selangor, Malaysia",3.1619733,101.6180498,OPERATIONAL,electric_vehicle_charging_station,electric_vehicle_charging_station|transportation_service|point_of_interest|establishment,WP Kuala Lumpur,True,False,likely-public
ChIJxQB2711JzDERFP33-bvgTXM,ChargeSINI Charging Station,"Columbia Asia Hospital Petaling Jaya, Jln 13/6, Seksyen 13, 46200 Petaling Jaya, Selangor, Malaysia",3.1183563999999997,101.6376427,OPERATIONAL,electric_vehicle_charging_station,electric_vehicle_charging_station|transportation_service|point_of_interest|establishment,Petaling,True,False,likely-public
ChIJ9Uy-Pr5OzDER6MphWVP8Slw,ChargeSINI Charging Station,"Lumi Tropicana, Persiaran Tropicana, Tropicana, 47800 Petaling Jaya, Selangor, Malaysia",3.1294765,101.5941702,OPERATIONAL,electric_vehicle_charging_station,electric_vehicle_charging_station|transportation_service|point_of_interest|establishment,Petaling,True,False,likely-public
ChIJEf4qwSxPzDER5Pt8pUuxEww,Chargesini Charging Station,"Cycle & Carriage, Mutiara Damansara, 47800 Petaling Jaya, Selangor, Malaysia",3.1587028,101.6147008,OPERATIONAL,electric_vehicle_charging_station,electric_vehicle_charging_station|transportation_service|point_of_interest|establishment,WP Kuala Lumpur,True,False,likely-public
ChIJR7N-0KpIzDERJ4GaSXUz8xg,Shell Recharge Charging Station,"6, Persiaran Perdana, Bandar Sri Damansara, 52200 Petaling Jaya, Selangor, Malaysia",3.191157,101.616939,OPERATIONAL,electric_vehicle_charging_station,electric_vehicle_charging_station|transportation_service|point_of_interest|establishment,Petaling,True,False,likely-public
ChIJVQVM9R5GzDER2hppeHUbxyo,ChargeSINI Charging Station,"Sinchoiwah Restaurant, Jinjang Kepong, Jalan 7A/62A, Bandar Menjalara, 52200 Kuala Lumpur, Federal Territory of Kuala Lumpur, Malaysia",3.1939656,101.63447699999999,OPERATIONAL,electric_vehicle_charging_station,electric_vehicle_charging_station|transportation_service|point_of_interest|establishment,WP Kuala Lumpur,True,False,likely-public
ChIJZdCcG_BGzDERz_Gdbm74tdk,ChargeSINI Charging Station,"Selayang Capitol Kompleks, Exit Lebuhraya Selayang - Kepong, Taman Selayang Jaya, 68100 Batu Caves, Selangor, Malaysia",3.2402642,101.64900580000001,OPERATIONAL,electric_vehicle_charging_station,electric_vehicle_charging_station|transportation_service|point_of_interest|establishment,Gombak,True,False,likely-public
ChIJS2Xy0ClGzDERNdFzkkvPlb4,ChargeSini Charging Station,"Jalan Lang Emas, Segambut, 51200 Kuala Lumpur, Wilayah Persekutuan Kuala Lumpur, Malaysia",3.1917657999999998,101.6533664,OPERATIONAL,electric_vehicle_charging_station,electric_vehicle_charging_station|transportation_service|point_of_interest|establishment,WP Kuala Lumpur,True,False,likely-public
ChIJT6leUVdGzDERlenZw4VU7ss,Gentari Charging Station,"Karya Bayu Metropolitan, Kiara Bay, 51, Persi, Perumahan Awam Jinjang Utara, 52100 Kuala Lumpur, Wilayah Persekutuan Kuala Lumpur, Malaysia",3.2261281000000004,101.6503626,OPERATIONAL,electric_vehicle_charging_station,electric_vehicle_charging_station|transportation_service|point_of_interest|establishment,WP Kuala Lumpur,True,False,likely-public
ChIJc_9TNR5GzDER80_gjelztX0,ChargeSINI Charging Station,"Dua Menjalara Condominium, Jinjang Kepong, Jalan 2/62b, Bandar Menjalara, 52200 Kuala Lumpur, Federal Territory of Kuala Lumpur, Malaysia",3.1927548,101.6356667,OPERATIONAL,electric_vehicle_charging_station,electric_vehicle_charging_station|transportation_service|point_of_interest|establishment,WP Kuala Lumpur,True,False,likely-public
ChIJO7y5Q81IzDER5pccekTgXaY,BMW Charging Station,"2779, Jalan Damansara, Sungai Penchala, 60000 Kuala Lumpur, Selangor, Malaysia",3.1630705999999997,101.616968,CLOSED_TEMPORARILY,electric_vehicle_charging_station,electric_vehicle_charging_station|transportation_service|point_of_interest|establishment,WP Kuala Lumpur,False,False,likely-public
ChIJh0L4U_FFzDERmJbnwTUpJmc,ChargeSINI Charging Station,"SPHERE Damansara, Prima Damansara, 47830 Petaling Jaya, Selangor, Malaysia",3.1971642,101.5990751,OPERATIONAL,electric_vehicle_charging_station,electric_vehicle_charging_station|transportation_service|point_of_interest|establishment,Petaling,True,False,likely-public
ChIJxWYiHDNPzDERbZ7lJHcfVMc,ChargeSini Charging Station,"Neo Damansara, Jalan PJU 8/1, Damansara Perdana, 47820 Petaling Jaya, Selangor, Malaysia",3.164929,101.613968,OPERATIONAL,electric_vehicle_charging_station,electric_vehicle_charging_station|transportation_service|point_of_interest|establishment,Petaling,True,False,likely-public
ChIJgZKr5ixPzDER55laugok-g4,JomCharge Charging Station,"3, Jalan PJU 7/2, Mutiara Damansara, 47810 Petaling Jaya, Selangor, Malaysia",3.1594564999999997,101.6140191,OPERATIONAL,electric_vehicle_charging_station,electric_vehicle_charging_station|transportation_service|point_of_interest|establishment,Petaling,True,False,likely-public
ChIJF87rfTNPzDERhYka-TkSdak,ChargeSINI Charging Station,"Menara Mustapha Kamal, Jalan PJU 8/8A, Damansara Perdana, 47820 Petaling Jaya, Selangor, Malaysia",3.1671052,101.6133584,OPERATIONAL,electric_vehicle_charging_station,electric_vehicle_charging_station|transportation_service|point_of_interest|establishment,Petaling,True,False,likely-public
ChIJEaxeUVdGzDER9GIQUPC1jrc,Gentari Charging Station,"Karya Bayu Metropolitan, Kiara Bay, 51, Persiaran Putra Bayu, Kepong, 52100 Kuala Lumpur, Wilayah Persekutuan Kuala Lumpur, Malaysia",3.2256994999999997,101.65052159999999,CLOSED_TEMPORARILY,electric_vehicle_charging_station,electric_vehicle_charging_station|transportation_service|point_of_interest|establishment,WP Kuala Lumpur,False,False,likely-public
ChIJPaaH4XVJzDERM81J8IB-O3Q,DC Handal Charging Station,"Ground Floor, United Point Mall, Jalan Lang Emas, Segambut, 51200 Kuala Lumpur, Wilayah Persekutuan Kuala Lumpur, Malaysia",3.1909351,101.65353739999999,OPERATIONAL,electric_vehicle_charging_station,electric_vehicle_charging_station|transportation_service|point_of_interest|establishment,WP Kuala Lumpur,True,False,likely-public
ChIJNSGjvqNIzDERBGGCZCRDLHU,ChargeSINI Charging Station,"12, Persiaran Residen Persiaran Residen, Desa Parkcity, Pandan Perdana, 52200 Kuala Lumpur, Federal Territory of Kuala Lumpur, Malaysia",3.1851252,101.6345446,OPERATIONAL,electric_vehicle_charging_station,electric_vehicle_charging_station|transportation_service|point_of_interest|establishment,WP Kuala Lumpur,True,False,likely-public
ChIJE6U9MJFIzDERxLz7Ea8dgNM,ChargeSINI Charging Station,"Residensi Harmoni 2 Jalan Prima Pelangi 7, Bukit Prima Pelangi, Segambut, 51200 Kuala Lumpur, Federal Territory of Kuala Lumpur, Malaysia",3.1784585,101.6448369,OPERATIONAL,electric_vehicle_charging_station,electric_vehicle_charging_station|transportation_service|point_of_interest|establishment,WP Kuala Lumpur,True,False,likely-public
ChIJY8sEFR9PzDERlGcZG68RlZk,chargEV Charging Station,"The Curve The Curve, 6, Jalan PJU 7/2, Mutiara Damansara, 47800 Petaling Jaya, Selangor, Malaysia",3.1571493,101.6117304,OPERATIONAL,electric_vehicle_charging_station,electric_vehicle_charging_station|transportation_service|point_of_interest|establishment,Petaling,True,False,likely-public
ChIJR0ivDp5HzDER8MtPXQKyEts,EVPower Charging Station,"UG, 168 Park Selayang Mall, Persiaran 3, Baru Selayang, 68100 Batu Caves, 68100 Selayang, Selangor, Malaysia",3.2491939,101.6496337,OPERATIONAL,electric_vehicle_charging_station,electric_vehicle_charging_station|transportation_service|point_of_interest|establishment,Gombak,True,False,likely-public
ChIJtRp2_ZW_zTERl-J83Ywn00o,chargEV Charging Station,"Bas Teksi Sepang 43900 MY, 43900, Selangor, Malaysia",2.7448340000000004,101.684595,OPERATIONAL,electric_vehicle_charging_station,electric_vehicle_charging_station|transportation_service|point_of_interest|establishment,Sepang,True,False,likely-public
ChIJV3jBc5a_zTERUEv5etYP1R8,Gentari Charging Station,"Level CP3, Pillar E1 & F1, Blok A, 26, 43900 Sepang, Selangor, Malaysia",2.7452682999999998,101.68576879999999,OPERATIONAL,electric_vehicle_charging_station,electric_vehicle_charging_station|transportation_service|point_of_interest|establishment,Sepang,True,False,likely-public
ChIJL-m5DZa_zTERVFCoOlRxFwE,chargEV Charging Station,"2, KLIA2 Arrival Lane, 64000 Sepang, Selangor, Malaysia",2.7453810000000005,101.685233,OPERATIONAL,electric_vehicle_charging_station,electric_vehicle_charging_station|transportation_service|point_of_interest|establishment,Sepang,True,False,likely-public
ChIJeaV7pgy_zTERiXEwYafUv20,Virta Global Charging Station,"petronas, pt 3906, jalan terminal, 43900 Sepang, Selangor, Malaysia",2.7647,101.6832,OPERATIONAL,electric_vehicle_charging_station,electric_vehicle_charging_station|point_of_interest|transportation_service|establishment,Sepang,True,False,likely-public
ChIJ71FNgJe4zTERuAeErzVktfQ,ChargeSINI Charging Station,"Holiday Inn Sepang Airport, an, IHG Hotel, Jalan Warisan Sentral 2, KIP Sentral, 43900 Sepang, Selangor, Malaysia",2.8203503999999997,101.6952673,OPERATIONAL,electric_vehicle_charging_station,electric_vehicle_charging_station|point_of_interest|transportation_service|establishment,Sepang,True,False,likely-public
ChIJdYxOUwC5zTERWtQgN4XeiR8,JomCharge Charging Station,"KipMall, KIPMall Kota Warisan, Kota Warisan, 43900 Sepang, Selangor, Malaysia",2.8236448,101.695526,OPERATIONAL,electric_vehicle_charging_station,electric_vehicle_charging_station|point_of_interest|transportation_service|establishment,Sepang,True,False,likely-public
ChIJDWMcjuq3zTERErzESKnrmfM,Virta Global Charging Station,"Presint 5, 62200 Putrajaya, Malaysia",2.8954915,101.6862123,OPERATIONAL,electric_vehicle_charging_station,electric_vehicle_charging_station|transportation_service|point_of_interest|establishment,WP Putrajaya,True,False,likely-public
ChIJY8S4DJa3zTERPzMG4IYwSzg,Gentari Charging Station,"Pr Putrajaya, Pusat Konvensyen Antarabangsa Putrajaya, Presint 5, 62000 Putrajaya, Wilayah Persekutuan Putrajaya, Malaysia",2.8952773000000005,101.67792999999999,OPERATIONAL,electric_vehicle_charging_station,electric_vehicle_charging_station|transportation_service|point_of_interest|establishment,WP Putrajaya,True,False,likely-public
ChIJE4ggDs-3zTERLY5ftJM_PEI,Gentari Charging Station,"Persiaran APEC, Cyberjaya, 63000 Cyberjaya, Selangor, Malaysia",2.9362168,101.6615553,OPERATIONAL,electric_vehicle_charging_station,electric_vehicle_charging_station|transportation_service|point_of_interest|establishment,Sepang,True,False,likely-public
ChIJ31ljwd_JzTERyuXim1sAgFs,ChargEV Charging Station,"Putrajaya Perdana Berhad, 5, Jalan P16, Presint 16, 62150 Putrajaya, Wilayah Persekutuan Putrajaya, Malaysia",2.9343668000000003,101.70854159999999,OPERATIONAL,electric_vehicle_charging_station,electric_vehicle_charging_station|transportation_service|point_of_interest|establishment,WP Putrajaya,True,False,likely-public
ChIJ1R5jeEq2zTERSTw-GxsJNqs,Gentari Charging Station,"Kompleks Perbadanan Putrajaya, 24, Persiaran Perdana, Presint 3, 62675 Putrajaya, Wilayah Persekutuan Putrajaya, Malaysia",2.9188848999999997,101.6840081,OPERATIONAL,electric_vehicle_charging_station,electric_vehicle_charging_station|transportation_service|point_of_interest|establishment,WP Putrajaya,True,False,likely-public
ChIJf4WpZAC3zTEReBwpSTNBuf0,Gentari Charging Station,"Presint 1, 62000 Putrajaya, Malaysia",2.9380200999999997,101.69483900000002,OPERATIONAL,electric_vehicle_charging_station,electric_vehicle_charging_station|transportation_service|point_of_interest|establishment,WP Putrajaya,True,False,likely-public
ChIJGWKQg5q3zTERZtwejBHb_XY,DC Handal Charging Station,"Pulse Grande Hotel Putrajaya, Jalan Putra Perdana, Presint 1, 62000 Putrajaya, Wilayah Persekutuan Putrajaya, Malaysia",2.9432150999999998,101.6998567,OPERATIONAL,electric_vehicle_charging_station,electric_vehicle_charging_station|transportation_service|point_of_interest|establishment,WP Putrajaya,True,False,likely-public
ChIJoRZmDka2zTERs9YDBnjSQGk,ChargeSINI Charging Station,"Tamara Residence, Jalan Temoleh P8/4, Presint 8, 62250 Putrajaya, Malaysia",2.9266717,101.678941,OPERATIONAL,electric_vehicle_charging_station,electric_vehicle_charging_station|transportation_service|point_of_interest|establishment,WP Putrajaya,True,False,likely-public
ChIJBQibnKS3zTERuHkdLkvslIk,Gentari Charging Station,"1, Jalan P5/5, Presint 5, 62000 Putrajaya, Wilayah Persekutuan Putrajaya, Malaysia",2.9016978,101.67066369999999,OPERATIONAL,electric_vehicle_charging_station,electric_vehicle_charging_station|transportation_service|point_of_interest|establishment,WP Putrajaya,True,False,likely-public
ChIJX_dzhly2zTERPBIMOFmhYgg,Gentari Charging Station,"Putrajaya Sentral, Presint 7, 62000 Putrajaya, Wilayah Persekutuan Putrajaya, Malaysia",2.9313244,101.6701622,OPERATIONAL,electric_vehicle_charging_station,electric_vehicle_charging_station|transportation_service|point_of_interest|establishment,WP Putrajaya,True,False,likely-public
ChIJY5swHEa2zTERUQw8RD9_m2c,ChargeSINI Charging Station,"Tamara Residence, Jalan Temoleh P8/4, Presint 8, 62250 Putrajaya, Malaysia",2.9260001,101.6793754,OPERATIONAL,electric_vehicle_charging_station,electric_vehicle_charging_station|transportation_service|point_of_interest|establishment,WP Putrajaya,True,False,likely-public
ChIJrTm5ZUa2zTERmcRfMKjJ5LU,ChargeSini Charging Station,"Tamara Residence, Jalan Temoleh P8/4, Presint 8, 62250 Putrajaya, Malaysia",2.9277458,101.67932940000001,OPERATIONAL,electric_vehicle_charging_station,electric_vehicle_charging_station|transportation_service|point_of_interest|establishment,WP Putrajaya,True,False,likely-public
ChIJPzO5Oa7LzTERoyNknJqQOfU,Shell Recharge Charging Station,"Ioi City Tower Two Lebuh, Lebuhraya Lembah Klang Selatan, Ioi Resort, 62502 Putrajaya, Selangor, Malaysia",2.970542,101.71413,OPERATIONAL,electric_vehicle_charging_station,electric_vehicle_charging_station|transportation_service|point_of_interest|establishment,Sepang,True,False,likely-public
ChIJo3edfQDLzTERwGCtxEQ4bas,Tesla Supercharger,"IOI City Mall, Lbh IRC, Ioi Resort, 62502 Putrajaya, Wilayah Persekutuan, Malaysia",2.970663,101.71366809999999,OPERATIONAL,electric_vehicle_charging_station,electric_vehicle_charging_station|transportation_service|point_of_interest|establishment,Sepang,True,False,likely-public
ChIJLVkaQQDLzTERej__4YhEU8U,DC Handal Charging Station,"Level LG, Zone D, IOI City Mall, 1, Lbh IRC, Ioi Resort, 62502 Putrajaya, Selangor, Malaysia",2.9691042999999997,101.7139536,OPERATIONAL,electric_vehicle_charging_station,electric_vehicle_charging_station|transportation_service|point_of_interest|establishment,Sepang,True,False,likely-public
ChIJo2cyDwA1zDERGdteoIbWpso,Carput Zap Charging Station,"7, Jalan Tasik, Mines Wellness City, 43300 Seri Kembangan, Selangor, Malaysia",3.0355379,101.7091462,OPERATIONAL,electric_vehicle_charging_station,electric_vehicle_charging_station|transportation_service|point_of_interest|establishment,Petaling,True,False,likely-public
ChIJwdWySzzLzTERTJg4_YURV7E,Shell Recharge Charging Station,"3 Car Park Bays Next To A, g-01, Persiaran IRC 3, 62502 Putrajaya, Wilayah Persekutuan Putrajaya, Malaysia",2.964552,101.72137099999999,OPERATIONAL,electric_vehicle_charging_station,electric_vehicle_charging_station|transportation_service|point_of_interest|establishment,Sepang,True,False,likely-public
ChIJz1GmSJLKzTER0It57BPczBM,chargEV Charging Station,"KM 0.7, Lebuhraya Sungai Besi, 43400 Serdang, Selangor, Malaysia",3.0058078,101.72514079999999,OPERATIONAL,electric_vehicle_charging_station,electric_vehicle_charging_station|transportation_service|point_of_interest|establishment,Sepang,True,False,likely-public
ChIJRe0kvxu1zTER6y22iY7cVwI,ChargeSINI Charging Station,"Zenopy Residences - Residence, Lobby 1, Pusat Bandar Putra Permai, 43300 Seri Kembangan, Selangor, Malaysia",3.0079149999999997,101.6687018,OPERATIONAL,electric_vehicle_charging_station,electric_vehicle_charging_station|transportation_service|point_of_interest|establishment,Petaling,True,False,likely-public
ChIJZf_pTq7KzTER9RCvCbEzx5c,ChargeSINI Charging Station,"Jalan Dagang 4/2, 43300 Seri Kembangan, Selangor, Malaysia",3.0263234,101.71634739999999,OPERATIONAL,electric_vehicle_charging_station,electric_vehicle_charging_station|transportation_service|point_of_interest|establishment,Petaling,True,False,likely-public
ChIJE-Ozv8e1zTER3ibvAaKqaJQ,chargEV Charging Station,"Lebuhraya Lembah Klang Selatan, 43400 Kajang, Selangor, Malaysia",2.9735449999999997,101.674255,OPERATIONAL,electric_vehicle_charging_station,electric_vehicle_charging_station|transportation_service|point_of_interest|establishment,Sepang,True,False,likely-public
ChIJRzVQAwzKzTERdCdZjy8JqeQ,chargEV Charging Station,"43000 E26 Kajang 43000 MY, Ioi Resort, 43000 Serdang, Selangor, Malaysia",2.9698219999999997,101.713201,OPERATIONAL,electric_vehicle_charging_station,electric_vehicle_charging_station|transportation_service|point_of_interest|establishment,Sepang,True,False,likely-public
ChIJu5CLFgy1zTERyd1JNRAhaog,ChargeSINI Charging Station,"Persiaran George Lim Ah Soo, Taman Equine, 43300 Seri Kembangan, Selangor, Malaysia",3.0003933999999997,101.6793594,OPERATIONAL,electric_vehicle_charging_station,electric_vehicle_charging_station|transportation_service|point_of_interest|establishment,Petaling,True,False,likely-public
ChIJUWAQUaTKzTERQSYOuvG6LEw,ChargeSINI Charging Station,"Univ 360 Place Management Office, Jalan Raya 2, Taman Serdang Jaya, 43300 Seri Kembangan, Selangor, Malaysia",3.0206117000000003,101.7148909,OPERATIONAL,electric_vehicle_charging_station,electric_vehicle_charging_station|transportation_service|point_of_interest|establishment,Petaling,True,False,likely-public
ChIJvWwb-1e0zTERUOf8dlBbWpI,ChargeSINI Charging Station,"Paragon 3, Persiaran Lestari Putra, Bandar Putra Permai, 43300 Puchong, Selangor, Malaysia",2.9943054,101.65049750000001,OPERATIONAL,electric_vehicle_charging_station,electric_vehicle_charging_station|transportation_service|point_of_interest|establishment,Petaling,True,False,likely-public
ChIJS9AgEgBLzDERW3IbZdkweGw,EVC Charging Station,"McDonald, 2, Jalan Pantai Sentral, Bukit Kerinchi, 59200 Kuala Lumpur, Wilayah Persekutuan Kuala Lumpur, Malaysia",3.1021286,101.6666391,OPERATIONAL,electric_vehicle_charging_station,electric_vehicle_charging_station|transportation_service|point_of_interest|establishment,WP Kuala Lumpur,True,False,likely-public
ChIJZ22xFQBLzDER8LrPKIY1E0E,Tesla Supercharger,"2, Persiaran Jalil 8, Bukit Jalil, 57000 Kuala Lumpur, Wilayah Persekutuan Kuala Lumpur, Malaysia",3.050227,101.67088199999999,OPERATIONAL,electric_vehicle_charging_station,electric_vehicle_charging_station|transportation_service|point_of_interest|establishment,WP Kuala Lumpur,True,False,likely-public
ChIJNZSTVJ5KzDERxZMh-7mEJTA,Shell Recharge Charging Station,"Lebuhraya Kuala Lumpur - Seremban, Sungai Besi, 57000 Kuala Lumpur, Wilayah Persekutuan Kuala Lumpur, Malaysia",3.0558679,101.70448569999999,OPERATIONAL,electric_vehicle_charging_station,electric_vehicle_charging_station|transportation_service|point_of_interest|establishment,WP Kuala Lumpur,True,False,likely-public
ChIJ7aqEfZJLzDERmkWxgq2IPBA,DC Handal Charging Station,"B1, The Vertical, Jalan Kerinchi, Bangsar South, 59200 Kuala Lumpur, Wilayah Persekutuan Kuala Lumpur, Malaysia",3.1111248,101.6653065,OPERATIONAL,electric_vehicle_charging_station,electric_vehicle_charging_station|transportation_service|point_of_interest|establishment,WP Kuala Lumpur,True,False,likely-public
ChIJ00WYbTtLzDERZhxOGzCqazs,JomCharge Charging Station,"Taman Serdang Perdana, 43300 Seri Kembangan, Selangor, Malaysia",3.044316,101.7065916,OPERATIONAL,electric_vehicle_charging_station,electric_vehicle_charging_station|transportation_service|point_of_interest|establishment,Petaling,True,False,likely-public
ChIJUWXd0RZLzDERpa6tjdywtTA,Gentari Charging Station,"58200 Kuala Lumpur, Selangor, Malaysia",3.0656719,101.66301890000001,OPERATIONAL,electric_vehicle_charging_station,electric_vehicle_charging_station|transportation_service|point_of_interest|establishment,WP Kuala Lumpur,True,False,likely-public
ChIJPVNeVgBLzDERtId8EmvQPNs,ChargeSINI Charging Station,"14080, Jalan Kuchai Lama, 58200 Kuala Lumpur, Wilayah Persekutuan Kuala Lumpur, Malaysia",3.0923127999999998,101.6853084,OPERATIONAL,electric_vehicle_charging_station,electric_vehicle_charging_station|transportation_service|point_of_interest|establishment,WP Kuala Lumpur,True,False,likely-public
ChIJfx8DyPBKzDERXQ6wJ3ZwxVo,ChargeSINI Charging Station,"The Food Merchant, WCity OUG Sales Gallery Jalan Awan Besar, Taman Overseas United, 15210, Jalan Awan Besar, Taman OUG, 58200 Kuala Lumpur, Federal Territory of Kuala Lumpur, Malaysia",3.0675383999999997,101.6741091,OPERATIONAL,electric_vehicle_charging_station,electric_vehicle_charging_station|transportation_service|point_of_interest|establishment,WP Kuala Lumpur,True,False,likely-public
ChIJT3_SFBxLzDERe65Z4IbcKAI,Shell Recharge Charging Station,"Lebuhraya Kuala Lumpur - Seremban, 57000 Kuala Lumpur, Wilayah Persekutuan Kuala Lumpur, Malaysia",3.049393,101.705787,OPERATIONAL,electric_vehicle_charging_station,electric_vehicle_charging_station|transportation_service|point_of_interest|establishment,Petaling,True,False,likely-public
ChIJzTFSNY9KzDERz4UEYUa_3zI,ChargeSINI Charging Station,"Pinnacle, Jalan Radin Anum 1, Bandar Baru Sri Petaling, 57000 Kuala Lumpur, Wilayah Persekutuan Kuala Lumpur, Malaysia",3.0678859,101.693985,OPERATIONAL,electric_vehicle_charging_station,electric_vehicle_charging_station|transportation_service|point_of_interest|establishment,WP Kuala Lumpur,True,False,likely-public
ChIJaZqBRJRKzDERupbA1liCRbQ,ChargeSINI Charging Station,"Block A, Savanna, 04-01, Jalan 1/155a, Bukit Jalil, 57000 Kuala Lumpur, Wilayah Persekutuan Kuala Lumpur, Malaysia",3.0566047,101.6877758,OPERATIONAL,electric_vehicle_charging_station,electric_vehicle_charging_station|transportation_service|point_of_interest|establishment,WP Kuala Lumpur,True,False,likely-public
ChIJx9JkHgBLzDERawEvrmWoll4,EVC Charging Station,"1, Persiaran Jalil 1, Bukit Jalil, 57000 Kuala Lumpur, Wilayah Persekutuan Kuala Lumpur, Malaysia",3.0541033,101.67016989999999,OPERATIONAL,electric_vehicle_charging_station,electric_vehicle_charging_station|transportation_service|point_of_interest|establishment,WP Kuala Lumpur,True,False,likely-public
ChIJZSPo0itLzDER8J2XstHcODA,ChargeSINI Charging Station,"no 15, 17 1, Jalan SR 8/3, Taman Serdang Raya, 43300 Seri Kembangan, Selangor, Malaysia",3.046985,101.7043752,OPERATIONAL,electric_vehicle_charging_station,electric_vehicle_charging_station|transportation_service|point_of_interest|establishment,Petaling,True,False,likely-public
ChIJyRsQQTNLzDERiW4_PMzOl0o,DC Handal Charging Station,"1, Jalan Pantai Sentral, Pantai Sentral, 59200 Kuala Lumpur, Wilayah Persekutuan Kuala Lumpur, Malaysia",3.1016565999999997,101.6669888,OPERATIONAL,electric_vehicle_charging_station,electric_vehicle_charging_station|transportation_service|point_of_interest|establishment,WP Kuala Lumpur,True,False,likely-public
ChIJz4h3R5JLzDERArpWSKdT27Y,Shell Recharge Charging Station,"2, Persiaran Jalil 8, Bukit Jalil, 57000 Kuala Lumpur, Wilayah Persekutuan Kuala Lumpur, Malaysia",3.05306,101.67292300000001,OPERATIONAL,electric_vehicle_charging_station,electric_vehicle_charging_station|transportation_service|point_of_interest|establishment,WP Kuala Lumpur,True,False,likely-public
ChIJzy9n-0FKzDER3scnCHa_vV4,ChargeSINI Charging Station,"KL Palace Court, Taman Kuchai Jaya, 58200 Kuala Lumpur, Federal Territory of Kuala Lumpur, Malaysia",3.0882012999999997,101.6836787,OPERATIONAL,electric_vehicle_charging_station,electric_vehicle_charging_station|transportation_service|point_of_interest|establishment,WP Kuala Lumpur,True,False,likely-public
ChIJT-sRXJ5KzDER2RzW1t85SlA,chargEV Charging Station,"4783, Lebuhraya Kuala Lumpur - Seremban, Taman Teknologi Malaysia, 57000 Kuala Lumpur, Wilayah Persekutuan Kuala Lumpur, Malaysia",3.0563955,101.70419129999999,OPERATIONAL,electric_vehicle_charging_station,electric_vehicle_charging_station|transportation_service|point_of_interest|establishment,WP Kuala Lumpur,True,False,likely-public
ChIJ84aTlVJKzDER_XPxbAOQW80,ChargeSINI Charging Station,"Citizen 2 @ Old Klang Road Jalan Nusantara Petaling, Old Klang Rd, Taman Sri Sentosa, 58000 Kuala Lumpur, Federal Territory of Kuala Lumpur, Malaysia",3.081979,101.66278179999999,OPERATIONAL,electric_vehicle_charging_station,electric_vehicle_charging_station|transportation_service|point_of_interest|establishment,WP Kuala Lumpur,True,False,likely-public
ChIJB3sWSgA3zDEREIb-k6yW1XU,KL City Pickleball @ Zebra Square,"18, Jalan Kampung Pandan, Kelab Golf di Raja Selangor, 55100 Kuala Lumpur, Wilayah Persekutuan Kuala Lumpur, Malaysia",3.1386005,101.7246212,OPERATIONAL,athletic_field,electric_vehicle_charging_station|transportation_service|athletic_field|sports_activity_location|point_of_interest|establishment,WP Kuala Lumpur,True,False,likely-public
ChIJ8crnQ3A3zDERy4IxDjT9rzk,Zebra Square,"18, Jalan Kampung Pandan, Kelab Golf di Raja Selangor, 55100 Kuala Lumpur, Wilayah Persekutuan Kuala Lumpur, Malaysia",3.1381633,101.724481,OPERATIONAL,event_venue,event_venue|electric_vehicle_charging_station|parking_lot|parking|transportation_service|athletic_field|sports_activity_location|service|point_of_interest|establishment,WP Kuala Lumpur,True,False,likely-public
ChIJ7YfBp_5JzDERr0uGSVCCQ5A,Tesla Experience Centre - Pavilion Damansara Heights,"Lot 2.27.11, Level 2, 3, Jalan Damanlela, Damansara Town Centre, 50490 Kuala Lumpur, Federal Territory of Kuala Lumpur, Malaysia",3.1457892999999997,101.66301279999999,OPERATIONAL,car_dealer,electric_vehicle_charging_station|transportation_service|car_dealer|store|point_of_interest|establishment,WP Kuala Lumpur,True,False,likely-public
ChIJiaP8MMxJzDERHbFAmGyVhLk,DC Handal Charging Station,"Wisma UOA Damansara II, 50, Jalan Dungun, Bukit Damansara, 50490 Kuala Lumpur, Wilayah Persekutuan Kuala Lumpur, Malaysia",3.1515074,101.6663686,OPERATIONAL,electric_vehicle_charging_station,electric_vehicle_charging_station|transportation_service|point_of_interest|establishment,WP Kuala Lumpur,True,False,likely-public
ChIJH58jKyw2zDERS90810UszUE,Charge+ Charging Station,"160, Jln Imbi, Imbi, 55100 Kuala Lumpur, Wilayah Persekutuan Kuala Lumpur, Malaysia",3.1464798999999997,101.7154772,OPERATIONAL,electric_vehicle_charging_station,electric_vehicle_charging_station|transportation_service|point_of_interest|establishment,WP Kuala Lumpur,True,False,likely-public
ChIJFfpUAgA3zDER4NdB0lemi7k,Tesla Supercharger,"Pavilion, Jln Bukit Bintang, Bukit Bintang, 55100 Kuala Lumpur, Selangor, Malaysia",3.1489965,101.7134133,OPERATIONAL,electric_vehicle_charging_station,electric_vehicle_charging_station|transportation_service|point_of_interest|establishment,WP Kuala Lumpur,True,False,likely-public
ChIJpXuJvbpJzDERcQirvr4o4cM,Shell Recharge Charging Station,"Jalan Kiara 1, Mont Kiara, 50480 Kuala Lumpur, Wilayah Persekutuan Kuala Lumpur, Malaysia",3.1657005999999996,101.6530803,OPERATIONAL,electric_vehicle_charging_station,electric_vehicle_charging_station|transportation_service|point_of_interest|establishment,WP Kuala Lumpur,True,False,likely-public
ChIJ2eUnUQBJzDER02gfPJFfsdY,Gentari Go Charging Station,"The Boulevard Office Mid Valley City, Mid Valley City, 58000 Kuala Lumpur, Wilayah Persekutuan Kuala Lumpur, Malaysia",3.117641,101.67820569999999,OPERATIONAL,electric_vehicle_charging_station,electric_vehicle_charging_station|transportation_service|point_of_interest|establishment,WP Kuala Lumpur,True,False,likely-public
ChIJX4i2YtM3zDERlA2vQF5PI-8,Virta Global Charging Station,"Basement 1 Centre Core Pillar F22, City Centre, 50450 Kuala Lumpur, Wilayah Persekutuan Kuala Lumpur, Malaysia",3.1530999,101.7126,OPERATIONAL,electric_vehicle_charging_station,electric_vehicle_charging_station|transportation_service|point_of_interest|establishment,WP Kuala Lumpur,True,False,likely-public
ChIJ6_OSGNA3zDERtXmNM2Ngl7U,ChargeSini Charging Station,"165, Jln Ampang, Kuala Lumpur, 50450 Kuala Lumpur, Wilayah Persekutuan Kuala Lumpur, Malaysia",3.1598976,101.71774649999999,OPERATIONAL,electric_vehicle_charging_station,electric_vehicle_charging_station|transportation_service|point_of_interest|establishment,WP Kuala Lumpur,True,False,likely-public
ChIJX3oI0cBJzDER_UYAGyNPfNE,Charge+ Charging Station,"1, Jalan Stesen Sentral 2, Kuala Lumpur Sentral, 50470 Kuala Lumpur, Wilayah Persekutuan Kuala Lumpur, Malaysia",3.136392,101.68638,OPERATIONAL,electric_vehicle_charging_station,electric_vehicle_charging_station|transportation_service|point_of_interest|establishment,WP Kuala Lumpur,True,False,likely-public
ChIJQ1v0yZZJzDER4sOlcNT1SGE,DC Handal Charging Station,"West Wing, Wisma MATRADE, Jalan Sultan Haji Ahmad Shah, Kompleks Kerajaan, 50480 Kuala Lumpur, Wilayah Persekutuan Kuala Lumpur, Malaysia",3.1775404,101.6660588,OPERATIONAL,electric_vehicle_charging_station,electric_vehicle_charging_station|transportation_service|point_of_interest|establishment,WP Kuala Lumpur,True,False,likely-public
ChIJ-X9i3NNJzDERzPKNNX-bP9U,chargEV Charging Station,"100, Jalan Tun Perak, Bukit Bintang, 50050 Kuala Lumpur, Wilayah Persekutuan Kuala Lumpur, Malaysia",3.1474385999999996,101.6998733,OPERATIONAL,electric_vehicle_charging_station,electric_vehicle_charging_station|transportation_service|point_of_interest|establishment,WP Kuala Lumpur,True,False,likely-public
ChIJqc8xG9Q3zDERqMv85NMUfl4,chargEV Charging Station,"MANDARIN ORIENTAL HOTEL KL, P1 Kuala Lumpur 50450 MY, Kuala Lumpur City Centre, 50450 Kuala Lumpur, Federal Territory of Kuala Lumpur, Malaysia",3.1557869999999997,101.71177999999999,OPERATIONAL,electric_vehicle_charging_station,electric_vehicle_charging_station|transportation_service|point_of_interest|establishment,WP Kuala Lumpur,True,False,likely-public
ChIJPby1d9I3zDER1ZFUuKsKiG8,Gentari Charging Station,"9, Persiaran KLCC, Kuala Lumpur, 50450 Kuala Lumpur, Wilayah Persekutuan Kuala Lumpur, Malaysia",3.15443,101.718121,OPERATIONAL,electric_vehicle_charging_station,electric_vehicle_charging_station|transportation_service|point_of_interest|establishment,WP Kuala Lumpur,True,False,likely-public
ChIJjVNNcAA3zDERkEdLCLMpCZY,Electric Vehicle Charging Station Imperial Lexis Kuala Lumpur,"Jalan Kia Peng, Kuala Lumpur, 50450 Kuala Lumpur, Wilayah Persekutuan Kuala Lumpur, Malaysia",3.1527239999999996,101.7163934,OPERATIONAL,electric_vehicle_charging_station,electric_vehicle_charging_station|transportation_service|point_of_interest|establishment,WP Kuala Lumpur,True,False,likely-public
ChIJp3CrVZw3zDER4hCW3g_7wOU,GO TO-U Charging Station,"Royal Selangor Golf Club, 55000 Kuala Lumpur, Federal Territory of Kuala Lumpur, Malaysia",3.1411757,101.7211432,OPERATIONAL,electric_vehicle_charging_station,electric_vehicle_charging_station|transportation_service|point_of_interest|establishment,WP Kuala Lumpur,True,False,likely-public
ChIJZ9WJmEJHzDER5j7f8PlDSgc,DC Handal Charging Station,"Bamboo Hills, Off, Lebuhraya Duta - Ulu Kelang, Taman Bamboo, 51200 Kuala Lumpur, Wilayah Persekutuan Kuala Lumpur, Malaysia",3.1941497,101.67289009999999,OPERATIONAL,electric_vehicle_charging_station,electric_vehicle_charging_station|transportation_service|point_of_interest|establishment,WP Kuala Lumpur,True,False,likely-public
ChIJ4_8xmBRHzDER4y-PtiVbzzY,ChargeSINI Charging Station,"Taman Raintree, 68100 Batu Caves, Selangor, Malaysia",3.2457939,101.6824805,OPERATIONAL,electric_vehicle_charging_station,electric_vehicle_charging_station|transportation_service|point_of_interest|establishment,Gombak,True,False,likely-public
ChIJDdWXsuA3zDERLed3koEgWc4,ChargeSINI Charging Station,"Expressionz Professional Suites by EXSIM, Jln Tun Razak, Titiwangsa, 50400 Kuala Lumpur, Federal Territory of Kuala Lumpur, Malaysia",3.1716287,101.71243349999999,OPERATIONAL,electric_vehicle_charging_station,electric_vehicle_charging_station|transportation_service|point_of_interest|establishment,WP Kuala Lumpur,True,False,likely-public
ChIJDxgqpclHzDERpX9InYJYlII,ChargeSINI Charging Station,"68, Jalan Sibu Jalan Sibu, Jln Sultan Azlan Shah, Taman Wahyu, 68100 Kuala Lumpur, Federal Territory of Kuala Lumpur, Malaysia",3.2090031,101.66894599999999,OPERATIONAL,electric_vehicle_charging_station,electric_vehicle_charging_station|transportation_service|point_of_interest|establishment,WP Kuala Lumpur,True,False,likely-public
ChIJu25IjmRIzDERkBZEYUEyy0c,ChargEV Charging Station,"2, Jalan Dutamas, Kompleks Kerajaan, 50480 Kuala Lumpur, Wilayah Persekutuan Kuala Lumpur, Malaysia",3.1793955,101.6671557,CLOSED_TEMPORARILY,electric_vehicle_charging_station,electric_vehicle_charging_station|transportation_service|point_of_interest|establishment,WP Kuala Lumpur,False,False,likely-public
ChIJjUf-VnhIzDERced17oAwKxY,Virta Charging Station,"50009, Jln Kuching, Selangor, 51200 Kuala Lumpur, Wilayah Persekutuan Kuala Lumpur, Malaysia",3.1889022999999996,101.6701705,OPERATIONAL,electric_vehicle_charging_station,electric_vehicle_charging_station|transportation_service|point_of_interest|establishment,WP Kuala Lumpur,True,False,likely-public
ChIJMwZtnWBIzDERJITjOI-4FOA,chargEV Charging Station,"1, Jln Solaris Dutamas, Solaris Dutamas, 50480 Kuala Lumpur, Wilayah Persekutuan Kuala Lumpur, Malaysia",3.1715668000000004,101.665041,OPERATIONAL,electric_vehicle_charging_station,electric_vehicle_charging_station|transportation_service|point_of_interest|establishment,WP Kuala Lumpur,True,False,likely-public
ChIJYd_kWfhHzDERby8XkxoXDSw,ChargeSINI Charging Station,"Taman Tai Onn, 53100 Kuala Lumpur, Federal Territory of Kuala Lumpur, Malaysia",3.1984035,101.7047278,OPERATIONAL,electric_vehicle_charging_station,electric_vehicle_charging_station|transportation_service|point_of_interest|establishment,WP Kuala Lumpur,True,False,likely-public
ChIJKwlbR2BIzDERNiEwmCt4y0k,ChargeSINI Charging Station,"Hartamas Regency 2, 50480 Kuala Lumpur, Wilayah Persekutuan Kuala Lumpur, Malaysia",3.1731232,101.6627508,OPERATIONAL,electric_vehicle_charging_station,electric_vehicle_charging_station|transportation_service|point_of_interest|establishment,WP Kuala Lumpur,True,False,likely-public
ChIJMVq2M9w3zDERye8pUEVHWhc,Gentari Charging Station,"Level 12, Menara KPJ, 238, Jln Tun Razak, 50400 Kuala Lumpur, Wilayah Persekutuan Kuala Lumpur, Malaysia",3.1681887,101.7133753,OPERATIONAL,electric_vehicle_charging_station,electric_vehicle_charging_station|transportation_service|point_of_interest|establishment,WP Kuala Lumpur,True,False,likely-public
ChIJEbc0rAZIzDERir5OIBAt_UU,ChargeSINI Charging Station,"Heritage Condominium, Jalan Pahang, Setapak, 53000 Kuala Lumpur, Wilayah Persekutuan Kuala Lumpur, Malaysia",3.1863294000000004,101.7008519,OPERATIONAL,electric_vehicle_charging_station,electric_vehicle_charging_station|transportation_service|point_of_interest|establishment,WP Kuala Lumpur,True,False,likely-public
ChIJ7TJPTwA5zDER4T3HLMxXjZA,TNB Electron Charging Station,"5242, Jalan Genting Kelang, Kawasan Perumahan Pkns, 53000 Kuala Lumpur, Wilayah Persekutuan Kuala Lumpur, Malaysia",3.1984212,101.7162573,OPERATIONAL,electric_vehicle_charging_station,electric_vehicle_charging_station|transportation_service|point_of_interest|establishment,WP Kuala Lumpur,True,False,likely-public
ChIJK4a_5gpHzDERxMLNL48_uNw,Chargesini Charging Station,"Cycle & Carriage, Jalan Perusahaan 1, Kawasan Perindustrian PKNS, 68100 Batu Caves, Selangor, Malaysia",3.2325333,101.6823715,OPERATIONAL,electric_vehicle_charging_station,electric_vehicle_charging_station|transportation_service|point_of_interest|establishment,Gombak,True,False,likely-public
ChIJPY4rxw9IzDERhyEoR-V2_cI,ChargeSINI Charging Station,"The Fennel Sentul East Jalan Amra, Sentul Selatan, Sentul, 51000 Kuala Lumpur, Federal Territory of Kuala Lumpur, Malaysia",3.1821222,101.6936497,OPERATIONAL,electric_vehicle_charging_station,electric_vehicle_charging_station|transportation_service|point_of_interest|establishment,WP Kuala Lumpur,True,False,likely-public
ChIJ113goQtHzDERkh0fvIUn6Fg,Nissan Charging Station,"Jalan Perusahaan 1, Kawasan Industri Batu Caves, 68100 Batu Caves, Selangor, Malaysia",3.2340212999999998,101.680989,OPERATIONAL,electric_vehicle_charging_station,electric_vehicle_charging_station|transportation_service|point_of_interest|establishment,Gombak,True,False,likely-public
ChIJQY8bP6rIzTERuvYx-dA3HJM,ChargeSINI Charging Station,"Palmyra Residence Palmyra, Bandar Bukit Mahkota, 43000 Kajang, Selangor, Malaysia",2.8770975,101.7935684,OPERATIONAL,electric_vehicle_charging_station,electric_vehicle_charging_station|transportation_service|point_of_interest|establishment,Hulu Langat,True,False,likely-public
ChIJE01aTC3LzTERxnwBQYK_PsQ,Gentari Charging Station,"Bangi Golf Club, 43650 Bandar Baru Bangi, Selangor, Malaysia",2.9569826,101.76557030000001,OPERATIONAL,electric_vehicle_charging_station,electric_vehicle_charging_station|transportation_service|point_of_interest|establishment,Hulu Langat,True,False,likely-public
ChIJW7xj7RLJzTERWD-wNwZ67J4,ChargeSini Charging Station,"Persiaran Pekeliling, Seksyen 15, 43650 Bandar Baru Bangi, Selangor, Malaysia",2.9328719,101.7653204,OPERATIONAL,electric_vehicle_charging_station,electric_vehicle_charging_station|transportation_service|point_of_interest|establishment,Hulu Langat,True,False,likely-public
ChIJO8d1-J7LzTEReYDaHFWtBP0,ChargeSINI Charging Station,"35 & 36-G-01, Jalan Medan PB2B, Seksyen 9, 43650 Bandar Baru Bangi, Selangor, Malaysia",2.9608556,101.75230549999999,OPERATIONAL,electric_vehicle_charging_station,electric_vehicle_charging_station|transportation_service|point_of_interest|establishment,Hulu Langat,True,False,likely-public
ChIJby4RmFLJzTERO5n5nhzfK6M,ChargeSINI Charging Station,"Puncak Hijauan Condominium, Jalan Pintar, Taman Universiti, 43000 Kajang, Selangor, Malaysia",2.9447197999999997,101.7964715,OPERATIONAL,electric_vehicle_charging_station,electric_vehicle_charging_station|transportation_service|point_of_interest|establishment,Hulu Langat,True,False,likely-public
ChIJgeRtMtLLzTERdjd7XyfZ8-I,ChargeSini Charging Station,"Persiaran Bangi, Seksyen 9, 43650 Bandar Baru Bangi, Selangor, Malaysia",2.9619359999999997,101.75732140000001,OPERATIONAL,electric_vehicle_charging_station,electric_vehicle_charging_station|transportation_service|point_of_interest|establishment,Hulu Langat,True,False,likely-public
ChIJy1FDOyvKzTERBmGAS9_zSVc,chargEV Charging Station,"43650, Jalan 9/10, 43650 Bandar Baru Bangi, Selangor, Malaysia",2.95756,101.751364,OPERATIONAL,electric_vehicle_charging_station,electric_vehicle_charging_station|transportation_service|point_of_interest|establishment,Hulu Langat,True,False,likely-public
ChIJKRkh8XvJzTERQM_Ish8UEYg,JomCharge Charging Station,"Persiaran Kemajuan, Seksyen 1, Banda, 43650 Bandar Baru Bangi, Selangor, Malaysia",2.9490881,101.758984,OPERATIONAL,electric_vehicle_charging_station,electric_vehicle_charging_station|transportation_service|point_of_interest|establishment,Hulu Langat,True,False,likely-public
ChIJH5CPgb_LzTERmrCzUmb5V8c,CentRoy Bimmers Autoworks (HQ),"Lot 147, Kampung Baru, Jalan Sungai Chua, Sungai Chua, 43000 Kajang, Selangor, Malaysia",2.9904433999999998,101.77036009999999,OPERATIONAL,car_repair,tire_shop|electric_vehicle_charging_station|auto_parts_store|car_repair|store|transportation_service|service|point_of_interest|establishment,Hulu Langat,True,False,likely-public
ChIJcwDJwYfLzTERPODepKZR5ts,ChargeSINI Charging Station,"Persiaran Impian Indah, Taman Impian Indah, 43300 Seri Kembangan, Selangor, Malaysia",3.0248565,101.75155040000001,OPERATIONAL,electric_vehicle_charging_station,electric_vehicle_charging_station|transportation_service|point_of_interest|establishment,Hulu Langat,True,False,likely-public
ChIJs2ww_U7KzTERN7XHSpCTEXg,chargEV Charging Station,"SILK, Taman Perindustrian Selaman, 43650 Bandar Baru Bangi, Selangor, Malaysia",2.9809015,101.7439651,OPERATIONAL,electric_vehicle_charging_station,electric_vehicle_charging_station|transportation_service|point_of_interest|establishment,Hulu Langat,True,False,likely-public
ChIJB-LvKETKzTERSiWFKNCpQ1E,ChargeSINI Charging Station,"Park Inn by Radisson Putrajaya, Jalan Universiti, Taman Unipark Suria, 43000 Kajang, Selangor, Malaysia",2.9792833,101.7375646,OPERATIONAL,electric_vehicle_charging_station,electric_vehicle_charging_station|transportation_service|point_of_interest|establishment,Sepang,True,False,likely-public
ChIJ-YkP-inLzTERZx9JAkaYPa4,Virta Global Charging Station,"Jalan Balakong, Kampung Baru Balakong, 60566 Auto Bavaria Balakong Lot, Selangor, Malaysia",3.0276874,101.7533279,OPERATIONAL,electric_vehicle_charging_station,electric_vehicle_charging_station|transportation_service|point_of_interest|establishment,Hulu Langat,True,False,likely-public
ChIJ9W6cd3LLzTERoVcLp4TxeJE,EvGuru Charging Station,"Mazda Balakong and Cheras Selatan - Thrive Glory. 31 & 32G Jalan Simfoni 1 Balakong, 43300 Seri Kembangan, Selangor, Malaysia",3.0260442999999997,101.75101149999999,OPERATIONAL,electric_vehicle_charging_station,electric_vehicle_charging_station|transportation_service|point_of_interest|establishment,Hulu Langat,True,False,likely-public
ChIJ-Snq_DbLzTERDBlKdbtPXgg,chargEV Charging Station,"74, Lebuhraya Cheras - Kajang, Kampung Sungai Sekamat, 43200 Kajang, Selangor, Malaysia",3.025525,101.771709,OPERATIONAL,electric_vehicle_charging_station,electric_vehicle_charging_station|transportation_service|point_of_interest|establishment,Hulu Langat,True,False,likely-public
ChIJwdj8DhrLzTERnjE8Axi2bAM,ChargeSINI Charging Station,"Lot 4711 Batu 12 Cheras, Jalan Seksyen 3/4, Taman Delima, 43000 Kajang, Selangor, Malaysia",3.0190647,101.7764885,OPERATIONAL,electric_vehicle_charging_station,electric_vehicle_charging_station|transportation_service|point_of_interest|establishment,Hulu Langat,True,False,likely-public
ChIJG58-loHLzTERd9sAVYbpIOs,chargEV Charging Station,"1 2, Jalan Jelok 6, Bandar Kajang, 43000 Kajang, Selangor, Malaysia",2.99157,101.79361999999999,OPERATIONAL,electric_vehicle_charging_station,electric_vehicle_charging_station|transportation_service|point_of_interest|establishment,Hulu Langat,True,False,likely-public
ChIJNaNwLhXLzTERAjapniOVraI,chargEV Charging Station,"Lebuhraya Cheras - Kajang, 43000 Cheras, Selangor, Malaysia",3.0112066,101.77484559999999,OPERATIONAL,electric_vehicle_charging_station,electric_vehicle_charging_station|transportation_service|point_of_interest|establishment,Hulu Langat,True,False,likely-public
ChIJVefUFgDLzTERCezN6haem4g,TNB Electron Charging Station,"Lakeside Parking, UNITEN Mosque, 43000 Kajang, Selangor, Malaysia",2.9714052,101.73242409999999,OPERATIONAL,electric_vehicle_charging_station,electric_vehicle_charging_station|transportation_service|point_of_interest|establishment,Sepang,True,False,likely-public
ChIJuXJHv9E1zDERRFAvWYI-Kss,Autel Charging Station,"Taman Mutiara Barat, 56000 Kuala Lumpur, Wilayah Persekutuan Kuala Lumpur, Malaysia",3.0956311,101.7386473,OPERATIONAL,electric_vehicle_charging_station,electric_vehicle_charging_station|transportation_service|point_of_interest|establishment,WP Kuala Lumpur,True,False,likely-public
ChIJSZJ3bD81zDER-e-JJ8LXTJQ,EVPower Charging Station,"Ground Level Car Park, Arte Cheras, Jln Cheras, Taman Midah, 56000 Cheras, Taman Midah, 56000 Kuala Lumpur, Wilayah Persekutuan Kuala Lumpur, Malaysia",3.1000891,101.73558779999999,OPERATIONAL,electric_vehicle_charging_station,electric_vehicle_charging_station|transportation_service|point_of_interest|establishment,WP Kuala Lumpur,True,False,likely-public
ChIJL6BgI9w0zDERkb-pcWjF9ZQ,JomCharge Charging Station,"2QX5+JFG, 43200 Cheras, Selangor, Malaysia",3.0490630999999997,101.7587038,OPERATIONAL,electric_vehicle_charging_station,electric_vehicle_charging_station|transportation_service|point_of_interest|establishment,Hulu Langat,True,False,likely-public
ChIJg84ew6I1zDERb4VKIqoKyt0,ChargeSINI Charging Station,"IKON Connaught, Jalan Cerdas, Taman Connaught, 56000 Kuala Lumpur, Federal Territory of Kuala Lumpur, Malaysia",3.0811325999999997,101.7315567,OPERATIONAL,electric_vehicle_charging_station,electric_vehicle_charging_station|transportation_service|point_of_interest|establishment,WP Kuala Lumpur,True,False,likely-public
ChIJG9OcKac1zDER-6qIRoHRpeM,Powered by RISE Charging Station,"NO A-G-01, MAHKOTA GARDEN, Jalan Mahkota Garden, Bandar Mahkota Cheras, 43200 Kajang, Selangor, Malaysia",3.0497109,101.7839748,OPERATIONAL,electric_vehicle_charging_station,electric_vehicle_charging_station|transportation_service|point_of_interest|establishment,Hulu Langat,True,False,likely-public
ChIJ26_G1Jk0zDERdg4WRwmaTDs,ChargeSINI Charging Station,"BMC Mall, Jalan Temenggung 21/9, Bandar Mahkota Cheras, 43200 Cheras, Selangor, Malaysia",3.0546517,101.7868129,OPERATIONAL,electric_vehicle_charging_station,electric_vehicle_charging_station|transportation_service|point_of_interest|establishment,Hulu Langat,True,False,likely-public
ChIJnxuRPwE1zDERehM7ib7nN8o,ChargeSINI Charging Station,"2, Jln Bukit Cheras 18, Taman Bukit Cheras, 56000 Kuala Lumpur, Federal Territory of Kuala Lumpur, Malaysia",3.0685826,101.747993,OPERATIONAL,electric_vehicle_charging_station,electric_vehicle_charging_station|transportation_service|point_of_interest|establishment,WP Kuala Lumpur,True,False,likely-public
ChIJmYb_d-Y0zDERaEPLGPbAQV4,ChargeSINI Charging Station,"Casa Green Condominium - Cheras, Jalan Casa Green, Taman Seri Cheras, 43200 Cheras, Selangor, Malaysia",3.0573796,101.7615934,OPERATIONAL,electric_vehicle_charging_station,electric_vehicle_charging_station|transportation_service|point_of_interest|establishment,Hulu Langat,True,False,likely-public
ChIJv9qSe901zDERsyU6frxIJXw,Powered by RISE Charging Station,"Cheras Plaza, Jalan Manis 1, Taman Segar, 56100 Kuala Lumpur, Wilayah Persekutuan Kuala Lumpur, Malaysia",3.0909361,101.74422249999999,OPERATIONAL,electric_vehicle_charging_station,electric_vehicle_charging_station|transportation_service|point_of_interest|establishment,WP Kuala Lumpur,True,False,likely-public
ChIJUwXKbvI0zDERro2kHi7uW84,chargEV Charging Station,"219, Lebuhraya Cheras - Kajang, Taman Kota Cheras, 43200 Cheras, Selangor, Malaysia",3.063037,101.771346,OPERATIONAL,electric_vehicle_charging_station,electric_vehicle_charging_station|transportation_service|point_of_interest|establishment,Hulu Langat,True,False,likely-public
ChIJ-fbJ11k0zDERJo5ZFa6vH7k,ChargeSini Charging Station,"u You Vista You vista, Jalan Persiaran You City, Taman Suntex, 43200 Cheras, Selangor, Malaysia",3.0743481,101.76297059999999,OPERATIONAL,electric_vehicle_charging_station,electric_vehicle_charging_station|transportation_service|point_of_interest|establishment,Hulu Langat,True,False,likely-public
ChIJ9cj70Dk1zDERhjRH8QTqGP8,ChargeSINI Charging Station,"CloudTree Residence CloudTree Residence, Jalan Juara, Bandar Damai Perdana, 43300 Seri Kembangan, Selangor, Malaysia",3.0433544,101.7330171,OPERATIONAL,electric_vehicle_charging_station,electric_vehicle_charging_station|transportation_service|point_of_interest|establishment,Hulu Langat,True,False,likely-public
ChIJWQ2t2wc3zDERRz7GcQVyPCg,Gentari Go Charging Station,"318, Jalan Kolam Ayer Lama, Taman Dato Ahmad Razali, 68000 Ampang, Selangor, Malaysia",3.160262,101.75414049999999,OPERATIONAL,electric_vehicle_charging_station,electric_vehicle_charging_station|transportation_service|point_of_interest|establishment,Hulu Langat,True,False,likely-public
ChIJw-arQoo2zDERUBzUgkzXhcQ,ChargeSINI Charging Station,"L2/1, Jalan Pandan Utama, Pandan Indah, 56100 Kuala Lumpur, Selangor, Malaysia",3.1280514,101.753996,OPERATIONAL,electric_vehicle_charging_station,electric_vehicle_charging_station|transportation_service|point_of_interest|establishment,Hulu Langat,True,False,likely-public
ChIJt0QgBUk3zDEROegpaIrG31w,Shell Recharge Charging Station,"360, Jln Tun Razak, Taman U Thant, 50400 Kuala Lumpur, Wilayah Persekutuan Kuala Lumpur, Malaysia",3.1593679999999997,101.7208139,OPERATIONAL,electric_vehicle_charging_station,electric_vehicle_charging_station|transportation_service|point_of_interest|establishment,WP Kuala Lumpur,True,False,likely-public
ChIJxR9BctM3zDERKVmI5LxaC3Q,Gentari Charging Station,"Jalan Pinang, Bandar, 50450 Kuala Lumpur, Wilayah Persekutuan Kuala Lumpur, Malaysia",3.1532003,101.7136907,OPERATIONAL,electric_vehicle_charging_station,electric_vehicle_charging_station|transportation_service|point_of_interest|establishment,WP Kuala Lumpur,True,False,likely-public
ChIJmen-ydY3zDEREX-rYuHinlU,ChargEV Charging Station,"Season Parking Pass required to enter. Basement Parking Level P3, Pillar 13B 50088 Kuala Lumpur, 504, Jln Ampang, Kuala Lumpur City Centre, 55000 Kuala Lumpur, Federal Territory of Kuala Lumpur, Malaysia",3.157447,101.71215199999999,OPERATIONAL,electric_vehicle_charging_station,electric_vehicle_charging_station|transportation_service|point_of_interest|establishment,WP Kuala Lumpur,True,False,likely-public
ChIJO7-vmbA3zDERRsn3jZtP3Mg,ChargeSINI Charging Station,"Jln Ampang, Desa Pahlawan, 55000 Kuala Lumpur, Wilayah Persekutuan Kuala Lumpur, Malaysia",3.1603464,101.73693899999999,OPERATIONAL,electric_vehicle_charging_station,electric_vehicle_charging_station|transportation_service|point_of_interest|establishment,WP Kuala Lumpur,True,False,likely-public
ChIJraWKm9M3zDERz4znY2iPfXQ,chargEV Charging Station,"Stall 7, Jalan Pinang, Kuala Lumpur, 50450 Kuala Lumpur, Wilayah Persekutuan Kuala Lumpur, Malaysia",3.1548551999999996,101.7106019,OPERATIONAL,electric_vehicle_charging_station,electric_vehicle_charging_station|transportation_service|point_of_interest|establishment,WP Kuala Lumpur,True,False,likely-public
ChIJ43SGJfA5zDERmCzO37hK2Ac,Ukay Boulevard MRR2,"Jalan Taman Zooview, Taman Zooview, 68000 Ampang, Selangor, Malaysia",3.2053408,101.75699929999999,OPERATIONAL,electric_vehicle_charging_station,electric_vehicle_charging_station|transportation_service|point_of_interest|establishment,Gombak,True,False,likely-public
ChIJ30gAWQA5zDERrwou14_jqI4,TNB Electron Charging Station,"Ground Floor, 5, Basement Parking, AEON BiG, 6, Jalan 8/27a, Wangsa Maju, 53300 Kuala Lumpur, Federal Territory of Kuala Lumpur, Malaysia",3.1961796,101.74277029999999,OPERATIONAL,electric_vehicle_charging_station,electric_vehicle_charging_station|transportation_service|point_of_interest|establishment,WP Kuala Lumpur,True,False,likely-public
ChIJb3ZaxFI4zDERhAHNVNN7wmY,ChargeSINI Charging Station,"8a, Jalan Melawati Taman Melawati, 53100 Kuala Lumpur, Selangor, 53100 Ampang Jaya, Federal Territory of Kuala Lumpur, Malaysia",3.2214335,101.75145049999999,OPERATIONAL,electric_vehicle_charging_station,electric_vehicle_charging_station|transportation_service|point_of_interest|establishment,Gombak,True,False,likely-public
ChIJkdAnkC84zDERxhPIhNvqe0c,Charge+ Charging Station,"9, Jalan Wangsa Delima 12, Wangsa Maju, 53300 Kuala Lumpur, Wilayah Persekutuan Kuala Lumpur, Malaysia",3.1984399999999997,101.741715,OPERATIONAL,electric_vehicle_charging_station,electric_vehicle_charging_station|transportation_service|point_of_interest|establishment,WP Kuala Lumpur,True,False,likely-public
ChIJ9eevkDs4zDERmmhMSUydWz4,ChargeSini Charging Station,"36&37, jalan metro wangsa, Section 2 wangsa maju, Setiawangsa, 53300 Kuala Lumpur, Federal Territory of Kuala Lumpur, Malaysia",3.2033503999999997,101.73632839999999,OPERATIONAL,electric_vehicle_charging_station,electric_vehicle_charging_station|transportation_service|point_of_interest|establishment,WP Kuala Lumpur,True,False,likely-public
ChIJGxRGnEk4zDERVMCMupsUoak,ChargeSINI Charging Station,"Jln Bandar Melawati, Taman Melawati, 53100 Ampang, Selangor, Malaysia",3.2122452999999997,101.7457288,OPERATIONAL,electric_vehicle_charging_station,electric_vehicle_charging_station|transportation_service|point_of_interest|establishment,WP Kuala Lumpur,True,False,likely-public
ChIJGRhFj9I5zDERiuyzL_znBRI,Shell Recharge Charging Station,"823, KL East Mall, Jln Lingkaran Tengah 2, Sunway Montana (U/C), 53100 Kuala Lumpur, Wilayah Persekutuan Kuala Lumpur, Malaysia",3.2249006,101.73051509999999,CLOSED_TEMPORARILY,electric_vehicle_charging_station,electric_vehicle_charging_station|transportation_service|point_of_interest|establishment,WP Kuala Lumpur,False,False,likely-public
ChIJWzbIvAM4zDER18cGnohyPh8,ChargeSINI Charging Station,"1, Jalan Arena 1, Taman Ayer Panas, 53200 Kuala Lumpur, Wilayah Persekutuan Kuala Lumpur, Malaysia",3.1941032,101.7146227,OPERATIONAL,electric_vehicle_charging_station,electric_vehicle_charging_station|transportation_service|point_of_interest|establishment,WP Kuala Lumpur,True,False,likely-public
ChIJ2XQSKVM4zDERvocJweqDoqs,ChargeSINI Charging Station,"Nadayu 63, Taman Nadayu Melawati, Taman Melawati, 53100 Klang, Selangor, Malaysia",3.2223067999999997,101.7519025,OPERATIONAL,electric_vehicle_charging_station,electric_vehicle_charging_station|transportation_service|point_of_interest|establishment,Gombak,True,False,likely-public
ChIJA_qu0pU3zDER3ZeOGHQgsEw,ChargeSINI Charging Station,"One Jelatek Condominium One Jelatek Condominium, Jln Jelatek, Kementah, 54200 Klang, Selangor, Malaysia",3.1731461999999997,101.7346197,OPERATIONAL,electric_vehicle_charging_station,electric_vehicle_charging_station|transportation_service|point_of_interest|establishment,WP Kuala Lumpur,True,False,likely-public
ChIJH3E-Qic4zDER7wlssU68k7w,ChargeSINI Charging Station,"Lexa Residence Lexa Residence, Jalan 34/26, Wangsa Maju, 53300 Kuala Lumpur, Wilayah Persekutuan Kuala Lumpur, Malaysia",3.1912463,101.73662670000002,OPERATIONAL,electric_vehicle_charging_station,electric_vehicle_charging_station|transportation_service|point_of_interest|establishment,WP Kuala Lumpur,True,False,likely-public
ChIJq8WAzek3zDERGj1R1vBZb0E,ChargeSINI Charging Station,"Gurney Mall, Jln Maktab, Kampung Datuk Keramat, 54000 Kuala Lumpur, Wilayah Persekutuan Kuala Lumpur, Malaysia",3.1714865,101.7212603,OPERATIONAL,electric_vehicle_charging_station,electric_vehicle_charging_station|transportation_service|point_of_interest|establishment,WP Kuala Lumpur,True,False,likely-public
ChIJWRbdfAA3zDERts77CHICQSA,chargEV Charging Station,"Au 2, 54200 Kuala Lumpur, Selangor, Malaysia",3.1771404999999997,101.7507835,OPERATIONAL,electric_vehicle_charging_station,electric_vehicle_charging_station|transportation_service|point_of_interest|establishment,Gombak,True,False,likely-public
ChIJK1oSDic4zDERnKHDvv2PGwY,ChargeSini Charging Station,"Fera Residence Jalan Wangsa Kuarza, Seksyen 10 Wangsa Maju, Setapak, 53300 Kuala Lumpur, Federal Territory of Kuala Lumpur, Malaysia",3.191956,101.73751159999999,OPERATIONAL,electric_vehicle_charging_station,electric_vehicle_charging_station|transportation_service|point_of_interest|establishment,WP Kuala Lumpur,True,False,likely-public
ChIJTZsGoqg3zDER_MK5uxldlJ8,ChargeSINI Charging Station,"Jln Ampang, Kampung Berembang, 55000 Ampang, Wilayah Persekutuan Kuala Lumpur, Malaysia",3.1603794,101.74809309999999,OPERATIONAL,electric_vehicle_charging_station,electric_vehicle_charging_station|transportation_service|point_of_interest|establishment,WP Kuala Lumpur,True,False,likely-public
ChIJv1R5Hqg3zDERFmBdEYlOx4I,Virta Global Charging Station,"1, Jln Memanda 9, Taman Dato Ahmad Razali, 68000 Ampang, Selangor, Malaysia",3.159725,101.75223,OPERATIONAL,electric_vehicle_charging_station,electric_vehicle_charging_station|transportation_service|point_of_interest|establishment,Hulu Langat,True,False,likely-public
ChIJg38e-FfOzTERtAlrEnQx0jg,chargEV Charging Station,"No.1, Persiaran Ecohill Barat, 43500 Semenyih, Selangor, Malaysia",2.924044,101.84337219999999,OPERATIONAL,electric_vehicle_charging_station,electric_vehicle_charging_station|transportation_service|point_of_interest|establishment,Hulu Langat,True,False,likely-public
ChIJCxKb8AHPzTERKFCWI2MflxA,chargEV Charging Station,"1, Lingkaran Eco Majestic, 43700 Semenyih, Selangor, Malaysia",2.9136083,101.8384239,OPERATIONAL,electric_vehicle_charging_station,electric_vehicle_charging_station|transportation_service|point_of_interest|establishment,Hulu Langat,True,False,likely-public
ChIJKfXKiAzNzTERI0JvJcBkRmY,ChargeSini Charging Station,"8, Jalan Damai Mewah 1, Taman Damai Mewah, 43000 Kajang, Selangor, Malaysia",2.9868842,101.8086941,OPERATIONAL,electric_vehicle_charging_station,electric_vehicle_charging_station|transportation_service|point_of_interest|establishment,Hulu Langat,True,False,likely-public
ChIJBaaKO6_MzTERPfh1uc8Nld0,ChargeSini Charging Station,"Residensi Bukit Palma 2, Cheras, 43000 Kajang, Selangor, Malaysia",3.0241102,101.8047268,OPERATIONAL,electric_vehicle_charging_station,electric_vehicle_charging_station|transportation_service|point_of_interest|establishment,Hulu Langat,True,False,likely-public
ChIJdW04ebzMzTERElhQz2u35l4,ChargeSINI Charging Station,"Pangsapuri Puncak Saujana, Seksyen 6, Taman Puncak Saujana, 43000 Kajang, Selangor, Malaysia",3.0172783000000005,101.8126147,OPERATIONAL,electric_vehicle_charging_station,electric_vehicle_charging_station|transportation_service|point_of_interest|establishment,Hulu Langat,True,False,likely-public
ChIJ2-r-GL3MzTERZFZ4sjHfDoE,ChargeSINI Charging Station,"Pangsapuri Saujana Permai, 2, Jalan Mutiara 4, Taman Saujana Permai, 43000 Kajang, Selangor, Malaysia",3.0146257,101.81094499999999,OPERATIONAL,electric_vehicle_charging_station,electric_vehicle_charging_station|transportation_service|point_of_interest|establishment,Hulu Langat,True,False,likely-public
ChIJjYiW1V7LzTERCEC2nknak7g,Shell Recharge Charging Station,"Jalan Impian Gemilang 2/1, Saujana Impian, 43000 Kajang, Selangor, Malaysia",3.0174906,101.7950351,OPERATIONAL,electric_vehicle_charging_station,electric_vehicle_charging_station|transportation_service|point_of_interest|establishment,Hulu Langat,True,False,likely-public
ChIJWZNoKFozzDER6alQLFQjq-8,ChargeSINI Charging Station,"Residence, Jalan Sungai Long, Bandar Sungai Long, 43000 Kajang, Selangor, Malaysia",3.0440400999999997,101.8037878,OPERATIONAL,electric_vehicle_charging_station,electric_vehicle_charging_station|transportation_service|point_of_interest|establishment,Hulu Langat,True,False,likely-public
ChIJ4WLPnVozzDERC5gPc66sG1Y,ChargeSINI Charging Station,"Iris Residence Jalan Kiara, Bandar, Bandar Sungai Long, 43000 Kajang, Selangor, Malaysia",3.0422103,101.8075186,OPERATIONAL,electric_vehicle_charging_station,electric_vehicle_charging_station|transportation_service|point_of_interest|establishment,Hulu Langat,True,False,likely-public
ChIJKcTKfJ80zDERbsHblSssy3w,ChargeSINI Charging Station,"Emerald Residence, Emerald Residence Condominium, Jalan Mutiara Cheras 1, Bandar Mahkota Cheras, 43200 Cheras, Selangor, Malaysia",3.0522812999999998,101.7944035,OPERATIONAL,electric_vehicle_charging_station,electric_vehicle_charging_station|transportation_service|point_of_interest|establishment,Hulu Langat,True,False,likely-public
ChIJpyZOegA1zDER8KZrAIIjA-4,Powered By RISE Charging Station,"A-G, 01, Jalan Mahkota Garden, Bandar Mahkota Cheras, 43200 Cheras, Selangor, Malaysia",3.0498572,101.7832368,OPERATIONAL,electric_vehicle_charging_station,electric_vehicle_charging_station|transportation_service|point_of_interest|establishment,Hulu Langat,True,False,likely-public
ChIJQ-bXp700zDERhwim2h6XAdc,JomCharge Charging Station,"Persiaran Mahkota Residence, Bandar Mahkota Cheras, 43200 Cheras, Selangor, Malaysia",3.0503384,101.7835786,OPERATIONAL,electric_vehicle_charging_station,electric_vehicle_charging_station|transportation_service|point_of_interest|establishment,Hulu Langat,True,False,likely-public
ChIJuykYVcM2zDER8OVWLPaE1g0,chargEV Charging Station,"1, Jalan Taman Putra, Kampung Lembah Jaya Selatan, 68000 Ampang, Selangor, Malaysia",3.1405773,101.7807725,OPERATIONAL,electric_vehicle_charging_station,electric_vehicle_charging_station|transportation_service|point_of_interest|establishment,Hulu Langat,True,False,likely-public
ChIJhTX50eFSzDER6FveC3z975I,Nissan Charging Station,"Jalan Batu Tiga Lama, Kawasan Perindustrian Sungai Rasau, 41300 Klang, Selangor, Malaysia",3.0582803,101.48003709999999,OPERATIONAL,electric_vehicle_charging_station,electric_vehicle_charging_station|transportation_service|point_of_interest|establishment,Klang,True,False,likely-public
ChIJw6Kx0VdNzDEROlgRQIxLFYU,JomCharge Charging Station,"10, Jalan Dividen Dua 23/6b, Seksyen 23, 40300 Shah Alam, Selangor, Malaysia",3.0431632,101.52539139999999,OPERATIONAL,electric_vehicle_charging_station,electric_vehicle_charging_station|transportation_service|point_of_interest|establishment,Petaling,True,False,likely-public
ChIJBchG8XpSzDERI3jj-o6ILFk,chargEV Charging Station,"Persiaran Sultan, Seksyen 5, 40000 Shah Alam, Selangor, Malaysia",3.0830463,101.51590999999999,OPERATIONAL,electric_vehicle_charging_station,electric_vehicle_charging_station|transportation_service|point_of_interest|establishment,Petaling,True,False,likely-public
ChIJxQXfcWNSzDERaUMJU0-7mvg,chargEV Charging Station,"8, Jalan Limau Purut 4/4d, Seksyen 4, 40000 Shah Alam, Selangor, Malaysia",3.0789166,101.5111799,OPERATIONAL,electric_vehicle_charging_station,electric_vehicle_charging_station|transportation_service|point_of_interest|establishment,Petaling,True,False,likely-public
ChIJWyQy7YdNzDERAkmyL7mTF6U,JomCharge Charging Station,"1, Jalan Tengku Ampuan Zabedah J 9/J, Seksyen 9, 40100 Shah Alam, Selangor, Malaysia",3.0832883000000004,101.5256417,OPERATIONAL,electric_vehicle_charging_station,electric_vehicle_charging_station|transportation_service|point_of_interest|establishment,Petaling,True,False,likely-public
ChIJDwtmvyNNzDERMwj7fBIk2Po,chargEV Charging Station,"Km 34.5, Lebuhraya Shah Alam, Taman Pinggiran Usj, 40400 Subang Jaya, Selangor, Malaysia",3.0511269999999997,101.56313499999999,OPERATIONAL,electric_vehicle_charging_station,electric_vehicle_charging_station|transportation_service|point_of_interest|establishment,Petaling,True,False,likely-public
ChIJUyNKGQBNzDER9DVxVcw-xyw,Electric Vehicle Charging Station,"D'kayangan, 40100 Shah Alam, Selangor, Malaysia",3.0777731999999998,101.5482938,OPERATIONAL,electric_vehicle_charging_station,electric_vehicle_charging_station|transportation_service|point_of_interest|establishment,Petaling,True,False,likely-public
ChIJq_I1-ZZNzDERfvarJX20yUY,DC Handal Charging Station,"Temasya Industrial Park, 5, Jalan Pelukis U1/46, Kawasan Perindustrian Temasya, 40150 Shah Alam, Selangor, Malaysia",3.0887056999999998,101.5755731,OPERATIONAL,electric_vehicle_charging_station,electric_vehicle_charging_station|transportation_service|point_of_interest|establishment,Petaling,True,False,likely-public
ChIJXzhTEFNMzDER7duh652dM9Q,chargEV Charging Station,"BATU 3, Lebuhraya Persekutuan, 47500 Subang Jaya, Selangor, Malaysia",3.0805895999999997,101.5723754,OPERATIONAL,electric_vehicle_charging_station,electric_vehicle_charging_station|transportation_service|point_of_interest|establishment,Petaling,True,False,likely-public
ChIJs2hMYKZNzDERXC8zU2ibWAM,ChargeSINI Charging Station,"Jalan Batu Tiga Lama, Hicom-glenmarie Industrial Park, 40150 Shah Alam, Selangor, Malaysia",3.0781612,101.55618319999999,OPERATIONAL,electric_vehicle_charging_station,electric_vehicle_charging_station|transportation_service|point_of_interest|establishment,Petaling,True,False,likely-public
ChIJY4NBNKFNzDERD0Hy3gj7-ew,ChargeSINI Charging Station,"Management & Science University (MSU), Seksyen 13, 40100 Shah Alam, Selangor, Malaysia",3.0778328999999998,101.552979,OPERATIONAL,electric_vehicle_charging_station,electric_vehicle_charging_station|transportation_service|point_of_interest|establishment,Petaling,True,False,likely-public
ChIJkSpofVNMzDERVWolrwTOLgs,ChargeSINI Charging Station,"One Soho Subang, Jalan Kemajuan Subang, 47500 Subang Jaya, Selangor, Malaysia",3.0791171999999998,101.57250259999999,OPERATIONAL,electric_vehicle_charging_station,electric_vehicle_charging_station|transportation_service|point_of_interest|establishment,Petaling,True,False,likely-public
ChIJ6X6880xMzDERjfpJ619xjeo,Chargesini Charging Station,"Cycle & Carriage Glenmarie, Hicom-glenmarie Industrial Park, 40150 Shah Alam, Selangor, Malaysia",3.0871709,101.5723641,OPERATIONAL,electric_vehicle_charging_station,electric_vehicle_charging_station|transportation_service|point_of_interest|establishment,Petaling,True,False,likely-public
ChIJ74RJ6FRMzDERaW-mo5aZ8Bk,ChargeSini Charging Station,"Jalan Kemajuan Subang, Subang Hi-tech Industrial Park, 40150 Subang Jaya, Selangor, Malaysia",3.0773664000000003,101.5718009,OPERATIONAL,electric_vehicle_charging_station,electric_vehicle_charging_station|transportation_service|point_of_interest|establishment,Petaling,True,False,likely-public
ChIJFygVAFJMzDERYE0eCMe4jRk,GO TO-U Charging Station,"35, Jalan Pelukis U1/46, Kawasan Perindustrian Temasya, 40150 Shah Alam, Selangor, Malaysia",3.0838755,101.57585429999999,OPERATIONAL,electric_vehicle_charging_station,electric_vehicle_charging_station|transportation_service|point_of_interest|establishment,Petaling,True,False,likely-public
ChIJg3owUc1NzDERSeULIINSp9A,sarah,"5, Jln Pemberita u1/49, Termasya Industrial Park, Glemmarie 40150 Shah Alam Glemmerie, Kawasan Perindustrian Temasya, 40150 Shah Alam, Selangor, Malaysia",3.0877493,101.5767726,OPERATIONAL,electric_vehicle_charging_station,electric_vehicle_charging_station|transportation_service|point_of_interest|establishment,Petaling,True,False,likely-public
ChIJhY60G_VPzDERnXUXhDdXHDA,Grenerg Sdn Bhd,"M-1-40, Blok M, Taipan Damansara 2, Jalan PJU 1a/1, Ara Damansara, 47301 Petaling Jaya, Selangor, Malaysia",3.1171632999999996,101.5796072,OPERATIONAL,electric_vehicle_charging_station,electric_vehicle_charging_station|transportation_service|point_of_interest|establishment,Petaling,True,False,likely-public
ChIJ9cFTSChMzDERgNtK9kCONh0,Shell Recharge Charging Station,"Jalan PJU 1 1a/48, Pusat Perdagangan Dana 1, 47301 Petaling Jaya, Selangor, Malaysia",3.1129523999999997,101.57904549999999,OPERATIONAL,electric_vehicle_charging_station,electric_vehicle_charging_station|transportation_service|point_of_interest|establishment,Petaling,True,False,likely-public
ChIJ35Fuft2zzTERZj_rWpA2UGA,ChargeSINI Charging Station,"Tasik Residency, Jalan Putra Prima Utama, Taman Putra Prima, 47130 Puchong, Selangor, Malaysia",2.9637338,101.592912,OPERATIONAL,electric_vehicle_charging_station,electric_vehicle_charging_station|transportation_service|point_of_interest|establishment,Sepang,True,False,likely-public
ChIJD55eVt62zTERxX9cqAgL4ew,JomCharge Charging Station,"Persiaran Multimedia, Cyberjaya, 63000 Cyberjaya, Selangor, Malaysia",2.9193164,101.6358439,OPERATIONAL,electric_vehicle_charging_station,electric_vehicle_charging_station|transportation_service|point_of_interest|establishment,Sepang,True,False,likely-public
ChIJsWR4eZO2zTERcGV0DYVp9Qw,chargEV Charging Station,"Persiaran Semarak Api, Cyberjaya, 63000 Cyberjaya, Selangor, Malaysia",2.9380607999999997,101.64475820000001,OPERATIONAL,electric_vehicle_charging_station,electric_vehicle_charging_station|transportation_service|point_of_interest|establishment,Sepang,True,False,likely-public
ChIJLzq1bwC3zTERHk0Cbzro5S8,JomCharge Charging Station,"6, Jln Setia Marina 3/4, Setia Eco Glades, 63000 Cyberjaya, Selangor, Malaysia",2.9374897,101.63490270000001,OPERATIONAL,electric_vehicle_charging_station,electric_vehicle_charging_station|transportation_service|point_of_interest|establishment,Sepang,True,False,likely-public
ChIJeUtEEQC3zTERzlP49z3imwQ,Electric Vehicle Charging Station,"6, Persiaran Newron, 63100 Cyberjaya, Selangor, Malaysia",2.9277162,101.64327569999999,OPERATIONAL,electric_vehicle_charging_station,electric_vehicle_charging_station|transportation_service|point_of_interest|establishment,Sepang,True,False,likely-public
ChIJ6WEzMutMzDERdFrL48rjhxM,Shell Recharge Charging Station,"1, Persiaran Kewajipan, Usj 1, 47600 Subang Jaya, Selangor, Malaysia",3.0574955999999998,101.5927378,OPERATIONAL,electric_vehicle_charging_station,electric_vehicle_charging_station|transportation_service|point_of_interest|establishment,Petaling,True,False,likely-public
ChIJG13IaYVMzDERaUFUBJPFZAo,JomCharge Charging Station,"Jalan Lagoon Selatan, 47500 Subang Jaya, Selangor, Malaysia",3.0652633,101.60532839999999,OPERATIONAL,electric_vehicle_charging_station,electric_vehicle_charging_station|transportation_service|point_of_interest|establishment,Petaling,True,False,likely-public
ChIJaXMv-VpMzDEReThgSuJZN-A,chargEV Charging Station,"Ss 16, 47500 Subang Jaya, Selangor, Malaysia",3.0818266999999997,101.58411129999999,OPERATIONAL,electric_vehicle_charging_station,electric_vehicle_charging_station|transportation_service|point_of_interest|establishment,Petaling,True,False,likely-public
ChIJv1XPcABNzDERGtTRr25JHp8,Shell Recharge Charging Station,"Ss 12, 47500 Subang Jaya, Selangor, Malaysia",3.0797185999999996,101.5936436,OPERATIONAL,electric_vehicle_charging_station,electric_vehicle_charging_station|transportation_service|point_of_interest|establishment,Petaling,True,False,likely-public
ChIJtaXd4IdMzDERS83bMpS01DM,ChargeSINI Charging Station,"3, Jalan PJS 11/10, Bandar Sunway, 47500 Subang Jaya, Selangor, Malaysia",3.0726986999999997,101.6046757,OPERATIONAL,electric_vehicle_charging_station,electric_vehicle_charging_station|transportation_service|point_of_interest|establishment,Petaling,True,False,likely-public
ChIJu7P-qRhMzDER5nPmvZycHew,ChargeSINI Charging Station,"Kelana D' Putera, Main Gate | PJ Ss7 condominium, Jalan SS 7/26a, Ss 7, 47301 Petaling Jaya, Selangor, Malaysia",3.1078446,101.5930255,OPERATIONAL,electric_vehicle_charging_station,electric_vehicle_charging_station|transportation_service|point_of_interest|establishment,Petaling,True,False,likely-public
ChIJsZJelztLzDER9wj9IrKmajw,ChargeSINI Charging Station,"2, Jalan BK 5/5, Bandar Kinrara 5, 47180 Puchong, Selangor, Malaysia",3.0478331,101.6463081,OPERATIONAL,electric_vehicle_charging_station,electric_vehicle_charging_station|transportation_service|point_of_interest|establishment,Petaling,True,False,likely-public
ChIJ7UsMTRJLzDERgq-b-hdR8s8,BOS (ASIA) SDN BHD (632979-M),"5, Jalan Rajawali 2, Bandar Puchong Jaya, 47100 Puchong, Selangor, Malaysia",3.0529859,101.6210603,OPERATIONAL,service,electric_vehicle_charging_station|transportation_service|supplier|service|point_of_interest|establishment,Petaling,True,False,likely-public
ChIJ6U50lHpLzDERQhRzwYO8MJ4,ChargeSINI Charging Station,"Impian Height Condominium, Bandar Puchong Jaya, 47100 Puchong, Selangor, Malaysia",3.0652633,101.62598399999999,OPERATIONAL,electric_vehicle_charging_station,electric_vehicle_charging_station|transportation_service|point_of_interest|establishment,Petaling,True,False,likely-public
ChIJl1R-RXpLzDER-dkK_AF0Ero,ChargeSINI Charging Station,"Park Villa Condominium @, Jalan Pipit, Bandar Puchong Jaya, 47100 Puchong, Selangor, Malaysia",3.066964,101.6250311,OPERATIONAL,electric_vehicle_charging_station,electric_vehicle_charging_station|transportation_service|point_of_interest|establishment,Petaling,True,False,likely-public
ChIJRd3UnldLzDERmG6dXfQ5zUU,Shell Recharge Charging Station,"1, Jalan Merbah 1, Bandar Puchong Jaya, 47100 Puchong, Selangor, Malaysia",3.0430777,101.6182202,OPERATIONAL,electric_vehicle_charging_station,electric_vehicle_charging_station|transportation_service|point_of_interest|establishment,Petaling,True,False,likely-public
ChIJ6QHlq5BLzDERiQvIqXbvaYg,DC Handal Charging Station,"Lot 2841, Jalan 51a/225, Seksyen 51a, 46100 Petaling Jaya, Selangor, Malaysia",3.0953446,101.6326821,OPERATIONAL,electric_vehicle_charging_station,electric_vehicle_charging_station|transportation_service|point_of_interest|establishment,Petaling,True,False,likely-public
ChIJ9xuUOlBLzDERsg-UAaFkHrs,Electric Vehicle Charging Station,"Pjs 7, 46050 Petaling Jaya, Selangor, Malaysia",3.0974795,101.6446234,OPERATIONAL,electric_vehicle_charging_station,electric_vehicle_charging_station|transportation_service|point_of_interest|establishment,Petaling,True,False,likely-public
ChIJbYkdse5LzDERAsx9YjUaP4Y,E.ON Drive Charging Station,"Lot 17, Jalan 51a/227, Seksyen 51a, 46300 Petaling Jaya, Selangor, Malaysia",3.0989307,101.63225229999999,OPERATIONAL,electric_vehicle_charging_station,electric_vehicle_charging_station|transportation_service|point_of_interest|establishment,Petaling,True,False,likely-public
ChIJnyyOj3NMzDERaXepWftqEX4,Virta Charging Station,"1, Jln SS 8/6, Sungai Way Free Trade Industrial Zone, 47300 Petaling Jaya, Selangor, Malaysia",3.0903,101.6095,OPERATIONAL,electric_vehicle_charging_station,electric_vehicle_charging_station|transportation_service|point_of_interest|establishment,Petaling,True,False,likely-public
ChIJQQtENIFMzDERbKquaUCDe2U,JomCharge Charging Station,"Jalan PJS 11/15, Bandar Sunway, 47500 Subang Jaya, Selangor, Malaysia",3.0706754,101.61051859999999,OPERATIONAL,electric_vehicle_charging_station,electric_vehicle_charging_station|transportation_service|point_of_interest|establishment,Petaling,True,False,likely-public
ChIJ7w9L9YRMzDERycknLw-RzU0,Shell Recharge Charging Station,"Jalan Lagoon Selatan, Bandar Sunway, 47500 Subang Jaya, Selangor, Malaysia",3.0663213999999996,101.60865869999999,OPERATIONAL,electric_vehicle_charging_station,electric_vehicle_charging_station|transportation_service|point_of_interest|establishment,Petaling,True,False,likely-public
ChIJ9xc4W55OzDERx5HcseE7k6A,ChargeSINI Charging Station,"47301, Pusat Dagangan NZX, 47301 Petaling Jaya, Selangor, Malaysia",3.1151913,101.5892113,OPERATIONAL,electric_vehicle_charging_station,electric_vehicle_charging_station|transportation_service|point_of_interest|establishment,Petaling,True,False,likely-public
ChIJxQD6CQBPzDER0yVVyqUwztY,EV Connection Charging Station,"Lebuhraya Damansara - Puchong, Kampung Kayu Ara, 47400 Petaling Jaya, Selangor, Malaysia",3.1326597,101.6110269,OPERATIONAL,electric_vehicle_charging_station,electric_vehicle_charging_station|transportation_service|point_of_interest|establishment,Petaling,True,False,likely-public
ChIJc5dh5CVMzDERPNTYEGFDTGk,chargEV Charging Station,"Persiaran Golf, Saujana, 40150 Shah Alam, Selangor, Malaysia",3.108092,101.58255,OPERATIONAL,electric_vehicle_charging_station,electric_vehicle_charging_station|transportation_service|point_of_interest|establishment,Petaling,True,False,likely-public
ChIJe18axL9OzDER0aKQV1oqHDs,ChargeSINI Charging Station,"Persiaran Tropicana, Tropicana, 47410 Petaling Jaya, Selangor, Malaysia",3.1313454,101.59405509999999,OPERATIONAL,electric_vehicle_charging_station,electric_vehicle_charging_station|transportation_service|point_of_interest|establishment,Petaling,True,False,likely-public
ChIJDW1EHP9NzDERMF95gY70O3c,JomCharge Charging Station,"F-G-1, Parklane Commercial Hub, Jalan SS 7/26, Ss 7, 47301 Petaling Jaya, Selangor, Malaysia",3.1083057,101.5944169,OPERATIONAL,electric_vehicle_charging_station,electric_vehicle_charging_station|transportation_service|point_of_interest|establishment,Petaling,True,False,likely-public
ChIJD1snQ-BOzDER-jzSCc7Yuo8,ChargEV Charging Station,"Sunway Giza Mall, 2, Jalan PJU 5/14, Dataran Sunway, 47810 Petaling Jaya, Selangor, Malaysia",3.1508567999999997,101.5914251,OPERATIONAL,electric_vehicle_charging_station,electric_vehicle_charging_station|transportation_service|point_of_interest|establishment,Petaling,True,False,likely-public
ChIJt26fZixPzDERP3VUk7cXpnc,chargEV Charging Station,"6, Jalan PJU 7/2, Mutiara Damansara, 47800 Petaling Jaya, Selangor, Malaysia",3.15827,101.61248499999999,OPERATIONAL,electric_vehicle_charging_station,electric_vehicle_charging_station|transportation_service|point_of_interest|establishment,Petaling,True,False,likely-public
ChIJ63th5wNPzDERIFQ13Ci03Rs,Renergy Charging Station - Emporis Kota Damansara,"Lot 67121, Persiaran Surian, Kota Damansara, 47810 Petaling Jaya, Selangor, Malaysia",3.1498512,101.5932644,OPERATIONAL,electric_vehicle_charging_station,electric_vehicle_charging_station|transportation_service|point_of_interest|establishment,Petaling,True,False,likely-public
ChIJOaUYqTFPzDERhmKdsMqexF4,EVLUTION Charging Station,"22, Jalan PJU 8/3a, Damansara Perdana, 47820 Petaling Jaya, Selangor, Malaysia",3.1643334999999997,101.6075778,OPERATIONAL,electric_vehicle_charging_station,electric_vehicle_charging_station|transportation_service|point_of_interest|establishment,Petaling,True,False,likely-public
ChIJA2UC199LzDERcK2aYxhZ3CU,JomCharge Charging Station,"Jalan Kemajuan, Seksyen 12 Petaling Jaya, 46200 Petaling Jaya, Selangor, Malaysia",3.1104719,101.63873699999999,OPERATIONAL,electric_vehicle_charging_station,electric_vehicle_charging_station|transportation_service|point_of_interest|establishment,Petaling,True,False,likely-public
ChIJwXS5TfZLzDERsRFDcLyE38o,Shell Recharge Charging Station,"Block 5-17-02, Vsq Pj, Jln Utara, Pjs 52, 46100 Petaling Jaya, Selangor, Malaysia",3.107334,101.639859,OPERATIONAL,electric_vehicle_charging_station,electric_vehicle_charging_station|transportation_service|point_of_interest|establishment,Petaling,True,False,likely-public
ChIJx5R1KlxJzDERU3nDOgkJhuo,chargEV Charging Station,"72A, Jln Profesor Diraja Ungku Aziz, Seksyen 13, 46200 Petaling Jaya, Selangor, Malaysia",3.1177129999999997,101.6354379,OPERATIONAL,electric_vehicle_charging_station,electric_vehicle_charging_station|transportation_service|point_of_interest|establishment,Petaling,True,False,likely-public
ChIJPd2YHJ9JzDERbEZLE92EOaE,Shell Recharge Charging Station,"23, Jalan SS 22/23, Damansara Jaya, 47400 Petaling Jaya, Selangor, Malaysia",3.127685,101.616914,OPERATIONAL,electric_vehicle_charging_station,electric_vehicle_charging_station|transportation_service|point_of_interest|establishment,Petaling,True,False,likely-public
ChIJe7v8CmFJzDERaYqdpostkc0,NISSAN Charging Station,"32, Jalan Kemajuan, Seksyen 13, 46200 Petaling Jaya, Selangor, Malaysia",3.115215,101.64295790000001,OPERATIONAL,electric_vehicle_charging_station,electric_vehicle_charging_station|transportation_service|point_of_interest|establishment,Petaling,True,False,likely-public
ChIJMzLvDgBNzDERXM8_NEe8Twc,TESRA MALAYSIA BERHAD,"B-09-07, Seri Tagamas 32 Square, Jalan 19/1, Section 19, 46300 Petaling Jaya, Selangor, Malaysia",3.1113937,101.63114809999999,OPERATIONAL,corporate_office,corporate_office|electric_vehicle_charging_station|transportation_service|manufacturer|point_of_interest|service|establishment,Petaling,True,False,likely-public
ChIJQd-9d0hJzDERujGKZuL2HOI,chargEV Charging Station,"Lot G-40, Jalan SS 20/27, Damansara Intan, 47300 Petaling Jaya, Selangor, Malaysia",3.1307989999999997,101.627043,OPERATIONAL,electric_vehicle_charging_station,electric_vehicle_charging_station|transportation_service|point_of_interest|establishment,Petaling,True,False,likely-public
ChIJIYebQIhJzDERLKTZiNTRngY,Electric Vehicle Charging Station,"2a, Jalan 13/2, Seksyen 13, 46200 Petaling Jaya, Selangor, Malaysia",3.1129006,101.63881909999999,OPERATIONAL,electric_vehicle_charging_station,electric_vehicle_charging_station|transportation_service|point_of_interest|establishment,Petaling,True,False,likely-public
ChIJY16SpUxJzDERgVfFtutG4F8,Porsche Destination Charging,"s31, Jalan SS 22/23, Damansara Jaya, 47300 Petaling Jaya, Selangor, Malaysia",3.1272705000000003,101.6164862,OPERATIONAL,electric_vehicle_charging_station,electric_vehicle_charging_station|transportation_service|point_of_interest|establishment,Petaling,True,False,likely-public
ChIJ9Qa-aSdLzDERJbxvaGOpJRg,EVPower @ Symphony Square PJ,"LG, 5, Jalan Professor Khoo Kay Kim, Seksyen 13, 46200 Petaling Jaya, Selangor, Malaysia",3.1111665,101.63626579999999,OPERATIONAL,electric_vehicle_charging_station,electric_vehicle_charging_station|transportation_service|point_of_interest|establishment,Petaling,True,False,likely-public
ChIJq197685JzDERxg21qYUFuBE,Renergy Charging Station (Casa Suites),"1, Jalan SS 20/27, Damansara Intan, 47400 Petaling Jaya, Selangor, Malaysia",3.1296842,101.6282497,OPERATIONAL,electric_vehicle_charging_station,electric_vehicle_charging_station|transportation_service|point_of_interest|establishment,Petaling,True,True,likely-private (name heuristic)
ChIJkdz8AxpJzDERNJ_KHRRGJkI,Charge+ Charging Station,"Bukit Kiara, 60000 Kuala Lumpur, Federal Territory of Kuala Lumpur, Malaysia",3.1428011,101.64468989999999,OPERATIONAL,electric_vehicle_charging_station,electric_vehicle_charging_station|transportation_service|point_of_interest|establishment,WP Kuala Lumpur,True,False,likely-public
ChIJD62imhFJzDERLXSMoAvGPfU,JomCharge Charging Station,"Jalan Bukit Kiara 1, Bukit Kiara, 60000 Kuala Lumpur, Wilayah Persekutuan Kuala Lumpur, Malaysia",3.137939,101.6477348,OPERATIONAL,electric_vehicle_charging_station,electric_vehicle_charging_station|transportation_service|point_of_interest|establishment,WP Kuala Lumpur,True,False,likely-public
ChIJW2uozc1IzDERMU-irUkAgQQ,chargEV Charging Station,"2789, Jalan Seri Penchala 1, Kampung Sungai Penchala, 60000 Kuala Lumpur, Wilayah Persekutuan Kuala Lumpur, Malaysia",3.1644956,101.62087819999999,OPERATIONAL,electric_vehicle_charging_station,electric_vehicle_charging_station|transportation_service|point_of_interest|establishment,WP Kuala Lumpur,True,False,likely-public
ChIJO3hxagBJzDERpEATKO6Cwb0,BMW Charging Station,"184a, Jalan Damansara, Kampung Sungai Penchala, 60000 Kuala Lumpur, Wilayah Persekutuan Kuala Lumpur, Malaysia",3.1635953999999997,101.6168636,OPERATIONAL,electric_vehicle_charging_station,electric_vehicle_charging_station|transportation_service|point_of_interest|establishment,WP Kuala Lumpur,True,False,likely-public
ChIJB9UGAu1IzDERZDbPH4fjxPw,ChargeSINI Charging Station,"Sunway Mont Residences, Jln Kiara 5, Mont Kiara, 50480 Kuala Lumpur, Wilayah Persekutuan Kuala Lumpur, Malaysia",3.1695775999999998,101.6470791,OPERATIONAL,electric_vehicle_charging_station,electric_vehicle_charging_station|transportation_service|point_of_interest|establishment,WP Kuala Lumpur,True,False,likely-public
ChIJyfij8OtIzDERCod9QSt2TII,ChargeSINI Charging Station,"Kiaramas Sutera Kiaramas, Sutera Condo, Jalan Desa Kiara, Mont Kiara, 50480 Kuala Lumpur, Wilayah Persekutuan Kuala Lumpur, Malaysia",3.1674615,101.6437998,OPERATIONAL,electric_vehicle_charging_station,electric_vehicle_charging_station|transportation_service|point_of_interest|establishment,WP Kuala Lumpur,True,False,likely-public
ChIJCTMxbKpJzDERWsazkeAPZdY,EVPower Charging Station Charging Station,"The Nizra Building, 8, Jalan Seri Penchala, Kampung Sungai Penchala, 60000 Kuala Lumpur, Wilayah Persekutuan Kuala Lumpur, Malaysia",3.1616111,101.62337099999999,OPERATIONAL,electric_vehicle_charging_station,electric_vehicle_charging_station|transportation_service|point_of_interest|establishment,WP Kuala Lumpur,True,False,likely-public
ChIJUV7XaxdJzDER6mao4b-YH2w,BMW Charging Station,"Jalan Bukit Kiara 1, Bukit Kiara, 60000 Kuala Lumpur, Wilayah Persekutuan Kuala Lumpur, Malaysia",3.1412902999999996,101.6425786,OPERATIONAL,electric_vehicle_charging_station,electric_vehicle_charging_station|transportation_service|point_of_interest|establishment,WP Kuala Lumpur,True,False,likely-public
ChIJvRHpSxZJzDERJledPoFoBcE,Shell Recharge Charging Station,"1/70D 10, Bukit Kiara, 60000 Kuala Lumpur, Wilayah Persekutuan Kuala Lumpur, Malaysia",3.1395375999999997,101.6402363,OPERATIONAL,electric_vehicle_charging_station,electric_vehicle_charging_station|transportation_service|point_of_interest|establishment,WP Kuala Lumpur,True,False,likely-public
ChIJsecKBqZIzDERtnc0EX2RKZs,Shell Recharge Charging Station,"Persiaran Residen, 5 Batu, 52200 Kuala Lumpur, Wilayah Persekutuan Kuala Lumpur, Malaysia",3.1870070999999998,101.62778279999999,OPERATIONAL,electric_vehicle_charging_station,electric_vehicle_charging_station|transportation_service|point_of_interest|establishment,WP Kuala Lumpur,True,False,likely-public
ChIJbwlIRaRIzDER3VZBa8sXFoo,Charge+ Charging Station,"8, Jalan Residen 2, Desa Parkcity, 52200 Kuala Lumpur, Wilayah Persekutuan Kuala Lumpur, Malaysia",3.184863,101.63079499999999,OPERATIONAL,electric_vehicle_charging_station,electric_vehicle_charging_station|transportation_service|point_of_interest|establishment,WP Kuala Lumpur,True,False,likely-public
ChIJYcShM6JIzDERwbmt_qAs0I4,Shell Recharge Charging Station,"Jalan Residen 3, Desa Parkcity, 52200 Kuala Lumpur, Wilayah Persekutuan Kuala Lumpur, Malaysia",3.1857708,101.63588089999999,OPERATIONAL,electric_vehicle_charging_station,electric_vehicle_charging_station|transportation_service|point_of_interest|establishment,WP Kuala Lumpur,True,False,likely-public
ChIJfUDjciJGzDERkpA8HQ0mvcw,Chargeplus Charging Station,"10435, Jalan 4/37 A, Kawasan Perusahaan Taman Bukit Maluri, 52100 Kuala Lumpur, Wilayah Persekutuan Kuala Lumpur, Malaysia",3.1977729999999998,101.639083,OPERATIONAL,electric_vehicle_charging_station,electric_vehicle_charging_station|transportation_service|point_of_interest|establishment,WP Kuala Lumpur,True,False,likely-public
ChIJ441IXEa2zTERIkTKBaBv14Y,Chargesini Charging Station,"Tamara Residence, Jalan Temoleh P8/4, Presint 8, 62250 Putrajaya, Malaysia",2.9278579,101.68000810000001,OPERATIONAL,electric_vehicle_charging_station,electric_vehicle_charging_station|transportation_service|point_of_interest|establishment,WP Putrajaya,True,False,likely-public
ChIJF5-8lle0zTERagfZVqA4AvQ,ChargeSINI Charging Station,"Paragon 3, Persiaran Lestari Putra, Bandar Putra Permai, 43300 Seri Kembangan, Selangor, Malaysia",2.9931592,101.6510471,OPERATIONAL,electric_vehicle_charging_station,electric_vehicle_charging_station|transportation_service|point_of_interest|establishment,Petaling,True,False,likely-public
ChIJkY9LGgS1zTERtts0z0x7Y8w,Skyvolt EV Charge,"49-1, Jalan PUJ 3/9, Taman Puncak Jalil, 43300 Seri Kembangan, Selangor, Malaysia",3.0188365,101.67802309999999,OPERATIONAL,electric_vehicle_charging_station,electric_vehicle_charging_station|transportation_service|point_of_interest|establishment,Petaling,True,False,likely-public
ChIJyx5bt2_KzTER7gz9fyP4TT8,JomCharge Charging Station,"Unipertama Golf Club, Persiaran Golf, Universiti Putra Malaysia, 43400 Serdang, 43400 Seri Kembangan, Selangor, Malaysia",2.9823134,101.719939,OPERATIONAL,electric_vehicle_charging_station,electric_vehicle_charging_station|transportation_service|point_of_interest|establishment,Sepang,True,False,likely-public
ChIJ8aYWogvKzTERrDITGXET4lc,Shell Recharge Charging Station,"Lebuhraya Lembah Klang Selatan, 43400 Seri Kembangan, Selangor, Malaysia",2.9716606999999997,101.71102909999999,OPERATIONAL,electric_vehicle_charging_station,electric_vehicle_charging_station|transportation_service|point_of_interest|establishment,Sepang,True,False,likely-public
ChIJ0Sstvw3KzTER_Pbh_Gh2cRM,Shell Recharge Charging Station,"IOI CITY MALL, Lbh IRC, 62502 Dengkil, Selangor, Malaysia",2.9700656999999997,101.7168586,OPERATIONAL,electric_vehicle_charging_station,electric_vehicle_charging_station|transportation_service|point_of_interest|establishment,Sepang,True,False,likely-public
ChIJS_XioMFKzDERD-ccrxptm1A,ChargeSINI Charging Station,"Twin Arkz @ Bukit Jalil Twin Arkz, Jalan Jalil Perkasa 1, Bukit Jalil, Desa Petaling, 57000 Kuala Lumpur, Federal Territory of Kuala Lumpur, Malaysia",3.0510140999999997,101.6800231,OPERATIONAL,electric_vehicle_charging_station,electric_vehicle_charging_station|transportation_service|point_of_interest|establishment,WP Kuala Lumpur,True,False,likely-public
ChIJ5VKXOSxLzDER7xTbuZ_3e6k,Gentari Charging Station,"6, 6, Jln Kinrara, Bandar Kinrara, 47180 Puchong, Selangor, Malaysia",3.0380514,101.65381400000001,OPERATIONAL,electric_vehicle_charging_station,electric_vehicle_charging_station|transportation_service|point_of_interest|establishment,Petaling,True,False,likely-public
ChIJzy_DKuFKzDER5zbIx9eJ1X8,ChargeSINI Charging Station,"75, Lebuhraya Bukit Jalil, Bukit Jalil, 57000 Kuala Lumpur, Wilayah Persekutuan Kuala Lumpur, Malaysia",3.0561596,101.6664986,OPERATIONAL,electric_vehicle_charging_station,electric_vehicle_charging_station|transportation_service|point_of_interest|establishment,WP Kuala Lumpur,True,False,likely-public
ChIJd4MQPyJLzDERf0u9HgQYgZs,ChargeSINI Charging Station,"6B, Jln Kinrara, Bandar Kinrara 9, 47100 Puchong, Selangor, Malaysia",3.0521722,101.6543124,OPERATIONAL,electric_vehicle_charging_station,electric_vehicle_charging_station|transportation_service|point_of_interest|establishment,WP Kuala Lumpur,True,False,likely-public
ChIJQXAUegBLzDERQJ7lL6c-LCc,Carput Zap Charging Station,"FootGolf Malaysia Sdn Bhd, 47180 Puchong, Selangor, Malaysia",3.0377015,101.65487449999999,OPERATIONAL,electric_vehicle_charging_station,electric_vehicle_charging_station|transportation_service|point_of_interest|establishment,Petaling,True,False,likely-public
ChIJkbLyJvtKzDERlUmBwdZnLLw,ChargeSINI Charging Station,"Kiara Residence 2, Kiara Residence - Deluxe Room, Jalan 3/155, Bukit Jalil, 58200 Kuala Lumpur, Wilayah Persekutuan Kuala Lumpur, Malaysia",3.0640631,101.66956359999999,OPERATIONAL,electric_vehicle_charging_station,electric_vehicle_charging_station|transportation_service|point_of_interest|establishment,WP Kuala Lumpur,True,False,likely-public
ChIJAfcwh-dKzDERaNhXxhJeSeM,JomCharge Charging Station,"Persiaran Jalil 1, 1 Petaling, 57000 Kuala Lumpur, Wilayah Persekutuan Kuala Lumpur, Malaysia",3.0535335999999997,101.67022229999999,OPERATIONAL,electric_vehicle_charging_station,electric_vehicle_charging_station|transportation_service|point_of_interest|establishment,WP Kuala Lumpur,True,False,likely-public
ChIJg0l1EBZLzDERhdQx1dkIxYs,QuickCharge Charging Station,"G10, Jalan Jalil Perkasa 3, Bukit Jalil, 57000 Kuala Lumpur, Wilayah Persekutuan Kuala Lumpur, Malaysia",3.0530595,101.67777489999999,OPERATIONAL,electric_vehicle_charging_station,electric_vehicle_charging_station|transportation_service|point_of_interest|establishment,WP Kuala Lumpur,True,False,likely-public
ChIJvZ_J1qtLzDERTLUvmw5YYrY,ChargeSINI Charging Station,"Riverville Residences, Jalan Taman Seri Sentosa, Taman Sri Sentosa, 58200 Kuala Lumpur, Wilayah Persekutuan Kuala Lumpur, Malaysia",3.0760861,101.655931,OPERATIONAL,electric_vehicle_charging_station,electric_vehicle_charging_station|transportation_service|point_of_interest|establishment,WP Kuala Lumpur,True,False,likely-public
ChIJJXcUHAFLzDER4JrMtn1zWL0,Shell Recharge Charging Station,"Menara Pearl Point 2, Jln Klang Lama, Taman United, 58200 Kuala Lumpur, Wilayah Persekutuan Kuala Lumpur, Malaysia",3.0843784999999997,101.67312899999999,OPERATIONAL,electric_vehicle_charging_station,electric_vehicle_charging_station|transportation_service|point_of_interest|establishment,WP Kuala Lumpur,True,False,likely-public
ChIJQ98KBjtKzDERAapYlkphlk8,Hyundai Charging Station,"Jln Klang Lama, 58100 Kuala Lumpur, Wilayah Persekutuan Kuala Lumpur, Malaysia",3.1004114,101.67621179999999,OPERATIONAL,electric_vehicle_charging_station,electric_vehicle_charging_station|transportation_service|point_of_interest|establishment,WP Kuala Lumpur,True,False,likely-public
ChIJH-rQSABLzDERTkTfUsa2tSQ,Electric Vehicle Charging Station,"357, Jln Klang Lama, 58200 Kuala Lumpur, Wilayah Persekutuan Kuala Lumpur, Malaysia",3.0905224,101.6731018,OPERATIONAL,electric_vehicle_charging_station,electric_vehicle_charging_station|transportation_service|point_of_interest|establishment,WP Kuala Lumpur,True,False,likely-public
ChIJubUVNU1KzDER5B37DIVGmlE,ChargeSINI Charging Station,"Jalan Pasir Merah, Kampung Pasir, 58200 Kuala Lumpur, Wilayah Persekutuan Kuala Lumpur, Malaysia",3.0843233999999997,101.6613924,OPERATIONAL,electric_vehicle_charging_station,electric_vehicle_charging_station|transportation_service|point_of_interest|establishment,WP Kuala Lumpur,True,False,likely-public
ChIJbUPTiL9LzDERr6PSplVhF48,EVPower Charging Station,"LGK 021 & 022, Lower Ground Floor, Bloomsvale Shopping Gallery, Jalan Puchong, 58200 Kuala Lumpur, Wilayah Persekutuan Kuala Lumpur, Malaysia",3.0752397,101.66062749999999,OPERATIONAL,electric_vehicle_charging_station,electric_vehicle_charging_station|transportation_service|point_of_interest|establishment,WP Kuala Lumpur,True,False,likely-public
ChIJp2ia4GBKzDERF91tPbadfQI,ChargeSINI Charging Station,"Seringin Residences, Old Klang Road, Jalan Senang Ria, Taman Serangkai, 58200 Kuala Lumpur, Federal Territory of Kuala Lumpur, Malaysia",3.0765466,101.6866687,OPERATIONAL,electric_vehicle_charging_station,electric_vehicle_charging_station|transportation_service|point_of_interest|establishment,WP Kuala Lumpur,True,False,likely-public
ChIJGX9qUPdLzDERmpeWLHFbZaM,Renergy Charging Station (Nestcity Tower),"6, Jalan A, Taman Lucky, 58200 Kuala Lumpur, Wilayah Persekutuan Kuala Lumpur, Malaysia",3.0744982999999997,101.6603772,OPERATIONAL,electric_vehicle_charging_station,electric_vehicle_charging_station|transportation_service|point_of_interest|establishment,WP Kuala Lumpur,True,False,likely-public
ChIJo05LOcVLzDERqgT6gdW2TqE,QuickCharge @ Arte Kuchai Lama,"6, Jalan Kuchai Maju 12, Kuchai Lama, 58200 Kuala Lumpur, Wilayah Persekutuan Kuala Lumpur, Malaysia",3.0880601999999997,101.6876001,OPERATIONAL,electric_vehicle_charging_station,electric_vehicle_charging_station|transportation_service|point_of_interest|establishment,WP Kuala Lumpur,True,False,likely-public
ChIJyzMBHLLKzTERseXlAVpPK_k,chargEV Charging Station,"L1-07A, Jalan Dulang, Mines Wellness City, 43300 Seri Kembangan, Selangor, Malaysia",3.0286823,101.71926789999999,OPERATIONAL,electric_vehicle_charging_station,electric_vehicle_charging_station|transportation_service|point_of_interest|establishment,Petaling,True,False,likely-public
ChIJr_7fLm5KzDERy-C7YI89if0,Chargesini Charging Station,"Jalan Hang Tuah 2, Taman Salak Selatan, 57100 Kuala Lumpur, Wilayah Persekutuan Kuala Lumpur, Malaysia",3.0855476,101.6950001,OPERATIONAL,electric_vehicle_charging_station,electric_vehicle_charging_station|transportation_service|point_of_interest|establishment,WP Kuala Lumpur,True,False,likely-public
ChIJYQPdF481zDERFrL7FKnII9I,ChargeSINI Charging Station,"Widuri Impian Condominium Taman Desa Petaling, Desa Petaling, 57100 Kuala Lumpur, Federal Territory of Kuala Lumpur, Malaysia",3.0841772,101.713982,OPERATIONAL,electric_vehicle_charging_station,electric_vehicle_charging_station|transportation_service|point_of_interest|establishment,WP Kuala Lumpur,True,False,likely-public
ChIJKdPRPxdKzDERw3qjrm5XUho,ChargeSINI Charging Station,"Danau Permai Condominium, Jalan 3/109f, Taman Danau Desa, 58100 Kuala Lumpur, Wilayah Persekutuan Kuala Lumpur, Malaysia",3.1010111,101.6883704,OPERATIONAL,electric_vehicle_charging_station,electric_vehicle_charging_station|transportation_service|point_of_interest|establishment,WP Kuala Lumpur,True,False,likely-public
ChIJCSCFThFKzDERNAJWj4wTEEc,ChargeSINI Charging Station,"Jalan 1/109f, Taman Danau Desa, 58100 Kuala Lumpur, Wilayah Persekutuan Kuala Lumpur, Malaysia",3.0982312999999997,101.6901402,OPERATIONAL,electric_vehicle_charging_station,electric_vehicle_charging_station|transportation_service|point_of_interest|establishment,WP Kuala Lumpur,True,False,likely-public
ChIJe0kWTJI1zDERl0mP9mEWyYc,ChargeSINI Charging Station,"The Holmes 2 Jalan Budiman, Jln Tun Razak, Bandar Tun Razak, 56000 Kuala Lumpur, Federal Territory of Kuala Lumpur, Malaysia",3.0887181999999997,101.7208254,OPERATIONAL,electric_vehicle_charging_station,electric_vehicle_charging_station|transportation_service|point_of_interest|establishment,WP Kuala Lumpur,True,False,likely-public
ChIJUc2V-hdKzDERSDuNOJfT2aM,Shell Recharge Charging Station,"Taman Desa, 58100 Kuala Lumpur, Federal Territory of Kuala Lumpur, Malaysia",3.1021945,101.6850788,OPERATIONAL,electric_vehicle_charging_station,electric_vehicle_charging_station|transportation_service|point_of_interest|establishment,WP Kuala Lumpur,True,False,likely-public
ChIJbQcU09k1zDER8oktkfLf7yU,Coway Sales Ampang Imran,"Jln Sri Permaisuri, Bandar Sri Permaisuri Queensville, Bandar Sri Permaisuri, 56000 Kuala Lumpur, Wilayah Persekutuan Kuala Lumpur, Malaysia",3.1039063,101.71419379999999,OPERATIONAL,electric_vehicle_charging_station,electric_vehicle_charging_station|transportation_service|point_of_interest|establishment,WP Kuala Lumpur,True,False,likely-public
ChIJvaskgY5JzDER5O6vNYtXFvU,Tesla Supercharger,"Lingkaran Syed Putra, Mid Valley City, 58000 Kuala Lumpur, Wilayah Persekutuan Kuala Lumpur, Malaysia",3.119709,101.676245,OPERATIONAL,electric_vehicle_charging_station,electric_vehicle_charging_station|transportation_service|point_of_interest|establishment,WP Kuala Lumpur,True,False,likely-public
ChIJP2VW55BJzDERjlwrD4PDzec,ChargeSINI Charging Station,"Serviced Residence, Nadi Bangsar, Jln Tandok, Bangsar, 59100 Kuala Lumpur, Federal Territory of Kuala Lumpur, Malaysia",3.1258638999999997,101.6751402,OPERATIONAL,electric_vehicle_charging_station,electric_vehicle_charging_station|transportation_service|point_of_interest|establishment,WP Kuala Lumpur,True,False,likely-public
ChIJc7Tj6I1JzDERj8GanzNwtao,Volvo Charging Station,"1, Jln Syed Putra, 58000 Kuala Lumpur, Wilayah Persekutuan Kuala Lumpur, Malaysia",3.1211122,101.6792443,OPERATIONAL,electric_vehicle_charging_station,electric_vehicle_charging_station|transportation_service|point_of_interest|establishment,WP Kuala Lumpur,True,False,likely-public
ChIJqQqrCI1JzDERW2GJy7FOEjE,ChargeSINI Charging Station,"Setia Sky Seputeh, Jalan Taman Seputeh, Taman Seputeh, 58000 Kuala Lumpur, Federal Territory of Kuala Lumpur, Malaysia",3.1202802999999997,101.68155759999999,OPERATIONAL,electric_vehicle_charging_station,electric_vehicle_charging_station|transportation_service|point_of_interest|establishment,WP Kuala Lumpur,True,False,likely-public
ChIJOwkDb49JzDERwvj2pL_AvXc,chargEV Charging Station,"PILLAR KL ECO City Mall #2, Basement 1 Kuala Lumpur 59200, 59200 Kuala Lumpur, Federal Territory of Kuala Lumpur, Malaysia",3.1189429,101.67354999999999,OPERATIONAL,electric_vehicle_charging_station,electric_vehicle_charging_station|transportation_service|point_of_interest|establishment,WP Kuala Lumpur,True,False,likely-public
ChIJ_7Ozs8VLzDERhsO67-nDjY4,DC Handal Charging Station,"B1, The Horizon, 8, Jalan Kerinchi, Bangsar South, 59200 Kuala Lumpur, Federal Territory of Kuala Lumpur, Malaysia",3.1109618,101.66786770000002,OPERATIONAL,electric_vehicle_charging_station,electric_vehicle_charging_station|transportation_service|point_of_interest|establishment,WP Kuala Lumpur,True,False,likely-public
ChIJT9XSjY5JzDERrWbqSHvgSuY,JomCharge Charging Station,"Lingkaran Syed Putra, 15, Bandar, Mid Valley City, 59200 Kuala Lumpur, Federal Territory of Kuala Lumpur, Malaysia",3.1192382999999997,101.6772663,OPERATIONAL,electric_vehicle_charging_station,electric_vehicle_charging_station|transportation_service|point_of_interest|establishment,WP Kuala Lumpur,True,False,likely-public
ChIJB9LHFoFJzDERDrNQ3QTa674,Charge+ Charging Station,"59100 Kuala Lumpur, Federal Territory of Kuala Lumpur, Malaysia",3.1157529999999998,101.66525299999999,OPERATIONAL,electric_vehicle_charging_station,electric_vehicle_charging_station|transportation_service|point_of_interest|establishment,WP Kuala Lumpur,True,False,likely-public
ChIJySXMECpKzDERHWZbXr2esi0,BMW Destination Charging Station,"The Vertical, 8, Jalan Kerinchi, Bangsar South, 59200 Kuala Lumpur, Wilayah Persekutuan Kuala Lumpur, Malaysia",3.1115429999999997,101.66615399999999,OPERATIONAL,electric_vehicle_charging_station,electric_vehicle_charging_station|transportation_service|point_of_interest|establishment,WP Kuala Lumpur,True,False,likely-public
ChIJC42TInpJzDERTN8thQzEoo8,chargEV Charging Station,"Lingkungan Budi, 50603 Kuala Lumpur, Wilayah Persekutuan Kuala Lumpur, Malaysia",3.1211275,101.65498180000002,OPERATIONAL,electric_vehicle_charging_station,electric_vehicle_charging_station|transportation_service|point_of_interest|establishment,WP Kuala Lumpur,True,False,likely-public
ChIJSzmFQY9JzDERShaSmkOJ0Hw,Chargeplus Charging Station,"59200 Kuala Lumpur, Federal Territory of Kuala Lumpur, Malaysia",3.118388,101.67378300000001,OPERATIONAL,electric_vehicle_charging_station,electric_vehicle_charging_station|transportation_service|point_of_interest|establishment,WP Kuala Lumpur,True,False,likely-public
ChIJu0LHUZVJzDER76jqzlq3nwI,ChargeSINI Charging Station,"5, Jalan Stesen Sentral Jalan Stesen Sentral, Jln Tun Razak, Kuala Lumpur Sentral, 50470 Kuala Lumpur, Federal Territory of Kuala Lumpur, Malaysia",3.1313402000000004,101.6836455,OPERATIONAL,electric_vehicle_charging_station,electric_vehicle_charging_station|transportation_service|point_of_interest|establishment,WP Kuala Lumpur,True,False,likely-public
ChIJOXqJBXNJzDERdknGAcgLgVU,BYD Charging Station,"Lot No. G-11B, G-11C & G-12, 60, Jalan Sri Hartamas 1, Taman Sri Hartamas, 50480 Kuala Lumpur, Wilayah Persekutuan Kuala Lumpur, Malaysia",3.1637565999999997,101.65780269999999,OPERATIONAL,electric_vehicle_charging_station,electric_vehicle_charging_station|transportation_service|point_of_interest|establishment,WP Kuala Lumpur,True,False,likely-public
ChIJxa77Nq1JzDERq6dO2PNAhOk,ChargeSINI Charging Station,"10 Semantan - East, A, Wing Lobby, Jalan Semantan, Bukit Damansara, 50490 Kuala Lumpur, Federal Territory of Kuala Lumpur, Malaysia",3.1513144,101.6710431,OPERATIONAL,electric_vehicle_charging_station,electric_vehicle_charging_station|transportation_service|point_of_interest|establishment,WP Kuala Lumpur,True,False,likely-public
ChIJl6oavKlJzDERqFkrib9I-TA,Tesla Supercharger,"3, Jalan Damanlela, Pusat Bandar Damansara, 50490 Kuala Lumpur, Wilayah Persekutuan Kuala Lumpur, Malaysia",3.1454180000000003,101.663116,OPERATIONAL,electric_vehicle_charging_station,electric_vehicle_charging_station|transportation_service|point_of_interest|establishment,WP Kuala Lumpur,True,False,likely-public
ChIJo_uXDfJIzDER5KUu2qReo8Q,ChargeSINI Charging Station,"Residensi 22, UEM Sunrise, Jalan Kiara 4, Mont Kiara, 50480 Kuala Lumpur, Wilayah Persekutuan Kuala Lumpur, Malaysia",3.1677858,101.6505366,OPERATIONAL,electric_vehicle_charging_station,electric_vehicle_charging_station|transportation_service|point_of_interest|establishment,WP Kuala Lumpur,True,False,likely-public
ChIJdUI1p3lJzDER4Y8RWKud3kE,EVPower Charging Stations @ Arte Mont Kiara,"Level G, Arte Mont Kiara, Jalan Sultan Haji Ahmad Shah, Kompleks Kerajaan, 50480 Kuala Lumpur, Wilayah Persekutuan Kuala Lumpur, Malaysia",3.1759779,101.665285,OPERATIONAL,electric_vehicle_charging_station,electric_vehicle_charging_station|transportation_service|service|point_of_interest|establishment,WP Kuala Lumpur,True,False,likely-public
ChIJYwJS8dNJzDER150b3oeu0B4,NICHCOM+ Charging Station,"Hartamas Shopping Centre, Taman Sri Hartamas, 50480 Kuala Lumpur, Wilayah Persekutuan Kuala Lumpur, Malaysia",3.1636298999999997,101.65592099999999,CLOSED_TEMPORARILY,electric_vehicle_charging_station,electric_vehicle_charging_station|transportation_service|point_of_interest|establishment,WP Kuala Lumpur,False,False,likely-public
ChIJOTOK1ctJzDERLP4OO9jNDNQ,Electric Vehicle Charging Station,"8, Jalan Kiara, Mont Kiara, 50480 Kuala Lumpur, Wilayah Persekutuan Kuala Lumpur, Malaysia",3.1671367,101.6523994,OPERATIONAL,electric_vehicle_charging_station,electric_vehicle_charging_station|transportation_service|point_of_interest|establishment,WP Kuala Lumpur,True,False,likely-public
ChIJrdQwRPJIzDERfWr8fIebxYY,Chargesini Charging Station,"Jalan Kiara, Mont Kiara, 50480 Kuala Lumpur, Wilayah Persekutuan Kuala Lumpur, Malaysia",3.1683304,101.6518339,OPERATIONAL,electric_vehicle_charging_station,electric_vehicle_charging_station|transportation_service|point_of_interest|establishment,WP Kuala Lumpur,True,False,likely-public
ChIJQQUsavFIzDER4afJUP0hEVs,ChargeSINI Charging Station,"Jalan Kiara, Mont Kiara, 50480 Kuala Lumpur, Wilayah Persekutuan Kuala Lumpur, Malaysia",3.1657648,101.65402209999999,OPERATIONAL,electric_vehicle_charging_station,electric_vehicle_charging_station|transportation_service|point_of_interest|establishment,WP Kuala Lumpur,True,False,likely-public
ChIJM3W2elhJzDERqCX374LNkHQ,Electric Vehicle Charging Station,"Bangsar Shopping Centre Bangsar 59000 Kuala Lumpur, Federal Territory of Kuala Lumpur, lot g122 ground floor, No. 285, Jalan Maarof, Bukit Bandaraya, 59000 Kuala Lumpur, Wilayah Persekutuan, Malaysia",3.1431882,101.6677892,OPERATIONAL,electric_vehicle_charging_station,electric_vehicle_charging_station|transportation_service|point_of_interest|establishment,WP Kuala Lumpur,True,False,likely-public
ChIJ4waJoYlIzDERCOb5naEJ6U4,ChargeSINI Charging Station,"Concerto North Kiara, North Kiara, Jalan Dutamas Raya, Mont Kiara, 51200 Kuala Lumpur, Federal Territory of Kuala Lumpur, Malaysia",3.1779047,101.6587258,OPERATIONAL,electric_vehicle_charging_station,electric_vehicle_charging_station|transportation_service|point_of_interest|establishment,WP Kuala Lumpur,True,False,likely-public
ChIJU90X2NpJzDERdJ70mcIq-Y8,ChargeSINI Charging Station,"Takaful Malaysia Menara Takaful Malaysia, 4, Jalan Sultan Sulaiman, Kampung Attap, 50000 Kuala Lumpur, Wilayah Persekutuan Kuala Lumpur, Malaysia",3.1390156,101.69614299999999,OPERATIONAL,electric_vehicle_charging_station,electric_vehicle_charging_station|transportation_service|point_of_interest|establishment,WP Kuala Lumpur,True,False,likely-public
ChIJdaIDkBw2zDER7DsiIB6KdjI,Virta Global Charging Station,"8, Jalan dua ,off jalan Chan Sow Lin, Chan Sow Lin, 55200 Kuala Lumpur, Wilayah Persekutuan Kuala Lumpur, Malaysia",3.1236232000000004,101.71171450000001,OPERATIONAL,electric_vehicle_charging_station,electric_vehicle_charging_station|transportation_service|point_of_interest|establishment,WP Kuala Lumpur,True,False,likely-public
ChIJH3j8jRJJzDERFwOHHhI6sF0,Electric Vehicle Charging Station,"5, Jalan Stesen Sentral, Kuala Lumpur Sentral, 50470 Kuala Lumpur, Wilayah Persekutuan Kuala Lumpur, Malaysia",3.1353508999999997,101.68575799999999,OPERATIONAL,electric_vehicle_charging_station,electric_vehicle_charging_station|transportation_service|point_of_interest|establishment,WP Kuala Lumpur,True,False,likely-public
ChIJCy5xfwA3zDERIVuxqRhvXLY,EVC Charging Station,"Lalaport, 2, Jln Hang Tuah, Bukit Bintang, 55200 Kuala Lumpur, Wilayah Persekutuan Kuala Lumpur, Malaysia",3.1408188999999997,101.7086085,OPERATIONAL,electric_vehicle_charging_station,electric_vehicle_charging_station|transportation_service|point_of_interest|establishment,WP Kuala Lumpur,True,False,likely-public
ChIJNdvPS8FJzDERFj7IQTc18Lo,Porsche Destination Charging,"6, Jalan Stesen Sentral 2, Kuala Lumpur Sentral, 50470 Kuala Lumpur, Wilayah Persekutuan Kuala Lumpur, Malaysia",3.1365219,101.688543,OPERATIONAL,electric_vehicle_charging_station,electric_vehicle_charging_station|transportation_service|point_of_interest|establishment,WP Kuala Lumpur,True,False,likely-public
ChIJlSixvyc2zDERqslnyPuWalI,JomCharge Charging Station,"Jln Ampang, 2, Jln Hang Tuah, Bukit Bintang, 55100 Kuala Lumpur, Wilayah Persekutuan Kuala Lumpur, Malaysia",3.1401282,101.70836639999999,OPERATIONAL,electric_vehicle_charging_station,electric_vehicle_charging_station|transportation_service|point_of_interest|establishment,WP Kuala Lumpur,True,False,likely-public
ChIJSdNCMsFJzDERAt5L6vcKivQ,ChargeSini Charging Station,"Jalan Stesen Sentral 3, Bandar, 50470 Kuala Lumpur, Wilayah Persekutuan Kuala Lumpur, Malaysia",3.1366057,101.6877148,OPERATIONAL,electric_vehicle_charging_station,electric_vehicle_charging_station|transportation_service|point_of_interest|establishment,WP Kuala Lumpur,True,False,likely-public
ChIJZ-e8ixs2zDERLrF7qRF76JA,Chargesini Charging Station,"Jalan Dua, Bandar, 55200 Kuala Lumpur, Wilayah Persekutuan Kuala Lumpur, Malaysia",3.1252503,101.7127768,OPERATIONAL,electric_vehicle_charging_station,electric_vehicle_charging_station|transportation_service|point_of_interest|establishment,WP Kuala Lumpur,True,False,likely-public
ChIJ94MixAE2zDERQoStYW4OYlY,chargEV Charging Station,"330, Jln Sungai Besi, Chan Sow Lin, 55200 Kuala Lumpur, Wilayah Persekutuan Kuala Lumpur, Malaysia",3.1152819999999997,101.70786199999999,OPERATIONAL,electric_vehicle_charging_station,electric_vehicle_charging_station|transportation_service|point_of_interest|establishment,WP Kuala Lumpur,True,False,likely-public
ChIJMXa8j9pJzDER79npTWg5KdY,chargEV Charging Station,"2, Jalan Balai Polis, City Centre, 50000 Kuala Lumpur, Wilayah Persekutuan Kuala Lumpur, Malaysia",3.1409061,101.69788009999999,OPERATIONAL,electric_vehicle_charging_station,electric_vehicle_charging_station|transportation_service|point_of_interest|establishment,WP Kuala Lumpur,True,False,likely-public
ChIJK2krahA2zDERWmvnCHHeGm8,chargEV Charging Station,"85, Jln Loke Yew, Taman Miharja, 55200 Kuala Lumpur, Wilayah Persekutuan Kuala Lumpur, Malaysia",3.1232036,101.71946950000002,OPERATIONAL,electric_vehicle_charging_station,electric_vehicle_charging_station|transportation_service|point_of_interest|establishment,WP Kuala Lumpur,True,False,likely-public
ChIJB-nl0QI2zDER3AdmTmD1iPg,Porsche Sales & Marketplace Charging Station,"Jln Sungai Besi, Bandar, 57100 Kuala Lumpur, Wilayah Persekutuan Kuala Lumpur, Malaysia",3.1214394999999997,101.7090041,OPERATIONAL,electric_vehicle_charging_station,electric_vehicle_charging_station|transportation_service|point_of_interest|establishment,WP Kuala Lumpur,True,False,likely-public
ChIJK1PLnjFIzDERwtNNC36NZaY,JomCharge Charging Station,"Jalan Dato Onn, Bandar, 50480 Kuala Lumpur, Wilayah Persekutuan Kuala Lumpur, Malaysia",3.1574385,101.69295299999999,OPERATIONAL,electric_vehicle_charging_station,electric_vehicle_charging_station|transportation_service|point_of_interest|establishment,WP Kuala Lumpur,True,False,likely-public
ChIJGemXmPc3zDERqwx3NuGhn1o,Shell Recharge Charging Station,"Level Basement, 1 Parking, Jalan P. Ramlee, Kuala Lumpur, 50250 Kuala Lumpur, Wilayah Persekutuan Kuala Lumpur, Malaysia",3.1521995,101.707201,OPERATIONAL,electric_vehicle_charging_station,electric_vehicle_charging_station|transportation_service|point_of_interest|establishment,WP Kuala Lumpur,True,False,likely-public
ChIJ5dhdSLs3zDERJfm8WQCGDD4,Shell Recharge Charging Station,"Jln Bukit Bintang, Bukit Bintang, 55100 Kuala Lumpur, Wilayah Persekutuan Kuala Lumpur, Malaysia",3.1485035,101.7150205,OPERATIONAL,electric_vehicle_charging_station,electric_vehicle_charging_station|transportation_service|point_of_interest|establishment,WP Kuala Lumpur,True,False,likely-public
ChIJt-GXSdhHzDERHxs9uLc4yqY,BMW Destination Charging Station,"310, Jalan Cenderuh 4, Segambut, 51200 Kuala Lumpur, Wilayah Persekutuan Kuala Lumpur, Malaysia",3.1931789999999998,101.674227,OPERATIONAL,electric_vehicle_charging_station,electric_vehicle_charging_station|transportation_service|point_of_interest|establishment,WP Kuala Lumpur,True,False,likely-public
ChIJpb1TeHlIzDERIHjlOAHZupI,JomCharge Charging Station,"92, Jln Kuching, Kampung Pasir Segambut, 51200 Kuala Lumpur, Wilayah Persekutuan Kuala Lumpur, Malaysia",3.1867137999999997,101.6696667,OPERATIONAL,electric_vehicle_charging_station,electric_vehicle_charging_station|transportation_service|point_of_interest|establishment,WP Kuala Lumpur,True,False,likely-public
ChIJzTpjpYtIzDER1JY-jhcCS6c,ChargeSINI Charging Station,"Wedgewood Residences, Jln Duta Kiara, Mont Kiara, 50480 Kuala Lumpur, Wilayah Persekutuan Kuala Lumpur, Malaysia",3.1745555999999997,101.6577228,OPERATIONAL,electric_vehicle_charging_station,electric_vehicle_charging_station|transportation_service|point_of_interest|establishment,WP Kuala Lumpur,True,False,likely-public
ChIJXa-rxIpIzDER_V4bmqCsJuA,ChargeSINI Charging Station,"Mont Kiara, 50480 Kuala Lumpur, Federal Territory of Kuala Lumpur, Malaysia",3.1724855,101.6591722,OPERATIONAL,electric_vehicle_charging_station,electric_vehicle_charging_station|transportation_service|point_of_interest|establishment,WP Kuala Lumpur,True,False,likely-public
ChIJuZb9jwtJzDERaFiLitwZtu8,QuickCharge Charging Station,"7, Jalan Dutamas 2, Dutamas, 50480 Kuala Lumpur, Wilayah Persekutuan Kuala Lumpur, Malaysia",3.1813892999999998,101.6687134,OPERATIONAL,electric_vehicle_charging_station,electric_vehicle_charging_station|transportation_service|point_of_interest|establishment,WP Kuala Lumpur,True,False,likely-public
ChIJ38gP-2JIzDERMRwD23lfxx4,ChargeSINI Charging Station,"Persiaran Dutamas, Batu, 50480 Kuala Lumpur, Wilayah Persekutuan Kuala Lumpur, Malaysia",3.1794054999999997,101.6636587,OPERATIONAL,electric_vehicle_charging_station,electric_vehicle_charging_station|transportation_service|point_of_interest|establishment,WP Kuala Lumpur,True,False,likely-public
ChIJj48bj2VHzDERa1z403ICiSs,Electric Vehicle Charging Station,"Eco Sky, 188, Jln Kuching, Taman Wahyu, 51200 Kuala Lumpur, Federal Territory of Kuala Lumpur, Malaysia",3.2194669,101.6710059,OPERATIONAL,electric_vehicle_charging_station,electric_vehicle_charging_station|transportation_service|point_of_interest|establishment,WP Kuala Lumpur,True,False,likely-public
ChIJhTSVLrhHzDERH9OGhF939kc,Charge+ Charging Station,"7, Jalan 3/18a, Taman Mastiara, 51200 Kuala Lumpur, Wilayah Persekutuan Kuala Lumpur, Malaysia",3.2128989999999997,101.673127,OPERATIONAL,electric_vehicle_charging_station,electric_vehicle_charging_station|transportation_service|point_of_interest|establishment,WP Kuala Lumpur,True,False,likely-public
ChIJjTfIzhtIzDERZnuOcp4hXyk,Gentari Charging Station,"1, Jalan Pahang Barat, Pekeliling, 53000 Kuala Lumpur, Wilayah Persekutuan Kuala Lumpur, Malaysia",3.1766873,101.6988021,OPERATIONAL,electric_vehicle_charging_station,electric_vehicle_charging_station|transportation_service|point_of_interest|establishment,WP Kuala Lumpur,True,False,likely-public
ChIJpxkLzd03zDERgYS5-_HdmYw,Virta Global Charging Station,"Level 12, Menara KPJ, 238, Jln Tun Razak, 50400 Kuala Lumpur, Wilayah Persekutuan Kuala Lumpur, Malaysia",3.1686365,101.71333,OPERATIONAL,electric_vehicle_charging_station,electric_vehicle_charging_station|transportation_service|point_of_interest|establishment,WP Kuala Lumpur,True,False,likely-public
ChIJ7YkUKgBJzDERasKxzbGu9rc,EvGuru Charging Station,"86, Jalan Putra, Chow Kit, 50350 Kuala Lumpur, Wilayah Persekutuan Kuala Lumpur, Malaysia",3.1670884999999998,101.69187579999999,OPERATIONAL,electric_vehicle_charging_station,electric_vehicle_charging_station|transportation_service|point_of_interest|establishment,WP Kuala Lumpur,True,False,likely-public
ChIJAdCpZwBJzDER1DKDQyRiU7c,Gentari Charging Station,"100, Jalan Putra, Chow Kit, 50350 Kuala Lumpur, Wilayah Persekutuan Kuala Lumpur, Malaysia",3.1662819,101.69206659999999,OPERATIONAL,electric_vehicle_charging_station,electric_vehicle_charging_station|transportation_service|point_of_interest|establishment,WP Kuala Lumpur,True,False,likely-public
ChIJo4m1fABJzDERGtwLAD24pik,Powered By RISE Charging Station,"2&4, Jalan Balam, Jalan Ipoh, 51200 Kuala Lumpur, Wilayah Persekutuan Kuala Lumpur, Malaysia",3.181955,101.6828615,OPERATIONAL,electric_vehicle_charging_station,electric_vehicle_charging_station|transportation_service|point_of_interest|establishment,WP Kuala Lumpur,True,False,likely-public
ChIJVZJuJuk5zDERxflBoqfVSDA,Proton e.Mas Setapak Sales - Jason Goh,"Lot 5237, Industrial Area, Batu 4, Jalan Genting Kelang, Kawasan Perusahaan Pkns, 53200 Kuala Lumpur, Wilayah Persekutuan Kuala Lumpur, Malaysia",3.1969735,101.7150813,OPERATIONAL,car_dealer,car_dealer|electric_vehicle_charging_station|store|transportation_service|point_of_interest|establishment,WP Kuala Lumpur,True,False,likely-public
ChIJ93pdVd43zDER7a1xIiSLLrg,GO TO-U Charging Station,"Jalan Raja Muda Abdul Aziz, Bandar, 50300 Kuala Lumpur, Wilayah Persekutuan Kuala Lumpur, Malaysia",3.1685656,101.7097628,OPERATIONAL,electric_vehicle_charging_station,electric_vehicle_charging_station|transportation_service|point_of_interest|establishment,WP Kuala Lumpur,True,False,likely-public
ChIJl96L9943zDEROWh46zOCDdw,GO TO-U Charging Station,"Jalan Raja Uda, 171, Bandar, Kampung Baru, 50300 Kuala Lumpur, Federal Territory of Kuala Lumpur, Malaysia",3.1684324999999998,101.7104035,OPERATIONAL,electric_vehicle_charging_station,electric_vehicle_charging_station|transportation_service|point_of_interest|establishment,WP Kuala Lumpur,True,False,likely-public
ChIJvyYuGwDLzTER8pnRJF4UdwA,TNB Electron Charging Station,"TNB Electron, beside, UNITEN Mosque, 43000 Kajang, Selangor, Malaysia",2.9775505,101.7303647,OPERATIONAL,electric_vehicle_charging_station,electric_vehicle_charging_station|transportation_service|point_of_interest|establishment,Sepang,True,False,likely-public
ChIJQU-6b9bKzTERLsCz0U4tZFA,ChargeSini Charging Station,"Jalan Kb 2/15, Kampung Baru Balakong, 43300 Balakong, Selangor, Malaysia",3.0272862999999997,101.7503744,OPERATIONAL,electric_vehicle_charging_station,electric_vehicle_charging_station|transportation_service|point_of_interest|establishment,Hulu Langat,True,False,likely-public
ChIJgZB81hPLzTER2PNXxxUkjLw,X MILES Sdn Bhd (KPB 5),"Lot 1909, Jalan KPB 5 Kawasan Perindustrian, Kampung Baru Balakong, 43300 Seri Kembangan, Selangor, Malaysia",3.0277384000000005,101.7385195,OPERATIONAL,,electric_vehicle_charging_station|manufacturer|transportation_service|point_of_interest|establishment,Hulu Langat,True,False,likely-public
ChIJhdDxC6rLzTERX40dn6ZLjyE,ChargeSINI Charging Station,"Persiaran Jade Hills Utama, Jade Hills, 43000 Kajang, Selangor, Malaysia",2.9933129,101.75693779999999,OPERATIONAL,electric_vehicle_charging_station,electric_vehicle_charging_station|transportation_service|point_of_interest|establishment,Hulu Langat,True,False,likely-public
ChIJz-90OGjLzTERslBipk3HQWo,J.R repair service,"Bolk A, pangsapuri cheras, jalan cheras prima 3, taman cheras prima, 43000 Kajang, Selangor, Malaysia",3.0124665,101.7665832,OPERATIONAL,electric_vehicle_charging_station,electric_vehicle_charging_station|transportation_service|point_of_interest|establishment,Hulu Langat,True,False,likely-public
ChIJ3Wq_jLQ0zDERluf-fJjTPv8,JomCharge Charging Station,"Jalan Besar Bandar Sungai Long, 43200 Cheras, Selangor, Malaysia",3.0346636,101.77952049999999,OPERATIONAL,electric_vehicle_charging_station,electric_vehicle_charging_station|transportation_service|point_of_interest|establishment,Hulu Langat,True,False,likely-public
ChIJK3M1lMw0zDERpWJJ7ujbeus,GO TO-U Charging Station,"42A-G, Jalan Tengah, Taman Sri Indah, 43200 Cheras, Selangor, Malaysia",3.0341324999999997,101.7682858,OPERATIONAL,electric_vehicle_charging_station,electric_vehicle_charging_station|transportation_service|point_of_interest|establishment,Hulu Langat,True,False,likely-public
ChIJFSeiijc1zDERoHRYvCvFIlY,ChargeSINI Charging Station,"CloudTree Residence CloudTree Residence, Jalan Juara, Bandar Damai Perdana, 43300 Seri Kembangan, Selangor, Malaysia",3.042919,101.73111019999999,OPERATIONAL,electric_vehicle_charging_station,electric_vehicle_charging_station|transportation_service|point_of_interest|establishment,Hulu Langat,True,False,likely-public
ChIJ5UFvet80zDEROzovvbS-lmY,ChargeSINI Charging Station,"Vina Residency, Jalan Seri Taming 2A, Taman Desa Baiduri, 43200 Cheras, Selangor, Malaysia",3.0496426999999997,101.75303609999999,OPERATIONAL,electric_vehicle_charging_station,electric_vehicle_charging_station|transportation_service|point_of_interest|establishment,Hulu Langat,True,False,likely-public
ChIJkVlBpdw1zDER1oZpDpGHOdA,ChargeSINI Charging Station,"Jalan Kuari, 56100 Kuala Lumpur, Wilayah Persekutuan Kuala Lumpur, Malaysia",3.1025196,101.7346577,OPERATIONAL,electric_vehicle_charging_station,electric_vehicle_charging_station|transportation_service|point_of_interest|establishment,WP Kuala Lumpur,True,False,likely-public
ChIJCeKzlLc1zDERRlLeCns3Qko,Shell Recharge Charging Station,"Jalan Manis 6 3, Taman Gemilang, 56100 Kuala Lumpur, Federal Territory of Kuala Lumpur, Malaysia",3.0906857,101.74212519999999,OPERATIONAL,electric_vehicle_charging_station,electric_vehicle_charging_station|transportation_service|point_of_interest|establishment,WP Kuala Lumpur,True,False,likely-public
ChIJw0WBF1Y0zDEREyHJd57QtAA,ChargeSINI Charging Station,"Imperial Residence, Taman Sri Aman, 43200 Cheras, Selangor, Malaysia",3.0727187999999996,101.7593464,OPERATIONAL,electric_vehicle_charging_station,electric_vehicle_charging_station|transportation_service|point_of_interest|establishment,Hulu Langat,True,False,likely-public
ChIJmW7zZMg0zDERRmOaplNEXus,ChargeSINI Charging Station,"10, 2, Jalan Seksyen 2/2, Batu 11 Cheras, 43200 Cheras, Selangor, Malaysia",3.0417348000000004,101.7727748,OPERATIONAL,electric_vehicle_charging_station,electric_vehicle_charging_station|transportation_service|point_of_interest|establishment,Hulu Langat,True,False,likely-public
ChIJtU-T_MA0zDERRq2u8-WSRWU,ChargeSINI Charging Station,"Lebuh Utama Tun Hussein Onn, Cheras Perdana, 43200 Cheras, Selangor, Malaysia",3.0493294,101.7725916,OPERATIONAL,electric_vehicle_charging_station,electric_vehicle_charging_station|transportation_service|point_of_interest|establishment,Hulu Langat,True,False,likely-public
ChIJC-tPHgA1zDERy1iU1ez7oKE,Electric Vehicle Charging Station,"4Q26+4C, 56100 Hulu Langat, Selangor, Malaysia",3.1003688000000005,101.7610914,OPERATIONAL,electric_vehicle_charging_station,electric_vehicle_charging_station|transportation_service|point_of_interest|establishment,Hulu Langat,True,False,likely-public
ChIJMe1GyRU2zDERqDchG2P3Wy0,ChargeSini Charging Station,"Jalan Peel, Bandar, 55100 Kuala Lumpur, Wilayah Persekutuan Kuala Lumpur, Malaysia",3.1293674,101.7250371,OPERATIONAL,electric_vehicle_charging_station,electric_vehicle_charging_station|transportation_service|point_of_interest|establishment,WP Kuala Lumpur,True,False,likely-public
ChIJG9W0rNY3zDERzDWWYMbfmXI,Shell Recharge Charging Station,"6, Jalan Cochrane, Maluri, 55100 Kuala Lumpur, Wilayah Persekutuan Kuala Lumpur, Malaysia",3.1351199999999997,101.722757,OPERATIONAL,electric_vehicle_charging_station,electric_vehicle_charging_station|transportation_service|point_of_interest|establishment,WP Kuala Lumpur,True,False,likely-public
ChIJG92Z1nQ2zDERwkpAq1bXRns,ChargeSINI Charging Station,"Vila Vista, Vila Vista Condominium, Jalan Selar 4, Taman Pertama, 56100 Kuala Lumpur, Wilayah Persekutuan Kuala Lumpur, Malaysia",3.1144054999999997,101.730003,OPERATIONAL,electric_vehicle_charging_station,electric_vehicle_charging_station|transportation_service|point_of_interest|establishment,WP Kuala Lumpur,True,False,likely-public
ChIJiTjvr0c3zDERd1Nyj1iawKA,ChargeSINI Charging Station,"Level SB C13, Jalan 4/91, Taman Shamelin Perkasa, 56100 Wilayah Persekutuan, Wilayah Persekutuan Kuala Lumpur, Malaysia",3.1222377999999997,101.73978810000001,OPERATIONAL,electric_vehicle_charging_station,electric_vehicle_charging_station|transportation_service|point_of_interest|establishment,Hulu Langat,True,False,likely-public
ChIJO9XbSDw2zDERvkybfkToJfM,chargEV Charging Station,"6, Jalan Cochrane, Maluri, 55100 Kuala Lumpur, Wilayah Persekutuan Kuala Lumpur, Malaysia",3.1340209000000003,101.7231381,OPERATIONAL,electric_vehicle_charging_station,electric_vehicle_charging_station|transportation_service|point_of_interest|establishment,WP Kuala Lumpur,True,False,likely-public
ChIJg-TPXm02zDER1VIUHi4sBGg,ChargeSINI Charging Station,"PAC 3, Residensi Pudu Alam Rekreasi, 5, Jalan Pudu Perdana, Taman Pertama, 56100 Kuala Lumpur, Federal Territory of Kuala Lumpur, Malaysia",3.1217498,101.73071379999999,OPERATIONAL,electric_vehicle_charging_station,electric_vehicle_charging_station|transportation_service|point_of_interest|establishment,WP Kuala Lumpur,True,False,likely-public
ChIJRWC-7PQ2zDERqgIC2-wU-cY,chargEV Charging Station,"1a, Jalan Pandan Indah 4/7, Pandan Indah, 55100 Kuala Lumpur, Selangor, Malaysia",3.1326153,101.7565961,OPERATIONAL,electric_vehicle_charging_station,electric_vehicle_charging_station|transportation_service|point_of_interest|establishment,Hulu Langat,True,False,likely-public
ChIJGe7fFTo2zDERtBTNayex3D0,BMW Destination Charging Station,"10, Jalan Kampung Pandan, Kelab Golf di Raja Selangor, 55100 Kuala Lumpur, Wilayah Persekutuan Kuala Lumpur, Malaysia",3.1388502999999996,101.7225764,OPERATIONAL,electric_vehicle_charging_station,electric_vehicle_charging_station|transportation_service|point_of_interest|establishment,WP Kuala Lumpur,True,False,likely-public
ChIJGe7fFTo2zDERzEhddS6YMPQ,BMW Destination Charging Station,"6, Jalan Cochrane, Seksyen 90, 55100 Kuala Lumpur, Wilayah Persekutuan Kuala Lumpur, Malaysia",3.14017,101.72283999999999,OPERATIONAL,electric_vehicle_charging_station,electric_vehicle_charging_station|transportation_service|point_of_interest|establishment,WP Kuala Lumpur,True,False,likely-public
ChIJ5wLph4k3zDERyB5uEdmtJkw,DC Handal Charging Station,"Wisma Mca, 163, Jln Ampang, Kuala Lumpur, 50450 Kuala Lumpur, Wilayah Persekutuan Kuala Lumpur, Malaysia",3.1601527,101.7165735,OPERATIONAL,electric_vehicle_charging_station,electric_vehicle_charging_station|transportation_service|point_of_interest|establishment,WP Kuala Lumpur,True,False,likely-public
ChIJE9qTUKs3zDERfGECMtY53Yc,ChargeSINI Charging Station,"D'Suria Condominium - Ampang, Jalan Excella, Kosas 5 Residence, 68000 Ampang Jaya, Selangor, Malaysia",3.1513885000000004,101.7472087,OPERATIONAL,electric_vehicle_charging_station,electric_vehicle_charging_station|transportation_service|point_of_interest|establishment,Hulu Langat,True,False,likely-public
ChIJo8cJICU4zDERI9NOrbG86xY,ChargeSini Charging Station,"Jln Mohd Yatim Yahaya, Wangsa Maju, 53300 Kuala Lumpur, Wilayah Persekutuan Kuala Lumpur, Malaysia",3.1990341,101.7381522,OPERATIONAL,electric_vehicle_charging_station,electric_vehicle_charging_station|transportation_service|point_of_interest|establishment,WP Kuala Lumpur,True,False,likely-public
ChIJh2Zpopo5zDERTWbUU56tPts,AZANZI ENTERPRISE,"23-2-C11 2nd floor jalan wangsa delima 5 seksyen 53300 kuala lumpur wilayah persekutuan 17-57 gerai jalan 11 selayang baru 68100 batu caves selangor offise, Taman Setiawangsa, 53300 Kuala Lumpur, Wilayah Persekutuan Kuala Lumpur, Malaysia",3.1982470999999997,101.7452215,OPERATIONAL,electric_vehicle_charging_station,electric_vehicle_charging_station|transportation_service|point_of_interest|establishment,WP Kuala Lumpur,True,False,likely-public
ChIJjbfuf0RMzDERCoy1coaEZbM,BMW Destination Charging Station,"03-06, Jalan Pengaturcara U1/51, Kawasan Perindustrian Temasya, 40150 Shah Alam, Selangor, Malaysia",3.086334,101.587276,OPERATIONAL,electric_vehicle_charging_station,electric_vehicle_charging_station|transportation_service|point_of_interest|establishment,Petaling,True,False,likely-public
ChIJCTdGe2NMzDER6M54g9SOlIE,ChargeSINI Charging Station,"Jalan Wangsa Baiduri, Ss 12, 47500 Subang Jaya, Selangor, Malaysia",3.0783704,101.6022193,OPERATIONAL,electric_vehicle_charging_station,electric_vehicle_charging_station|transportation_service|point_of_interest|establishment,Petaling,True,False,likely-public
ChIJ1bdLrJNOzDERK0IuJPi16t4,BMW Destination Charging Station,"Lot 2813, Jalan Kelab Tropicana, Tropicana, 47410 Petaling Jaya, Selangor, Malaysia",3.130128,101.58475,OPERATIONAL,electric_vehicle_charging_station,electric_vehicle_charging_station|transportation_service|point_of_interest|establishment,Petaling,True,False,likely-public
ChIJGSA2EqpOzDERuHns9Dhl9vI,Shell Recharge Charging Station,"Jalan SS 24/10, Taman Megah, 47301 Petaling Jaya, Selangor, Malaysia",3.1138889,101.6113103,OPERATIONAL,electric_vehicle_charging_station,electric_vehicle_charging_station|transportation_service|point_of_interest|establishment,Petaling,True,False,likely-public
ChIJx0D_vr5PzDERd6E0xW9xrYA,EVC Charging Station,"LOT 13639 JALAN KENANGA, OFF, Lebuhraya Damansara - Puchong, Kampung Sungai Kayu Ara, 47400 Petaling Jaya, Selangor, Malaysia",3.1314156,101.6117964,OPERATIONAL,electric_vehicle_charging_station,electric_vehicle_charging_station|transportation_service|point_of_interest|establishment,Petaling,True,False,likely-public
ChIJTZlrhgRJzDER6qqxD4rm2S8,SafevCharge Charging Station,"94A, Jalan SS 21/39, Damansara Utama, 47400 Petaling Jaya, Selangor, Malaysia",3.1339498999999997,101.6214456,OPERATIONAL,electric_vehicle_charging_station,electric_vehicle_charging_station|transportation_service|point_of_interest|establishment,Petaling,True,False,likely-public
ChIJqbrL4NhLzDERm84yqOtZ0IM,Renergy Charging Station,"8, Jalan Kemajuan, Section 13 Petaling Jaya, 46200 selangor, Selangor, Malaysia",3.1119806999999997,101.6390551,OPERATIONAL,electric_vehicle_charging_station,electric_vehicle_charging_station|transportation_service|point_of_interest|establishment,Petaling,True,False,likely-public
ChIJnzn7KlNJzDERDMPG-3gh5OA,Renergy Charging Station (Wisma South Engineers),"8, Jalan 13/2, Seksyen 13, 46200 Petaling Jaya, Selangor, Malaysia",3.1145821,101.6411273,OPERATIONAL,electric_vehicle_charging_station,electric_vehicle_charging_station|transportation_service|point_of_interest|establishment,Petaling,True,False,likely-public
ChIJI1nremtJzDERErlElQi_uMk,Virta Charging Station,"Bukit Kiara, 60000 Kuala Lumpur, Federal Territory of Kuala Lumpur, Malaysia",3.130435,101.643604,OPERATIONAL,electric_vehicle_charging_station,electric_vehicle_charging_station|transportation_service|point_of_interest|establishment,Petaling,True,False,likely-public
ChIJC2siugFPzDERvl2wWUhbxMQ,Renergy Charging Station (Pelangi Utama),"Jln Masjid, Bandar Utama, 47800 Petaling Jaya, Selangor, Malaysia",3.1400205,101.61538499999999,OPERATIONAL,electric_vehicle_charging_station,electric_vehicle_charging_station|transportation_service|point_of_interest|establishment,Petaling,True,False,likely-public
ChIJdyuJPu5IzDERU56XNXTwPKE,ChargeSINI Charging Station,"Lanai Kiara Condominium Jalan Kiara 3, Bukit Kiara, Mont Kiara, 50480 Kuala Lumpur, Federal Territory of Kuala Lumpur, Malaysia",3.1653653999999998,101.64878879999999,OPERATIONAL,electric_vehicle_charging_station,electric_vehicle_charging_station|transportation_service|point_of_interest|establishment,WP Kuala Lumpur,True,False,likely-public
ChIJIWwEtCtKzDERNFExWCeMnoc,Tesla Supercharger,"7, Jalan Kerinchi, Bangsar South, 59200 Kuala Lumpur, Wilayah Persekutuan Kuala Lumpur, Malaysia",3.1097099999999998,101.6652204,OPERATIONAL,electric_vehicle_charging_station,electric_vehicle_charging_station|transportation_service|point_of_interest|establishment,WP Kuala Lumpur,True,False,likely-public
ChIJicamvwlJzDER_vy2uYS8v3Y,chargEV Charging Station,"9, Jalan Medang Tanduk, Bangsar, 59100 Kuala Lumpur, Wilayah Persekutuan Kuala Lumpur, Malaysia",3.138484,101.659756,OPERATIONAL,electric_vehicle_charging_station,electric_vehicle_charging_station|transportation_service|point_of_interest|establishment,WP Kuala Lumpur,True,False,likely-public
ChIJFXTLSSNKzDER76MBB90D2vo,ChargeSINI Charging Station,"Jalan Morib, Taman Desa, 58100 Kuala Lumpur, Wilayah Persekutuan Kuala Lumpur, Malaysia",3.1029139999999997,101.67971879999999,OPERATIONAL,electric_vehicle_charging_station,electric_vehicle_charging_station|transportation_service|point_of_interest|establishment,WP Kuala Lumpur,True,False,likely-public
ChIJpfpcaCRKzDER65lroOJEZsM,ChargeSINI Charging Station,"Jln Klang Lama, Bandar, 58000 Kuala Lumpur, Wilayah Persekutuan Kuala Lumpur, Malaysia",3.1056527,101.6770861,OPERATIONAL,electric_vehicle_charging_station,electric_vehicle_charging_station|transportation_service|point_of_interest|establishment,WP Kuala Lumpur,True,False,likely-public
ChIJC3yq5IRJzDERNsYiX4aQEbA,GO TO-U Charging Station,"Jalan Api - Api 1, Bangsar, 59100 Kuala Lumpur, Wilayah Persekutuan Kuala Lumpur, Malaysia",3.1204125,101.6694725,OPERATIONAL,electric_vehicle_charging_station,electric_vehicle_charging_station|transportation_service|point_of_interest|establishment,WP Kuala Lumpur,True,False,likely-public
ChIJScHPGTBJzDERVOuoN2ir9EY,Charge+ Charging Station,"Menara Uoa Bangsar, Jalan Bangsar Utama 1, Bangsar, 59000 Kuala Lumpur, Wilayah Persekutuan Kuala Lumpur, Malaysia",3.1279195,101.6782997,OPERATIONAL,electric_vehicle_charging_station,electric_vehicle_charging_station|transportation_service|point_of_interest|establishment,WP Kuala Lumpur,True,False,likely-public
ChIJJT8-AZlJzDERro0nYw_73f0,JomCharge Charging Station,"Lorong Terasek Kanan, Bangsar, 59100 Kuala Lumpur, Wilayah Persekutuan Kuala Lumpur, Malaysia",3.1293884,101.6695786,OPERATIONAL,electric_vehicle_charging_station,electric_vehicle_charging_station|transportation_service|point_of_interest|establishment,WP Kuala Lumpur,True,False,likely-public
ChIJwY1e-r9JzDERrC74x5DtHKY,ChargEV Charging Station,"1, Jalan Stesen Sentral 5, Kuala Lumpur Sentral, 50470 Kuala Lumpur, Wilayah Persekutuan Kuala Lumpur, Malaysia",3.1324519,101.683543,CLOSED_TEMPORARILY,electric_vehicle_charging_station,electric_vehicle_charging_station|transportation_service|point_of_interest|establishment,WP Kuala Lumpur,False,False,likely-public
ChIJTarfTJFJzDERS_kIpqIt1GM,Shell Recharge Charging Station,"Jalan Maarof, 82, Bandar, Bangsar, 59000 Kuala Lumpur, Federal Territory of Kuala Lumpur, Malaysia",3.1270070999999997,101.67746749999999,OPERATIONAL,electric_vehicle_charging_station,electric_vehicle_charging_station|transportation_service|point_of_interest|establishment,WP Kuala Lumpur,True,False,likely-public
ChIJxSrsUwdJzDERHBmJUCy6oIk,ChargeSINI Charging Station,"Jalan Damanlela, Pusat Bandar Damansara, 50490 Kuala Lumpur, Wilayah Persekutuan Kuala Lumpur, Malaysia",3.1466928,101.66088189999999,OPERATIONAL,electric_vehicle_charging_station,electric_vehicle_charging_station|transportation_service|point_of_interest|establishment,WP Kuala Lumpur,True,False,likely-public
ChIJh5xq6qlJzDER1R10UHSQH1g,Porsche Destination Charging,"Twins Damansara, Jalan Damanlela, Pusat Bandar Damansara, 50490 Kuala Lumpur, Wilayah Persekutuan Kuala Lumpur, Malaysia",3.14577,101.66245699999999,OPERATIONAL,electric_vehicle_charging_station,electric_vehicle_charging_station|transportation_service|point_of_interest|establishment,WP Kuala Lumpur,True,False,likely-public
ChIJv7f-QKpJzDER7asMi9C4zs0,Shell Recharge Charging Station,"6, Jalan Damanlela, Pusat Bandar Damansara, 50490 Kuala Lumpur, Wilayah Persekutuan Kuala Lumpur, Malaysia",3.1482862999999996,101.662911,OPERATIONAL,electric_vehicle_charging_station,electric_vehicle_charging_station|transportation_service|point_of_interest|establishment,WP Kuala Lumpur,True,False,likely-public
ChIJx_N15XdJzDER27-lot87l3U,Renergy Charging Station (Sunway Palazzio),"Jalan Sri Hartamas 3, Taman Sri Hartamas, 50480 Kuala Lumpur, Wilayah Persekutuan Kuala Lumpur, Malaysia",3.1550989,101.6482276,OPERATIONAL,electric_vehicle_charging_station,electric_vehicle_charging_station|transportation_service|point_of_interest|establishment,WP Kuala Lumpur,True,False,likely-public
ChIJV6cbSa9JzDERD3yFzARBMRM,BMW Charging Station,"285, Jalan Maarof, Bangsar, 59100 Kuala Lumpur, Wilayah Persekutuan Kuala Lumpur, Malaysia",3.142975,101.66748849999999,OPERATIONAL,electric_vehicle_charging_station,electric_vehicle_charging_station|transportation_service|point_of_interest|establishment,WP Kuala Lumpur,True,False,likely-public
ChIJ_51lwvFIzDERL8y5qaya6xE,ChargeSINI Charging Station,"Flora Murni Condominium, Jln Kiara 3, Mont Kiara, 50480 Kuala Lumpur, Wilayah Persekutuan Kuala Lumpur, Malaysia",3.1654665,101.65084189999999,OPERATIONAL,electric_vehicle_charging_station,electric_vehicle_charging_station|transportation_service|point_of_interest|establishment,WP Kuala Lumpur,True,False,likely-public
ChIJ7zYg9ItIzDERW-AjTzBpPTc,Shell Recharge Charging Station,"Lebuhraya Utara - Selatan, 51200 Kuala Lumpur, Wilayah Persekutuan Kuala Lumpur, Malaysia",3.1756047,101.6558649,OPERATIONAL,electric_vehicle_charging_station,electric_vehicle_charging_station|transportation_service|point_of_interest|establishment,WP Kuala Lumpur,True,False,likely-public
ChIJY80FBFJIzDERIMwjptOSgFI,BMW Destination Charging Station,"3189, Jalan Ledang, Taman Duta, 50480 Kuala Lumpur, Wilayah Persekutuan Kuala Lumpur, Malaysia",3.1563269999999997,101.672286,OPERATIONAL,electric_vehicle_charging_station,electric_vehicle_charging_station|transportation_service|point_of_interest|establishment,WP Kuala Lumpur,True,False,likely-public
ChIJ3RQapNxJzDERKdOFnp2oDeM,ChargeSINI Charging Station,"Jalan Belfield, Bandar, 50460 Kuala Lumpur, Wilayah Persekutuan Kuala Lumpur, Malaysia",3.1363574,101.6964495,OPERATIONAL,electric_vehicle_charging_station,electric_vehicle_charging_station|transportation_service|point_of_interest|establishment,WP Kuala Lumpur,True,False,likely-public
ChIJByO_u9xJzDERmafPhXToL7I,ChargeSINI Charging Station,"Jalan Belfield, Bandar, 50460 Kuala Lumpur, Wilayah Persekutuan Kuala Lumpur, Malaysia",3.1358618999999996,101.6964045,OPERATIONAL,electric_vehicle_charging_station,electric_vehicle_charging_station|transportation_service|point_of_interest|establishment,WP Kuala Lumpur,True,False,likely-public
ChIJS6fhHsM3zDERIjHhI5LP9s0,EVPower Charging Station,"Jalan Dua, Chan Sow Lin, 55200 Kuala Lumpur, Wilayah Persekutuan Kuala Lumpur, Malaysia",3.1243752,101.70973869999999,OPERATIONAL,electric_vehicle_charging_station,electric_vehicle_charging_station|transportation_service|point_of_interest|establishment,WP Kuala Lumpur,True,False,likely-public
ChIJtYcsBzJIzDERLKse00DTmsE,ChargeSINI Charging Station,"SOGO Kuala Lumpur, Jalan Tuanku Abdul Rahman, City Centre, 50100 Kuala Lumpur, Wilayah Persekutuan Kuala Lumpur, Malaysia",3.1560780999999998,101.6952903,OPERATIONAL,electric_vehicle_charging_station,electric_vehicle_charging_station|transportation_service|point_of_interest|establishment,WP Kuala Lumpur,True,False,likely-public
ChIJmf8vmNJJzDERLdXnMqwpExg,JomCharge Charging Station,"Jalan Tun Perak, 38, Bandar, Kuala Lumpur City Centre, 50050 Kuala Lumpur, Federal Territory of Kuala Lumpur, Malaysia",3.1501181999999996,101.69611119999999,OPERATIONAL,electric_vehicle_charging_station,electric_vehicle_charging_station|transportation_service|point_of_interest|establishment,WP Kuala Lumpur,True,False,likely-public
ChIJOSlyyzNIzDEROWYUbzxdu6g,JomCharge Charging Station,"Jalan Dato Onn, 11, Bandar, Kuala Lumpur, 50480 Kuala Lumpur, Federal Territory of Kuala Lumpur, Malaysia",3.1554455,101.6924545,OPERATIONAL,electric_vehicle_charging_station,electric_vehicle_charging_station|transportation_service|point_of_interest|establishment,WP Kuala Lumpur,True,False,likely-public
ChIJFetPHjNIzDERKQtCPbJxiF8,Charge+ Charging Station,"2333, Jalan Dato Onn, Kuala Lumpur, 50480 Kuala Lumpur, Wilayah Persekutuan Kuala Lumpur, Malaysia",3.152924,101.69246899999999,OPERATIONAL,electric_vehicle_charging_station,electric_vehicle_charging_station|transportation_service|point_of_interest|establishment,WP Kuala Lumpur,True,False,likely-public
ChIJo4PSIJpJzDERJlwLgvgqxys,ChargeSINI Charging Station,"Pertama Kompleks, Jalan Tuanku Abdul Rahman, Chow Kit, 50350 Kuala Lumpur, Wilayah Persekutuan Kuala Lumpur, Malaysia",3.1573064,101.69529569999999,OPERATIONAL,electric_vehicle_charging_station,electric_vehicle_charging_station|transportation_service|point_of_interest|establishment,WP Kuala Lumpur,True,False,likely-public
ChIJb4HjODFIzDERrhPA1H64hpE,ChargePlus Charging Station,"2, Jalan Dato Onn, Kuala Lumpur, 50480 Kuala Lumpur, Wilayah Persekutuan Kuala Lumpur, Malaysia",3.157813,101.690697,OPERATIONAL,electric_vehicle_charging_station,electric_vehicle_charging_station|transportation_service|point_of_interest|establishment,WP Kuala Lumpur,True,False,likely-public
ChIJsw6NxNVJzDERZ47NXmisUmo,ChargeSINI Charging Station,"Regency Tower, 8, Jalan Bukit Ceylon, Ampang, 50200 Wilayah Persekutuan, Wilayah Persekutuan Kuala Lumpur, Malaysia",3.1471792,101.704971,OPERATIONAL,electric_vehicle_charging_station,electric_vehicle_charging_station|transportation_service|point_of_interest|establishment,WP Kuala Lumpur,True,False,likely-public
ChIJM1H4gNM3zDERXs-Fw10TCPQ,BMW Destination Charging Station,"12, Jalan Pinang, Kuala Lumpur, 50450 Kuala Lumpur, Wilayah Persekutuan Kuala Lumpur, Malaysia",3.153898,101.712666,OPERATIONAL,electric_vehicle_charging_station,electric_vehicle_charging_station|transportation_service|point_of_interest|establishment,WP Kuala Lumpur,True,False,likely-public
ChIJGbLTuis2zDERx6NT5lPGOQ8,ChargeSini Charging Station,"The Kuala Lumpur Journal Hotel Jalan Sultan Ismail, Jalan Tun Ismail, Bukit Bintang, 50200 Kuala Lumpur, Federal Territory of Kuala Lumpur, Malaysia",3.1482123000000004,101.71053359999999,OPERATIONAL,electric_vehicle_charging_station,electric_vehicle_charging_station|transportation_service|point_of_interest|establishment,WP Kuala Lumpur,True,False,likely-public
ChIJiV4IxSw2zDERggTH3WeKkuc,BMW Destination Charging Station,"4, Jalan Conlay, Kuala Lumpur, 50450 Kuala Lumpur, Wilayah Persekutuan Kuala Lumpur, Malaysia",3.15053,101.71449,OPERATIONAL,electric_vehicle_charging_station,electric_vehicle_charging_station|transportation_service|point_of_interest|establishment,WP Kuala Lumpur,True,False,likely-public
ChIJt09AdCs2zDERD7SXtgr7hZU,ChargeSini Charging Station,"Wisma Chuang, 34, Jln Sultan Ismail, Bukit Bintang, 50250 Kuala Lumpur, Wilayah Persekutuan Kuala Lumpur, Malaysia",3.1490541,101.7113574,OPERATIONAL,electric_vehicle_charging_station,electric_vehicle_charging_station|transportation_service|point_of_interest|establishment,WP Kuala Lumpur,True,False,likely-public
ChIJRatRN9E3zDERS2PrwmXI7aA,Gentari Charging Station,"Level P3, Pillar 13B, Season Parking Pass required to enter. Basement Parking, Kuala Lumpur, 50088 Kuala Lumpur, Wilayah Persekutuan Kuala Lumpur, Malaysia",3.1576999999999997,101.7132,OPERATIONAL,electric_vehicle_charging_station,electric_vehicle_charging_station|transportation_service|point_of_interest|establishment,WP Kuala Lumpur,True,False,likely-public
ChIJGQ9jTto3zDERwnXWjeeHgKc,JomCharge Charging Station,"36, Jalan Yap Kwan Seng, Bandar, 50450 Kuala Lumpur, Wilayah Persekutuan Kuala Lumpur, Malaysia",3.1632043,101.7144945,OPERATIONAL,electric_vehicle_charging_station,electric_vehicle_charging_station|transportation_service|point_of_interest|establishment,WP Kuala Lumpur,True,False,likely-public
ChIJ46nfts83zDERByd71tsuLxY,chargEV Charging Station,"199, Jln Tun Razak, Kuala Lumpur, 50450 Kuala Lumpur, Wilayah Persekutuan Kuala Lumpur, Malaysia",3.1592237,101.72015909999999,OPERATIONAL,electric_vehicle_charging_station,electric_vehicle_charging_station|transportation_service|point_of_interest|establishment,WP Kuala Lumpur,True,False,likely-public
ChIJIXUBOto3zDERNtujUp6oj_Q,JomCharge Charging Station,"Lorong Yap Kwan Seng, 3 Bandar, 50450 Kuala Lumpur, Wilayah Persekutuan Kuala Lumpur, Malaysia",3.1629389999999997,101.71357859999999,OPERATIONAL,electric_vehicle_charging_station,electric_vehicle_charging_station|transportation_service|point_of_interest|establishment,WP Kuala Lumpur,True,False,likely-public
ChIJ32ujMzA2zDERz4pSnwxx0RY,Chargesini Charging Station,"Persiaran TRX Timur, Bandar, 55188 Kuala Lumpur, Wilayah Persekutuan Kuala Lumpur, Malaysia",3.1436347,101.71917719999999,OPERATIONAL,electric_vehicle_charging_station,electric_vehicle_charging_station|transportation_service|point_of_interest|establishment,WP Kuala Lumpur,True,False,likely-public
ChIJX1gVQDE2zDER_zmVBWthwoY,ChargeSINI Charging Station,"The Horizon Residences KL, Jln Tun Razak, Royal Selangor Golf Club, 55000 Kuala Lumpur, Federal Territory of Kuala Lumpur, Malaysia",3.1445814999999997,101.7222468,OPERATIONAL,electric_vehicle_charging_station,electric_vehicle_charging_station|transportation_service|point_of_interest|establishment,WP Kuala Lumpur,True,False,likely-public
ChIJA7KzJzA2zDERSND1bGPxzEs,Virta Charging Station,"Persiaran TRX, Imbi, 55100 Kuala Lumpur, Wilayah Persekutuan Kuala Lumpur, Malaysia",3.1430998,101.7183805,OPERATIONAL,electric_vehicle_charging_station,electric_vehicle_charging_station|transportation_service|point_of_interest|establishment,WP Kuala Lumpur,True,False,likely-public
ChIJi7chjC02zDER7ryfnXjg__g,Volvo Charging Station,"Jln Bukit Bintang, Kuala Lumpur, 55100 Kuala Lumpur, Wilayah Persekutuan Kuala Lumpur, Malaysia",3.1478656999999997,101.7178751,OPERATIONAL,electric_vehicle_charging_station,electric_vehicle_charging_station|transportation_service|point_of_interest|establishment,WP Kuala Lumpur,True,False,likely-public
ChIJYyeNrS82zDERMsQH3xAguSE,Virta Charging Station,"Menara Prudential, 1, Jalan Barat, Tun Razak, 55100 Kuala Lumpur, Wilayah Persekutuan Kuala Lumpur, Malaysia",3.1436292999999997,101.716048,OPERATIONAL,electric_vehicle_charging_station,electric_vehicle_charging_station|transportation_service|point_of_interest|establishment,WP Kuala Lumpur,True,False,likely-public
ChIJiXPkWUw2zDERAO2vJAvRQiw,ChargeSINI Charging Station,"Sentrio Pandan, Jalan 3/76c, Desa Pandan, 55100 Kuala Lumpur, Federal Territory of Kuala Lumpur, Malaysia",3.1482783,101.73741150000001,OPERATIONAL,electric_vehicle_charging_station,electric_vehicle_charging_station|transportation_service|point_of_interest|establishment,WP Kuala Lumpur,True,False,likely-public
ChIJuUww87U3zDER2mZBAHUOpo0,ChargeSini Charging Station,"Damai Suria, Jln Ampang, Jalan U Thant, Taman U Thant, 55000 Kuala Lumpur, Wilayah Persekutuan Kuala Lumpur, Malaysia",3.1547969,101.73008709999999,OPERATIONAL,electric_vehicle_charging_station,electric_vehicle_charging_station|transportation_service|point_of_interest|establishment,WP Kuala Lumpur,True,False,likely-public
ChIJbXCGxy82zDER4YCqLRGbcJs,Virta Global Charging Station,"Persiaran TRX, Imbi, 55100 Kuala Lumpur, Wilayah Persekutuan Kuala Lumpur, Malaysia",3.1431107,101.716813,OPERATIONAL,electric_vehicle_charging_station,electric_vehicle_charging_station|transportation_service|point_of_interest|establishment,WP Kuala Lumpur,True,False,likely-public
ChIJNeXQCTM2zDERvnnlQN62Rsk,JomCharge Charging Station,"Jalan Kia Peng, 39, Bandar, Kuala Lumpur, 50450 Kuala Lumpur, Federal Territory of Kuala Lumpur, Malaysia",3.1487358,101.721989,OPERATIONAL,electric_vehicle_charging_station,electric_vehicle_charging_station|transportation_service|point_of_interest|establishment,WP Kuala Lumpur,True,False,likely-public
ChIJEzA819E3zDERXSbfKH77zz0,Charge+ Charging Station,"19, Persiaran KLCC, Kuala Lumpur, 50450 Kuala Lumpur, Wilayah Persekutuan Kuala Lumpur, Malaysia",3.1580809999999997,101.71793600000001,OPERATIONAL,electric_vehicle_charging_station,electric_vehicle_charging_station|transportation_service|point_of_interest|establishment,WP Kuala Lumpur,True,False,likely-public
ChIJoZl9Vc43zDERF7n3Uvcpxfc,chargEV Charging Station,"362, Jln Tun Razak, Taman U Thant, 50400 Kuala Lumpur, Wilayah Persekutuan Kuala Lumpur, Malaysia",3.1585259999999997,101.7210861,OPERATIONAL,electric_vehicle_charging_station,electric_vehicle_charging_station|transportation_service|point_of_interest|establishment,WP Kuala Lumpur,True,False,likely-public
ChIJdS7TKM43zDER3v4UiMwY8oA,Virta Charging Station,"10, Lrg Binjai, Kuala Lumpur, 50450 Kuala Lumpur, Wilayah Persekutuan Kuala Lumpur, Malaysia",3.158102,101.718571,OPERATIONAL,electric_vehicle_charging_station,electric_vehicle_charging_station|transportation_service|point_of_interest|establishment,WP Kuala Lumpur,True,False,likely-public
ChIJAxXgHsY3zDER2A0gXZcxQGU,ChargeSINI Charging Station,"202DC Desa Cahaya, Jln Ampang, Kampung Datuk Keramat, 55000 Ampang, Selangor, Malaysia",3.1612023,101.7251512,OPERATIONAL,electric_vehicle_charging_station,electric_vehicle_charging_station|transportation_service|point_of_interest|establishment,WP Kuala Lumpur,True,False,likely-public
ChIJhbNfMM43zDER73CkRT8qwc8,Virta Global Charging Station,"16, Lrg Binjai, Kuala Lumpur, 50450 Kuala Lumpur, Wilayah Persekutuan Kuala Lumpur, Malaysia",3.1580519999999996,101.7190959,OPERATIONAL,electric_vehicle_charging_station,electric_vehicle_charging_station|transportation_service|point_of_interest|establishment,WP Kuala Lumpur,True,False,likely-public
ChIJ-zvvobA3zDERjYdTAvH_Js0,Chargesini Charging Station,"Jln Ampang, Bandar, 54000 Kuala Lumpur, Wilayah Persekutuan Kuala Lumpur, Malaysia",3.1605906999999998,101.73667170000002,OPERATIONAL,electric_vehicle_charging_station,electric_vehicle_charging_station|transportation_service|point_of_interest|establishment,WP Kuala Lumpur,True,False,likely-public
ChIJOSi7Qs43zDER-8TY1Iwcblo,Virta Charging Station,"201a, Jln Tun Razak, Kuala Lumpur, 50400 Kuala Lumpur, Wilayah Persekutuan Kuala Lumpur, Malaysia",3.1573805999999998,101.7202959,OPERATIONAL,electric_vehicle_charging_station,electric_vehicle_charging_station|transportation_service|point_of_interest|establishment,WP Kuala Lumpur,True,False,likely-public
ChIJR63H3No3zDERFo02MhQOBh4,ChargeSINI Charging Station,"Tokio Marine Life Insurance Malaysia Bhd, Jln Tun Razak, 50400 Kuala Lumpur, Wilayah Persekutuan Kuala Lumpur, Malaysia",3.16296,101.71704910000001,OPERATIONAL,electric_vehicle_charging_station,electric_vehicle_charging_station|transportation_service|point_of_interest|establishment,WP Kuala Lumpur,True,False,likely-public
ChIJddLiLwA3zDERHFKQ_rdKEDA,chargEV Charging Station,"Lot 4258 & 4259, Jln Ampang, Desa Pahlawan, 50450 Kuala Lumpur, Wilayah Persekutuan Kuala Lumpur, Malaysia",3.1591153999999997,101.74332969999999,OPERATIONAL,electric_vehicle_charging_station,electric_vehicle_charging_station|transportation_service|point_of_interest|establishment,WP Kuala Lumpur,True,False,likely-public
ChIJ9Up7dLA3zDER2sLvOQsb3JY,ChargeSini Charging Station,"Jln Ampang, Bandar, 54000 Kuala Lumpur, Wilayah Persekutuan Kuala Lumpur, Malaysia",3.1605436,101.7393654,OPERATIONAL,electric_vehicle_charging_station,electric_vehicle_charging_station|transportation_service|point_of_interest|establishment,WP Kuala Lumpur,True,False,likely-public
ChIJjbRc4rA3zDER4lk8_LQNeRU,ChargeSINI Charging Station,"Jalan Ampang Hilir, Bandar, 54000 Kuala Lumpur, Wilayah Persekutuan Kuala Lumpur, Malaysia",3.1584695,101.7372133,OPERATIONAL,electric_vehicle_charging_station,electric_vehicle_charging_station|transportation_service|point_of_interest|establishment,WP Kuala Lumpur,True,False,likely-public
ChIJi_q2M9ZJzDERjVSIpxGnqd8,chargEV Charging Station,"2, Jalan Robertson, Bukit Bintang, 50150 Kuala Lumpur, Wilayah Persekutuan Kuala Lumpur, Malaysia",3.1441909999999997,101.70590899999999,OPERATIONAL,electric_vehicle_charging_station,electric_vehicle_charging_station|transportation_service|point_of_interest|establishment,WP Kuala Lumpur,True,False,likely-public
ChIJmc1EWyg2zDERIbK9ZHhkH7M,ChargeSINI Charging Station,"Plaza Berjaya, Jln Bukit Bintang, Raja Laut, 55100 Kuala Lumpur, Federal Territory of Kuala Lumpur, Malaysia",3.1430179,101.7091354,OPERATIONAL,electric_vehicle_charging_station,electric_vehicle_charging_station|transportation_service|point_of_interest|establishment,WP Kuala Lumpur,True,False,likely-public
ChIJL6im9yg2zDER43ruLNNBUIE,ChargeSINI Charging Station,"Meliá Kuala Lumpur, Jln Imbi, Bukit Bintang, 51000 Kuala Lumpur, Federal Territory of Kuala Lumpur, Malaysia",3.1432143,101.7098319,OPERATIONAL,electric_vehicle_charging_station,electric_vehicle_charging_station|transportation_service|point_of_interest|establishment,WP Kuala Lumpur,True,False,likely-public
ChIJWU1ZvSpIzDERxAWYDxGuZO0,Virta Charging Station,"Off, Jalan P. Ramlee, Kuala Lumpur, 50250 Kuala Lumpur, Wilayah Persekutuan Kuala Lumpur, Malaysia",3.1525645,101.7060513,OPERATIONAL,electric_vehicle_charging_station,electric_vehicle_charging_station|transportation_service|point_of_interest|establishment,WP Kuala Lumpur,True,False,likely-public
ChIJWSBqzyo2zDERK1Nll-hV6J4,JomCharge Charging Station,"5P25+8F4, Bandar, 50200 Kuala Lumpur, Federal Territory of Kuala Lumpur, Malaysia",3.1507638,101.7087038,OPERATIONAL,electric_vehicle_charging_station,electric_vehicle_charging_station|transportation_service|point_of_interest|establishment,WP Kuala Lumpur,True,False,likely-public
ChIJnevGEypIzDER2QFU-SJqP6Y,ChargeSINI Charging Station,"Hotel, Jln Sultan Ismail, City Centre, 50250 Kuala Lumpur, Wilayah Persekutuan Kuala Lumpur, Malaysia",3.1552883,101.7058799,OPERATIONAL,electric_vehicle_charging_station,electric_vehicle_charging_station|transportation_service|point_of_interest|establishment,WP Kuala Lumpur,True,False,likely-public
ChIJo35Kw9Q3zDERAP24x9p5NMI,Virta Charging Station,"26, Jln Sultan Ismail, Kuala Lumpur, 50450 Kuala Lumpur, Wilayah Persekutuan Kuala Lumpur, Malaysia",3.1523,101.7104,OPERATIONAL,electric_vehicle_charging_station,electric_vehicle_charging_station|transportation_service|point_of_interest|establishment,WP Kuala Lumpur,True,False,likely-public
ChIJXUHquio2zDERf-mP2LUa7r4,Shell Recharge Charging Station,"Pavilion Kuala Lumpur, 168, Jln Bukit Bintang, Bandar, 55100 Kuala Lumpur, Wilayah Persekutuan Kuala Lumpur, Malaysia",3.1506442,101.70764799999999,OPERATIONAL,electric_vehicle_charging_station,electric_vehicle_charging_station|transportation_service|point_of_interest|establishment,WP Kuala Lumpur,True,False,likely-public
ChIJDRJnFik2zDERB2JEiDDnCHk,chargEV Charging Station,"111, Jln Sultan Ismail, Bukit Bintang, 55100 Kuala Lumpur, Wilayah Persekutuan Kuala Lumpur, Malaysia",3.1447659999999997,101.71095199999999,OPERATIONAL,electric_vehicle_charging_station,electric_vehicle_charging_station|transportation_service|point_of_interest|establishment,WP Kuala Lumpur,True,False,likely-public
ChIJHSXIj3g3zDERV2x8lOQhUl8,Shell Recharge Charging Station,"2, Jalan Conlay, Kuala Lumpur, 50450 Kuala Lumpur, Wilayah Persekutuan Kuala Lumpur, Malaysia",3.149978,101.713976,OPERATIONAL,electric_vehicle_charging_station,electric_vehicle_charging_station|transportation_service|point_of_interest|establishment,WP Kuala Lumpur,True,False,likely-public
ChIJ2-ngFtM3zDERZFN0AjGLJJA,JomCharge Charging Station,"Jalan Kia Peng, 7, Bandar, Kuala Lumpur, 50450 Kuala Lumpur, Federal Territory of Kuala Lumpur, Malaysia",3.1527098,101.7144635,OPERATIONAL,electric_vehicle_charging_station,electric_vehicle_charging_station|transportation_service|point_of_interest|establishment,WP Kuala Lumpur,True,False,likely-public
ChIJK1RPndM3zDER9iwXXroxkCE,BMW Charging Station,"Jalan Pinang, 2 Bandar, 50450 Kuala Lumpur, Wilayah Persekutuan Kuala Lumpur, Malaysia",3.1537857999999996,101.7132783,OPERATIONAL,electric_vehicle_charging_station,electric_vehicle_charging_station|transportation_service|point_of_interest|establishment,WP Kuala Lumpur,True,False,likely-public
ChIJMbnnAClIzDERBeqkD3uu9AQ,ChargeSINI Charging Station,"Jalan Sultan Ismail, 1020, Bandar, 50450 Kuala Lumpur, Federal Territory of Kuala Lumpur, Malaysia",3.1585335999999997,101.7038429,OPERATIONAL,electric_vehicle_charging_station,electric_vehicle_charging_station|transportation_service|point_of_interest|establishment,WP Kuala Lumpur,True,False,likely-public
ChIJQQaOIdE3zDER2CcHDsbsRsU,ChargeSINI Charging Station,"145, Jln Ampang, Kuala Lumpur City Centre, 50450 Kuala Lumpur, Wilayah Persekutuan Kuala Lumpur, Malaysia",3.1580081,101.71370069999999,OPERATIONAL,electric_vehicle_charging_station,electric_vehicle_charging_station|transportation_service|point_of_interest|establishment,WP Kuala Lumpur,True,False,likely-public
ChIJ3Zh62tY3zDERkg8xLZ84koQ,Gentari Charging Station,"Season Parking Pass required to enter. Baseme, Kuala Lumpur, 50088 Kuala Lumpur, Wilayah Persekutuan Kuala Lumpur, Malaysia",3.1582432999999996,101.71177279999999,OPERATIONAL,electric_vehicle_charging_station,electric_vehicle_charging_station|transportation_service|point_of_interest|establishment,WP Kuala Lumpur,True,False,likely-public
ChIJfbFVR9c3zDERvu7AIuK1sF4,chargEV Charging Station,"148, Jln Ampang, 50450 Kuala Lumpur, Wilayah Persekutuan Kuala Lumpur, Malaysia",3.15991,101.71146999999999,OPERATIONAL,electric_vehicle_charging_station,electric_vehicle_charging_station|transportation_service|point_of_interest|establishment,WP Kuala Lumpur,True,False,likely-public
ChIJYbByyDE2zDERR6OIedydq1U,JomCharge Charging Station,"Jalan Kamuning, 39, Bandar, Imbi, 55100 Kuala Lumpur, Federal Territory of Kuala Lumpur, Malaysia",3.1443965,101.7195486,OPERATIONAL,electric_vehicle_charging_station,electric_vehicle_charging_station|transportation_service|point_of_interest|establishment,WP Kuala Lumpur,True,False,likely-public
ChIJUXJ8oNo3zDERaXQBCwPL5m8,JomCharge Charging Station,"Jln Ampang, Bandar, 50450 Kuala Lumpur, Wilayah Persekutuan Kuala Lumpur, Malaysia",3.1610942,101.716951,OPERATIONAL,electric_vehicle_charging_station,electric_vehicle_charging_station|transportation_service|point_of_interest|establishment,WP Kuala Lumpur,True,False,likely-public
