h3_index,district,lat,lon,pop_est,activity_score,pop_n,act_n,equity_mult,demand_pressure,supply_raw,supply_n,supply_gap,nearest_station_km,stations_2km,stations_5km,cdi
88650542b7fffff,Gombak,3.244925949290787,101.81852360251325,0.0,0.0,0.0,0.0,1.0,0.0,0.01593863412109081,0.0009323303933652322,0.9990676696066347,8.13,0,0,0.0
8865054e59fffff,Gombak,3.3022477872659315,101.7832684945779,0.0,0.0,0.0,0.0,1.0,0.0,0.005025092889177753,0.00029394280554219095,0.9997060571944578,9.89,0,0,0.0
8865057853fffff,Gombak,3.3261747329079214,101.58261000394101,2507.439446366782,11.6,0.10443153532577003,0.039170662524481654,1.0,0.07180109892512584,0.8219593524942799,0.04808051183176145,0.9519194881682386,0.71,1,2,6.010980080539165
8865057851fffff,Gombak,3.325455357575781,101.59156315892649,2507.439446366782,1.0,0.10443153532577003,0.0033767812521104876,1.0,0.053904158288940254,0.5891481226204387,0.034462219079755746,0.9655377809202442,1.46,1,2,4.577259351512816
8865057a5dfffff,Gombak,3.2681150126526384,101.62687688131761,0.0,0.0,0.0,0.0,1.0,0.0,0.5609179280042332,0.03281089386259199,0.967189106137408,3.29,0,5,0.0
8865054c51fffff,Gombak,3.3669572741422864,101.75318427521005,0.0,0.0,0.0,0.0,1.0,0.0,0.00020025930742854204,1.1714168068068033e-05,0.9999882858319319,14.52,0,0,0.0
8865054e19fffff,Gombak,3.3191437276228797,101.76680179042842,0.0,0.0,0.0,0.0,1.0,0.0,0.003217743163401044,0.00018822188441556793,0.9998117781155844,10.2,0,0,0.0
8865054739fffff,Gombak,3.2337923297277227,101.76343107667817,0.0,0.0,0.0,0.0,1.0,0.0,0.514820188498502,0.030114406617818907,0.969885593382181,3.24,0,5,0.0
8865057a99fffff,Gombak,3.2826693713890336,101.54254350007791,2507.439446366782,14.8,0.10443153532577003,0.04997636253123522,1.0,0.07720394892850263,1.1742971254451502,0.06869050964945608,0.9313094903505439,0.27,1,5,6.323354397839703
8865056063fffff,Gombak,3.313402588330069,101.45063583139603,0.0,0.0,0.0,0.0,1.0,0.0,0.08526415513644525,0.004987526703629216,0.9950124732963708,3.97,0,1,0.0
8865057a3dfffff,Gombak,3.3078374959705625,101.61700071757271,0.0,0.0,0.0,0.0,1.0,0.0,0.32095214647602555,0.018774095615850018,0.98122590438415,2.2,0,2,0.0
88650578cdfffff,Gombak,3.335703870896597,101.56093466378543,1671.6262975778548,3.1,0.06962102355051336,0.010468021881542512,1.0,0.04004452271602794,0.4166364275957478,0.02437114758262889,0.9756288524173711,2.63,0,3,3.435909661093967
88650571a3fffff,Gombak,3.2686462680363055,101.52322018128004,0.0,0.0,0.0,0.0,1.0,0.0,0.914177023663675,0.053474784451572596,0.9465252155484274,1.57,2,3,0.0
8865057159fffff,Gombak,3.209166821958711,101.58539909898408,6686.505190311419,12.3,0.27848409420205344,0.041534409400959,1.0,0.1600092518015062,1.0115135929713341,0.05916848701491503,0.9408315129850849,1.96,1,4,13.239480052818756
886505454dfffff,Gombak,3.263975325492137,101.77522867954168,0.0,0.0,0.0,0.0,1.0,0.0,0.06308161111413954,0.0036899588043328066,0.9963100411956672,6.6,0,0,0.0
8865056145fffff,Gombak,3.3488295365269938,101.49447683330354,0.0,0.0,0.0,0.0,1.0,0.0,0.06231669917709908,0.0036452152810338423,0.9963547847189662,5.82,0,0,0.0
88650545c9fffff,Gombak,3.261644770795865,101.70741740248987,0.0,0.0,0.0,0.0,1.0,0.0,0.5257051827985739,0.030751124352881003,0.969248875647119,2.61,0,4,0.0
8865057aabfffff,Gombak,3.312152216925069,101.56328495386205,1671.6262975778548,14.3,0.06962102355051336,0.04828797190517998,1.0,0.058954497727846666,0.6770948810541844,0.039606664661653544,0.9603933353383465,2.02,0,5,4.979434922486766
8865054569fffff,Gombak,3.2794277320389105,101.77665525345499,0.0,0.0,0.0,0.0,1.0,0.0,0.025093945473536276,0.0014678703254420772,0.998532129674558,7.73,0,0,0.0
8865057b45fffff,Gombak,3.3337167174304625,101.68250081588062,0.0,0.0,0.0,0.0,1.0,0.0,0.00889396406587071,0.0005202524227052137,0.9994797475772947,10.02,0,0,0.0
886505718dfffff,Gombak,3.24438243016463,101.53452572461048,0.0,0.4,0.0,0.0013507125008441951,1.0,0.0006753562504220976,0.24172326862803198,0.014139602453593378,0.9858603975464066,3.96,0,3,0.05855477605379894
8865054ccbfffff,Gombak,3.370563658766791,101.70843566831167,0.0,0.0,0.0,0.0,1.0,0.0,0.0004744914893003929,2.775537938238426e-05,0.9999722446206176,14.43,0,0,0.0
8865055591fffff,Gombak,3.1624798879443854,101.77937319569322,1671.6262975778548,1.0,0.06962102355051336,0.0033767812521104876,1.0,0.03649890240131193,1.5975482971108481,0.09344858668249417,0.9065514133175059,2.44,0,10,2.909954667168128
8865057325fffff,Gombak,3.213664768454634,101.62638118078837,17552.076124567473,277.5,0.7310207472803902,0.9370567974606604,1.0,0.8340387723705254,2.6444266294874943,0.1546857341077378,0.8453142658922622,2.26,0,15,62.00381592925517
8865057a2dfffff,Gombak,3.313768313429678,101.64008955638297,0.0,0.0,0.0,0.0,1.0,0.0,0.08531660975299059,0.004990595036392612,0.9950094049636073,4.85,0,1,0.0
8865056105fffff,Gombak,3.3657331992118893,101.477977184128,0.0,0.0,0.0,0.0,1.0,0.0,0.01322571736168588,0.0007736383291490026,0.999226361670851,8.21,0,0,0.0
88650545a1fffff,Gombak,3.3094498192292807,101.69379090752822,0.0,0.0,0.0,0.0,1.0,0.0,0.032966489495752316,0.0019283747833055886,0.9980716252166945,8.1,0,0,0.0
8865054403fffff,Gombak,3.2307392068823164,101.7045703718262,4179.065743944637,25.4,0.1740525588762834,0.08577024380360639,1.0,0.1299114013399449,1.8622744085828757,0.10893374041446731,0.8910662595855326,1.93,1,10,10.18055012076111
8865057addfffff,Gombak,3.273144280507096,101.56421718517599,0.0,0.0,0.0,0.0,1.0,0.0,0.32156906204663555,0.01881018209178329,0.9811898179082167,2.9,0,2,0.0
886505449dfffff,Gombak,3.2284001755581864,101.63675033821748,10029.757785467127,23.4,0.4177261413030801,0.07901668129938541,1.0,0.24837141130123275,2.629992021333811,0.1538413817124351,0.8461586182875649,1.53,3,17,18.482783092279487
8865054ee9fffff,Gombak,3.336041497448619,101.75033247329601,0.0,0.0,0.0,0.0,1.0,0.0,0.0017136055017223763,0.0001002373527967219,0.9998997626472033,11.14,0,0,0.0
8865056155fffff,Gombak,3.3428943866983283,101.47137716463617,0.0,0.0,0.0,0.0,1.0,0.0,0.03946908309806581,0.0023087439921775635,0.9976912560078225,5.73,0,0,0.0
88650540a7fffff,Gombak,3.30745236991276,101.81529247850371,0.0,0.0,0.0,0.0,1.0,0.0,0.0009081605019036017,5.312284801482128e-05,0.9999468771519852,13.03,0,0,0.0
8865056141fffff,Gombak,3.3414567513315094,101.48929105637797,0.0,0.0,0.0,0.0,1.0,0.0,0.07568357957373029,0.004427110941827408,0.9955728890581725,5.62,0,0,0.0
8865057b49fffff,Gombak,3.3182584394016374,101.68107797679964,0.0,0.0,0.0,0.0,1.0,0.0,0.023976558702310576,0.0014025087869285959,0.9985974912130714,8.44,0,0,0.0
8865057a85fffff,Gombak,3.3040625956903975,101.56705272048804,0.0,1.0,0.0,0.0033767812521104876,1.0,0.0016883906260552438,0.5917329045960291,0.0346134158998695,0.9653865841001305,2.3,0,5,0.14334685564510713
886505452dfffff,Gombak,3.3036886455917562,101.76537545935354,0.0,0.0,0.0,0.0,1.0,0.0,0.009038819810742432,0.0005287257594147098,0.9994712742405852,8.69,0,0,0.0
8865056117fffff,Gombak,3.3605166175860712,101.44591703685656,0.0,0.0,0.0,0.0,1.0,0.0,0.005453791602450075,0.00031901953651824517,0.9996809804634817,8.48,0,0,0.0
8865056111fffff,Gombak,3.352424028754781,101.44968967582192,0.0,0.0,0.0,0.0,1.0,0.0,0.010190314485281625,0.0005960824397120817,0.9994039175602879,7.48,0,0,0.0
8865057aa5fffff,Gombak,3.3268940504585927,101.57365654642443,2507.439446366782,11.9,0.10443153532577003,0.04018369690011481,1.0,0.07230761611294242,0.7526359407699615,0.04402543890447536,0.9559745610955246,0.93,1,4,6.079170987626168
8865054521fffff,Gombak,3.304408990226316,101.75642847486073,0.0,0.0,0.0,0.0,1.0,0.0,0.011614015175264693,0.000679361810719779,0.9993206381892802,8.21,0,0,0.0
88650544e5fffff,Gombak,3.2483479227247187,101.67915086622536,6686.505190311419,8.2,0.27848409420205344,0.027689606267306,1.0,0.15308685023467972,1.7031916914750929,0.09962819697254541,0.9003718030274546,1.61,2,11,12.121985294182105
886505443dfffff,Gombak,3.2461915374362458,101.70599382370732,7522.318339100346,27.9,0.31329460597731007,0.09421219693388261,1.0,0.20375340145559634,1.1721782305867563,0.06856656489598364,0.9314334351040163,1.52,1,5,16.690550864382203
8865057a9bfffff,Gombak,3.2833876116188887,101.53358996515422,2507.439446366782,2.0,0.10443153532577003,0.006753562504220975,1.0,0.0555925489149955,1.059277188751578,0.061962418521467805,0.9380375814785322,0.74,1,5,4.586176923123097
88650571c1fffff,Gombak,3.2282083041394536,101.54206159629747,0.0,0.0,0.0,0.0,1.0,0.0,0.17170012109087518,0.010043598480354476,0.9899564015196455,3.91,0,1,0.0
8865057ad3fffff,Gombak,3.2745807059276766,101.54631169444515,835.8131487889274,2.2,0.03481051177525668,0.007428918754643073,1.0,0.02111971526494988,0.6989129044630569,0.04088290992788554,0.9591170900721144,1.2,1,5,1.7814501245801204
8865057a17fffff,Gombak,3.293816902394189,101.59767746573151,0.0,0.0,0.0,0.0,1.0,0.0,0.6952372244196475,0.040667901025948215,0.9593320989740518,0.93,1,2,0.0
8865054e47fffff,Gombak,3.324348421055138,101.7988289581648,0.0,0.0,0.0,0.0,1.0,0.0,0.0007088970227636191,4.1466930921895986e-05,0.9999585330690781,12.85,0,0,0.0
886505452bfffff,Gombak,3.2970417172111137,101.75124202859053,0.0,0.0,0.0,0.0,1.0,0.0,0.02195431507173004,0.0012842176469692044,0.9987157823530308,7.21,0,0,0.0
8865057a45fffff,Gombak,3.2821337194782068,101.64619800045257,2507.439446366782,2.6,0.10443153532577003,0.008779631255487268,1.0,0.05660558329062865,0.37967816589180436,0.022209274086396415,0.9777907259136036,3.68,0,4,4.8676479800772965
8865056151fffff,Gombak,3.3355213324053237,101.4661916124803,0.0,0.0,0.0,0.0,1.0,0.0,0.05156287486155585,0.003016170334138176,0.9969838296658619,5.06,0,0,0.0
88650544a1fffff,Gombak,3.2578718247846132,101.65749036775618,1671.6262975778548,117.9,0.06962102355051336,0.3981225096238265,1.0,0.23387176658716993,1.8842772227966293,0.11022079501872013,0.8897792049812798,1.3,3,9,18.30096655599245
886505714bfffff,Gombak,3.2158175985952964,101.59953323986292,835.8131487889274,14.1,0.03481051177525668,0.04761261565475788,1.0,0.04121156371500728,1.1604529833203314,0.06788069656415809,0.9321193034358419,2.68,0,7,3.37834948807912
8865054597fffff,Gombak,3.288783258230382,101.66033365876268,0.0,0.0,0.0,0.0,1.0,0.0,0.22899729420041404,0.01339519658707331,0.9866048034129267,4.56,0,2,0.0
8865057101fffff,Gombak,3.2400762088688175,101.58823587548945,0.0,0.0,0.0,0.0,1.0,0.0,0.47093680514347697,0.027547448134754883,0.9724525518652452,2.11,0,1,0.0
88650540edfffff,Gombak,3.2817514613885437,101.84445470518233,0.0,0.0,0.0,0.0,1.0,0.0,0.0007194774944358608,4.208583560602557e-05,0.999957914164394,12.9,0,0,0.0
88650545c7fffff,Gombak,3.277818332455021,101.6998930146309,0.0,0.0,0.0,0.0,1.0,0.0,0.21881621819473218,0.012799654552219882,0.9872003454477801,4.59,0,1,0.0
8865054431fffff,Gombak,3.246910387861429,101.69704647885993,835.8131487889274,9.5,0.03481051177525668,0.032079421895049635,1.0,0.03344496683515316,1.2303578134653868,0.07196977956161689,0.9280302204383831,2.28,0,6,2.7296493924698857
886505719dfffff,Gombak,3.2384472078181874,101.51143565722103,0.0,0.0,0.0,0.0,1.0,0.0,0.23218061164163117,0.013581404738890352,0.9864185952611096,3.44,0,2,0.0
886505615dfffff,Gombak,3.334802712883207,101.47514866743217,0.0,0.0,0.0,0.0,1.0,0.0,0.07097941760930356,0.004151940990536276,0.9958480590094637,4.79,0,1,0.0
8865054eabfffff,Gombak,3.3536620772100263,101.72491119777435,0.0,0.0,0.0,0.0,1.0,0.0,0.0009551494731931799,5.58714678622566e-05,0.9999441285321378,12.55,0,0,0.0
88650571e1fffff,Gombak,3.251034613729749,101.54866270661944,0.0,0.4,0.0,0.0013507125008441951,1.0,0.0006753562504220976,0.2545813583110989,0.01489173640190179,0.9851082635980982,3.73,0,3,0.05851010336483073
8865057ad7fffff,Gombak,3.2819510742534503,101.55149673444468,0.0,0.5,0.0,0.0016883906260552438,1.0,0.0008441953130276219,0.6965841439855431,0.04074668908514841,0.9592533109148516,1.26,1,4,0.07121807374968664
886505710dfffff,Gombak,3.2393583101936083,101.597186510527,0.0,0.0,0.0,0.0,1.0,0.0,0.4938753938043997,0.028889240864734288,0.9711107591352657,2.76,0,1,0.0
8865054425fffff,Gombak,3.2602063259261262,101.72531191554488,0.0,0.5,0.0,0.0016883906260552438,1.0,0.0008441953130276219,0.48049347404194254,0.02810646547624574,0.9718935345237543,2.26,0,2,0.07215652490429648
8865054485fffff,Gombak,3.242417459911702,101.65606891245747,8358.131487889274,24.0,0.3481051177525668,0.0810427500506517,1.0,0.21457393390160925,3.616649907491045,0.21155593417214907,0.7884440658278509,0.72,6,10,14.878591900316959
886505475bfffff,Gombak,3.194809856220207,101.76433875696902,8358.131487889274,18.1,0.3481051177525668,0.061119740663199834,1.0,0.2046124292078833,2.1007515240363004,0.12288345914005662,0.8771165408599434,1.43,1,11,15.783499182892033
8865054293fffff,Gombak,3.2147476622089846,101.80672445446623,0.0,0.0,0.0,0.0,1.0,0.0,0.09478062489052894,0.005544192596193537,0.9944558074038065,5.62,0,0,0.0
8865054745fffff,Gombak,3.2154667052115227,101.79778123918557,0.0,0.0,0.0,0.0,1.0,0.0,0.16488584820207305,0.009644997591806058,0.990355002408194,4.67,0,1,0.0
8865054433fffff,Gombak,3.2476291829774047,101.68809882622575,5850.692041522491,9.2,0.24367358242679674,0.031066387519416486,1.0,0.13736998497310662,1.4674221344274059,0.08583685687427776,0.9141631431257222,1.71,2,11,11.044079847646815
8865056327fffff,Gombak,3.332646503574132,101.50201804582538,0.0,0.0,0.0,0.0,1.0,0.0,0.1853943011790556,0.010844639536409144,0.9891553604635909,4.16,0,2,0.0
886505459bfffff,Gombak,3.273327091623809,101.65891194985284,1671.6262975778548,1.0,0.06962102355051336,0.0033767812521104876,1.0,0.03649890240131193,0.6642970188391804,0.03885805371905339,0.9611419462809466,2.87,0,4,3.085185739390309
8865057ae3fffff,Gombak,3.30334373185358,101.576005765341,0.0,1.0,0.0,0.0033767812521104876,1.0,0.0016883906260552438,0.6218717683817374,0.03637638871895994,0.96362361128104,1.97,1,5,0.14308507801698736
8865054e97fffff,Gombak,3.34036551077284,101.69663770965042,0.0,0.0,0.0,0.0,1.0,0.0,0.004235838115816504,0.0002477753480472246,0.9997522246519528,11.32,0,0,0.0
88650540d1fffff,Gombak,3.2537305836020236,101.80582187313892,0.0,0.0,0.0,0.0,1.0,0.0,0.022867276479182543,0.0013376213239512328,0.9986623786760488,7.64,0,0,0.0
88650540a1fffff,Gombak,3.2993653960610065,101.81905081822384,0.0,0.0,0.0,0.0,1.0,0.0,0.001173754424880058,6.865876438022611e-05,0.9999313412356198,12.52,0,0,0.0
8865056021fffff,Gombak,3.329585074109587,101.44309128620398,0.0,0.0,0.0,0.0,1.0,0.0,0.02623901373152484,0.0015348510925071697,0.9984651489074928,5.8,0,0,0.0
8865054763fffff,Gombak,3.231634812907823,101.79026465106598,0.0,0.0,0.0,0.0,1.0,0.0,0.14584721334841544,0.008531332657446374,0.9914686673425537,4.71,0,1,0.0
8865057123fffff,Gombak,3.2636197686119104,101.58588807754857,1671.6262975778548,1.8,0.06962102355051336,0.006078206253798878,1.0,0.03784961490215612,0.22511701748556312,0.01316821980296257,0.9868317801970374,4.44,0,2,3.2848729122994014
8865054557fffff,Gombak,3.266853794517043,101.73944448075311,0.0,0.0,0.0,0.0,1.0,0.0,0.21555178215095366,0.012608701367794605,0.9873912986322054,3.69,0,2,0.0
88650545e3fffff,Gombak,3.2932736535355187,101.70131647287633,0.0,0.0,0.0,0.0,1.0,0.0,0.08133653196931852,0.004757780388820964,0.9952422196111791,6.12,0,0,0.0
886505440bfffff,Gombak,3.2226541515301457,101.70833196965509,0.0,0.4,0.0,0.0013507125008441951,1.0,0.0006753562504220976,2.285605178571728,0.13369647355137063,0.8663035264486294,2.34,0,12,0.05145374447747607
8865056303fffff,Gombak,3.3024395064927243,101.49023236637157,835.8131487889274,1.2000000000000002,0.03481051177525668,0.004052137502532586,1.0,0.01943132463889463,0.5355055542487398,0.03132439707498758,0.9686756029250124,1.69,1,3,1.6553687367703454
8865054e43fffff,Gombak,3.3169814804476423,101.79364199651052,0.0,0.0,0.0,0.0,1.0,0.0,0.0013641090951605876,7.97935607042545e-05,0.9999202064392958,11.86,0,0,0.0
8865057a69fffff,Gombak,3.289502520239395,101.65138368907373,0.0,0.0,0.0,0.0,1.0,0.0,0.23464862895198024,0.013725771409980766,0.9862742285900192,4.49,0,2,0.0
8865054715fffff,Gombak,3.2264266853109835,101.75824570991537,2507.439446366782,2.0,0.10443153532577003,0.006753562504220975,1.0,0.0555925489149955,0.92300862058113,0.05399138870796859,0.9460086112920314,2.35,0,6,4.625148232701734
8865057a33fffff,Gombak,3.309275965611756,101.59909667499453,3343.252595155709,3.9,0.1392420471010267,0.013169446883230903,1.0,0.0762057469921288,0.813472703848067,0.047584085324285125,0.9524159146757148,0.8,1,2,6.383051491358197
8865054e49fffff,Gombak,3.3081731703753183,101.80634702367686,0.0,0.0,0.0,0.0,1.0,0.0,0.0013201276519175394,7.72208662080993e-05,0.9999227791337919,12.27,0,0,0.0
8865055587fffff,Gombak,3.1764894571653,101.79868469305103,0.0,0.0,0.0,0.0,1.0,0.0,0.3772462882251394,0.022067021403741654,0.9779329785962584,4.46,0,1,0.0
8865057a5bfffff,Gombak,3.261464709823271,101.61274121724932,0.0,0.0,0.0,0.0,1.0,0.0,0.4033912951499856,0.023596373568148473,0.9764036264318515,4.3,0,5,0.0
886505459dfffff,Gombak,3.279976278994224,101.67304688776615,0.0,0.0,0.0,0.0,1.0,0.0,0.3305098450047152,0.01933317318556022,0.9806668268144397,4.3,0,3,0.0
8865057125fffff,Gombak,3.270270751283132,101.60002454449179,0.0,0.0,0.0,0.0,1.0,0.0,0.2647316011615755,0.015485474851359957,0.98451452514864,3.55,0,1,0.0
886505409bfffff,Gombak,3.263255569691759,101.78417395153208,0.0,0.0,0.0,0.0,1.0,0.0,0.04347815222271868,0.0025432544882225167,0.9974567455117774,7.11,0,0,0.0
8865054407fffff,Gombak,3.238105885449198,101.70975554521276,5850.692041522491,11.1,0.24367358242679674,0.037482271898426414,1.0,0.14057792716261158,1.5771944370061077,0.09225798764786028,0.9077420123521397,1.04,1,10,11.222601731148755
8865054519fffff,Gombak,3.267573272931144,101.73049765544927,1671.6262975778548,1.0,0.06962102355051336,0.0033767812521104876,1.0,0.03649890240131193,0.2647660624571211,0.01548749066482225,0.9845125093351778,3.24,0,2,3.1602033037942245
8865056367fffff,Gombak,3.315746236208701,101.51851351980135,835.8131487889274,1.6,0.03481051177525668,0.0054028500033767805,1.0,0.02010668088931673,0.7019334346843433,0.041059595841370256,0.9589404041586298,1.94,1,3,1.6956881396898569
8865054c1bfffff,Gombak,3.376490508804313,101.73152350146194,0.0,0.0,0.0,0.0,1.0,0.0,0.0001810864680861742,1.0592652842221639e-05,0.9999894073471578,15.13,0,0,0.0
8865057a51fffff,Gombak,3.2688336484307983,101.61792640632929,0.0,0.0,0.0,0.0,1.0,0.0,0.39500514969684986,0.023105825994890982,0.976894174005109,4.14,0,5,0.0
886505789bfffff,Gombak,3.3400188815909013,101.50720375554529,0.0,0.8999999999999999,0.0,0.003039103126899439,1.0,0.0015195515634497195,0.16522439023872112,0.009664800608036985,0.990335199391963,4.11,0,2,0.13234624893803726
8865054e9bfffff,Gombak,3.324907219050181,101.69521424512072,0.0,0.0,0.0,0.0,1.0,0.0,0.0117601890364073,0.000687912250639751,0.9993120877493602,9.69,0,0,0.0
886505453bfffff,Gombak,3.291114335326751,101.72816095080049,5850.692041522491,10.7,0.24367358242679674,0.03613155939758222,1.0,0.13990257091218947,0.05872310164767077,0.0034350077957026634,0.9965649922042973,5.67,0,0,12.26154798075687
8865054541fffff,Gombak,3.2646950259344543,101.76628309604865,0.0,0.0,0.0,0.0,1.0,0.0,0.089283077709619,0.005222613577139494,0.9947773864228605,5.91,0,0,0.0
8865054567fffff,Gombak,3.2956013189407884,101.76913562363781,0.0,0.0,0.0,0.0,1.0,0.0,0.013037740564976773,0.0007626426265381101,0.9992373573734619,8.26,0,0,0.0
8865057143fffff,Gombak,3.2239034469021743,101.59576768351683,6686.505190311419,15.6,0.27848409420205344,0.05267778753292361,1.0,0.16558094086748854,0.832976985312067,0.04872498825683784,0.9512750117431622,2.07,0,3,13.852571943494425
88650570a5fffff,Gombak,3.223707061461404,101.5010675355437,0.0,0.9,0.0,0.003039103126899439,1.0,0.0015195515634497195,0.08164505551720891,0.004775827473569992,0.99522417252643,5.15,0,0,0.13299960070812764
8865054591fffff,Gombak,3.28069548213,101.66409756481696,0.0,0.0,0.0,0.0,1.0,0.0,0.3742688560939448,0.021892856513011046,0.9781071434869889,3.85,0,4,0.0
8865056313fffff,Gombak,3.296503604851659,101.46713571352629,0.0,1.0,0.0,0.0033767812521104876,1.0,0.0016883906260552438,0.45344819421609533,0.026524451849034177,0.9734755481509658,1.44,1,1,0.1445479574432996
8865054c59fffff,Gombak,3.358867351779408,101.75694561796529,0.0,0.0,0.0,0.0,1.0,0.0,0.00031214064166457697,1.825866664718283e-05,0.9999817413333528,13.78,0,0,0.0
8865054711fffff,Gombak,3.2190611079713336,101.75306048409129,10029.757785467127,14.2,0.4177261413030801,0.04795029377996892,1.0,0.2328382175415245,1.6013398662003229,0.09367037451411167,0.9063296254858884,1.59,1,9,18.558993585116493
8865057a39fffff,Gombak,3.300467704557933,101.61181491876489,0.0,0.0,0.0,0.0,1.0,0.0,0.46800599160264383,0.027376010198439542,0.9726239898015605,1.55,1,2,0.0
886505788bfffff,Gombak,3.3459528848940536,101.53030119058192,0.0,0.0,0.0,0.0,1.0,0.0,0.25337608580150006,0.014821233987174819,0.9851787660128252,3.3,0,2,0.0
8865056109fffff,Gombak,3.3502675100844126,101.47656286255794,0.0,0.0,0.0,0.0,1.0,0.0,0.03058560149963057,0.0017891047413987084,0.9982108952586013,6.49,0,0,0.0
8865054753fffff,Gombak,3.202893247898612,101.76057956540468,3343.252595155709,29.3,0.1392420471010267,0.09893969068683729,1.0,0.119090868893932,2.3659029305847357,0.13839349050726946,0.8616065094927305,0.48,1,9,9.024048377767162
8865057a29fffff,Gombak,3.306398797642189,101.6349035436612,0.0,0.0,0.0,0.0,1.0,0.0,0.13317441218831638,0.00779003716117797,0.992209962838822,4.13,0,1,0.0
886505451bfffff,Gombak,3.2682926956892246,101.72155052074311,0.0,0.0,0.0,0.0,1.0,0.0,0.3014938472735555,0.01763588241565795,0.9823641175843421,3.05,0,2,0.0
88650545e9fffff,Gombak,3.284466501699403,101.71402703336983,0.0,0.0,0.0,0.0,1.0,0.0,0.11678227229497232,0.006831178947936454,0.9931688210520635,4.86,0,1,0.0
8865057a11fffff,Gombak,3.2857283246836446,101.60144375147685,0.0,0.0,0.0,0.0,1.0,0.0,0.422062750533939,0.024688560339647767,0.9753114396603523,1.87,1,2,0.0
88650571a9fffff,Gombak,3.2598401800509214,101.53594204794179,0.0,1.0,0.0,0.0033767812521104876,1.0,0.0016883906260552438,0.45672804098282943,0.026716306483689507,0.9732836935163105,2.67,0,3,0.1445194696239413
8865057129fffff,Gombak,3.254814079053393,101.59860546418025,0.0,0.0,0.0,0.0,1.0,0.0,0.3051590869828255,0.017850280610256054,0.9821497193897439,4.11,0,1,0.0
88650544b9fffff,Gombak,3.243854208900887,101.63817091695276,3343.252595155709,5.3,0.1392420471010267,0.017896940636185583,1.0,0.07856949386860614,2.5360734821166604,0.14834761681718941,0.8516523831828106,1.27,4,8,5.884780942209131
8865057859fffff,Gombak,3.317365485920204,101.59533003291611,835.8131487889274,3.6,0.03481051177525668,0.012156412507597756,1.0,0.023483462141427217,0.658609508588537,0.03852536281034909,0.9614746371896509,1.72,2,2,1.985701376471821
8865054eb9fffff,Gombak,3.347013964491508,101.71077450418838,0.0,0.0,0.0,0.0,1.0,0.0,0.002019336511621294,0.00011812108803761216,0.9998818789119623,11.82,0,0,0.0
8865054e1bfffff,Gombak,3.3198643632767806,101.75785443208731,0.0,0.0,0.0,0.0,1.0,0.0,0.004064814086410447,0.00023777129754956855,0.9997622287024505,9.79,0,0,0.0
8865057a65fffff,Gombak,3.304959871103638,101.65280514988847,0.0,0.0,0.0,0.0,1.0,0.0,0.09127739372617474,0.005339271091333236,0.9946607289086667,6.1,0,0,0.0
886505614bfffff,Gombak,3.334084034864252,101.48410542492223,0.0,0.0,0.0,0.0,1.0,0.0,0.09465863323137641,0.005537056694164489,0.9944629433058355,4.72,0,1,0.0
8865054e09fffff,Gombak,3.3250694012195825,101.78988250413413,0.0,0.0,0.0,0.0,1.0,0.0,0.0009686701993810037,5.666236273251382e-05,0.9999433376372675,12.25,0,0,0.0
88650545c5fffff,Gombak,3.277098904763249,101.70884110818905,0.0,0.0,0.0,0.0,1.0,0.0,0.2014189603651314,0.011782001965899142,0.9882179980341008,4.16,0,1,0.0
8865057b5dfffff,Gombak,3.3196982819461014,101.66317745708281,0.0,0.0,0.0,0.0,1.0,0.0,0.0323170012987759,0.0018903829716125262,0.9981096170283875,7.5,0,0,0.0
8865054c5dfffff,Gombak,3.3662358230599674,101.76213306629538,0.0,0.0,0.0,0.0,1.0,0.0,0.00016573956382815076,9.694935686842058e-06,0.9999903050643132,14.74,0,0,0.0
8865057a47fffff,Gombak,3.2828527535715315,101.6372477598795,1671.6262975778548,1.0,0.06962102355051336,0.0033767812521104876,1.0,0.03649890240131193,0.3374079404067332,0.019736677271968987,0.980263322728031,3.99,0,5,3.146563768057486
88650545cbfffff,Gombak,3.262363909830714,101.69846968329718,0.0,0.0,0.0,0.0,1.0,0.0,0.5519757540001312,0.032287821399578816,0.9677121786004211,3.26,0,3,0.0
8865057b59fffff,Gombak,3.3123290435588775,101.65799123215285,0.0,0.0,0.0,0.0,1.0,0.0,0.0548880507928136,0.003210676498245165,0.9967893235017549,6.76,0,0,0.0
8865054e87fffff,Gombak,3.34629320842569,101.71972412827688,0.0,0.0,0.0,0.0,1.0,0.0,0.0017447744357501664,0.00010206057957400586,0.999897939420426,11.71,0,0,0.0
8865057a4dfffff,Gombak,3.2740460669895985,101.64996235506712,21313.235294117647,165.3,0.8876680502690453,0.5581819409738636,1.0,0.7229249956214545,0.6681028282118612,0.0390806745360285,0.9609193254639715,2.76,0,4,61.09337931675982
8865054499fffff,Gombak,3.2210324368607575,101.63156568799208,5014.878892733564,22.2,0.20886307065154006,0.07496454379685283,1.0,0.14191380722419644,2.4030588234413335,0.14056692443765806,0.8594330755623419,2.16,0,16,10.726318649826068
88650540b5fffff,Gombak,3.3008067039296125,101.80116028198749,0.0,0.0,0.0,0.0,1.0,0.0,0.002533804138187576,0.00014821487154541708,0.9998517851284546,11.32,0,0,0.0
88650540ddfffff,Gombak,3.2530107810593627,101.81476586496274,0.0,0.0,0.0,0.0,1.0,0.0,0.01421670503261618,0.0008316061523664234,0.9991683938476336,8.32,0,0,0.0
88650578c7fffff,Gombak,3.3445142077731282,101.54821157035212,1671.6262975778548,1.0,0.06962102355051336,0.0033767812521104876,1.0,0.03649890240131193,0.2880059731775734,0.016846909228493336,0.9831530907715067,3.36,0,3,3.1558396832252456
8865054465fffff,Gombak,3.243315583832814,101.74178011682095,835.8131487889274,1.3,0.03481051177525668,0.004389815627743634,1.0,0.019600163701500157,0.7444253285503422,0.04354515914760726,0.9564548408523927,2.4,0,5,1.6486867503469318
8865057147fffff,Gombak,3.231271866116081,101.60095219124324,0.0,0.0,0.0,0.0,1.0,0.0,0.6893085249696876,0.04032110175517437,0.9596788982448257,2.75,0,3,0.0
88650571bbfffff,Gombak,3.2546227159588,101.50389729553275,0.0,0.0,0.0,0.0,1.0,0.0,0.6865521707279442,0.040159868815454774,0.9598401311845453,1.73,2,3,0.0
8865054599fffff,Gombak,3.2726080601255876,101.66786123860133,0.0,0.0,0.0,0.0,1.0,0.0,0.589735626798971,0.03449658513632704,0.965503414863673,3.3,0,6,0.0
8865054ee1fffff,Gombak,3.344130594707678,101.7465711446054,0.0,0.0,0.0,0.0,1.0,0.0,0.0010961860303641494,6.412140118948508e-05,0.9999358785988105,11.88,0,0,0.0
8865057a95fffff,Gombak,3.2981292354310163,101.54396032778612,835.8131487889274,11.0,0.03481051177525668,0.03714459377321536,1.0,0.03597755277423602,0.92916860446696,0.054351716961680105,0.9456482830383199,1.68,1,4,2.9920940246595205
886505475dfffff,Gombak,3.201456123822973,101.77846743244405,8358.131487889274,24.9,0.3481051177525668,0.08408185317755114,1.0,0.21609348546505897,0.8144211904094523,0.04763956704512517,0.9523604329548748,2.42,0,5,18.09910075994841
88650545ddfffff,Gombak,3.263082993186172,101.68952165622167,0.0,0.0,0.0,0.0,1.0,0.0,0.6207856323560685,0.03631285519278909,0.963687144807211,3.37,0,6,0.0
88650545b3fffff,Gombak,3.3042403224046413,101.66175549450094,0.0,0.0,0.0,0.0,1.0,0.0,0.08271632509978721,0.004838491387161171,0.9951615086128388,6.27,0,0,0.0
88650540c3fffff,Gombak,3.260375994101965,101.81995191607315,0.0,0.0,0.0,0.0,1.0,0.0,0.007632800547264627,0.00044648066343984583,0.9995535193365601,9.29,0,0,0.0
8865054e37fffff,Gombak,3.3581460172269906,101.76589406658276,0.0,0.0,0.0,0.0,1.0,0.0,0.00025583587125225187,1.4965119135643021e-05,0.9999850348808643,14.04,0,0,0.0
8865057b53fffff,Gombak,3.3211378955133726,101.64527571206663,0.0,0.0,0.0,0.0,1.0,0.0,0.052201726377018434,0.0030535399531524585,0.9969464600468475,5.66,0,0,0.0
88650545bbfffff,Gombak,3.296151954323144,101.66551952455984,0.0,0.0,0.0,0.0,1.0,0.0,0.13120464602775378,0.007674815690795841,0.9923251843092041,5.51,0,0,0.0
8865057115fffff,Gombak,3.241511839205698,101.5703336979199,1671.6262975778548,1.0,0.06962102355051336,0.0033767812521104876,1.0,0.03649890240131193,0.3898443636020832,0.022803945815369157,0.9771960541846308,2.01,0,1,3.1367180910421446
88650545e1fffff,Gombak,3.2925539371396595,101.71026494082008,0.0,0.0,0.0,0.0,1.0,0.0,0.07328777392543927,0.0042869682918658236,0.9957130317081342,5.81,0,0,0.0
8865054585fffff,Gombak,3.2939933135114394,101.69236769685769,0.0,0.6,0.0,0.0020260687512662925,1.0,0.0010130343756331462,0.09156839668016459,0.005356293308952547,0.9946437066910474,6.58,0,0,0.08861468567491558
8865054735fffff,Gombak,3.2492432271322187,101.76485702284369,0.0,0.0,0.0,0.0,1.0,0.0,0.21852547246844095,0.012782647381134646,0.9872173526188653,4.68,0,2,0.0
886505466bfffff,Gombak,3.1719977980124914,101.75772856210655,6686.505190311419,16.2,0.27848409420205344,0.0547038562841899,1.0,0.16659397524312167,4.771073304678661,0.279083930099086,0.7209160699009141,0.96,3,29,10.562287325636994
88650571edfffff,Gombak,3.2503168247351044,101.55761488815956,2507.439446366782,4.2,0.10443153532577003,0.014182481258864049,1.0,0.05930700829231704,0.2460200373250448,0.01439094193595118,0.9856090580640489,3.58,0,2,5.140728674044896
8865054523fffff,Gombak,3.3051292784289643,101.74748117967431,0.0,0.0,0.0,0.0,1.0,0.0,0.014449350237222259,0.0008452147334704908,0.9991547852665295,7.82,0,0,0.0
8865054e91fffff,Gombak,3.332276070225521,101.70040085618606,0.0,0.0,0.0,0.0,1.0,0.0,0.0065642441175225216,0.0003839754557221958,0.9996160245442778,10.35,0,0,0.0
886505784bfffff,Gombak,3.3240164338057214,101.60946855961662,0.0,0.0,0.0,0.0,1.0,0.0,0.28619519675520777,0.016740987862751796,0.9832590121372482,2.75,0,2,0.0
88650545d1fffff,Gombak,3.2638020208027267,101.68057332168398,835.8131487889274,10.3,0.03481051177525668,0.03478084689673803,1.0,0.03479567933599735,0.7270135028859519,0.04252665441579924,0.9574733455842007,3.31,0,7,2.929989015866037
88650544b1fffff,Gombak,3.2519407888507836,101.63440647045644,3343.252595155709,4.3,0.1392420471010267,0.014520159384075098,1.0,0.0768811032425509,1.6515418125965025,0.09660693733848291,0.9033930626615171,1.69,3,6,6.108159056784514
8865057b41fffff,Gombak,3.3263475208975763,101.67731427191782,0.0,0.0,0.0,0.0,1.0,0.0,0.015716024604786296,0.0009193088498423529,0.9990806911501576,9.11,0,0,0.0
88650540bdfffff,Gombak,3.2927198489901786,101.80491907506672,0.0,0.0,0.0,0.0,1.0,0.0,0.0033344729298483695,0.00019504999203397776,0.999804950007966,11.08,0,0,0.0
8865057aedfffff,Gombak,3.3019058324762964,101.59391094809409,4179.065743944637,13.5,0.1740525588762834,0.045586546903491586,1.0,0.1098195528898875,0.9724036077580305,0.05688074845329152,0.9431192515467085,0.45,1,2,9.108781005180667
886505458dfffff,Gombak,3.2859056457603515,101.69613047197812,0.0,0.0,0.0,0.0,1.0,0.0,0.14187723927270735,0.008299109026266025,0.9917008909737339,5.58,0,0,0.0
8865056347fffff,Gombak,3.2929132748057093,101.51191255526068,0.0,1.4,0.0,0.004727493752954682,1.0,0.002363746876477341,0.7321196854988856,0.042825340564683956,0.9571746594353161,2.48,0,6,0.19897849420144476
8865054ee5fffff,Gombak,3.3514989421872143,101.75175831070887,0.0,0.0,0.0,0.0,1.0,0.0,0.000586014521033411,3.427891905679973e-05,0.9999657210809432,12.83,0,0,0.0
8865057a81fffff,Gombak,3.296692019559006,101.56186724754505,0.0,1.0,0.0,0.0033767812521104876,1.0,0.0016883906260552438,0.5480908101597185,0.03206057161196114,0.9679394283880388,2.81,0,5,0.14372591850722918
8865056025fffff,Gombak,3.3369583957207674,101.44827661188333,0.0,0.0,0.0,0.0,1.0,0.0,0.023062920010824904,0.0013490654922174532,0.9986509345077825,6.07,0,0,0.0
8865054e1dfffff,Gombak,3.3265111911560976,101.77198865956736,0.0,0.0,0.0,0.0,1.0,0.0,0.00168701332004668,9.868184314553199e-05,0.9999013181568545,11.2,0,0,0.0
88650571c3fffff,Gombak,3.2289255861723674,101.53310952777905,0.0,0.9,0.0,0.003039103126899439,1.0,0.0015195515634497195,0.14100601066831914,0.008248146509574244,0.9917518534904257,4.91,0,1,0.13253556752036103
886505633dfffff,Gombak,3.317901954328868,101.491647062222,0.0,0.0,0.0,0.0,1.0,0.0,0.25449014272813497,0.014886400746430956,0.985113599253569,3.2,0,3,0.0
8865054e01fffff,Gombak,3.333157676462179,101.78612277868008,0.0,0.0,0.0,0.0,1.0,0.0,0.0006742870095185595,3.9442418217859215e-05,0.9999605575817822,12.69,0,0,0.0
886505613dfffff,Gombak,3.3745453308517304,101.46524728471522,0.0,0.0,0.0,0.0,1.0,0.0,0.004984812395210843,0.0002915865980717264,0.9997084134019283,9.32,0,0,0.0
8865057ab9fffff,Gombak,3.3055001513626086,101.54914572593903,835.8131487889274,8.0,0.03481051177525668,0.0270142500168839,1.0,0.03091238089607029,0.8985233313550065,0.05255912172935431,0.9474408782706457,1.82,2,4,2.5757194322583277
8865054409fffff,Gombak,3.2219356519108495,101.71727829076991,21313.235294117647,36.5,0.8876680502690453,0.1232525157020328,1.0,0.505460282985539,2.375409885511944,0.1389495998300414,0.8610504001699586,1.51,1,11,38.2762681681513
8865057a13fffff,Gombak,3.286447075848736,101.59249198995565,0.0,0.5,0.0,0.0016883906260552438,1.0,0.0008441953130276219,0.4434564137834476,0.02593998265861198,0.974060017341388,1.85,1,2,0.0723173716080066
8865057a03fffff,Gombak,3.2923790020538615,101.61558075740976,1671.6262975778548,1.0,0.06962102355051336,0.0033767812521104876,1.0,0.03649890240131193,0.3453221344818409,0.020199618049651445,0.9798003819503486,2.24,0,1,3.1450777666494583
88650544abfffff,Gombak,3.2505038091602017,101.652305146234,13373.010380622838,51.1,0.5569681884041069,0.17255352198284593,1.0,0.3647608551934764,3.3686013686946747,0.1970463350438479,0.8029536649561522,0.33,4,10,25.758032659710135
8865054e15fffff,Gombak,3.3345997011797723,101.7682282486012,0.0,0.0,0.0,0.0,1.0,0.0,0.0011280431089671162,6.598488098328177e-05,0.9999340151190167,11.77,0,0,0.0
88650540abfffff,Gombak,3.291999341557271,101.8138641565861,0.0,0.0,0.0,0.0,1.0,0.0,0.0022437828496749803,0.00013125007644760887,0.9998687499235523,11.52,0,0,0.0
8865057abdfffff,Gombak,3.31287113607887,101.55433126854471,3343.252595155709,9.9,0.1392420471010267,0.03343013439589383,1.0,0.08633609074846027,0.8070155133338832,0.04720637196902609,0.9527936280309739,2.0,1,5,7.234444741973014
88650545e7fffff,Gombak,3.3006417269986223,101.7065026157094,0.0,0.0,0.0,0.0,1.0,0.0,0.04620312044345687,0.0027026515026622156,0.9972973484973378,6.77,0,0,0.0
8865056315fffff,Gombak,3.3031576836309093,101.48127666025944,0.0,0.4,0.0,0.0013507125008441951,1.0,0.0006753562504220976,0.5590125538992434,0.03269943900546202,0.967300560994538,1.27,1,3,0.05745242213473036
886505718bfffff,Gombak,3.2377299245341113,101.52038866310903,0.0,0.0,0.0,0.0,1.0,0.0,0.210302188667606,0.012301626400130931,0.9876983735998691,3.73,0,2,0.0
8865057a8bfffff,Gombak,3.289321512271954,101.55668191883763,0.0,0.8,0.0,0.0027014250016883902,1.0,0.0013507125008441951,0.5905070629678388,0.03454171029456285,0.9654582897054371,1.94,1,5,0.11468600236642432
886505785bfffff,Gombak,3.3180847481376885,101.5863772171877,5850.692041522491,8.9,0.24367358242679674,0.03005335314378334,1.0,0.13686346778529004,0.8739760747097622,0.051123229966595685,0.9488767700334043,0.84,1,2,11.421189407654502
88650571bdfffff,Gombak,3.261275702391525,101.51803550657426,835.8131487889274,1.4,0.03481051177525668,0.004727493752954682,1.0,0.019769002764105682,0.8944304171308874,0.05231970671426631,0.9476802932857337,1.34,2,3,1.6476334159950672
886505636bfffff,Gombak,3.3002846295119914,101.5170976943122,0.0,1.4,0.0,0.004727493752954682,1.0,0.002363746876477341,0.695093169706728,0.04065947454560228,0.9593405254543977,2.79,0,6,0.1994287367510889
8865056369fffff,Gombak,3.299566222194601,101.5260522054186,0.0,0.0,0.0,0.0,1.0,0.0,0.8728068943503126,0.05105483876217007,0.9489451612378299,2.18,0,5,0.0
88650545abfffff,Gombak,3.3020813353045795,101.68860468928051,0.0,0.0,0.0,0.0,1.0,0.0,0.05865339323700687,0.003430930202262637,0.9965690697977374,7.3,0,0,0.0
8865057ad9fffff,Gombak,3.2657743212635917,101.55903221470902,0.0,0.0,0.0,0.0,1.0,0.0,0.3106225335481174,0.018169864913819948,0.98183013508618,2.87,0,2,0.0
8865056139fffff,Gombak,3.3671714949779887,101.4600612690842,0.0,0.0,0.0,0.0,1.0,0.0,0.006390326982339419,0.0003738021730038446,0.9996261978269961,8.63,0,0,0.0
8865054e0bfffff,Gombak,3.3257903246065226,101.780935737795,0.0,0.0,0.0,0.0,1.0,0.0,0.001293892956036984,7.5686267688282e-05,0.9999243137323117,11.69,0,0,0.0
8865056115fffff,Gombak,3.3597977274707804,101.45487539942683,0.0,0.0,0.0,0.0,1.0,0.0,0.008131446657778919,0.0004756489673756674,0.9995243510326244,8.02,0,0,0.0
8865056359fffff,Gombak,3.2707996334653986,101.49635800874914,0.0,0.0,0.0,0.0,1.0,0.0,1.0513145450606365,0.061496643683536176,0.9385033563164639,1.13,2,3,0.0
886505631bfffff,Gombak,3.2884136948753144,101.47090684056816,2507.439446366782,15.3,0.10443153532577003,0.051664753157290466,1.0,0.07804814424153025,0.6238159558652381,0.036490113964642655,0.9635098860353574,1.01,1,3,6.613520984408465
8865057b4dfffff,Gombak,3.3256273986140124,101.68626441223198,0.0,0.0,0.0,0.0,1.0,0.0,0.01350781195438262,0.0007901394521798108,0.9992098605478202,9.42,0,0,0.0
8865057ad1fffff,Gombak,3.2738625215328625,101.55526459038175,835.8131487889274,2.3,0.03481051177525668,0.007766596879854122,1.0,0.0212885543275554,0.4626451414868181,0.02706242727412571,0.9729375727258743,1.98,1,1,1.8215668954613002
8865057183fffff,Gombak,3.2458173898379417,101.51661993562078,0.0,0.0,0.0,0.0,1.0,0.0,0.3645116922694714,0.021322111220943463,0.9786778887790566,2.74,0,3,0.0
8865054547fffff,Gombak,3.2727811649078364,101.76252317843667,0.0,0.0,0.0,0.0,1.0,0.0,0.06578126268633945,0.003847874921431425,0.9961521250785685,6.02,0,0,0.0
8865054593fffff,Gombak,3.281414628977847,101.65514793557209,0.0,0.0,0.0,0.0,1.0,0.0,0.3955259908451776,0.023136292597550408,0.9768637074024495,3.63,0,4,0.0
8865056329fffff,Gombak,3.3164648668220202,101.50955833285853,835.8131487889274,24.8,0.03481051177525668,0.0837441750523401,1.0,0.05927734341379839,0.4402627959028597,0.025753171982600118,0.9742468280173999,2.93,0,3,5.078923974559899
8865057ac1fffff,Gombak,3.2797958420067728,101.578354629983,0.0,0.0,0.0,0.0,1.0,0.0,0.29984941808773213,0.0175396915314183,0.9824603084685817,3.31,0,3,0.0
8865056227fffff,Gombak,3.281041807286723,101.46572214927122,835.8131487889274,4.1,0.03481051177525668,0.013844803133653,1.0,0.02432765745445484,0.3670998643383419,0.021473506344561608,0.9785264936554384,1.93,1,3,2.0935669819878444
8865056363fffff,Gombak,3.3083745730342344,101.51332812928848,0.0,0.0,0.0,0.0,1.0,0.0,0.5816591761603388,0.034024153161058425,0.9659758468389416,2.69,0,6,0.0
8865056135fffff,Gombak,3.3826386316010146,101.46147496300102,0.0,0.0,0.0,0.0,1.0,0.0,0.0026755161045964294,0.00015650431293561095,0.9998434956870644,10.28,0,0,0.0
8865057a25fffff,Gombak,3.321857616281277,101.63632438112428,0.0,0.0,0.0,0.0,1.0,0.0,0.07540177546019196,0.004410626810374798,0.9955893731896251,4.79,0,1,0.0
8865054e07fffff,Gombak,3.341246305771824,101.78236282015907,0.0,0.0,0.0,0.0,1.0,0.0,0.0004609303301745249,2.696211938744037e-05,0.9999730378806125,13.2,0,0,0.0
8865057adbfffff,Gombak,3.266492392728716,101.55007965725532,0.0,0.0,0.0,0.0,1.0,0.0,0.4239033036259471,0.024796223491662203,0.9752037765083378,2.18,0,3,0.0
8865054751fffff,Gombak,3.2021747128006677,101.76952365448291,10865.570934256057,14.4,0.45253665307833685,0.04862565003039102,1.0,0.25058115155436395,1.3989471775603044,0.08183141431335632,0.9181685856866437,1.43,1,6,20.23414276817417
88650544a9fffff,Gombak,3.2497852358755592,101.6612540258087,2507.439446366782,6.1,0.10443153532577003,0.020598365637873973,1.0,0.062514950481822,2.480837127871092,0.14511656630868403,0.854883433691316,1.29,4,10,4.700074828642008
88650540e1fffff,Gombak,3.2824720169215453,101.83551090878585,0.0,0.0,0.0,0.0,1.0,0.0,0.0011532416576608515,6.745887007402672e-05,0.999932541129926,12.23,0,0,0.0
8865057a93fffff,Gombak,3.291476741274576,101.52982120102726,0.0,1.0,0.0,0.0033767812521104876,1.0,0.0016883906260552438,0.9281798744781842,0.05429388120157896,0.945706118798421,1.46,1,5,0.140424572629063
8865054ccdfffff,Gombak,3.3772119014850133,101.72257343773191,0.0,0.0,0.0,0.0,1.0,0.0,0.00021576637164536254,1.2621253780141502e-05,0.9999873787462199,15.15,0,0,0.0
886505558bfffff,Gombak,3.161043956280222,101.79725763827672,0.0,0.0,0.0,0.0,1.0,0.0,0.5621598974416228,0.032883542864088094,0.9671164571359119,2.92,0,2,0.0
8865057a59fffff,Gombak,3.2607462446961333,101.62169165670699,0.0,0.0,0.0,0.0,1.0,0.0,0.6083667230636675,0.035586411101169585,0.9644135888988304,3.36,0,5,0.0
88650571e3fffff,Gombak,3.251752346620539,101.53971022429081,0.0,0.0,0.0,0.0,1.0,0.0,0.2971046595150181,0.01737913688035163,0.9826208631196484,3.53,0,3,0.0
88650540b9fffff,Gombak,3.2853536832113788,101.7997325836467,0.0,0.0,0.0,0.0,1.0,0.0,0.006368106807575132,0.0003725024038943185,0.9996274975961057,10.08,0,0,0.0
88650578d1fffff,Gombak,3.330489769402267,101.52888473564644,1671.6262975778548,19.5,0.06962102355051336,0.06584723441615452,1.0,0.06773412898333395,0.6985090561081085,0.04085928681860476,0.9591407131813953,1.71,2,2,5.713521370299092
8865057a9dfffff,Gombak,3.2900399790209938,101.54772864690906,1671.6262975778548,1.0,0.06962102355051336,0.0033767812521104876,1.0,0.03649890240131193,0.8643567833577084,0.05056054952471969,0.9494394504752803,1.1,1,5,3.047621700785377
8865057327fffff,Gombak,3.214382433409144,101.61743217097627,15880.44982698962,64.9,0.6613997237298769,0.21915310326197068,1.0,0.4402764134959238,2.0590057197904414,0.12044153834570276,0.8795584616542973,2.16,0,13,34.05682130512891
8865057ae1fffff,Gombak,3.3026248107623615,101.58495850801697,3343.252595155709,11.0,0.1392420471010267,0.03714459377321536,1.0,0.08819332043712103,0.7187791677165684,0.042044986984998894,0.9579550130150011,1.45,1,2,7.430102207457661
88650571a1fffff,Gombak,3.26792836617445,101.53217364011876,0.0,1.2,0.0,0.004052137502532585,1.0,0.0020260687512662925,0.6910762634614322,0.04042450561719002,0.95957549438281,1.95,1,3,0.17098078486610663
8865056001fffff,Gombak,3.306747702730915,101.43649367273466,2507.439446366782,2.6,0.10443153532577003,0.008779631255487268,1.0,0.05660558329062865,0.04206089787669746,0.002460352196101006,0.997539647803899,5.03,0,0,4.9659622688103795
8865057145fffff,Gombak,3.230554026393912,101.60990218387471,0.0,0.0,0.0,0.0,1.0,0.0,0.8785266417890001,0.0513894153851697,0.9486105846148303,3.7,0,11,0.0
8865056323fffff,Gombak,3.3252741943452984,101.49683248135801,0.0,0.0,0.0,0.0,1.0,0.0,0.20733762551053797,0.012128214280034147,0.9878717857199658,4.19,0,3,0.0
8865057acbfffff,Gombak,3.272425982909806,101.57316947840592,0.0,1.0,0.0,0.0033767812521104876,1.0,0.0016883906260552438,0.25799932848006063,0.015091670564887685,0.9849083294351123,3.85,0,2,0.14624557089199722
88650544a7fffff,Gombak,3.2659587686238263,101.65372647750532,1671.6262975778548,5.3,0.06962102355051336,0.017896940636185583,1.0,0.04375898209334947,1.1692848177466144,0.06839731471363283,0.9316026852863671,1.92,1,8,3.5851879022131903
8865054527fffff,Gombak,3.3124967890089225,101.75266773532857,0.0,0.0,0.0,0.0,1.0,0.0,0.007679475952056115,0.0004492109412151632,0.9995507890587848,8.8,0,0,0.0
8865054429fffff,Gombak,3.2447536708961198,101.72388758835999,16716.262975778547,28.3,0.6962102355051336,0.09556290943472681,1.0,0.3958865724699302,1.292401292521669,0.07559901283184722,0.9244009871681528,0.72,1,5,32.184380342276185
8865054511fffff,Gombak,3.2756598814691777,101.72673636968665,0.0,0.0,0.0,0.0,1.0,0.0,0.16887054278779623,0.00987808229921092,0.9901219177007891,3.96,0,1,0.0
8865057a23fffff,Gombak,3.3152073544679244,101.62218665971771,0.0,0.0,0.0,0.0,1.0,0.0,0.19805372890366726,0.011585152753576725,0.9884148472464233,3.05,0,2,0.0
88650578c9fffff,Gombak,3.3283325119769116,101.55574872548583,1671.6262975778548,4.3,0.06962102355051336,0.014520159384075098,1.0,0.04207059146729423,0.5956195125020147,0.03484076302700188,0.9651592369729981,2.53,0,3,3.57101413083171
8865054085fffff,Gombak,3.28391296135437,101.81762237328806,0.0,0.0,0.0,0.0,1.0,0.0,0.0028172937583984888,0.0001647975967098311,0.9998352024032902,11.03,0,0,0.0
8865057a0bfffff,Gombak,3.284290652298892,101.61934636405756,0.0,0.6,0.0,0.0020260687512662925,1.0,0.0010130343756331462,0.29941770571811993,0.01751443851661645,0.9824855614833835,3.09,0,1,0.08753149356429403
88650545edfffff,Gombak,3.2918341643835185,101.71921310026829,0.0,0.0,0.0,0.0,1.0,0.0,0.06619262090649386,0.0038719373202729347,0.9961280626797271,5.65,0,0,0.0
8865056101fffff,Gombak,3.3583597696875858,101.47279123450512,0.0,0.0,0.0,0.0,1.0,0.0,0.016897589119478255,0.0009884244654214476,0.9990115755345785,7.42,0,0,0.0
8865057167fffff,Gombak,3.2540958402985787,101.6075561715363,0.0,0.0,0.0,0.0,1.0,0.0,0.4031988210708586,0.023585114797005237,0.9764148852029948,4.66,0,5,0.0
8865057117fffff,Gombak,3.242229570748743,101.56138215623118,1671.6262975778548,1.4,0.06962102355051336,0.004727493752954682,1.0,0.03717425865173402,0.29508153332829995,0.017260794115271497,0.9827392058847285,2.62,0,1,3.2128805412971593
88650540b3fffff,Gombak,3.2941606960411813,101.78702797358301,0.0,0.0,0.0,0.0,1.0,0.0,0.0069097984043500985,0.00040418865352317203,0.9995958113464768,9.62,0,0,0.0
88650555b1fffff,Gombak,3.1852901757481047,101.78598421335798,0.0,0.0,0.0,0.0,1.0,0.0,0.6998619558864119,0.040938424690326165,0.9590615753096738,3.91,0,5,0.0
8865056343fffff,Gombak,3.2855419902796847,101.50672756126376,8358.131487889274,12.0,0.3481051177525668,0.04052137502532585,1.0,0.19431324638894631,0.9406382135986029,0.05502263174096473,0.9449773682590352,1.59,2,6,16.148708480403624
88650540d9fffff,Gombak,3.2456456326716356,101.80957995388142,0.0,0.0,0.0,0.0,1.0,0.0,0.026341809942895436,0.0015408641568297131,0.9984591358431703,7.36,0,0,0.0
8865057165fffff,Gombak,3.253377545640275,101.61650657531524,0.0,0.0,0.0,0.0,1.0,0.0,0.6026861159885839,0.03525412399371552,0.9647458760062845,3.67,0,6,0.0
886505600dfffff,Gombak,3.3060298146545106,101.44545086309162,835.8131487889274,4.2,0.03481051177525668,0.014182481258864049,1.0,0.024496496517060366,0.07939989757471466,0.004644496961068744,0.9953555030389313,4.07,0,1,2.144352495279895
8865056337fffff,Gombak,3.3267113875497434,101.4789199390151,1671.6262975778548,1.6,0.06962102355051336,0.0054028500033767805,1.0,0.03751193677694507,0.12567323363051838,0.007351255725933127,0.9926487442740669,3.87,0,1,3.27475689221817
88650571c7fffff,Gombak,3.23629519029372,101.53829377618149,1671.6262975778548,14.6,0.06962102355051336,0.04930100628081312,1.0,0.05946101491566324,0.18036918039681663,0.010550695099262356,0.9894493049007377,4.5,0,2,5.1741598903395
88650545d5fffff,Gombak,3.271169828969959,101.68575889630283,1671.6262975778548,11.4,0.06962102355051336,0.03849530627405956,1.0,0.05405816491228646,0.4238895882119317,0.02479542120852759,0.9752045787914724,4.16,0,5,4.636294449813669
8865056065fffff,Gombak,3.3200571503967624,101.46477792073038,0.0,0.0,0.0,0.0,1.0,0.0,0.12363889195378937,0.007232256910771527,0.9927677430892284,3.52,0,1,0.0
886505604dfffff,Gombak,3.2891314777200766,101.4619509163947,1671.6262975778548,1.0,0.06962102355051336,0.0033767812521104876,1.0,0.03649890240131193,0.3333971213431646,0.01950206441324821,0.9804979355867518,1.95,1,1,3.147316855828553
88650545b5fffff,Gombak,3.310889545332912,101.67589168365743,0.0,0.0,0.0,0.0,1.0,0.0,0.042406187764641314,0.002480549927889437,0.9975194500721105,7.45,0,0,0.0
886505442bfffff,Gombak,3.245472631761319,101.71494086034747,1671.6262975778548,4.4,0.06962102355051336,0.014857837509286147,1.0,0.04223943052989976,1.351829468898549,0.07907526397341261,0.9209247360265874,0.65,1,4,3.4210244040175035
88650540b1fffff,Gombak,3.29344030050473,101.79597368059245,0.0,0.0,0.0,0.0,1.0,0.0,0.004853005462681602,0.00028387655163238687,0.9997161234483676,10.38,0,0,0.0
8865054eb7fffff,Gombak,3.3631941440910564,101.70324841374044,0.0,0.0,0.0,0.0,1.0,0.0,0.0008612876117388475,5.0381018332713e-05,0.9999496189816672,13.51,0,0,0.0
886505559bfffff,Gombak,3.1551160645733187,101.77418887703608,10865.570934256057,132.1,0.45253665307833685,0.4460728034037954,1.0,0.44930472824106615,2.3676903332097288,0.1384980446227477,0.8615019553772523,1.77,1,10,34.04169967807058
8865054c53fffff,Gombak,3.3676786672521257,101.74423517346587,0.0,0.0,0.0,0.0,1.0,0.0,0.00023881445585395144,1.3969451452116048e-05,0.9999860305485478,14.37,0,0,0.0
8865054e11fffff,Gombak,3.327232000808442,101.76304126987128,0.0,0.0,0.0,0.0,1.0,0.0,0.002144332688198618,0.00012543273931162426,0.9998745672606884,10.78,0,0,0.0
8865054089fffff,Gombak,3.2684614222877406,101.81619405553943,0.0,0.0,0.0,0.0,1.0,0.0,0.006492433037917075,0.0003797748666636933,0.9996202251333363,9.62,0,0,0.0
8865054529fffff,Gombak,3.2963215461844735,101.76018898154192,0.0,0.0,0.0,0.0,1.0,0.0,0.01719214035482715,0.0010056542397567313,0.9989943457602433,7.69,0,0,0.0
8865056137fffff,Gombak,3.383357968802034,101.45251618286069,0.0,0.0,0.0,0.0,1.0,0.0,0.0018367500549962778,0.00010744069336670952,0.9998925593066333,10.59,0,0,0.0
8865056307fffff,Gombak,3.309811438081247,101.49541753394422,0.0,0.0,0.0,0.0,1.0,0.0,0.378390311090484,0.022133941020564665,0.9778660589794353,2.68,0,5,0.0
8865057ab1fffff,Gombak,3.3135899976437004,101.54537728205776,3343.252595155709,4.0,0.1392420471010267,0.01350712500844195,1.0,0.07637458605473432,1.2246212192791368,0.07163421748812868,0.9283657825118713,1.01,2,4,6.235653491590001
8865056351fffff,Gombak,3.278888619719775,101.49258801847499,1671.6262975778548,1.0,0.06962102355051336,0.0033767812521104876,1.0,0.03649890240131193,0.8628698368206297,0.050473570587924024,0.949526429412076,1.76,1,3,3.0479008959411686
886505616bfffff,Gombak,3.3569215755653,101.49070588001274,0.0,0.0,0.0,0.0,1.0,0.0,0.0346918636556812,0.00202930054375705,0.997970699456243,6.72,0,0,0.0
8865056ac3fffff,Gombak,3.3988262714039217,101.45392962599134,0.0,0.0,0.0,0.0,1.0,0.0,0.000758650812168692,4.437727880334092e-05,0.9999556227211966,12.21,0,0,0.0
8865054539fffff,Gombak,3.290394450029025,101.73710849199617,0.0,0.0,0.0,0.0,1.0,0.0,0.05030728697816492,0.0029427247216513787,0.9970572752783486,5.86,0,0,0.0
8865057b57fffff,Gombak,3.3285075434690143,101.65046201063309,0.0,0.0,0.0,0.0,1.0,0.0,0.030944590815547336,0.0018101038212182084,0.9981898961787818,6.52,0,0,0.0
8865054401fffff,Gombak,3.2300205901397456,101.71351703423723,5014.878892733564,7.0,0.20886307065154006,0.023637468764773413,1.0,0.11625026970815673,1.8968141722594019,0.1109541438700348,0.8890458561299652,1.35,2,12,9.089335010654475
886505476bfffff,Gombak,3.2235505796745954,101.7940230616049,0.0,0.0,0.0,0.0,1.0,0.0,0.15988359501987917,0.009352390794910206,0.9906476092050898,4.58,0,1,0.0
8865054ea5fffff,Gombak,3.36840000232948,101.73528576148331,0.0,0.0,0.0,0.0,1.0,0.0,0.0002823690526480428,1.6517177565495217e-05,0.9999834828224345,14.29,0,0,0.0
88650540e3fffff,Gombak,3.283192516930066,101.82656679801462,0.0,0.0,0.0,0.0,1.0,0.0,0.0018187315134630447,0.000106386698790517,0.9998936133012095,11.6,0,0,0.0
8865056319fffff,Gombak,3.2876958546495008,101.47986246756454,835.8131487889274,3.0,0.03481051177525668,0.010130343756331463,1.0,0.02247042776579407,0.9347663806449056,0.054679158875855706,0.9453208411241443,0.48,1,3,1.8681190638507341
886505470bfffff,Gombak,3.2176235095556835,101.77094972018884,1671.6262975778548,6.800000000000001,0.06962102355051336,0.02296211251435132,1.0,0.04629156803243234,0.7864461704741935,0.04600316827077053,0.9539968317292294,2.06,0,5,3.8838531778834047
8865054533fffff,Gombak,3.2992018923915793,101.72439930880527,0.0,0.0,0.0,0.0,1.0,0.0,0.036878872219110403,0.002157229608364723,0.9978427703916353,6.5,0,0,0.0
8865057aa7fffff,Gombak,3.3276133101681338,101.56470278679868,2507.439446366782,3.8,0.10443153532577003,0.012831768758019854,1.0,0.05863165204189494,0.588552760553958,0.03442739337603361,0.9655726066239664,1.79,1,4,4.978872984289716
8865056123fffff,Gombak,3.3819192346673055,101.47043344624106,0.0,0.0,0.0,0.0,1.0,0.0,0.003858625950050398,0.00022571032263670363,0.9997742896773633,10.05,0,0,0.0
8865057155fffff,Gombak,3.224621061507383,101.58681742393303,3343.252595155709,6.9,0.1392420471010267,0.023299790639562366,1.0,0.08127091887029453,0.8732145832531534,0.05107868652429751,0.9489213134757025,1.08,1,3,6.782336777476042
8865054555fffff,Gombak,3.2661342605065027,101.74839099623436,0.0,0.0,0.0,0.0,1.0,0.0,0.16605567905126625,0.009713426846628832,0.9902865731533712,4.33,0,2,0.0
88650578d7fffff,Gombak,3.338580777953482,101.52511525875593,1671.6262975778548,6.0,0.06962102355051336,0.020260687512662925,1.0,0.04494085553158814,0.3689188214648278,0.021579906240585763,0.9784200937594142,2.7,0,2,3.867057934389807
8865054661fffff,Gombak,3.1793622765527143,101.76291306853794,5850.692041522491,7.8,0.24367358242679674,0.026338893766461806,1.0,0.13500623809662926,3.044646247125838,0.17809658040174278,0.8219034195982572,1.37,1,13,9.75862440317322
88650571adfffff,Gombak,3.2672104077187947,101.54112679891789,0.0,0.6,0.0,0.0020260687512662925,1.0,0.0010130343756331462,0.5624777702317476,0.03290213683275603,0.967097863167244,1.81,1,3,0.08616057446997688
886505635dfffff,Gombak,3.2781707763581727,101.50154271240032,0.0,0.4,0.0,0.0013507125008441951,1.0,0.0006753562504220976,1.2020248979579211,0.07031244568598041,0.9296875543140196,0.94,2,4,0.05521841295009414
8865054415fffff,Gombak,3.2314577687452046,101.69562340130395,12537.19723183391,55.5,0.5221576766288502,0.18741135949213208,1.0,0.3547845180604911,2.1513067462300732,0.12584068683199645,0.8741593131680035,1.48,2,11,27.27528067737528
8865054707fffff,Gombak,3.2330732120533723,101.77237591292382,0.0,0.5,0.0,0.0016883906260552438,1.0,0.0008441953130276219,0.3554870429105462,0.020794214362099314,0.9792057856379007,3.52,0,2,0.07269941011845005
8865054e53fffff,Gombak,3.3110558087472244,101.77056207805244,0.0,0.0,0.0,0.0,1.0,0.0,0.004738872741171877,0.0002772003581560463,0.999722799641844,9.69,0,0,0.0
8865054501fffff,Gombak,3.281587540310499,101.74981644889752,0.0,0.0,0.0,0.0,1.0,0.0,0.06152169099509778,0.0035987112779039226,0.9964012887220961,5.69,0,0,0.0
886505460dfffff,Gombak,3.1727156975262565,101.74878490961098,17552.076124567473,65.2,0.7310207472803902,0.22016613763760381,1.0,0.47559344245899704,6.976593761238868,0.4080958478843671,0.591904152115633,0.54,7,57,24.757182831066
8865056157fffff,Gombak,3.343613116342553,101.46241977260715,0.0,0.0,0.0,0.0,1.0,0.0,0.027954074747089323,0.0016351735855852137,0.9983648264144148,6.04,0,0,0.0
8865057b43fffff,Gombak,3.327067585841097,101.66836382459924,0.0,0.0,0.0,0.0,1.0,0.0,0.018725799095927483,0.0010953656068986633,0.9989046343931013,8.29,0,0,0.0
8865057189fffff,Gombak,3.2370125853395413,101.52934136956988,0.0,0.0,0.0,0.0,1.0,0.0,0.18630462871260123,0.010897889144938569,0.9891021108550614,4.24,0,2,0.0
8865054099fffff,Gombak,3.2625357585929358,101.79311891160008,0.0,0.0,0.0,0.0,1.0,0.0,0.02919842447516022,0.0017079618221832983,0.9982920381778168,7.52,0,0,0.0
88650555bbfffff,Gombak,3.177925973332505,101.78079950399814,0.0,0.0,0.0,0.0,1.0,0.0,1.1081941747528437,0.06482381758830832,0.9351761824116916,3.33,0,9,0.0
8865057323fffff,Gombak,3.2070146657199077,101.61224784240643,5014.878892733564,56.0,0.20886307065154006,0.1890997501181873,1.0,0.19898141038486367,2.5509218788825008,0.14921617377711238,0.8507838262228876,1.43,2,17,14.888320510623622
8865054565fffff,Gombak,3.29488103553978,101.77808195445817,0.0,0.0,0.0,0.0,1.0,0.0,0.009612053598292043,0.000562257069474031,0.999437742930526,8.91,0,0,0.0
886505455bfffff,Gombak,3.251401123709839,101.73801952902724,835.8131487889274,23.4,0.03481051177525668,0.07901668129938541,1.0,0.056913596537321046,0.5610587647442599,0.03281913210761548,0.9671808678923846,2.44,0,2,4.841029257770824
8865054eadfffff,Gombak,3.3603098475522435,101.73904778868824,0.0,0.0,0.0,0.0,1.0,0.0,0.00044329143001090623,2.593033193293601e-05,0.999974069668067,13.46,0,0,0.0
8865054701fffff,Gombak,3.224988741301329,101.77613500870302,835.8131487889274,1.7,0.03481051177525668,0.005740528128587829,1.0,0.020275519951922255,0.4293805554304172,0.025116615332683556,0.9748833846673164,3.05,0,3,1.738355709640363
88650545dbfffff,Gombak,3.256434280019402,101.6753878893165,1671.6262975778548,4.2,0.06962102355051336,0.014182481258864049,1.0,0.04190175240468871,1.222867234022811,0.07153161812161063,0.9284683818783894,2.57,0,10,3.4214743197043647
8865054e41fffff,Gombak,3.316260618184155,101.80258810749085,0.0,0.0,0.0,0.0,1.0,0.0,0.000977921812300006,5.7203535824668714e-05,0.9999427964641753,12.53,0,0,0.0
886505451dfffff,Gombak,3.274940285986073,101.73568353678522,0.0,0.0,0.0,0.0,1.0,0.0,0.14379884614492683,0.008411513419105373,0.9915884865808946,4.22,0,1,0.0
88650540d3fffff,Gombak,3.254450331180021,101.79687756839193,0.0,0.0,0.0,0.0,1.0,0.0,0.035932239857153554,0.002101856348919133,0.9978981436510809,7.03,0,0,0.0
8865054515fffff,Gombak,3.283027133057094,101.73192236013074,0.0,1.4,0.0,0.004727493752954682,1.0,0.002363746876477341,0.09274823979051561,0.00542530823098575,0.9945746917690143,4.9,0,1,0.2067532530121668
88650545cdfffff,Gombak,3.2690120627317105,101.71260307705491,0.0,0.0,0.0,0.0,1.0,0.0,0.32111117072760703,0.018783397739351015,0.981216602260649,3.19,0,1,0.0
8865054c55fffff,Gombak,3.3743259811559936,101.75837183303578,0.0,0.0,0.0,0.0,1.0,0.0,0.0001067482511505908,6.244238887106698e-06,0.9999937557611129,15.47,0,0,0.0
88650571d5fffff,Gombak,3.2296428125692462,101.52415715924788,835.8131487889274,4.0,0.03481051177525668,0.01350712500844195,1.0,0.024158818391849315,0.13528735035519684,0.007913633477983895,0.9920863665220161,4.72,0,1,2.1078473210728
8865054505fffff,Gombak,3.288954510949394,101.75500264469683,0.0,0.0,0.0,0.0,1.0,0.0,0.03258953107888918,0.0019063246009369946,0.998093675399063,6.69,0,0,0.0
8865054743fffff,Gombak,3.2088208753847147,101.78365250168606,13373.010380622838,23.3,0.5569681884041069,0.07867900317417437,1.0,0.31782359578914066,0.49104616584739874,0.028723745177084356,0.9712762548229157,2.98,0,3,27.14831551746347
8865057aadfffff,Gombak,3.3188039527891466,101.57742409876498,1671.6262975778548,48.5,0.06962102355051336,0.16377389072735865,1.0,0.116697457138936,1.0861787718622016,0.06353602660940845,0.9364639733905915,0.3,1,4,9.610952850155225
8865054e93fffff,Gombak,3.3329964225458366,101.69145098987529,0.0,0.0,0.0,0.0,1.0,0.0,0.007580249001763845,0.00044340666081725837,0.9995565933391828,10.41,0,0,0.0
8865056061fffff,Gombak,3.312684474217525,101.4595927661215,1671.6262975778548,1.4,0.06962102355051336,0.004727493752954682,1.0,0.03717425865173402,0.146429807633485,0.008565411509802518,0.9914345884901975,3.18,0,1,3.241308455239083
886505450dfffff,Gombak,3.2808676600472055,101.75876302798247,0.0,0.0,0.0,0.0,1.0,0.0,0.04702529761019492,0.0027507447555380365,0.997249255244462,6.29,0,0,0.0
886505630bfffff,Gombak,3.2943495791387445,101.49400271298829,0.0,0.5,0.0,0.0016883906260552438,1.0,0.0008441953130276219,0.6792677172421746,0.039733764713168404,0.9602662352868316,1.66,1,3,0.07129327653690218
88650545adfffff,Gombak,3.308729870872588,101.70274005804869,0.0,0.0,0.0,0.0,1.0,0.0,0.02919386789484226,0.0017076952850203287,0.9982923047149797,7.74,0,0,0.0
8865054cc9fffff,Gombak,3.3698424981467943,101.7173860084855,0.0,0.0,0.0,0.0,1.0,0.0,0.00039480258097875076,2.3093976737847125e-05,0.9999769060232622,14.33,0,0,0.0
8865057141fffff,Gombak,3.223185777075635,101.60471764013596,0.0,0.0,0.0,0.0,1.0,0.0,0.9942399824621164,0.05815806717852603,0.941841932821474,3.07,0,6,0.0
8865057ac9fffff,Gombak,3.2717076288004208,101.58212146964968,0.0,0.0,0.0,0.0,1.0,0.0,0.24051888926450468,0.014069152283445326,0.9859308477165547,3.82,0,2,0.0
8865054093fffff,Gombak,3.2713414725944556,101.78041471896641,0.0,0.0,0.0,0.0,1.0,0.0,0.03346211026471593,0.0019573661198892156,0.9980426338801108,7.57,0,0,0.0
8865057aa1fffff,Gombak,3.3195230998149547,101.56847067806983,3343.252595155709,7.800000000000001,0.1392420471010267,0.026338893766461806,1.0,0.08279047043374425,0.7529192380341789,0.04404201037777605,0.9559579896222239,1.21,1,4,6.960382992681578
886505710bfffff,Gombak,3.2327073793699794,101.58305129673232,1671.6262975778548,1.0,0.06962102355051336,0.0033767812521104876,1.0,0.03649890240131193,0.7145755177238655,0.04179909448119392,0.9582009055188061,1.11,1,1,3.0757452430583867
886505454bfffff,Gombak,3.2573287706535874,101.76109722856425,0.0,0.0,0.0,0.0,1.0,0.0,0.16624528874302233,0.009724518065434519,0.9902754819345655,4.95,0,1,0.0
88650544a3fffff,Gombak,3.2585905135540436,101.64854114785344,5014.878892733564,17.4,0.20886307065154006,0.058755993786722485,1.0,0.13380953221913128,1.9850481672049893,0.11611539135152071,0.8838846086484793,1.05,3,8,10.401515090535266
886505449bfffff,Gombak,3.2217502719956497,101.6226166427948,1671.6262975778548,160.0,0.06962102355051336,0.540285000337678,1.0,0.3049530119440957,1.7812670734584115,0.10419521639488889,0.8958047836051111,3.04,0,14,24.024827823811318
8865057a01fffff,Gombak,3.291659966652628,101.62453194741944,0.0,0.0,0.0,0.0,1.0,0.0,0.25632605907308337,0.014993792671928914,0.9850062073280711,3.17,0,1,0.0
88650555b5fffff,Gombak,3.192654446267002,101.79116906316393,0.0,0.0,0.0,0.0,1.0,0.0,0.43821908752137106,0.025633625262049216,0.9743663747379507,4.05,0,2,0.0
8865054721fffff,Gombak,3.2478043540749493,101.78274713115617,0.0,0.0,0.0,0.0,1.0,0.0,0.10299267494990459,0.006024556459497321,0.9939754435405027,5.52,0,0,0.0
886505611dfffff,Gombak,3.3517052481662644,101.45864770158549,0.0,0.0,0.0,0.0,1.0,0.0,0.015103506714004875,0.0008834796161880202,0.9991165203838119,7.03,0,0,0.0
88650571b5fffff,Gombak,3.2693641132449884,101.51426642282401,835.8131487889274,1.8,0.03481051177525668,0.006078206253798878,1.0,0.02044435901452778,1.4434891294492793,0.08443689576241922,0.9155631042375808,0.57,2,4,1.6461740881534384
8865057195fffff,Gombak,3.2465347855155753,101.50766659201948,0.0,0.0,0.0,0.0,1.0,0.0,0.4038660616119856,0.023624145032058758,0.9763758549679412,2.54,0,2,0.0
88650545c1fffff,Gombak,3.2697313739990315,101.70365532480513,0.0,0.0,0.0,0.0,1.0,0.0,0.33787960434783104,0.019764267253920956,0.980235732746079,3.6,0,3,0.0
8865054e57fffff,Gombak,3.3184230352268353,101.77574883755935,0.0,0.0,0.0,0.0,1.0,0.0,0.0024786649094866507,0.00014498950239558736,0.9998550104976044,10.69,0,0,0.0
8865057a09fffff,Gombak,3.283571731198271,101.62829721427407,0.0,0.0,0.0,0.0,1.0,0.0,0.30040108420147515,0.017571961240411226,0.9824280387595887,3.95,0,3,0.0
8865054625fffff,Gombak,3.2036117290574597,101.7516351656291,5014.878892733564,32.8,0.20886307065154006,0.110758425069224,1.0,0.15981074786038202,3.243551262207966,0.1897315291398186,0.8102684708601814,0.63,4,12,11.388037888672578
8865057111fffff,Gombak,3.234142670641339,101.5651491927008,1671.6262975778548,4.0,0.06962102355051336,0.01350712500844195,1.0,0.041564074279477656,0.45078799256428187,0.02636884335500493,0.9736311566449951,1.69,1,1,3.5589882559236323
88650540c5fffff,Gombak,3.2670210652488736,101.83408184486863,0.0,0.0,0.0,0.0,1.0,0.0,0.0025189014768395184,0.0001473431403787898,0.9998526568596212,10.97,0,0,0.0
88650544edfffff,Gombak,3.2402619211401658,101.68291361082049,3343.252595155709,18.7,0.1392420471010267,0.06314580941446613,1.0,0.10119392825774641,2.456504356929508,0.14369322088703249,0.8563067791129675,0.73,2,11,7.620751792795343
8865057187fffff,Gombak,3.2531876438532703,101.5218043589562,9193.9446366782,19.8,0.3829156295278234,0.06686026879178766,1.0,0.22488794915980553,0.5104951041705607,0.029861410812646903,0.9701385891873531,2.28,0,3,19.187303420714247
8865057193fffff,Gombak,3.2398816064179123,101.49352874885253,0.0,0.0,0.0,0.0,1.0,0.0,0.1993810720241464,0.011662795688614013,0.9883372043113859,3.7,0,2,0.0
8865054e39fffff,Gombak,3.3419674639666166,101.77341536819782,0.0,0.0,0.0,0.0,1.0,0.0,0.0005920085772960165,3.462954137429013e-05,0.9999653704586257,12.77,0,0,0.0
8865057335fffff,Gombak,3.20773210594402,101.60329856441575,2507.439446366782,184.1,0.10443153532577003,0.6216654285135408,1.0,0.3630484819196554,1.8177438162792117,0.10632892344434035,0.8936710765556597,2.06,0,12,28.533582800910615
8865054ed7fffff,Gombak,3.323466688320744,101.71311298693853,0.0,0.0,0.0,0.0,1.0,0.0,0.00909304799886369,0.0005318978372463776,0.9994681021627536,9.19,0,0,0.0
8865054ed1fffff,Gombak,3.3153780692923296,101.71687532686344,0.0,0.0,0.0,0.0,1.0,0.0,0.01447965574083646,0.000846987453886249,0.9991530125461138,8.27,0,0,0.0
8865054733fffff,Gombak,3.2425964577536743,101.75072591642909,0.0,0.0,0.0,0.0,1.0,0.0,0.5496345872593648,0.03215087485248015,0.9678491251475199,2.98,0,4,0.0
8865056341fffff,Gombak,3.2848239211236403,101.51568199532484,4179.065743944637,8.1,0.1740525588762834,0.02735192814209495,1.0,0.10070224350918917,0.9414026472309176,0.05506734728582905,0.9449326527141709,1.82,2,6,8.368622587542795
8865057899fffff,Gombak,3.3392998589794813,101.51615965685652,835.8131487889274,15.2,0.03481051177525668,0.051327075032079415,1.0,0.04306879340366805,0.2529871077680948,0.014798480717343795,0.9852015192826562,3.33,0,2,3.731657336841124
8865056361fffff,Gombak,3.307656053974251,101.52228297833952,1671.6262975778548,1.0,0.06962102355051336,0.0033767812521104876,1.0,0.03649890240131193,0.8486356628479926,0.04964094258992154,0.9503590574100784,1.83,2,5,3.050573562591078
8865057ae7fffff,Gombak,3.3107142060888575,101.58119141929956,1671.6262975778548,13.0,0.06962102355051336,0.04389815627743634,1.0,0.05675958991397485,0.8252359348806018,0.04827217551648653,0.9517278244835135,1.14,1,3,4.7507917652122105
8865054ea9fffff,Gombak,3.352941089904493,101.73386054528086,0.0,0.0,0.0,0.0,1.0,0.0,0.0008194645315922919,4.793457728459418e-05,0.9999520654227154,12.56,0,0,0.0
88650540e9fffff,Gombak,3.2743862317177896,101.83926820520404,0.0,0.0,0.0,0.0,1.0,0.0,0.0013487150550940655,7.889308633978502e-05,0.9999211069136602,11.93,0,0,0.0
8865056325fffff,Gombak,3.331927650422135,101.5109739083929,835.8131487889274,18.6,0.03481051177525668,0.06280813128925508,1.0,0.04880932153225588,0.28798069620155486,0.01684543065179627,0.9831545693482038,3.25,0,2,4.220253632930658
8865054ed9fffff,Gombak,3.307289803848004,101.72063743415599,0.0,0.0,0.0,0.0,1.0,0.0,0.023104391283550393,0.0013514913542906875,0.9986485086457093,7.38,0,0,0.0
8865054ec3fffff,Gombak,3.322025929187482,101.73101049400522,0.0,0.0,0.0,0.0,1.0,0.0,0.0069704843230894,0.0004077384763034738,0.9995922615236965,9.11,0,0,0.0
8865057a19fffff,Gombak,3.2776400997489157,101.60520980531902,0.0,0.0,0.0,0.0,1.0,0.0,0.30655358096919316,0.01793185153515326,0.9820681484648467,2.84,0,1,0.0
8865054483fffff,Gombak,3.235767984123119,101.64193513138561,2507.439446366782,53.0,0.10443153532577003,0.17896940636185585,1.0,0.14170047084381293,3.2081555373500157,0.18766105623545648,0.8123389437645435,0.93,6,12,10.1233102478255
8865054703fffff,Gombak,3.2257077405380175,101.76719051483508,0.0,0.0,0.0,0.0,1.0,0.0,0.6539393502803482,0.03825218190290923,0.9617478180970908,2.53,0,5,0.0
8865057a6bfffff,Gombak,3.2902217256858246,101.64243341367272,1671.6262975778548,12.5,0.06962102355051336,0.0422097656513811,1.0,0.05591539460094723,0.2293416563827813,0.013415340052724595,0.9865846599472754,4.63,0,2,4.851541293035884
8865056069fffff,Gombak,3.3045938647674373,101.4633643553736,0.0,0.0,0.0,0.0,1.0,0.0,0.265046428748491,0.015503890690867982,0.984496109309132,2.26,0,1,0.0
8865057a97fffff,Gombak,3.2988477574811097,101.53500641671734,1671.6262975778548,1.0,0.06962102355051336,0.0033767812521104876,1.0,0.03649890240131193,1.0021160903927635,0.05861878010721108,0.9413812198927889,1.81,2,5,3.0217554505670616
8865054cc1fffff,Gombak,3.3779332357979848,101.713623064767,0.0,0.0,0.0,0.0,1.0,0.0,0.0002602529632800741,1.522349693116444e-05,0.9999847765030688,15.24,0,0,0.0
8865054727fffff,Gombak,3.255889661203654,101.77898802180664,0.0,0.0,0.0,0.0,1.0,0.0,0.08169566174117396,0.004778787684610513,0.9952212123153895,6.13,0,0,0.0
886505473dfffff,Gombak,3.2411580407978904,101.76861658430046,0.0,0.0,0.0,0.0,1.0,0.0,0.28187273622155884,0.016488145536425355,0.9835118544635747,4.19,0,2,0.0
8865057a1bfffff,Gombak,3.278358737070325,101.5962583831546,0.0,0.0,0.0,0.0,1.0,0.0,0.31137220036905333,0.01821371667406151,0.9817862833259385,2.65,0,1,0.0
8865057b4bfffff,Gombak,3.318978389266163,101.6721278703142,0.0,0.0,0.0,0.0,1.0,0.0,0.027578496320795065,0.0016132041257641198,0.9983867958742358,8.15,0,0,0.0
88650540a3fffff,Gombak,3.300086078031949,101.81010570671216,0.0,0.0,0.0,0.0,1.0,0.0,0.0017418886516118485,0.00010189177563256367,0.9998981082243674,12.07,0,0,0.0
8865054eb1fffff,Gombak,3.3551038784152882,101.70701157527942,0.0,0.0,0.0,0.0,1.0,0.0,0.0013049175524226875,7.633115144725949e-05,0.9999236688485528,12.75,0,0,0.0
8865054e85fffff,Gombak,3.34557239473319,101.72867344332295,0.0,0.0,0.0,0.0,1.0,0.0,0.001507914764429517,8.820547324199431e-05,0.999911794526758,11.68,0,0,0.0
8865054435fffff,Gombak,3.2542775456978124,101.70223186973183,12537.19723183391,16.2,0.5221576766288502,0.0547038562841899,1.0,0.28843076645652005,0.8140235423552622,0.047616306622433525,0.9523836933775665,2.34,0,4,24.158363656810383
886505408dfffff,Gombak,3.2758269378262237,101.82138035680735,0.0,0.0,0.0,0.0,1.0,0.0,0.003441326325932203,0.0002013003813738915,0.9997986996186261,10.61,0,0,0.0
8865054761fffff,Gombak,3.2309155315555955,101.79920855212323,0.0,0.0,0.0,0.0,1.0,0.0,0.0885524691018838,0.005179876627067692,0.9948201233729324,5.48,0,0,0.0
8865057ac7fffff,Gombak,3.2878844078267764,101.57458755855971,0.0,0.0,0.0,0.0,1.0,0.0,0.3872570444852722,0.02265260058518122,0.9773473994148187,3.04,0,3,0.0
88650544a5fffff,Gombak,3.2652399085810573,101.66267573190497,0.0,0.0,0.0,0.0,1.0,0.0,1.0531418597706665,0.061603532456404736,0.9383964675435953,2.3,0,8,0.0
8865054561fffff,Gombak,3.287514347622079,101.77289555500855,0.0,0.0,0.0,0.0,1.0,0.0,0.01832981820167961,0.001072202704726845,0.9989277972952731,7.94,0,0,0.0
886505716dfffff,Gombak,3.2452907358489074,101.62027170143357,0.0,0.0,0.0,0.0,1.0,0.0,0.9068779240842493,0.053047823626046584,0.9469521763739535,3.22,0,6,0.0
88650578c3fffff,Gombak,3.3371424408963155,101.54302556262911,1671.6262975778548,1.7,0.06962102355051336,0.005740528128587829,1.0,0.037680775839550595,0.4886047242098513,0.028580933049958554,0.9714190669500414,2.39,0,3,3.2191442607629117
88650544adfffff,Gombak,3.2571530802532442,101.6664392817175,835.8131487889274,3.5,0.03481051177525668,0.011818734382386707,1.0,0.023314623078821692,1.5017287279885474,0.08784362104408551,0.9121563789559145,2.06,0,10,1.8703017400104998
886505712dfffff,Gombak,3.2621831188912274,101.60379047395605,0.0,0.0,0.0,0.0,1.0,0.0,0.296816193712186,0.01736226307338777,0.9826377369266123,4.49,0,1,0.0
8865055581fffff,Gombak,3.168407503625289,101.80244215862133,0.0,0.0,0.0,0.0,1.0,0.0,0.34961624117634904,0.02045080181817433,0.9795491981818256,3.92,0,1,0.0
88650571b9fffff,Gombak,3.2539052080765853,101.51285097679447,1671.6262975778548,1.0,0.06962102355051336,0.0033767812521104876,1.0,0.03649890240131193,0.6596072664663419,0.03858372665681359,0.9614162733431864,1.77,1,3,3.08606630645288
8865056339fffff,Gombak,3.310529783949274,101.48646178849621,0.0,0.0,0.0,0.0,1.0,0.0,0.3587551946230451,0.020985384894564165,0.9790146151054359,2.22,0,2,0.0
88650545a3fffff,Gombak,3.3101697107359596,101.68484144925752,0.0,0.0,0.0,0.0,1.0,0.0,0.037395566244964505,0.0021874536250975347,0.9978125463749025,7.83,0,0,0.0
8865054487fffff,Gombak,3.243135862131747,101.64712006741745,12537.19723183391,32.3,0.5221576766288502,0.10907003444316875,1.0,0.31561385553600946,4.056422907208367,0.23728045552716956,0.7627195444728304,0.28,6,10,21.17068524663073
8865057119fffff,Gombak,3.2260561248167483,101.56891599755724,2507.439446366782,11.0,0.10443153532577003,0.03714459377321536,1.0,0.0707880645494927,0.7177375954353458,0.041984060215032724,0.9580159397849672,0.92,1,1,5.964125216497211
8865057109fffff,Gombak,3.231989650461202,101.59200189538862,0.0,0.0,0.0,0.0,1.0,0.0,0.6447776883622082,0.03771627049449588,0.9622837295055041,1.84,1,2,0.0
8865057b55fffff,Gombak,3.3277875933848238,101.65941307069727,0.0,0.0,0.0,0.0,1.0,0.0,0.023298377066392276,0.0013628385525418169,0.9986371614474582,7.39,0,0,0.0
8865056311fffff,Gombak,3.295785653798146,101.47609167759049,835.8131487889274,2.2,0.03481051177525668,0.007428918754643073,1.0,0.02111971526494988,0.8167925737818987,0.04777828111407585,0.9522217188859241,0.55,1,3,1.7686427624907417
8865054e9dfffff,Gombak,3.3315556605293324,101.70935041439209,0.0,0.0,0.0,0.0,1.0,0.0,0.005735498672504797,0.00033549799141234065,0.9996645020085877,10.12,0,0,0.0
88650540d7fffff,Gombak,3.2618158922552767,101.80206355932599,0.0,0.0,0.0,0.0,1.0,0.0,0.01910911473142693,0.0011177876547675799,0.9988822123452324,8.03,0,0,0.0
886505440dfffff,Gombak,3.2293019185768883,101.72246338811672,21313.235294117647,55.0,0.8876680502690453,0.18572296886607684,1.0,0.5366955095675611,2.0219956807971453,0.11827663613696061,0.8817233638630394,1.02,2,11,41.6173372702483
8865054747fffff,Gombak,3.2161856941431086,101.78883771143278,1671.6262975778548,2.0,0.06962102355051336,0.006753562504220975,1.0,0.03818729302736717,0.28391420377735027,0.016607561179878442,0.9833924388201215,3.73,0,1,3.3026284521928106
8865057a35fffff,Gombak,3.3159267890256845,101.61323475460279,0.0,0.0,0.0,0.0,1.0,0.0,0.32316414776674285,0.01890348663002544,0.9810965133699746,2.28,0,2,0.0
8865054ea1fffff,Gombak,3.361031008652737,101.73009840886958,0.0,0.0,0.0,0.0,1.0,0.0,0.0005204542548911289,3.0443971328080552e-05,0.9999695560286719,13.41,0,0,0.0
8865054e83fffff,Gombak,3.338924402724032,101.71453720045638,0.0,0.0,0.0,0.0,1.0,0.0,0.003171495052626732,0.0001855166012035293,0.9998144833987964,10.9,0,0,0.0
8865054669fffff,Gombak,3.171279845298536,101.76667190409728,5850.692041522491,7.3,0.24367358242679674,0.02465050314040656,1.0,0.13416204278360164,2.9359504737656703,0.17173842120415353,0.8282615787958465,1.85,2,13,9.77262328139174
88650540d5fffff,Gombak,3.2610959707384106,101.81100789429017,0.0,0.0,0.0,0.0,1.0,0.0,0.012207850848745466,0.0007140982280843019,0.9992859017719157,8.62,0,0,0.0
8865054e3bfffff,Gombak,3.342688564894132,101.76446760467164,0.0,0.0,0.0,0.0,1.0,0.0,0.0007431351642364224,4.3469690986837396e-05,0.9999565303090132,12.4,0,0,0.0
8865057161fffff,Gombak,3.2460089159090257,101.6113216372214,0.0,0.0,0.0,0.0,1.0,0.0,0.5858568570895852,0.03426969650450009,0.9657303034954999,4.2,0,7,0.0
8865054eedfffff,Gombak,3.3434096084944565,101.75551953000074,0.0,0.0,0.0,0.0,1.0,0.0,0.0009120639156597651,5.335117820014973e-05,0.9999466488217998,12.1,0,0,0.0
88650578d9fffff,Gombak,3.3223991104694175,101.532653981006,835.8131487889274,3.6,0.03481051177525668,0.012156412507597756,1.0,0.023483462141427217,1.3227736420865044,0.07737564340144784,0.9226243565985521,0.72,2,3,1.9054651927368524
8865054e8dfffff,Gombak,3.3374830647896827,101.73243545612657,0.0,0.0,0.0,0.0,1.0,0.0,0.002389118258510759,0.00013975147110039516,0.9998602485288997,10.84,0,0,0.0
8865054587fffff,Gombak,3.2947129170077756,101.68341861318486,0.0,0.0,0.0,0.0,1.0,0.0,0.10426316274142854,0.006098873642101433,0.9939011263578985,6.3,0,0,0.0
886505631dfffff,Gombak,3.2950676452073706,101.48504734421874,0.0,0.6000000000000001,0.0,0.002026068751266293,1.0,0.0010130343756331464,0.8306300450318898,0.0485877039865548,0.9514122960134452,0.73,1,3,0.08476311767854877
8865056331fffff,Gombak,3.318620411103339,101.48269097937359,0.0,1.0,0.0,0.0033767812521104876,1.0,0.0016883906260552438,0.21723343055341607,0.01270706939008926,0.9872929306099107,2.99,0,1,0.14659965192648106
8865057169fffff,Gombak,3.2379223461262905,101.61508687100024,0.0,0.0,0.0,0.0,1.0,0.0,0.8527274876444885,0.04988029387894138,0.9501197061210587,3.77,0,8,0.0
8865054087fffff,Gombak,3.284633350134713,101.80867763502556,0.0,0.0,0.0,0.0,1.0,0.0,0.004279923565357994,0.00025035412639174483,0.9997496458736083,10.52,0,0,0.0
8865054507fffff,Gombak,3.2896745085500143,101.74605572343505,0.0,0.0,0.0,0.0,1.0,0.0,0.041321707816941194,0.002417113273998372,0.9975828867260016,6.21,0,0,0.0
88650544b7fffff,Gombak,3.2600277235692556,101.63064179190772,1671.6262975778548,2.4,0.06962102355051336,0.00810427500506517,1.0,0.03886264927778926,0.9655522832439607,0.05647998022994526,0.9435200197700547,2.43,0,6,3.2247607734272528
8865057163fffff,Gombak,3.246727040280711,101.60237126926921,0.0,0.0,0.0,0.0,1.0,0.0,0.4230532978134747,0.024746502402170825,0.9752534975978292,3.72,0,1,0.0
886505713dfffff,Gombak,3.2562503886149616,101.58070314042271,0.0,0.0,0.0,0.0,1.0,0.0,0.24337104756407274,0.014235989281469985,0.98576401071853,3.53,0,1,0.0
8865054709fffff,Gombak,3.2169046289443024,101.77989387162735,10029.757785467127,15.1,0.4177261413030801,0.050989396906868364,1.0,0.23435776910497425,0.4805922396601194,0.028112242771021832,0.9718877572289781,2.85,0,3,20.031314341660774
8865057a2bfffff,Gombak,3.3071181753624685,101.62595228288892,0.0,0.0,0.0,0.0,1.0,0.0,0.19507967519493796,0.0114111854836662,0.9885888145163338,3.15,0,1,0.0
8865057199fffff,Gombak,3.2310770982180195,101.50625152383572,0.0,0.0,0.0,0.0,1.0,0.0,0.1393181848322749,0.008149417138305921,0.991850582861694,4.27,0,2,0.0
8865056159fffff,Gombak,3.3274298967601443,101.46996322119354,0.0,1.6,0.0,0.0054028500033767805,1.0,0.0027014250016883902,0.09481088065858458,0.0055459624073278275,0.9944540375926721,4.08,0,1,0.23626076719161065
8865056309fffff,Gombak,3.293631455651711,101.50295778347646,0.0,0.0,0.0,0.0,1.0,0.0,0.6769474674819613,0.03959804170483466,0.9604019582951653,2.52,0,6,0.0
8865054495fffff,Gombak,3.2364861601653443,101.63298601586204,835.8131487889274,8.6,0.03481051177525668,0.029040318768150195,1.0,0.031925415271703436,2.0699424774731536,0.12108128397980139,0.8789187160201986,1.83,2,10,2.4677391280196
8865056353fffff,Gombak,3.2796064060346466,101.48363302636325,1671.6262975778548,1.4,0.06962102355051336,0.004727493752954682,1.0,0.03717425865173402,0.7085666582702532,0.04144760625105445,0.9585523937489455,1.45,1,3,3.1338063193655046
8865057a57fffff,Gombak,3.2769214059380265,101.6141609239737,0.0,0.0,0.0,0.0,1.0,0.0,0.31262998445363294,0.01828729075333552,0.9817127092466644,3.33,0,1,0.0
8865054729fffff,Gombak,3.239719404508788,101.7865060075795,0.0,0.0,0.0,0.0,1.0,0.0,0.12546351997327038,0.007338988525678033,0.992661011474322,5.03,0,0,0.0
886505633bfffff,Gombak,3.3112480719676527,101.47750574509453,835.8131487889274,2.5,0.03481051177525668,0.008441953130276219,1.0,0.02162623245276645,0.31608476100558813,0.01848937790567257,0.9815106220943274,2.16,0,1,1.8667658622404335
8865057191fffff,Gombak,3.239164435132534,101.5024823523281,0.0,0.0,0.0,0.0,1.0,0.0,0.23037601267049154,0.013475844723154577,0.9865241552768454,3.43,0,2,0.0
8865054667fffff,Gombak,3.1874450678653403,101.75915400026629,21313.235294117647,58.1,0.8876680502690453,0.19619099074761934,1.0,0.5419295205083323,3.0690504563507,0.17952410460573184,0.8204758953942681,1.48,1,13,39.10412883133681
8865054091fffff,Gombak,3.270621543138302,101.78936002180009,0.0,0.0,0.0,0.0,1.0,0.0,0.023012265503852134,0.0013461024568624253,0.9986538975431376,8.1,0,0,0.0
8865056153fffff,Gombak,3.3362398933710313,101.45723426048967,0.0,0.0,0.0,0.0,1.0,0.0,0.035464823773685206,0.002074514845396656,0.9979254851546033,5.5,0,0,0.0
88650540bbfffff,Gombak,3.286073960524635,101.79078721957107,0.0,0.0,0.0,0.0,1.0,0.0,0.009270573035029296,0.0005422821641305391,0.9994577178358695,9.45,0,0,0.0
886505781dfffff,Gombak,3.3416361533096692,101.58402871525827,0.0,1.0,0.0,0.0033767812521104876,1.0,0.0016883906260552438,0.2928663061969216,0.017131214405548545,0.9828687855944515,2.38,0,2,0.14594272620643367
8865054ebbfffff,Gombak,3.3477346628707623,101.7018245714782,0.0,0.0,0.0,0.0,1.0,0.0,0.0023564226702007633,0.00013783894268178812,0.9998621610573182,12.02,0,0,0.0
8865056addfffff,Gombak,3.3914517249874585,101.44874329302662,0.0,1.0,0.0,0.0033767812521104876,1.0,0.0016883906260552438,0.0009781521920676044,5.721701188903638e-05,0.999942782988111,11.57,0,0,0.1484779839777598
886505455dfffff,Gombak,3.2580482425144788,101.75215136549622,0.0,0.0,0.0,0.0,1.0,0.0,0.22900002223853,0.01339535616366127,0.9866046438363387,4.18,0,2,0.0
8865057ab3fffff,Gombak,3.314308801559991,101.53642299482334,2507.439446366782,21.5,0.10443153532577003,0.0726007969203755,1.0,0.08851616612307275,1.907736890002997,0.11159306823790319,0.8884069317620968,0.2,2,4,6.915896945691321
88650571d1fffff,Gombak,3.2222731122777017,101.51897309372328,4179.065743944637,7.0,0.1740525588762834,0.023637468764773413,1.0,0.0988450138205284,0.09445611906542307,0.005525210628148364,0.9944747893718516,5.35,0,0,8.644950759990573
8865056163fffff,Gombak,3.3650139624374793,101.4869346953839,0.0,0.0,0.0,0.0,1.0,0.0,0.01900519443053923,0.0011117088368294069,0.9988882911631706,7.64,0,0,0.0
8865057121fffff,Gombak,3.262901471840585,101.59483942724864,0.0,0.0,0.0,0.0,1.0,0.0,0.2461648916270422,0.014399415188259743,0.9856005848117403,4.38,0,2,0.0
8865057181fffff,Gombak,3.245099938034536,101.52557297995851,5014.878892733564,7.6,0.20886307065154006,0.025663537516039708,1.0,0.11726330408378988,0.2956850996467924,0.01729609972671015,0.9827039002732898,3.26,0,3,10.134417374854669
8865057b47fffff,Gombak,3.3344369548196173,101.67355033462302,0.0,0.0,0.0,0.0,1.0,0.0,0.010716599654105534,0.0006268674903471672,0.9993731325096529,9.13,0,0,0.0
88650571e9fffff,Gombak,3.242947246462442,101.55243031316878,2507.439446366782,2.0,0.10443153532577003,0.006753562504220975,1.0,0.0555925489149955,0.23504573251094024,0.013748999982424247,0.9862510000175757,3.41,0,2,4.82189804118333
8865055593fffff,Gombak,3.163197774504786,101.77043050693358,5014.878892733564,6.7,0.20886307065154006,0.022624434389140267,1.0,0.11574375252034017,2.682830244981192,0.15693215357303614,0.8430678464269639,1.84,1,12,8.58171454056429
8865057a53fffff,Gombak,3.269552227994118,101.60897562724688,0.0,0.0,0.0,0.0,1.0,0.0,0.30564916389685487,0.01787894765904862,0.9821210523409514,3.83,0,1,0.0
8865054ed5fffff,Gombak,3.322746337274701,101.72206189502607,0.0,0.0,0.0,0.0,1.0,0.0,0.007998943297545873,0.00046789818339821096,0.9995321018166018,9.1,0,0,0.0
88650544bbfffff,Gombak,3.2445725001597365,101.62922146148442,0.0,0.0,0.0,0.0,1.0,0.0,1.4981140567779327,0.08763218085378596,0.912367819146214,2.24,0,6,0.0
8865054095fffff,Gombak,3.2779875811194588,101.79454623253137,0.0,0.0,0.0,0.0,1.0,0.0,0.012126883457721777,0.0007093620405948745,0.9992906379594051,9.09,0,0,0.0
88650545ebfffff,Gombak,3.2851861018323625,101.70507890679256,0.0,0.0,0.0,0.0,1.0,0.0,0.1276762623744639,0.007468422891110313,0.9925315771088897,5.14,0,0,0.0
8865054517fffff,Gombak,3.283746845421105,101.72297485128938,0.0,1.4,0.0,0.004727493752954682,1.0,0.002363746876477341,0.10592323425360656,0.0061959795242118275,0.9938040204757882,4.78,0,1,0.2065930450376464
886505626dfffff,Gombak,3.255340167440621,101.4949433155934,0.0,0.0,0.0,0.0,1.0,0.0,0.544601413710403,0.03185645936874874,0.9681435406312513,2.19,0,3,0.0
886505632bfffff,Gombak,3.317183439548584,101.50060284685789,1671.6262975778548,2.2,0.06962102355051336,0.007428918754643073,1.0,0.03852497115257822,0.3134398587078101,0.018334664347348463,0.9816653356526516,3.67,0,3,3.3259809491768344
8865057ab5fffff,Gombak,3.32096122075115,101.55056293155029,1671.6262975778548,1.5,0.06962102355051336,0.005065171878165731,1.0,0.037343097714339545,0.8783278154125211,0.05137778503639667,0.9486222149636033,1.64,2,4,3.115427229478744
88650555a3fffff,Gombak,3.191935869110063,101.80011187488616,0.0,0.0,0.0,0.0,1.0,0.0,0.2517352403950547,0.014725252736107738,0.9852747472638923,5.01,0,0,0.0
886505713bfffff,Gombak,3.24959897969593,101.56656676848931,5850.692041522491,8.7,0.24367358242679674,0.029377996893361243,1.0,0.136525789660079,0.2673504211771022,0.0156386627265994,0.9843613372734006,3.0,0,2,11.819067808901677
88650544bdfffff,Gombak,3.251222326838419,101.64335596097624,3343.252595155709,15.8,0.1392420471010267,0.053353143783345706,1.0,0.0962975954421862,2.745203609112211,0.16058068347051557,0.8394193165294844,0.73,4,9,7.108997824578562
886505474bfffff,Gombak,3.200737481024881,101.7874108988685,0.0,0.0,0.0,0.0,1.0,0.0,0.470032235340059,0.027494535324645828,0.9725054646753541,3.41,0,3,0.0
8865054ee3fffff,Gombak,3.3448515234738867,101.73762244890598,0.0,0.0,0.0,0.0,1.0,0.0,0.001294151064975713,7.570136577049833e-05,0.9999242986342295,11.74,0,0,0.0
8865054713fffff,Gombak,3.2197798256567896,101.74411540027182,835.8131487889274,8.0,0.03481051177525668,0.0270142500168839,1.0,0.03091238089607029,1.9965771743326206,0.1167897806165451,0.8832102193834549,1.61,1,10,2.401101511460494
8865057a1dfffff,Gombak,3.2850095168138593,101.61039520965134,0.0,0.0,0.0,0.0,1.0,0.0,0.34847329649180225,0.020383945269536442,0.9796160547304635,2.35,0,1,0.0
8865054ec5fffff,Gombak,3.3286734491820344,101.74514555775448,0.0,0.6,0.0,0.0020260687512662925,1.0,0.0010130343756331462,0.003206307424543099,0.000187552950877923,0.9998124470491221,10.18,0,0,0.08907517851178255
886505634bfffff,Gombak,3.2774528760092227,101.51049710771673,1671.6262975778548,12.0,0.06962102355051336,0.04052137502532585,1.0,0.055071199287919606,1.3752855181078063,0.08044732555785686,0.9195526744421432,0.82,2,4,4.453640171593156
8865057acdfffff,Gombak,3.2790773178427703,101.58730665790205,0.0,0.0,0.0,0.0,1.0,0.0,0.30396340250598275,0.017780339047499406,0.9822196609525006,2.83,0,2,0.0
8865054509fffff,Gombak,3.2735009276457876,101.7535769415804,0.0,0.0,0.0,0.0,1.0,0.0,0.08867548352408847,0.005187072355620863,0.9948129276443791,5.3,0,0,0.0
88650578ddfffff,Gombak,3.3297707416536015,101.53783969948745,835.8131487889274,9.7,0.03481051177525668,0.03275477814547173,1.0,0.033782644960364205,0.8433784952848025,0.04933342457646202,0.9506665754235379,1.45,2,3,2.8244627619478084
8865054e99fffff,Gombak,3.324186982265829,101.70416377016316,0.0,0.0,0.0,0.0,1.0,0.0,0.01031985698798972,0.0006036600283303898,0.9993963399716697,9.39,0,0,0.0
886505606dfffff,Gombak,3.311966302076896,101.46854940416199,835.8131487889274,2.5,0.03481051177525668,0.008441953130276219,1.0,0.02162623245276645,0.23163979527587458,0.013549769685899394,0.9864502303141006,2.52,0,1,1.8761606581702415
8865057a67fffff,Gombak,3.305679362869367,101.64385449946813,0.0,0.0,0.0,0.0,1.0,0.0,0.10474023205324326,0.006126779811210249,0.9938732201887898,5.11,0,0,0.0
8865056333fffff,Gombak,3.3193388098124754,101.47373459873543,835.8131487889274,5.5,0.03481051177525668,0.01857229688660768,1.0,0.02669140433093218,0.1737293118708492,0.010162295993813478,0.9898377040061865,3.11,0,1,2.3235359498305526
886505610dfffff,Gombak,3.3576407021389993,101.48174870616678,0.0,0.0,0.0,0.0,1.0,0.0,0.024095401427804475,0.0014094604920851692,0.9985905395079149,7.31,0,0,0.0
886505472dfffff,Gombak,3.24708483512328,101.79169171778335,0.0,0.0,0.0,0.0,1.0,0.0,0.06729381069353518,0.003936351416206254,0.9960636485837937,6.03,0,0,0.0
8865054503fffff,Gombak,3.28230736466701,101.74086955947355,0.0,0.0,0.0,0.0,1.0,0.0,0.07735481674306767,0.004524869959046651,0.9954751300409533,5.22,0,0,0.0
88650555a7fffff,Gombak,3.1993000342049673,101.80529689542944,0.0,0.0,0.0,0.0,1.0,0.0,0.15359640997712742,0.008984621909600756,0.9910153780903992,5.4,0,0,0.0
8865057ac5fffff,Gombak,3.2871657702496133,101.58353992550936,0.0,1.2,0.0,0.004052137502532585,1.0,0.0020260687512662925,0.405891788122783,0.023742639903094345,0.9762573600969057,2.31,0,3,0.17395322268837682
88650540e7fffff,Gombak,3.290558159175426,101.83175337908195,0.0,0.0,0.0,0.0,1.0,0.0,0.0009587064402475508,5.607953264797124e-05,0.999943920467352,12.6,0,0,0.0
886505781bfffff,Gombak,3.334984498692432,101.5698887622891,1671.6262975778548,1.0,0.06962102355051336,0.0033767812521104876,1.0,0.03649890240131193,0.45674274270911774,0.026717166461159937,0.97328283353884,1.9,1,4,3.124156978109558
8865057139fffff,Gombak,3.24888107867156,101.57551834718683,0.0,0.0,0.0,0.0,1.0,0.0,0.301079533673579,0.017611647141875516,0.9823883528581245,2.69,0,1,0.0
886505711dfffff,Gombak,3.233425052783117,101.57410039569585,1671.6262975778548,43.0,0.06962102355051336,0.145201593840751,1.0,0.10741130869563217,0.6710470309913183,0.039252895675849137,0.9607471043241509,1.03,1,1,9.075552465763138
8865057b5bfffff,Gombak,3.313048707068512,101.6490405470905,0.0,0.0,0.0,0.0,1.0,0.0,0.06549512446963897,0.00383113726661694,0.996168862733383,5.8,0,0,0.0
8865057131fffff,Gombak,3.2569684593029486,101.57175152486438,0.0,0.0,0.0,0.0,1.0,0.0,0.23676884243370933,0.013849793296324402,0.9861502067036756,3.64,0,2,0.0
8865054717fffff,Gombak,3.2271455755607836,101.74930059436376,835.8131487889274,3.6,0.03481051177525668,0.012156412507597756,1.0,0.023483462141427217,1.227347523731488,0.07179369266543578,0.9282063073345642,2.1,0,7,1.9169934086992573
8865054765fffff,Gombak,3.2382805493624898,101.80439418290848,0.0,0.0,0.0,0.0,1.0,0.0,0.04849642618038158,0.002836798420369831,0.9971632015796301,6.41,0,0,0.0
8865057a05fffff,Gombak,3.299029348575112,101.62971767398032,2507.439446366782,2.6,0.10443153532577003,0.008779631255487268,1.0,0.05660558329062865,0.19412196262166875,0.011355164087266532,0.9886448359127334,3.54,0,1,4.921682023572069
886505785dfffff,Gombak,3.3247359245218235,101.60051601095896,0.0,0.7,0.0,0.002363746876477341,1.0,0.0011818734382386706,0.41553004449143544,0.02430642970360491,0.9756935702963951,2.4,0,2,0.10141411262085752
8865056355fffff,Gombak,3.286260002292284,101.497772828335,1671.6262975778548,1.4,0.06962102355051336,0.004727493752954682,1.0,0.03717425865173402,0.835378390496884,0.04886545845168516,0.9511345415483148,1.93,1,4,3.1095550502079172
88650540a9fffff,Gombak,3.291278778265763,101.82280892473104,0.0,0.0,0.0,0.0,1.0,0.0,0.001480307517299925,8.659058733768684e-05,0.9999134094126623,12.03,0,0,0.0
88650540cbfffff,Gombak,3.2522909236116417,101.82370954344391,0.0,0.0,0.0,0.0,1.0,0.0,0.00866683586157229,0.0005069665585308379,0.9994930334414691,9.06,0,0,0.0
88650544b5fffff,Gombak,3.259309146502075,101.63959162243025,0.0,1.2,0.0,0.004052137502532585,1.0,0.0020260687512662925,1.497869495951751,0.08761787526840496,0.9123821247315951,1.58,2,6,0.16257169206342828
8865054559fffff,Gombak,3.2506818799977784,101.74696567058584,835.8131487889274,4.800000000000001,0.03481051177525668,0.016208550010130343,1.0,0.025509530892693512,0.41824853864037426,0.024465448017218585,0.9755345519827814,3.32,0,2,2.188563277754871
8865054e17fffff,Gombak,3.3353206279002316,101.7592805163918,0.0,0.0,0.0,0.0,1.0,0.0,0.0014070229103521742,8.2303804298179e-05,0.9999176961957018,11.42,0,0,0.0
8865057197fffff,Gombak,3.247252125008155,101.49871294957687,0.0,0.0,0.0,0.0,1.0,0.0,0.372069447956042,0.021764202135301967,0.978235797864698,2.71,0,2,0.0
8865054ecbfffff,Gombak,3.313937542683354,101.73477215047804,0.0,0.0,0.0,0.0,1.0,0.0,0.011045966975380999,0.0006461338316078694,0.9993538661683922,8.31,0,0,0.0
88650578c1fffff,Gombak,3.3364231849844477,101.55198026375804,0.0,0.0,0.0,0.0,1.0,0.0,0.4420145634535052,0.02585564162442574,0.9741443583755742,2.81,0,3,0.0
8865057153fffff,Gombak,3.217969933678723,101.57268257078931,2507.439446366782,6.1,0.10443153532577003,0.020598365637873973,1.0,0.062514950481822,0.8349364825829761,0.04883960904852584,0.9511603909514742,0.9,1,1,5.2293971731431945
8865054551fffff,Gombak,3.2587676590532406,101.74320519202358,1671.6262975778548,1.8,0.06962102355051336,0.006078206253798878,1.0,0.03784961490215612,0.3078240828307566,0.018006169540784326,0.9819938304592156,3.37,0,2,3.268768799760926
8865057337fffff,Gombak,3.2084494913766872,101.59434898313452,8358.131487889274,7.6,0.3481051177525668,0.025663537516039708,1.0,0.18688432763430327,1.3074224771723673,0.07647767701899144,0.9235223229810086,2.63,0,7,15.178688886315259
88650545b1fffff,Gombak,3.303520716832027,101.67070553288445,0.0,0.0,0.0,0.0,1.0,0.0,0.07474045947763697,0.0043719431323714026,0.9956280568676286,6.48,0,0,0.0
8865057a3bfffff,Gombak,3.3011867970549647,101.60286308515063,3343.252595155709,6.8,0.1392420471010267,0.022962112514351315,1.0,0.081102079807689,0.8456354300047891,0.04946544397155563,0.9505345560284444,0.55,1,2,6.77975314245977
8865054e3dfffff,Gombak,3.3493352887447805,101.77860262858181,0.0,0.0,0.0,0.0,1.0,0.0,0.0003100614256592914,1.8137042908199196e-05,0.9999818629570918,13.76,0,0,0.0
886505442dfffff,Gombak,3.252120312195383,101.72907307774231,835.8131487889274,15.3,0.03481051177525668,0.051664753157290466,1.0,0.04323763246627357,0.726785467046007,0.042513315459478264,0.9574866845405218,1.7,1,2,3.64089897159069
88650571d7fffff,Gombak,3.2303599832708687,101.51520449112606,0.0,0.0,0.0,0.0,1.0,0.0,0.1391087495456317,0.00813716622133919,0.9918628337786608,4.39,0,2,0.0
8865057b51fffff,Gombak,3.320418117381743,101.65422673752657,0.0,0.0,0.0,0.0,1.0,0.0,0.03955866939832884,0.0023139843427577834,0.9976860156572422,6.57,0,0,0.0
8865054759fffff,Gombak,3.1940914398813995,101.77328250378588,21313.235294117647,43.7,0.8876680502690453,0.14756534071722832,1.0,0.5176166954931368,1.2810792792721042,0.07493673167359634,0.9250632683264036,2.2,0,7,42.11081940115103
88650540ebfffff,Gombak,3.275106612456834,101.83032443806403,0.0,0.0,0.0,0.0,1.0,0.0,0.0021727133633319164,0.00012709286688654522,0.9998729071331135,11.24,0,0,0.0
8865054545fffff,Gombak,3.272061346537517,101.77146910437199,0.0,0.0,0.0,0.0,1.0,0.0,0.047494599499413453,0.0027781965692667407,0.9972218034307333,6.81,0,0,0.0
8865057abbfffff,Gombak,3.3062188430789154,101.54019177708714,835.8131487889274,9.2,0.03481051177525668,0.031066387519416486,1.0,0.03293844964733658,1.2015384890159178,0.0702839931952093,0.9297160068047907,1.17,2,4,2.6931927807063887
8865054737fffff,Gombak,3.2499625811187296,101.75591150199799,0.0,0.0,0.0,0.0,1.0,0.0,0.30532131871953005,0.0178597703555974,0.9821402296444026,3.96,0,3,0.0
8865057a21fffff,Gombak,3.3144878625827023,101.63113826045159,0.0,0.0,0.0,0.0,1.0,0.0,0.12436212329684225,0.007274562327750157,0.9927254376722499,3.93,0,1,0.0
8865054083fffff,Gombak,3.2772674222172347,101.8034912536215,0.0,0.0,0.0,0.0,1.0,0.0,0.008142970712430492,0.00047632306694560776,0.9995236769330544,9.52,0,0,0.0
886505602dfffff,Gombak,3.3288667400995973,101.4520488943649,0.0,0.0,0.0,0.0,1.0,0.0,0.04288318217408043,0.0025084517155838366,0.9974915482844162,5.1,0,0,0.0
8865054769fffff,Gombak,3.2228314174034574,101.80296661979968,0.0,0.0,0.0,0.0,1.0,0.0,0.09392909868833328,0.005494382571506206,0.9945056174284937,5.46,0,0,0.0
8865057a27fffff,Gombak,3.322577279625765,101.62737274512085,0.0,0.0,0.0,0.0,1.0,0.0,0.11690825573600463,0.00683854834924417,0.9931614516507559,3.98,0,1,0.0
88650555b7fffff,Gombak,3.1933729698772217,101.78222593932401,4179.065743944637,4.6,0.1740525588762834,0.015533193759708243,1.0,0.09479287631799582,0.755463661726141,0.044190846440113146,0.9558091535598868,3.1,0,5,7.968211742358563
8865054535fffff,Gombak,3.3058495101399585,101.7385335742145,0.0,1.2,0.0,0.004052137502532585,1.0,0.0020260687512662925,0.017386957891842598,0.0010170500914677455,0.9989829499085322,7.54,0,0,0.17800255409094282
8865054543fffff,Gombak,3.2654146709591108,101.7573372014729,0.0,0.0,0.0,0.0,1.0,0.0,0.12338354935568097,0.007217320645648138,0.9927826793543518,5.08,0,0,0.0
8865057a83fffff,Gombak,3.297410656103811,101.55291393820274,2507.439446366782,36.5,0.10443153532577003,0.1232525157020328,1.0,0.11384202551390141,0.7155574894443072,0.04185653491639291,0.9581434650836071,2.09,0,4,9.592838560007309
88650571b7fffff,Gombak,3.2700819017411393,101.5053123651729,835.8131487889274,1.9,0.03481051177525668,0.006415884379009927,1.0,0.020613198077133302,1.8141707437058314,0.1061199165663009,0.8938800834336991,0.19,2,4,1.6204611257566317
8865055597fffff,Gombak,3.1705618394436113,101.77561493516362,2507.439446366782,2.8,0.10443153532577003,0.009454987505909365,1.0,0.0569432614158397,1.7431656348847453,0.1019664727683468,0.8980335272316532,2.65,0,12,4.497269030012429
8865056131fffff,Gombak,3.3752645586635186,101.45628884155037,0.0,0.7,0.0,0.002363746876477341,1.0,0.0011818734382386706,0.0034345891531869007,0.0002009062904581909,0.9997990937095418,9.61,0,0,0.10391965364380691
88650544b3fffff,Gombak,3.252659195137875,101.62545667509572,0.0,0.0,0.0,0.0,1.0,0.0,0.9791800610654534,0.05727713708544981,0.9427228629145502,2.68,0,6,0.0
8865057aa3fffff,Gombak,3.3202421891554916,101.55951695552423,2507.439446366782,3.9,0.10443153532577003,0.013169446883230903,1.0,0.05880049110450047,0.6848368954496133,0.04005953378907634,0.9599404662109237,2.19,0,5,4.964085266231774
8865054601fffff,Gombak,3.1734335437806065,101.73984094703029,21313.235294117647,100.7,0.8876680502690453,0.3400418720875261,1.0,0.6138549611782858,9.148451375371103,0.5351386577219895,0.46486134227801046,1.28,5,71,25.095923487399197
8865057893fffff,Gombak,3.3481104615940445,101.50343337128388,0.0,0.0,0.0,0.0,1.0,0.0,0.09214814521413717,0.005390205699099977,0.9946097943009,5.02,0,0,0.0
8865054ebdfffff,Gombak,3.354383006733599,101.71596154096697,0.0,0.0,0.0,0.0,1.0,0.0,0.001112376216356741,6.506844610942306e-05,0.9999349315538906,12.61,0,0,0.0
8865057185fffff,Gombak,3.252470023348154,101.53075744159571,0.0,0.8,0.0,0.0027014250016883902,1.0,0.0013507125008441951,0.37885136164370337,0.022160910172399042,0.9778390898276009,3.05,0,3,0.11615670750951437
8865054589fffff,Gombak,3.2785377040971606,101.69094461309392,0.0,0.6,0.0,0.0020260687512662925,1.0,0.0010130343756331462,0.24576074015085442,0.014375774347902244,0.9856242256520977,5.07,0,0,0.08781112308075174
8865057819fffff,Gombak,3.3342650684316237,101.57884255884692,4179.065743944637,8.5,0.1740525588762834,0.028702640642939148,1.0,0.10137759975961128,0.507912732276496,0.02971035497025055,0.9702896450297495,1.5,1,2,8.65082209303415
8865057aa9fffff,Gombak,3.3114332402418687,101.57223833758766,1671.6262975778548,3.0,0.06962102355051336,0.010130343756331463,1.0,0.03987568365342241,0.7454645145214636,0.043605946330365485,0.9563940536696345,1.3,1,5,3.353968571753639
88650542b3fffff,Gombak,3.237561039866705,101.81333780154279,0.0,0.0,0.0,0.0,1.0,0.0,0.029093531079652374,0.0017018260830759025,0.9982981739169241,7.21,0,0,0.0
8865057157fffff,Gombak,3.2253386208319905,101.57786686180599,1671.6262975778548,6.2,0.06962102355051336,0.020936043763085024,1.0,0.045278533656799194,1.1862567891566371,0.06939009017109513,0.9306099098289049,0.11,1,1,3.7057319872098047
8865054417fffff,Gombak,3.2321762756690027,101.68667612309092,3343.252595155709,148.9,0.1392420471010267,0.5028027284392517,1.0,0.3210223877701392,2.971345663397786,0.1738088628004808,0.8261911371995192,0.48,2,17,23.325439318134627
88650540b7fffff,Gombak,3.301527273694195,101.79221454446947,0.0,0.0,0.0,0.0,1.0,0.0,0.0036086159708447873,0.0002110859890528389,0.9997889140109472,10.58,0,0,0.0
88650555bdfffff,Gombak,3.184571771513147,101.79492699456166,0.0,0.0,0.0,0.0,1.0,0.0,0.406502874761369,0.023778385415652362,0.9762216145843476,4.8,0,2,0.0
88650571e5fffff,Gombak,3.2584044321964543,101.55384738849722,4179.065743944637,17.1,0.1740525588762834,0.05774295941108935,1.0,0.11589775914368637,0.286311204013548,0.01674777370725891,0.9832522262927411,3.17,0,2,10.02198981471938
88650544e7fffff,Gombak,3.249066607043918,101.67020259927943,5850.692041522491,43.5,0.24367358242679674,0.1468899844668062,1.0,0.19528178344680147,1.9480815841460797,0.11395303109763448,0.8860469689023656,2.06,0,10,15.217119687199464
8865057a91fffff,Gombak,3.2907583887083574,101.5387750741649,4179.065743944637,4.4,0.1740525588762834,0.014857837509286147,1.0,0.09445519819278478,1.0528682383784447,0.06158752697323063,0.9384124730267693,0.83,1,5,7.795314023063734
8865057a37fffff,Gombak,3.3166461661963216,101.60428254552838,0.0,0.0,0.0,0.0,1.0,0.0,0.49350168752999823,0.028867380916437042,0.971132619083563,1.76,1,2,0.0
8865057113fffff,Gombak,3.2348602328853593,101.55619768816885,4179.065743944637,5.1,0.1740525588762834,0.017221584385763485,1.0,0.09563707163102345,0.2900952379878347,0.016969120772318002,0.983030879227682,2.58,0,1,8.26813215261579
886505446dfffff,Gombak,3.2352304009821817,101.74554047193672,0.0,1.0,0.0,0.0033767812521104876,1.0,0.0016883906260552438,0.9617020406118693,0.056254760289487546,0.9437452397105125,2.03,0,6,0.14013340859573023
8865057105fffff,Gombak,3.247445108904597,101.59342059799839,0.0,0.0,0.0,0.0,1.0,0.0,0.3526693615740786,0.020629394094010562,0.9793706059059895,3.11,0,1,0.0
886505473bfffff,Gombak,3.234511392723816,101.75448592954251,0.0,0.7,0.0,0.002363746876477341,1.0,0.0011818734382386706,0.7117675433070976,0.04163484201936718,0.9583651579806328,2.87,0,6,0.09961298815757184
8865057107fffff,Gombak,3.2481631217213294,101.58446962383042,0.0,0.0,0.0,0.0,1.0,0.0,0.32590967039571644,0.019064085974562554,0.9809359140254374,2.73,0,1,0.0
8865055583fffff,Gombak,3.1691256685477516,101.79350006284503,0.0,0.0,0.0,0.0,1.0,0.0,0.6044447129359555,0.03535699312109854,0.9646430068789015,3.47,0,4,0.0
886505443bfffff,Gombak,3.239543297710554,101.69186122995325,1671.6262975778548,29.3,0.06962102355051336,0.09893969068683729,1.0,0.08428035711867532,1.9179837579345975,0.11219245877142381,0.8878075412285762,1.31,2,13,6.580504287377826
8865054ed3fffff,Gombak,3.3160982472978606,101.70792645157083,0.0,0.0,0.0,0.0,1.0,0.0,0.01634621864501294,0.0009561720498478954,0.9990438279501521,8.44,0,0,0.0
886505450bfffff,Gombak,3.274220634691739,101.74463039422321,0.0,0.0,0.0,0.0,1.0,0.0,0.1155407272509647,0.006758554771330971,0.9932414452286691,4.69,0,1,0.0
886505606bfffff,Gombak,3.3053118686468763,101.45440775744565,1671.6262975778548,1.0,0.06962102355051336,0.0033767812521104876,1.0,0.03649890240131193,0.14754474810262133,0.008630629951876747,0.9913693700481232,3.13,0,1,3.182213256611726
88650540c1fffff,Gombak,3.259655962405574,101.82889562425548,0.0,0.0,0.0,0.0,1.0,0.0,0.0046841878867400575,0.0002740015676288157,0.9997259984323712,10.01,0,0,0.0
8865057ad5fffff,Gombak,3.281232720271576,101.56044966783244,0.0,0.0,0.0,0.0,1.0,0.0,0.448137740210496,0.02621381684515785,0.9737861831548421,2.26,0,5,0.0
8865054663fffff,Gombak,3.180080348159539,101.75396938445388,21313.235294117647,95.6,0.8876680502690453,0.32282028770176263,1.0,0.605244168985404,4.710396921034658,0.27553466507417795,0.7244653349258221,0.48,1,29,38.56223556712182
8865054ec7fffff,Gombak,3.3293940877835952,101.73619723617432,0.0,0.0,0.0,0.0,1.0,0.0,0.00378395013439345,0.00022134216084458472,0.9997786578391554,10.02,0,0,0.0
88650545a5fffff,Gombak,3.3168183683577506,101.69897726784882,2507.439446366782,2.0,0.10443153532577003,0.006753562504220975,1.0,0.0555925489149955,0.018480957575496282,0.0010810436023077116,0.9989189563976922,8.71,0,0,4.883833181481277
8865054e33fffff,Gombak,3.3507777818953333,101.76070672778941,0.0,0.0,0.0,0.0,1.0,0.0,0.00048376483289823364,2.8297823610584796e-05,0.9999717021763894,13.07,0,0,0.0
8865054e51fffff,Gombak,3.310335233795617,101.77950878256642,0.0,0.0,0.0,0.0,1.0,0.0,0.0035688020595538517,0.000208757074335726,0.9997912429256642,10.25,0,0,0.0
8865054595fffff,Gombak,3.288063939718378,101.66928332231856,0.0,0.0,0.0,0.0,1.0,0.0,0.2104213767973896,0.012308598309711222,0.9876914016902888,4.84,0,2,0.0
886505789dfffff,Gombak,3.346672135717911,101.52134555034574,0.0,0.0,0.0,0.0,1.0,0.0,0.194937629265397,0.011402876507102795,0.9885971234928972,3.7,0,2,0.0
8865056ad9fffff,Gombak,3.384077246210629,101.44355710624335,0.0,0.0,0.0,0.0,1.0,0.0,0.0012432493904978663,7.272387235240914e-05,0.9999272761276476,10.99,0,0,0.0
8865054665fffff,Gombak,3.186726823983493,101.76809771579077,6686.505190311419,8.1,0.27848409420205344,0.02735192814209495,1.0,0.1529180111720742,1.959408335697004,0.11461558942282055,0.8853844105771794,2.2,0,11,11.907058612180883
88650571b3fffff,Gombak,3.2627109987435547,101.5001277677722,0.0,0.0,0.0,0.0,1.0,0.0,1.0166821140214308,0.059470819650644255,0.9405291803493557,1.19,2,3,0.0
8865054493fffff,Gombak,3.2298361313539994,101.61885187286174,0.0,0.4,0.0,0.0013507125008441951,1.0,0.0006753562504220976,1.2287167915392292,0.07187378798502934,0.9281262120149707,3.52,0,12,0.055125677661313224
8865054e31fffff,Gombak,3.350056564061204,101.76965483388715,0.0,0.0,0.0,0.0,1.0,0.0,0.0003914443421287523,2.2897536558328205e-05,0.9999771024634416,13.38,0,0,0.0
8865056143fffff,Gombak,3.3421755983414476,101.48033425936745,0.0,0.0,0.0,0.0,1.0,0.0,0.05444055828682474,0.0031845004243754153,0.9968154995756245,5.59,0,0,0.0
88650578dbfffff,Gombak,3.323117968472842,101.52369905528029,4179.065743944637,43.1,0.1740525588762834,0.14553927196596203,1.0,0.1597959154211227,0.8092517375157724,0.0473371799012061,0.9526628200987939,1.53,2,3,13.388097601138137
8865054705fffff,Gombak,3.2323540397602475,101.78132043785965,0.0,0.0,0.0,0.0,1.0,0.0,0.23275634466052406,0.013615082241485601,0.9863849177585144,4.04,0,1,0.0
88650571ddfffff,Gombak,3.2215560543473845,101.52792542402605,15044.636678200692,20.4,0.6265892119546201,0.06888633754305394,1.0,0.34773777474883705,0.10662489239494731,0.006237023016769229,0.9937629769832308,5.47,0,0,30.39125699909352
886505471dfffff,Gombak,3.2183423359178343,101.76200525753691,12537.19723183391,14.4,0.5221576766288502,0.04862565003039102,1.0,0.28539166332962057,1.1933879820711109,0.06980722929635536,0.9301927707036446,1.55,1,6,23.34684618771155
8865054723fffff,Gombak,3.248523818097776,101.77380223270302,0.0,0.0,0.0,0.0,1.0,0.0,0.15243861691428967,0.008916896805083632,0.9910831031949163,5.15,0,0,0.0
8865054755fffff,Gombak,3.209539637183209,101.77470869272874,10865.570934256057,13.0,0.45253665307833685,0.04389815627743634,1.0,0.24821740467788658,0.8444669627943826,0.049397094482782865,0.9506029055172172,2.02,0,5,20.751301830958823
886505615bfffff,Gombak,3.3281483476299423,101.46100620616913,0.0,0.0,0.0,0.0,1.0,0.0,0.06616690022692893,0.0038704327891371923,0.9961295672108628,4.51,0,1,0.0
8865057b69fffff,Gombak,3.341085978440564,101.68768750212344,0.0,0.0,0.0,0.0,1.0,0.0,0.005002142970688931,0.0002926003500739354,0.999707399649926,10.86,0,0,0.0
88650578cbfffff,Gombak,3.329051655825275,101.54679436290799,835.8131487889274,4.1,0.03481051177525668,0.013844803133653,1.0,0.02432765745445484,0.7382112460726499,0.04318166639679717,0.9568183336032028,1.81,2,3,2.047122161720085
8865056ac1fffff,Gombak,3.3981066558293773,101.46288878335118,0.0,0.0,0.0,0.0,1.0,0.0,0.0010956239728506872,6.40885236355718e-05,0.9999359114763644,11.94,0,0,0.0
8865054ee7fffff,Gombak,3.3522200448769124,101.74280958306586,0.0,0.0,0.0,0.0,1.0,0.0,0.0006976170579442873,4.080710938654639e-05,0.9999591928906134,12.66,0,0,0.0
8865057a8dfffff,Gombak,3.2959733258561204,101.57082025539098,0.0,2.0,0.0,0.006753562504220975,1.0,0.0033767812521104876,0.4865334610478766,0.028459774512539626,0.9715402254874603,2.91,0,5,0.28852117638693214
88650545e5fffff,Gombak,3.2999218379528923,101.71545111663427,0.0,0.0,0.0,0.0,1.0,0.0,0.041422643330669216,0.0024230174968134276,0.9975769825031866,6.56,0,0,0.0
8865057103fffff,Gombak,3.2407940518926166,101.57928493781321,0.0,0.0,0.0,0.0,1.0,0.0,0.46159195746424925,0.02700082127535645,0.9729991787246436,1.81,1,1,0.0
8865054719fffff,Gombak,3.2109769986164487,101.75682014110852,835.8131487889274,14.2,0.03481051177525668,0.04795029377996892,1.0,0.041380402777612804,2.1394282773928754,0.12514585580448032,0.8748541441955197,0.63,1,8,3.1837895031204098
8865057a07fffff,Gombak,3.2997485550447876,101.6207664485153,1671.6262975778548,4.5,0.06962102355051336,0.015195515634497196,1.0,0.04240826959250528,0.28027327470786384,0.016394585036139914,0.9836054149638601,2.54,0,1,3.6684739762568044
8865057135fffff,Gombak,3.2643380091457948,101.57693642527748,3343.252595155709,3.0,0.1392420471010267,0.010130343756331463,1.0,0.07468619542867908,0.22378636996674192,0.013090383577146243,0.9869096164228538,4.41,0,3,6.482338371458333
8865057ae9fffff,Gombak,3.294535767214178,101.58872536490604,2507.439446366782,5.0,0.10443153532577003,0.016883906260552438,1.0,0.06065772079316123,0.6223158783259017,0.03640236692987779,0.9635976330701223,1.33,1,2,5.140386706844753
8865056357fffff,Gombak,3.2869779571020223,101.48881779696106,1671.6262975778548,1.8,0.06962102355051336,0.006078206253798878,1.0,0.03784961490215612,0.816307029586647,0.04774987920666547,0.9522501207933345,1.2,1,3,3.169760733590578
8865057a43fffff,Gombak,3.2754838490857803,101.63206224906811,0.0,0.0,0.0,0.0,1.0,0.0,0.45886422669085636,0.02684126266540087,0.9731587373345991,3.51,0,5,0.0
8865054725fffff,Gombak,3.255170023733761,101.7879329511413,0.0,0.0,0.0,0.0,1.0,0.0,0.0549682300903408,0.0032153665862059873,0.996784633413794,6.52,0,0,0.0
886505716bfffff,Gombak,3.2386403559263246,101.6061368425044,0.0,0.0,0.0,0.0,1.0,0.0,0.6052582752174356,0.035404582446266354,0.9645954175537337,3.58,0,6,0.0
8865054749fffff,Gombak,3.200018784465756,101.79635405333678,0.0,0.0,0.0,0.0,1.0,0.0,0.269438195803042,0.015760787102093072,0.984239212897907,4.41,0,1,0.0
8865054081fffff,Gombak,3.276547207766258,101.81243596185335,0.0,0.0,0.0,0.0,1.0,0.0,0.0053486242108779485,0.00031286777001123374,0.9996871322299887,10.03,0,0,0.0
8865056321fffff,Gombak,3.3245555104703546,101.50578830503373,835.8131487889274,2.2,0.03481051177525668,0.007428918754643073,1.0,0.02111971526494988,0.2977915781861902,0.017419318187610344,0.9825806818123897,3.46,0,3,1.825031058400899
8865056335fffff,Gombak,3.3259928200582793,101.48787635921087,0.0,0.0,0.0,0.0,1.0,0.0,0.1591322810911228,0.009308442687097674,0.9906915573129024,3.91,0,1,0.0
8865056365fffff,Gombak,3.3150275477681745,101.52746840726375,835.8131487889274,1.7999999999999998,0.03481051177525668,0.006078206253798878,1.0,0.02044435901452778,1.2108590236702177,0.07082919786422914,0.9291708021357709,0.97,2,3,1.6706406045254298
8865057a4bfffff,Gombak,3.2673963207191044,101.63582705179054,1671.6262975778548,1.0,0.06962102355051336,0.0033767812521104876,1.0,0.03649890240131193,0.8091174433004835,0.04732932436116323,0.9526706756388368,2.54,0,6,3.0579936649202666
8865054ea7fffff,Gombak,3.3691212793143643,101.72633603968298,0.0,0.0,0.0,0.0,1.0,0.0,0.0003330434793290271,1.948137812384308e-05,0.9999805186218762,14.27,0,0,0.0
8865057a49fffff,Gombak,3.266677572689671,101.64477691732682,1671.6262975778548,1.0,0.06962102355051336,0.0033767812521104876,1.0,0.03649890240131193,1.0694013950164318,0.06255463396086557,0.9374453660391344,2.02,0,6,3.00912168691893
8865054647fffff,Gombak,3.1646333887862292,101.75254419657573,9193.9446366782,45.6,0.3829156295278234,0.15398122509623824,1.0,0.2684484273120308,7.358423879655329,0.4304310004324042,0.5695689995675959,0.52,7,61,13.44686940687673
8865056133fffff,Gombak,3.375983726898923,101.44733010174429,0.0,0.0,0.0,0.0,1.0,0.0,0.002332497422480396,0.00013643943533071755,0.9998635605646693,10.0,0,0,0.0
8865057857fffff,Gombak,3.3335455801738525,101.58779605303683,3343.252595155709,5.2,0.1392420471010267,0.017559262510974536,1.0,0.07840065480600061,0.45233439318886726,0.02645930005861369,0.9735406999413863,1.71,1,2,6.712553836776687
886505456bfffff,Gombak,3.280147723936789,101.7677092963083,0.0,0.0,0.0,0.0,1.0,0.0,0.03481591099950238,0.00203655669305956,0.9979634433069404,6.97,0,0,0.0
8865057a87fffff,Gombak,3.3047814022132553,101.55809937388005,4179.065743944637,9.4,0.1740525588762834,0.031741743769838585,1.0,0.10289715132306099,0.6699807115374687,0.03919052132003498,0.960809478679965,2.7,0,5,8.694700164953947
8865057a15fffff,Gombak,3.2930979806542306,101.60662926337326,0.0,0.0,0.0,0.0,1.0,0.0,0.5211867944909228,0.03048682123153167,0.9695131787684683,1.39,1,2,0.0
886505458bfffff,Gombak,3.279257019630089,101.68199590399875,0.0,0.0,0.0,0.0,1.0,0.0,0.2840295020715945,0.016614305553531186,0.9833856944464688,4.91,0,1,0.0
8865057849fffff,Gombak,3.3232968854871405,101.61842080447778,0.0,0.0,0.0,0.0,1.0,0.0,0.18563870138386634,0.010858935726243144,0.9891410642737568,3.27,0,2,0.0
8865057ae5fffff,Gombak,3.309995114525618,101.59014419857579,1671.6262975778548,16.1,0.06962102355051336,0.05436617815897886,1.0,0.06199360085474611,0.8269845909163285,0.048374463150248834,0.9516255368497512,1.23,2,2,5.188322101597869
8865056301fffff,Gombak,3.30172127172053,101.49918777436616,0.0,1.0,0.0,0.0033767812521104876,1.0,0.0016883906260552438,0.5161217443512776,0.030190541126647322,0.9698094588733527,2.47,0,6,0.14400359275135607
8865057a63fffff,Gombak,3.2983100852085054,101.63866859473858,1671.6262975778548,2.4,0.06962102355051336,0.00810427500506517,1.0,0.03886264927778926,0.15966043729037804,0.00933933718365672,0.9906606628163432,4.54,0,1,3.385877965796796
88650555b3fffff,Gombak,3.186008526591316,101.77704112029453,0.0,0.0,0.0,0.0,1.0,0.0,1.1873192325392203,0.06945223779612288,0.9305477622038771,3.08,0,9,0.0
886505632dfffff,Gombak,3.3238367684930115,101.51474382981536,835.8131487889274,2.7,0.03481051177525668,0.009117309380698317,1.0,0.0219639105779775,0.4756446340804852,0.027822832585604973,0.9721771674143951,2.48,0,2,1.8778853048947692
886505409dfffff,Gombak,3.269901558228692,101.79830501245324,0.0,0.0,0.0,0.0,1.0,0.0,0.015446550347355733,0.0009035459533153796,0.9990964540466846,8.52,0,0,0.0
8865057137fffff,Gombak,3.2650561933828177,101.56798447085704,0.0,0.0,0.0,0.0,1.0,0.0,0.2473338004250697,0.014467790507700131,0.9855322094922999,3.7,0,2,0.0
8865057a89fffff,Gombak,3.2886029885207195,101.5656348895285,0.0,0.0,0.0,0.0,1.0,0.0,0.4370002484731481,0.025562329272653554,0.9744376707273464,2.87,0,5,0.0
8865054e4bfffff,Gombak,3.3088939145498566,101.79740125579852,0.0,0.0,0.0,0.0,1.0,0.0,0.0018802788319887812,0.00010998690915081027,0.9998900130908492,11.55,0,0,0.0
886505634dfffff,Gombak,3.2841057948835655,101.52463613009577,835.8131487889274,21.5,0.03481051177525668,0.0726007969203755,1.0,0.05370565434781609,0.9166341071356336,0.05361851154779291,0.946381488452207,1.74,1,5,4.469924922186992
88650571c5fffff,Gombak,3.235577739455907,101.54724588252179,1671.6262975778548,1.0,0.06962102355051336,0.0033767812521104876,1.0,0.03649890240131193,0.20844444233436799,0.012192957529481048,0.987807042470519,3.53,0,1,3.170778481255195
88650540c7fffff,Gombak,3.2677412713757126,101.82513810713336,0.0,0.0,0.0,0.0,1.0,0.0,0.004080012528144393,0.00023866033038969113,0.9997613396696103,10.26,0,0,0.0
8865056349fffff,Gombak,3.2767349187323065,101.51945120400173,0.0,0.0,0.0,0.0,1.0,0.0,1.0750140710833829,0.06288294744403962,0.9371170525559603,1.41,2,6,0.0
88650571e7fffff,Gombak,3.25912233428325,101.54489486853205,1671.6262975778548,1.0,0.06962102355051336,0.0033767812521104876,1.0,0.03649890240131193,0.3572721985998334,0.020898637043074778,0.9791013629569252,2.76,0,3,3.142833973796157
886505712bfffff,Gombak,3.2555322618453144,101.58965445366854,0.0,0.0,0.0,0.0,1.0,0.0,0.2617925069036172,0.015313552534501338,0.9846864474654987,3.7,0,1,0.0
8865057127fffff,Gombak,3.270989218238381,101.59107315848554,0.0,0.0,0.0,0.0,1.0,0.0,0.246148347785351,0.014398447456249927,0.98560155254375,3.55,0,1,0.0
8865054549fffff,Gombak,3.256609243530122,101.7700427808077,0.0,0.0,0.0,0.0,1.0,0.0,0.11802256337859574,0.006903729774130014,0.99309627022587,5.63,0,0,0.0
8865056147fffff,Gombak,3.34954855271033,101.48551999692057,0.0,0.0,0.0,0.0,1.0,0.0,0.04319485211205904,0.002526682848419191,0.9974733171515808,6.44,0,0,0.0
8865054491fffff,Gombak,3.229118181055651,101.62780125778305,0.0,0.5,0.0,0.0016883906260552438,1.0,0.0008441953130276219,1.7879558638604993,0.10458647718545212,0.8954135228145479,2.52,0,14,0.06647840104242676
88650545bdfffff,Gombak,3.3028010544454576,101.67965526461796,0.0,0.0,0.0,0.0,1.0,0.0,0.06651659238808846,0.003890888031894737,0.9961091119681053,6.83,0,0,0.0
88650545b9fffff,Gombak,3.2954324639648913,101.6744692222786,0.0,0.0,0.0,0.0,1.0,0.0,0.1182885205966962,0.006919286941443481,0.9930807130585565,5.83,0,0,0.0
8865056119fffff,Gombak,3.3443317872145184,101.45346208370343,0.0,0.0,0.0,0.0,1.0,0.0,0.019016050417270336,0.0011123438577667396,0.9988876561422333,6.49,0,0,0.0
8865054467fffff,Gombak,3.2440346549001275,101.73283400732454,835.8131487889274,3.8,0.03481051177525668,0.012831768758019854,1.0,0.023821140266638268,0.9864264684898005,0.05770101568339606,0.942298984316604,1.61,1,3,1.974082274469433
88650571a7fffff,Gombak,3.276016904586809,101.52840500083299,2507.439446366782,2.0,0.10443153532577003,0.006753562504220975,1.0,0.0555925489149955,0.8993689443496915,0.05260858586097185,0.9473914141390282,1.56,1,5,4.6319089197268
886505471bfffff,Gombak,3.2116955981324273,101.74787539928508,7522.318339100346,94.0,0.31329460597731007,0.3174174376983859,1.0,0.31535602183784794,2.613097151628695,0.15285311631915516,0.8471468836808449,1.24,4,9,23.494912153738902
8865056067fffff,Gombak,3.320775432796694,101.45582094578145,0.0,0.0,0.0,0.0,1.0,0.0,0.07950198809250637,0.0046504687458458135,0.9953495312541542,4.13,0,1,0.0
88650545d7fffff,Gombak,3.271888972554458,101.6768102208916,2507.439446366782,2.0,0.10443153532577003,0.006753562504220975,1.0,0.0555925489149955,0.4994785608938962,0.02921699812027783,0.9707830018797222,3.93,0,6,4.746273164837842
8865054461fffff,Gombak,3.2359493544433615,101.73659470428075,0.0,0.0,0.0,0.0,1.0,0.0,1.272487000318946,0.07443412632137851,0.9255658736786215,1.4,1,8,0.0
8865057149fffff,Gombak,3.2151000434757804,101.60848285719406,2507.439446366782,9.6,0.10443153532577003,0.03241710002026068,1.0,0.06842431767301535,1.5420555102067408,0.09020253614578114,0.9097974638542189,2.42,0,11,5.474811574422055
8865057a31fffff,Gombak,3.308556759406871,101.60804884813408,0.0,0.0,0.0,0.0,1.0,0.0,0.5491692656125123,0.03212365586302626,0.9678763441369738,1.33,1,2,0.0
886505719bfffff,Gombak,3.231794157351497,101.49729825779912,835.8131487889274,4.0,0.03481051177525668,0.01350712500844195,1.0,0.024158818391849315,0.1281205435345093,0.007494411117301024,0.992505588882699,4.37,0,2,2.1087380265191387
88650571ebfffff,Gombak,3.2436648662875047,101.54347816915458,1671.6262975778548,1.5,0.06962102355051336,0.005065171878165731,1.0,0.037343097714339545,0.21932915359001628,0.012829658707859754,0.9871703412921402,4.29,0,3,3.242025447942264
8865056305fffff,Gombak,3.3090930344230696,101.50437298101586,1671.6262975778548,2.8,0.06962102355051336,0.009454987505909365,1.0,0.039538005528211365,0.4371443425098803,0.025570758053245886,0.9744292419467541,3.38,0,6,3.388278076328304
886505714dfffff,Gombak,3.222468052087036,101.61366729336903,0.0,1.5,0.0,0.005065171878165731,1.0,0.0025325859390828657,1.3157902470554157,0.07696714971328768,0.9230328502867123,3.07,0,14,0.20558684819886228
8865054ec1fffff,Gombak,3.321305464118892,101.73995878345542,0.0,0.0,0.0,0.0,1.0,0.0,0.005969462651777582,0.000349183714239747,0.9996508162857602,9.24,0,0,0.0
8865054439fffff,Gombak,3.2388246191270857,101.7008085415575,5014.878892733564,119.2,0.20886307065154006,0.40251232525157016,1.0,0.3056876979515551,1.5627047413937478,0.09141041291169527,0.9085895870883047,1.99,1,9,24.426413021092273
8865054eb5fffff,Gombak,3.362473156982085,101.71219872097494,0.0,0.0,0.0,0.0,1.0,0.0,0.0007193507962406094,4.207842439517024e-05,0.9999579215756048,13.53,0,0,0.0
8865057813fffff,Gombak,3.3430752970858046,101.56612074637017,0.0,0.0,0.0,0.0,1.0,0.0,0.2828074773150471,0.016542823216128995,0.983457176783871,2.88,0,3,0.0
8865054563fffff,Gombak,3.288234457286852,101.76394925536135,0.0,0.0,0.0,0.0,1.0,0.0,0.024810030653125134,0.0014512627281922054,0.9985487372718078,7.27,0,0,0.0
8865054e5bfffff,Gombak,3.3029682445850406,101.77432213273259,0.0,0.0,0.0,0.0,1.0,0.0,0.006829889570748742,0.00039951438634952974,0.9996004856136504,9.26,0,0,0.0
8865057889fffff,Gombak,3.3452335755592304,101.53925653072487,0.0,0.0,0.0,0.0,1.0,0.0,0.287589453171727,0.016822544891000865,0.9831774551089991,3.18,0,2,0.0
8865054e89fffff,Gombak,3.330114669248546,101.72724860480685,0.0,0.0,0.0,0.0,1.0,0.0,0.00438579080304048,0.0002565468303965625,0.9997434531696034,9.96,0,0,0.0
8865054767fffff,Gombak,3.2390000042630267,101.79545025144756,0.0,0.0,0.0,0.0,1.0,0.0,0.07911917965459633,0.004628076366499586,0.9953719236335005,5.68,0,0,0.0
8865054ec9fffff,Gombak,3.3132171941994373,101.74372009795901,0.0,0.0,0.0,0.0,1.0,0.0,0.009344412424229344,0.0005466013991575628,0.9994533986008425,8.5,0,0,0.0
88650545b7fffff,Gombak,3.311609322960448,101.66694161114886,0.0,0.0,0.0,0.0,1.0,0.0,0.04800256646451105,0.002807910096585829,0.9971920899034141,7.2,0,0,0.0
8865054513fffff,Gombak,3.276379421081431,101.71778889334779,0.0,0.0,0.0,0.0,1.0,0.0,0.18727066070317266,0.010954397185648347,0.9890456028143516,3.94,0,1,0.0
8865057ac3fffff,Gombak,3.2805143095028666,101.56940229981919,0.0,0.0,0.0,0.0,1.0,0.0,0.3346680862533551,0.019576409504908434,0.9804235904950915,3.25,0,3,0.0
8865057151fffff,Gombak,3.217252543756002,101.58163309623912,6686.505190311419,15.2,0.27848409420205344,0.051327075032079415,1.0,0.16490558461706642,0.9551097004347172,0.05586914135477415,0.9441308586452258,0.97,1,3,13.692461728735191
8865054e8bfffff,Gombak,3.330835193517068,101.71829966407256,0.0,0.0,0.0,0.0,1.0,0.0,0.005025600449121275,0.0002939724952607832,0.9997060275047392,9.99,0,0,0.0
8865056225fffff,Gombak,3.280324135243414,101.47467773648776,835.8131487889274,19.5,0.03481051177525668,0.06584723441615452,1.0,0.0503288730957056,0.5702723093457517,0.033358078393560406,0.9666419216064396,1.39,1,3,4.278551971020273
8865056107fffff,Gombak,3.3664523767452916,101.4690193752204,0.0,0.0,0.0,0.0,1.0,0.0,0.009220690733801336,0.0005393642989500913,0.9994606357010499,8.36,0,0,0.0
8865056103fffff,Gombak,3.359078778151397,101.46383346545076,0.0,0.0,0.0,0.0,1.0,0.0,0.01181806672341465,0.0006912978059065746,0.9993087021940934,7.66,0,0,0.0
8865057a41fffff,Gombak,3.274764986163425,101.64101245466516,0.0,0.0,0.0,0.0,1.0,0.0,0.582032325544141,0.0340459805340404,0.9659540194659596,3.0,0,4,0.0
886505453dfffff,Gombak,3.297761831960985,101.74229476520378,0.0,0.0,0.0,0.0,1.0,0.0,0.027049345339160438,0.001582251439410388,0.9984177485605896,6.84,0,0,0.0
8865054e95fffff,Gombak,3.339644985514053,101.70558760923501,0.0,0.0,0.0,0.0,1.0,0.0,0.003648961607716104,0.0002134460070574577,0.9997865539929426,11.06,0,0,0.0
8865054eebfffff,Gombak,3.336762309765059,101.74138411973412,0.0,0.0,0.0,0.0,1.0,0.0,0.002041781610556039,0.00011943401408635443,0.9998805659859137,10.94,0,0,0.0
88650571b1fffff,Gombak,3.2619933788457796,101.5090817866414,0.0,0.0,0.0,0.0,1.0,0.0,1.2026481048038697,0.07034890017006085,0.9296510998299392,0.82,2,4,0.0
8865054e03fffff,Gombak,3.3338787173471247,101.77717566950402,0.0,0.4,0.0,0.0013507125008441951,1.0,0.0006753562504220976,0.0008826113676767691,5.162835142352781e-05,0.9999483716485764,12.2,0,0,0.059391525527311945
88650544e9fffff,Gombak,3.232894727594323,101.67772853760765,4179.065743944637,65.8,0.1740525588762834,0.22219220638887008,1.0,0.19812238263257675,3.4414128849252594,0.20130544464213848,0.7986945553578615,0.38,3,15,13.916443016509575
8865056acbfffff,Gombak,3.3907322785871212,101.45770241008924,0.0,0.0,0.0,0.0,1.0,0.0,0.0014279333031350133,8.352695771148489e-05,0.9999164730422885,11.24,0,0,0.0
8865054525fffff,Gombak,3.311776327171587,101.76161506216646,0.0,0.0,0.0,0.0,1.0,0.0,0.006122188626572458,0.0003581174200438834,0.9996418825799561,9.2,0,0,0.0
8865054731fffff,Gombak,3.241877276722198,101.7596714057289,0.0,0.0,0.0,0.0,1.0,0.0,0.398693556362237,0.02332157934057328,0.9766784206594267,3.75,0,3,0.0
88650578c5fffff,Gombak,3.3437947815954177,101.5571663090413,1671.6262975778548,1.0,0.06962102355051336,0.0033767812521104876,1.0,0.03649890240131193,0.2774090748874925,0.016227043669363082,0.9837729563306369,3.55,0,3,3.157829400135185
886505456dfffff,Gombak,3.2867941820147704,101.78184154321842,0.0,0.0,0.0,0.0,1.0,0.0,0.013192638284675666,0.0007717033685591061,0.9992282966314409,8.67,0,0,0.0
8865057ab7fffff,Gombak,3.3216801945423216,101.54160860657012,1671.6262975778548,4.0,0.06962102355051336,0.01350712500844195,1.0,0.041564074279477656,1.3101998376499757,0.07664013871846538,0.9233598612815346,0.82,2,4,3.3752277542310387
8865054583fffff,Gombak,3.2873445647629733,101.67823267932036,0.0,0.0,0.0,0.0,1.0,0.0,0.18548205688779898,0.01084977280653952,0.9891502271934605,5.3,0,0,0.0
8865056317fffff,Gombak,3.30387580307563,101.47232065645251,1671.6262975778548,1.8,0.06962102355051336,0.006078206253798878,1.0,0.03784961490215612,0.43526814293910543,0.025461009760477337,0.9745389902395226,1.54,1,1,3.2439538280559206
8865054097fffff,Gombak,3.278707684413244,101.78560089900263,0.0,0.0,0.0,0.0,1.0,0.0,0.017650593962469152,0.0010324714832611157,0.9989675285167389,8.54,0,0,0.0
8865055589fffff,Gombak,3.160325911294867,101.80619939126197,0.0,0.0,0.0,0.0,1.0,0.0,0.3194766091516765,0.01868778406094614,0.9813122159390538,3.58,0,1,0.0
8865057a0dfffff,Gombak,3.2909408745100968,101.63348283298087,2507.439446366782,4.3,0.10443153532577003,0.014520159384075098,1.0,0.05947584735492256,0.22813100681991777,0.013344523107270126,0.9866554768927299,4.13,0,2,5.160837073505493
886505630dfffff,Gombak,3.3010029793737945,101.50814288382057,3343.252595155709,3.0,0.1392420471010267,0.010130343756331463,1.0,0.07468619542867908,0.570328045551662,0.03336133868289175,0.9666386613171083,3.31,0,6,6.349192247516036
886505614dfffff,Gombak,3.34073784572812,101.49824755524486,0.0,0.0,0.0,0.0,1.0,0.0,0.10937134403199954,0.006397676703633348,0.9936023232963667,4.96,0,1,0.0
8865054edbfffff,Gombak,3.308009865725591,101.71168890039816,0.0,0.0,0.0,0.0,1.0,0.0,0.02598783755796477,0.0015201585423852396,0.9984798414576148,7.49,0,0,0.0
88650578d3fffff,Gombak,3.3312087390116436,101.51992947180743,1671.6262975778548,16.2,0.06962102355051336,0.0547038562841899,1.0,0.06216243991735163,0.4615923416093094,0.027000843745921516,0.9729991562540785,2.4,0,2,5.319300136859502
88650571a5fffff,Gombak,3.2752988336321303,101.53735849778819,0.0,0.4,0.0,0.0013507125008441951,1.0,0.0006753562504220976,0.878669880189248,0.05139779411530639,0.9486022058846936,0.97,1,5,0.05634184096243025
8865054cc5fffff,Gombak,3.385302874760199,101.71881060302722,0.0,0.0,0.0,0.0,1.0,0.0,0.0001421584252204743,8.31555699811221e-06,0.9999916844430019,16.05,0,0,0.0
8865054423fffff,Gombak,3.2535585232488824,101.71117924767428,0.0,0.4,0.0,0.0013507125008441951,1.0,0.0006753562504220976,0.8313929431066719,0.04863232970898217,0.9513676702910179,1.62,1,4,0.05650609459245748
8865057a55fffff,Gombak,3.2762026556971495,101.62311173869719,0.0,0.0,0.0,0.0,1.0,0.0,0.3605635248187624,0.021091163168279376,0.9789088368317206,4.01,0,5,0.0
8865054e81fffff,Gombak,3.3382037624626246,101.72348648289379,0.0,0.0,0.0,0.0,1.0,0.0,0.0027606157899397995,0.00016148221897879276,0.9998385177810212,10.82,0,0,0.0
8865054e35fffff,Gombak,3.357424624977214,101.77484220395903,0.0,0.0,0.0,0.0,1.0,0.0,0.0002057194860707245,1.2033561214471598e-05,0.9999879664387855,14.37,0,0,0.0
8865054c19fffff,Gombak,3.3757690578158934,101.74047325553633,0.0,0.0,0.0,0.0,1.0,0.0,0.00015258953531078622,8.925724776596292e-06,0.9999910742752234,15.18,0,0,0.0
8865054ea3fffff,Gombak,3.3617521118159983,101.72114871949158,0.0,0.0,0.0,0.0,1.0,0.0,0.0006099918570016097,3.568147330989599e-05,0.9999643185266901,13.43,0,0,0.0
8865054741fffff,Gombak,3.20810205961082,101.79259599884875,0.0,0.4,0.0,0.0013507125008441951,1.0,0.0006753562504220976,0.28272674679674764,0.01653810088450943,0.9834618991154905,3.96,0,1,0.05841231821814877
88650545d3fffff,Gombak,3.2645209926208545,101.67162468010484,835.8131487889274,2.7,0.03481051177525668,0.009117309380698317,1.0,0.0219639105779775,0.8732945082610102,0.051083361737584224,0.9489166382624158,2.98,0,8,1.8329545995226701
8865054e55fffff,Gombak,3.317702286148481,101.78469557306003,0.0,0.0,0.0,0.0,1.0,0.0,0.0018609117786625884,0.00010885403337809639,0.9998911459666219,11.25,0,0,0.0
8865057aebfffff,Gombak,3.2952545750546682,101.57977296131861,0.0,0.0,0.0,0.0,1.0,0.0,0.5156357565262428,0.030162113269113045,0.969837886730887,2.16,0,3,0.0
88650545c3fffff,Gombak,3.2704506294316356,101.69470726441423,0.0,0.0,0.0,0.0,1.0,0.0,0.3698643494044416,0.021635214896847055,0.978364785103153,4.22,0,3,0.0
88650571abfffff,Gombak,3.2605579694401285,101.52698892714848,2507.439446366782,5.7,0.10443153532577003,0.01924765313702978,1.0,0.061839594231399904,0.6134808782459822,0.03588556360549547,0.9641144363945046,2.21,0,3,5.243354205711887
8865057891fffff,Gombak,3.347391327971127,101.51238961043886,0.0,0.0,0.0,0.0,1.0,0.0,0.1366914552133062,0.007995766590817879,0.9920042334091821,4.29,0,2,0.0
8865054757fffff,Gombak,3.210258344946915,101.76576457239634,0.0,1.0,0.0,0.0033767812521104876,1.0,0.0016883906260552438,1.4203846452632365,0.0830853989737973,0.9169146010262027,1.12,1,6,0.13614942150321138
8865054405fffff,Gombak,3.237387096736317,101.71870224049857,7522.318339100346,16.4,0.31329460597731007,0.055379212534612,1.0,0.18433690925596102,1.8072068163265542,0.1057125616384218,0.8942874383615782,0.4,2,8,14.497843638115075
8865056ac9fffff,Gombak,3.3900127722380287,101.46666123041577,0.0,0.0,0.0,0.0,1.0,0.0,0.0020614250526857078,0.00012058305722196208,0.999879416942778,10.99,0,0,0.0
886505715dfffff,Gombak,3.2165350987084462,101.59058331940415,5014.878892733564,7.2,0.20886307065154006,0.02431282501519551,1.0,0.11658794783336779,0.9686622828433398,0.05666189965464791,0.943338100345352,1.75,1,3,9.672417028780528
886505474dfffff,Gombak,3.2073831899209173,101.8015391837973,0.0,0.0,0.0,0.0,1.0,0.0,0.16171267561663144,0.009459382863321528,0.9905406171366785,4.95,0,1,0.0
8865054eddfffff,Gombak,3.314657834400903,101.72582389330604,0.0,0.0,0.0,0.0,1.0,0.0,0.012747135999325424,0.0007456437126444201,0.9992543562873556,8.23,0,0,0.0
8865054531fffff,Gombak,3.2984818903743762,101.73334719180193,5014.878892733564,7.5,0.20886307065154006,0.025325859390828657,1.0,0.11709446502118435,0.032111751539925425,0.001878376887091522,0.9981216231129085,6.6,0,0,10.278596331340006
886505470dfffff,Gombak,3.224269687660371,101.7850791910995,835.8131487889274,1.6,0.03481051177525668,0.0054028500033767805,1.0,0.02010668088931673,0.2665395077298712,0.015591228344989392,0.9844087716550106,3.76,0,1,1.740723689880035
88650545a9fffff,Gombak,3.3013615594690777,101.69755380645125,0.0,0.0,0.0,0.0,1.0,0.0,0.05182626347792965,0.00303157725109518,0.9969684227489048,7.11,0,0,0.0
8865057a61fffff,Gombak,3.2975907650045673,101.64761921036872,1671.6262975778548,1.4,0.06962102355051336,0.004727493752954682,1.0,0.03717425865173402,0.14753930865305054,0.008630311771277361,0.9913696882287226,5.39,0,0,3.241096276070928
886505613bfffff,Gombak,3.367890553850296,101.45110286614262,0.0,0.0,0.0,0.0,1.0,0.0,0.0043624014901189135,0.00025517867255122673,0.9997448213274488,9.01,0,0,0.0
8865056345fffff,Gombak,3.292195036660179,101.52086702791841,0.0,2.0,0.0,0.006753562504220975,1.0,0.0033767812521104876,0.8056616785630928,0.04712717940491972,0.9528728205950803,2.36,0,6,0.28297746190312023
8865054497fffff,Gombak,3.2372042808528465,101.6240365955932,0.0,0.5,0.0,0.0016883906260552438,1.0,0.0008441953130276219,1.3042511354274797,0.07629216938552402,0.9237078306144759,2.79,0,9,0.06857906212606671
8865054421fffff,Gombak,3.2528394453949057,101.72012631715124,0.0,0.8,0.0,0.0027014250016883902,1.0,0.0013507125008441951,0.8483766171100448,0.04962578970963546,0.9503742102903645,1.33,1,4,0.11289417688215596
8865054c5bfffff,Gombak,3.3595886285744796,101.74799685852697,0.0,0.0,0.0,0.0,1.0,0.0,0.0003744634157701668,2.19042372811551e-05,0.9999780957627189,13.58,0,0,0.0
88650545a7fffff,Gombak,3.3175384324122548,101.69002777611816,0.0,0.0,0.0,0.0,1.0,0.0,0.0209966827098539,0.0012282009425349254,0.998771799057465,8.82,0,0,0.0
88650578d5fffff,Gombak,3.3378616385725435,101.53407056082095,1671.6262975778548,1.2,0.06962102355051336,0.004052137502532585,1.0,0.03683658052652297,0.4696784085320097,0.027473838225720942,0.9725261617742791,2.35,0,2,3.1506095219345123
8865054581fffff,Gombak,3.2866251334237617,101.68718172934715,0.0,0.0,0.0,0.0,1.0,0.0,0.16134100413253166,0.009437641940081759,0.9905623580599182,5.89,0,0,0.0
88650544e1fffff,Gombak,3.2409804893565073,101.67396568457981,5850.692041522491,40.4,0.24367358242679674,0.1364219625852637,1.0,0.19004777250603022,2.5466527504921532,0.1489664511144764,0.8510335488855236,1.1,2,11,14.224055696643235
88650555b9fffff,Gombak,3.1772077418376434,101.78974225453521,0.0,0.0,0.0,0.0,1.0,0.0,0.6499043288828719,0.03801615332868101,0.961983846671319,4.19,0,5,0.0
886505472bfffff,Gombak,3.240438750040248,101.77756145172391,0.0,0.0,0.0,0.0,1.0,0.0,0.19193069059873707,0.011226985631597816,0.9887730143684021,4.52,0,1,0.0
8865055595fffff,Gombak,3.1698437805069375,101.784557654886,0.0,0.0,0.0,0.0,1.0,0.0,1.0291932694809556,0.0602026596817544,0.9397973403182456,3.28,0,7,0.0
8865054e13fffff,Gombak,3.3279527535037006,101.75409356912691,835.8131487889274,1.7,0.03481051177525668,0.005740528128587829,1.0,0.020275519951922255,0.002655570511128167,0.00015533759545763328,0.9998446624045424,10.44,0,0,1.782865217502407
8865054437fffff,Gombak,3.254996512682208,101.69328418374434,21313.235294117647,54.3,0.8876680502690453,0.18335922198959947,1.0,0.5355136361293223,0.8929787455740041,0.05223479118741604,0.947765208812584,2.7,0,6,44.63600071584591
8865056149fffff,Gombak,3.333365298408031,101.49306188452758,0.0,0.0,0.0,0.0,1.0,0.0,0.1283020917593022,0.00750503078060153,0.9924949692193985,4.85,0,1,0.0
8865057133fffff,Gombak,3.257686473849904,101.56279960741527,0.0,0.0,0.0,0.0,1.0,0.0,0.24708304376256573,0.014453122496877177,0.9855468775031229,3.81,0,2,0.0
886505610bfffff,Gombak,3.3509864085896024,101.46760543063856,0.0,0.0,0.0,0.0,1.0,0.0,0.021695730843322575,0.0012690917626834136,0.9987309082373166,6.69,0,0,0.0
886505636dfffff,Gombak,3.30693747730264,101.53123752774653,0.0,0.4,0.0,0.0013507125008441951,1.0,0.0006753562504220976,1.186200722032075,0.06938681052467745,0.9306131894753226,1.18,2,5,0.05527339067281483
886505408bfffff,Gombak,3.2691815179252877,101.80724969050621,0.0,0.0,0.0,0.0,1.0,0.0,0.010125892775541595,0.0005923140918394302,0.9994076859081605,9.03,0,0,0.0
8865054e5dfffff,Gombak,3.309614602376559,101.78845517528843,0.0,0.0,0.0,0.0,1.0,0.0,0.0026207189049352146,0.00015329895077425423,0.9998467010492258,10.88,0,0,0.0
886505476dfffff,Gombak,3.2301961957630505,101.80815214061184,0.0,0.0,0.0,0.0,1.0,0.0,0.052603702584643704,0.0030770535511766965,0.9969229464488233,6.32,0,0,0.0
88650545d9fffff,Gombak,3.2557154241425645,101.68433619013236,2507.439446366782,5.7,0.10443153532577003,0.01924765313702978,1.0,0.061839594231399904,1.038849430090947,0.06076749679085136,0.9392325032091486,2.44,0,9,5.108033351580112
8865054553fffff,Gombak,3.2594870202103055,101.73425870856641,2507.439446366782,14.5,0.10443153532577003,0.04896332815560207,1.0,0.07669743174068605,0.39850350868769857,0.023310462501965,0.976689537498035,2.69,0,2,6.587965810187766
8865054427fffff,Gombak,3.2609255761411613,101.71636481337926,0.0,0.0,0.0,0.0,1.0,0.0,0.5195244679631136,0.03038958344228328,0.9696104165577167,2.23,0,4,0.0
8865056005fffff,Gombak,3.314120644355057,101.44167860040865,2507.439446366782,2.0,0.10443153532577003,0.006753562504220975,1.0,0.0555925489149955,0.0475304737555056,0.0027802950338553607,0.9972197049661446,4.85,0,1,4.875525339817126
88650540dbfffff,Gombak,3.246365261302324,101.80063599216496,0.0,0.0,0.0,0.0,1.0,0.0,0.04264587480445481,0.002494570421139744,0.9975054295788602,6.65,0,0,0.0
8865054e0dfffff,Gombak,3.3324365785848324,101.79506957570939,0.0,0.0,0.0,0.0,1.0,0.0,0.0005034921801959748,2.9451774778948578e-05,0.999970548225221,13.24,0,0,0.0
8865054537fffff,Gombak,3.3065696852995483,101.72958565890158,0.0,0.6,0.0,0.0020260687512662925,1.0,0.0010130343756331462,0.020283013459252503,0.0011864548601485173,0.9988135451398514,7.39,0,0,0.0889861844548005
886505466dfffff,Gombak,3.1786441515906176,101.77185644185923,12537.19723183391,14.4,0.5221576766288502,0.04862565003039102,1.0,0.28539166332962057,1.8635394822883884,0.10900774090011343,0.8909922590998866,2.35,0,12,22.362955166713576
886505612bfffff,Gombak,3.373826043523277,101.4742054308156,0.0,0.0,0.0,0.0,1.0,0.0,0.0071749246686020375,0.0004196972141917664,0.9995803027858082,9.12,0,0,0.0
8865057a6dfffff,Gombak,3.2968713880229084,101.65656952044952,0.0,0.0,0.0,0.0,1.0,0.0,0.14065365781069789,0.008227535629378764,0.9917724643706213,5.36,0,0,0.0
8865054ecdfffff,Gombak,3.320584942128723,101.74890676295622,0.0,0.0,0.0,0.0,1.0,0.0,0.004993017933946221,0.00029206658105513685,0.9997079334189448,9.47,0,0,0.0
88650540e5fffff,Gombak,3.28983748434602,101.84069751921945,0.0,0.0,0.0,0.0,1.0,0.0,0.0006103652456395368,3.5703314678047854e-05,0.9999642966853219,13.21,0,0,0.0
8865056029fffff,Gombak,3.321493656952774,101.44686367431164,0.0,1.0,0.0,0.0033767812521104876,1.0,0.0016883906260552438,0.047697921110622925,0.0027900898667926398,0.9972099101332074,4.87,0,1,0.14807218930743768
8865054463fffff,Gombak,3.2366682530478927,101.72764862699465,835.8131487889274,1.7000000000000002,0.03481051177525668,0.00574052812858783,1.0,0.020275519951922255,1.5661730289997466,0.09161329039313051,0.9083867096068695,1.11,2,9,1.6197826817464933
88650576e3fffff,Klang,3.1019977765733353,101.36819637095499,0.0,1.4,0.0,0.004727493752954682,1.2410093868097039,0.002933432061750498,0.02183410112543284,0.0012771857322525634,0.9987228142677474,6.91,0,0,0.25765287017985056
8865053a8dfffff,Klang,2.934915849913434,101.31690831892581,6084.735576923076,5.2,0.25342118601115027,0.017559262510974536,1.2410093868097039,0.16814464012893032,0.00039229131213925196,2.2947080068585008e-05,0.9999770529199314,13.23,0,0,14.787237279195116
8865053915fffff,Klang,3.0401938066539516,101.36256300984503,0.0,2.0,0.0,0.006753562504220975,1.2410093868097039,0.00419061723107214,0.04189768963268096,0.00245080532996503,0.997549194670035,5.58,0,0,0.3676429957492093
88650576bbfffff,Klang,3.1048526450094154,101.33237860147955,0.0,0.0,0.0,0.0,1.2410093868097039,0.0,0.002051954350651327,0.00012002906851213435,0.9998799709314878,10.28,0,0,0.0
8865057751fffff,Klang,3.1191051557987506,101.44641142421384,1216.9471153846152,42.4,0.05068423720223006,0.14317552508948467,1.2410093868097039,0.12029089236435792,0.08360412519063595,0.004890423252943535,0.9951095767470565,4.79,0,1,10.527315336614848
88650576c5fffff,Klang,3.0858318102357436,101.37574117777629,0.0,0.4,0.0,0.0013507125008441951,1.2410093868097039,0.0008381234462144281,0.06237747079046046,0.003648770116521011,0.996351229883479,5.14,0,0,0.07344029806849475
8865057631fffff,Klang,3.107225128660644,101.40023806015054,1216.9471153846152,59.0,0.05068423720223006,0.1992300938745188,1.2410093868097039,0.1550730153822567,0.09422425203220267,0.005511647566179035,0.9944883524338209,4.16,0,1,13.56281732389287
8865053b49fffff,Klang,2.957267545844242,101.42711849376646,1216.9471153846152,3.0,0.05068423720223006,0.010130343756331463,1.2410093868097039,0.037735732912236766,0.5979763973658725,0.03497862900570135,0.9650213709942986,3.2,0,10,3.202607380104848
8865057487fffff,Klang,3.1600189406725474,101.32386931139138,0.0,0.6000000000000001,0.0,0.002026068751266293,1.2410093868097039,0.0012571851693216423,0.00012405567538610216,7.256636657394992e-06,0.9999927433633427,14.42,0,0,0.11056306692298298
8865053a67fffff,Klang,2.944671312918037,101.38991475603623,0.0,0.0,0.0,0.0,1.2410093868097039,0.0,0.051202304375775956,0.0029950787637884795,0.9970049212362115,6.5,0,0,0.0
8865053a55fffff,Klang,2.9152098476256687,101.36920041170112,0.0,0.0,0.0,0.0,1.2410093868097039,0.0,0.004121704899108876,0.00024109912560428293,0.9997589008743957,10.49,0,0,0.0
8865050c0dfffff,Klang,3.028070049771738,101.51471047353772,0.0,0.0,0.0,0.0,1.2410093868097039,0.0,0.1949358005134308,0.011402769534257626,0.9885972304657423,4.73,0,1,0.0
8865057629fffff,Klang,3.105082444777345,101.4270958083059,0.0,0.0,0.0,0.0,1.2410093868097039,0.0,0.23427962948837366,0.013704186786578147,0.9862958132134219,2.7,0,1,0.0
8865052349fffff,Klang,2.915656856605188,101.26556888979935,0.0,0.0,0.0,0.0,1.2410093868097039,0.0,7.088916309056642e-06,4.146661552516814e-07,0.9999995853338447,19.26,0,0,0.0
88650574d5fffff,Klang,3.1364765342022025,101.32623709138977,0.0,0.0,0.0,0.0,1.2410093868097039,0.0,0.0004228734198809476,2.4735980442615407e-05,0.9999752640195574,12.76,0,0,0.0
8865053ab3fffff,Klang,2.953203042962308,101.2825067829838,0.0,0.0,0.0,0.0,1.2410093868097039,0.0,6.11008597416325e-05,3.574094753984568e-06,0.9999964259052461,15.93,0,0,0.0
8865050ce1fffff,Klang,3.039717149541513,101.46620186980313,1216.9471153846152,12.1,0.05068423720223006,0.0408590531505369,1.2410093868097039,0.056803041313615,1.5888926338632414,0.09294227366601056,0.9070577263339894,1.09,1,6,4.5312757888708814
8865057657fffff,Klang,3.0756086540786765,101.40637048309809,2433.8942307692305,3.9,0.10136847440446012,0.013169446883230903,1.2410093868097039,0.07107131773184779,0.49365048769190395,0.028876084981818578,0.9711239150181814,2.31,0,2,6.069920410070341
8865057723fffff,Klang,3.165464994359344,101.45064795234057,0.0,0.0,0.0,0.0,1.2410093868097039,0.0,0.004633790775059322,0.0002710535886112413,0.9997289464113888,9.78,0,0,0.0
8865057553fffff,Klang,3.1764123803907403,101.41106155218259,0.0,0.5,0.0,0.0016883906260552438,1.2410093868097039,0.001047654307768035,0.00137470799930402,8.041354359577534e-05,0.9999195864564042,10.77,0,0,0.09212914867690823
8865052a43fffff,Klang,3.0325789763080775,101.26266574599494,0.0,0.0,0.0,0.0,1.2410093868097039,0.0,3.3908282309980624e-05,1.9834649534096963e-06,0.9999980165350466,16.61,0,0,0.0
88650531a9fffff,Klang,2.8987942604973918,101.2820679641338,0.0,1.0,0.0,0.0033767812521104876,1.2410093868097039,0.00209530861553607,1.1663695151240671e-05,6.822678408847334e-07,0.9999993177321591,18.65,0,0,0.18427298968439526
8865050c45fffff,Klang,3.0192777254994483,101.52742362315352,0.0,0.0,0.0,0.0,1.2410093868097039,0.0,0.099151279626278,0.005799854042342956,0.994200145957657,5.46,0,0,0.0
8865053939fffff,Klang,3.0475620480603762,101.36774330254082,1216.9471153846152,26.0,0.05068423720223006,0.08779631255487268,1.2410093868097039,0.08592783106956636,0.06257919722311556,0.0036605701040783277,0.9963394298959217,4.82,0,1,7.529309455948367
88650538e1fffff,Klang,2.9981211535744836,101.30462677694275,0.0,0.0,0.0,0.0,1.2410093868097039,0.0,0.0005791187855913732,3.387555301624859e-05,0.9999661244469837,12.78,0,0,0.0
88650539a9fffff,Klang,3.0584949778369643,101.32815792341755,0.0,0.0,0.0,0.0,1.2410093868097039,0.0,0.003683288059175412,0.0002154539328150068,0.999784546067185,9.15,0,0,0.0
886505388bfffff,Klang,2.9848074248438654,101.2763623575419,0.0,0.0,0.0,0.0,1.2410093868097039,0.0,6.67198084698644e-05,3.902775156476485e-06,0.9999960972248435,15.96,0,0,0.0
8865053aadfffff,Klang,2.957726811130114,101.32349268800644,1216.9471153846152,61.5,0.05068423720223006,0.207672047004795,1.2410093868097039,0.16031128692109686,0.001169238833106287,6.839462484212444e-05,0.9999316053751579,11.46,0,0,14.097703606648157
8865053ae5fffff,Klang,2.9489380725000918,101.33621599295552,2433.8942307692305,2.7,0.10136847440446012,0.009117309380698317,1.2410093868097039,0.0685569473932045,0.002182688899612046,0.0001276763858752756,0.9998723236141247,10.59,0,0,6.028510179236067
8865052a47fffff,Klang,3.0399486712830246,101.26784529989875,0.0,0.0,0.0,0.0,1.2410093868097039,0.0,4.9538440265744054e-05,2.8977510336688945e-06,0.9999971022489663,15.93,0,0,0.0
886505318dfffff,Klang,2.883352573945648,101.28066396594257,0.0,0.0,0.0,0.0,1.2410093868097039,0.0,5.8334445719960175e-06,3.412273367444055e-07,0.9999996587726633,19.81,0,0,0.0
8865053925fffff,Klang,3.068953866944869,101.39223743735077,0.0,0.0,0.0,0.0,1.2410093868097039,0.0,0.28835641924050026,0.016867408570734307,0.9831325914292657,2.54,0,2,0.0
88650539abfffff,Klang,3.059207741780509,101.31920388791121,0.0,0.0,0.0,0.0,1.2410093868097039,0.0,0.0019244947588544661,0.00011257331976633114,0.9998874266802337,10.15,0,0,0.0
886505754bfffff,Klang,3.1742658762274383,101.43792394879797,2433.8942307692305,2.2,0.10136847440446012,0.007428918754643073,1.2410093868097039,0.06750929308543646,0.0025174088134137266,0.00014725582703259228,0.9998527441729674,10.47,0,0,5.936269139244555
88650576e5fffff,Klang,3.1086533183034386,101.38233142648424,1216.9471153846152,24.0,0.05068423720223006,0.0810427500506517,1.2410093868097039,0.08173721383849424,0.03626084954457359,0.002121078372387916,0.997878921627612,5.82,0,0,7.173178836917673
88650576abfffff,Klang,3.110795202176327,101.35546928209801,0.0,0.0,0.0,0.0,1.2410093868097039,0.0,0.007136265594860338,0.00041743585169640423,0.9995825641483036,8.58,0,0,0.0
886505234bfffff,Klang,2.916366758349943,101.25661686033082,0.0,0.0,0.0,0.0,1.2410093868097039,0.0,3.974399444706529e-06,2.324824931372604e-07,0.9999997675175069,20.11,0,0,0.0
88650538ddfffff,Klang,2.968649161424473,101.28391115763777,0.0,0.0,0.0,0.0,1.2410093868097039,0.0,9.075804973006928e-05,5.3088920645921575e-06,0.9999946911079354,15.36,0,0,0.0
8865053b23fffff,Klang,3.0057359239154313,101.40450140850889,17037.259615384613,140.0,0.7095793208312208,0.4727493752954683,1.2410093868097039,0.7336405050938495,0.5800081945055622,0.03392757899015128,0.9660724210098487,2.07,0,6,62.33141198264617
8865053b2dfffff,Klang,3.0043109627165276,101.42240108620486,15820.312499999998,188.3,0.6588950836289907,0.6358479097724049,1.2410093868097039,0.8033941041586132,1.553683965306531,0.09088274261987739,0.9091172573801226,1.08,1,6,64.23363827294483
886505748dfffff,Klang,3.151218671561892,101.33660041274945,2433.8942307692305,1.0,0.10136847440446012,0.0033767812521104876,1.2410093868097039,0.06499492274679318,0.0003817948479168003,2.233308940018056e-05,0.9999776669105999,12.71,0,0,5.715888023430006
8865053b65fffff,Klang,2.995519778220289,101.43511956735463,3650.8413461538457,39.9,0.15205271160669018,0.13473357195920846,1.2410093868097039,0.17795223495677487,3.17994244314722,0.18601073130696488,0.8139892686930351,1.01,6,10,12.739022530967935
8865053a29fffff,Klang,2.945382563228219,101.3809656915423,1216.9471153846152,36.4,0.05068423720223006,0.12291483757682176,1.2410093868097039,0.1077190406711415,0.03193245951860971,0.0018678892004120632,0.998132110799588,6.99,0,0,9.455717397765731
88650574c9fffff,Klang,3.1269635256701416,101.34792242479651,0.0,0.0,0.0,0.0,1.2410093868097039,0.0,0.0022845867577349676,0.0001336369010251344,0.9998663630989749,10.14,0,0,0.0
886505771dfffff,Klang,3.1352724564619,101.43887102197596,1216.9471153846152,12.5,0.05068423720223006,0.0422097656513811,1.2410093868097039,0.05764116475982943,0.02857882083026296,0.001671718107346204,0.9983282818926538,6.21,0,0,5.060810808854261
8865050cb1fffff,Klang,3.050651127998663,101.426633080731,1216.9471153846152,12.5,0.05068423720223006,0.0422097656513811,1.2410093868097039,0.05764116475982943,0.8977977120030946,0.052516676625798904,0.947483323374201,1.86,1,5,4.803063211883347
8865053b07fffff,Klang,2.9902905284741412,101.40309174935743,4867.788461538461,30.2,0.20273694880892024,0.10197879381373673,1.2410093868097039,0.18907754845170355,0.5772264355331468,0.03376486000072624,0.9662351399992738,1.92,1,6,16.067073117958177
88650531adfffff,Klang,2.906160512797884,101.28724553576872,1216.9471153846152,13.0,0.05068423720223006,0.04389815627743634,1.2410093868097039,0.058688819067597466,2.1282467826732137e-05,1.2449179427755194e-06,0.9999987550820573,17.72,0,0,5.161415356913208
886505234dfffff,Klang,2.923023772023695,101.27074662254302,0.0,0.0,0.0,0.0,1.2410093868097039,0.0,1.2534788910140376e-05,7.332224697897463e-07,0.9999992667775303,18.37,0,0,0.0
8865052365fffff,Klang,2.953913696551717,101.27355423873259,0.0,0.0,0.0,0.0,1.2410093868097039,0.0,3.31068376779985e-05,1.9365844501420037e-06,0.9999980634155499,16.86,0,0,0.0
8865053953fffff,Klang,3.0166650144832543,101.36492687436434,1216.9471153846152,53.8,0.05068423720223006,0.18167083136354423,1.2410093868097039,0.14417741058146913,0.042456645374308266,0.0024835014457366793,0.9975164985542633,6.54,0,0,12.648274676668176
88650538c5fffff,Klang,2.9826736837927705,101.30322139491918,0.0,0.0,0.0,0.0,1.2410093868097039,0.0,0.0004426856877475053,2.5894899039601235e-05,0.9999741051009604,13.01,0,0,0.0
88650538d7fffff,Klang,2.9774391484128846,101.27118361722901,0.0,0.0,0.0,0.0,1.2410093868097039,0.0,4.1878639113912713e-05,2.4496909698810936e-06,0.9999975503090301,16.61,0,0,0.0
8865057713fffff,Klang,3.1367021813954366,101.42096523211583,1216.9471153846152,8.9,0.05068423720223006,0.03005335314378334,1.2410093868097039,0.05009805374389958,0.023363381868173855,0.0013666410083830896,0.9986333589916169,6.25,0,0,4.399880722922122
8865053ad3fffff,Klang,2.9135268563800514,101.29242325580267,1216.9471153846152,17.0,0.05068423720223006,0.057405281285878296,1.2410093868097039,0.06707005352974175,3.8622141276547004e-05,2.2592021308351785e-06,0.9999977407978692,16.79,0,0,5.89850091815591
8865053b53fffff,Klang,2.9601141467506094,101.39132366038871,1216.9471153846152,61.6,0.05068423720223006,0.20800972513000604,1.2410093868097039,0.16052081778265045,0.10726498216201133,0.0062744650673101955,0.9937255349326898,5.0,0,1,14.028517970659724
8865050e8bfffff,Klang,2.9698617152995204,101.46432065772834,1216.9471153846152,26.1,0.05068423720223006,0.08813399068008373,1.2410093868097039,0.08613736193111998,2.857011969832503,0.16712091346387073,0.8328790865361293,0.56,4,10,6.309391894250749
8865052343fffff,Klang,2.9244438461192854,101.25284218554513,0.0,0.0,0.0,0.0,1.2410093868097039,0.0,3.8721316301933864e-06,2.2650033738857724e-07,0.9999997734996626,20.12,0,0,0.0
8865057467fffff,Klang,3.1609564716553216,101.4096508832546,2433.8942307692305,1.5,0.10136847440446012,0.005065171878165731,1.2410093868097039,0.06604257705456121,0.003571469788888312,0.00020891312316154717,0.9997910868768385,9.11,0,0,5.806938838199485
8865050c4dfffff,Klang,3.011199386094542,101.53118935963208,0.0,0.0,0.0,0.0,1.2410093868097039,0.0,0.08567987978777428,0.0050118445168596685,0.9949881554831403,5.25,0,0,0.0
8865053801fffff,Klang,2.9871952197430063,101.34420860088022,8518.629807692307,155.0,0.3547896604156104,0.5234010940771257,1.2410093868097039,0.5449214848674908,0.008600578974033976,0.0005030908619339751,0.999496909138066,8.43,0,0,47.89932202268862
886505392dfffff,Klang,3.0608722463763423,101.39600869976258,0.0,0.0,0.0,0.0,1.2410093868097039,0.0,0.4427599430853389,0.025899242605543334,0.9741007573944567,1.73,1,2,0.0
8865050e13fffff,Klang,2.967012415687204,101.50010754376706,1216.9471153846152,9.0,0.05068423720223006,0.03039103126899439,1.2410093868097039,0.05030758460545319,0.4856139634556026,0.02840598850143038,0.9715940114985696,2.35,0,4,4.298651873013759
8865053887fffff,Klang,3.000255709937304,101.27776660546691,0.0,0.0,0.0,0.0,1.2410093868097039,0.0,8.626567663393267e-05,5.0461107030247844e-06,0.9999949538892969,15.77,0,0,0.0
8865050ccdfffff,Klang,3.0161920665749133,101.46855754272501,17037.259615384613,113.7,0.7095793208312208,0.3839400283649625,1.2410093868097039,0.6785338885052509,2.096991602257838,0.12266352251787782,0.8773364774821222,0.1,2,12,52.35422185239149
8865053b31fffff,Klang,2.999081488861841,101.39037131693735,1216.9471153846152,6.1,0.05068423720223006,0.020598365637873973,1.2410093868097039,0.04423118962039858,0.24150434155260533,0.014126796314447443,0.9858732036855525,3.29,0,1,3.834984934427148
886505745dfffff,Klang,3.1233923446548086,101.3926945515629,0.0,0.0,0.0,0.0,1.2410093868097039,0.0,0.026558963933048203,0.0015535665793536138,0.9984464334206464,6.06,0,0,0.0
886505385dfffff,Klang,2.9636712787317405,101.34657353336803,1216.9471153846152,11.6,0.05068423720223006,0.039170662524481654,1.2410093868097039,0.05575538700584696,0.006605399795173236,0.0003863828570617202,0.9996136171429383,8.84,0,0,4.901544815955701
8865050e17fffff,Klang,2.974376703800955,101.505287484466,2433.8942307692305,15.3,0.10136847440446012,0.051664753157290466,1.2410093868097039,0.09495783594895899,0.4627947421474584,0.027071178164680246,0.9729288218353197,2.05,0,4,8.12504653936019
886505763bfffff,Klang,3.0998560654467457,101.39505663377778,1216.9471153846152,52.0,0.05068423720223006,0.17559262510974535,1.2410093868097039,0.1404058550735042,0.10787457196184883,0.006310123022286518,0.9936898769777135,4.1,0,1,12.270155421866123
88650576c1fffff,Klang,3.078462826761814,101.3705602345291,0.0,0.0,0.0,0.0,1.2410093868097039,0.0,0.05532488005884751,0.0032362288259001376,0.9967637711740999,5.13,0,0,0.0
88650575dbfffff,Klang,3.173332477447145,101.35214650316915,0.0,0.5,0.0,0.0016883906260552438,1.2410093868097039,0.001047654307768035,0.0002454897607962485,1.4359923410716899e-05,0.9999856400765893,13.21,0,0,0.09213523463009597
8865050ca5fffff,Klang,3.063958566366255,101.45489582466477,17037.259615384613,164.5,0.7095793208312208,0.5554805159721753,1.2410093868097039,0.7849755661744833,1.517646628985752,0.08877473865338144,0.9112252613466185,0.9,2,6,62.906550216419355
8865050f53fffff,Klang,3.001694707662237,101.55284630494818,0.0,0.0,0.0,0.0,1.2410093868097039,0.0,0.048858575305687726,0.0028579823332376703,0.9971420176667624,5.94,0,0,0.0
88650505a5fffff,Klang,2.9558439482276326,101.44501414508753,0.0,0.0,0.0,0.0,1.2410093868097039,0.0,1.2086836811100818,0.07070195120247713,0.9292980487975229,1.75,1,9,0.0
8865057463fffff,Klang,3.153586357341531,101.40446855522507,0.0,0.0,0.0,0.0,1.2410093868097039,0.0,0.005304047544159286,0.00031026025791822907,0.9996897397420818,8.46,0,0,0.0
8865053989fffff,Klang,3.0356754811750624,101.32157131103715,0.0,0.0,0.0,0.0,1.2410093868097039,0.0,0.002360722821492594,0.00013809048002902776,0.999861909519971,10.11,0,0,0.0
8865053935fffff,Klang,3.0630119703653986,101.36915170555089,0.0,0.0,0.0,0.0,1.2410093868097039,0.0,0.06671686616182342,0.00390260304616939,0.9960973969538306,4.67,0,1,0.0
8865050c55fffff,Klang,3.0133394094445123,101.50434894111069,0.0,0.0,0.0,0.0,1.2410093868097039,0.0,0.3771454930228797,0.022061125388445853,0.9779388746115542,3.36,0,3,0.0
8865057603fffff,Klang,3.0910593392260126,101.4077806469769,7301.6826923076915,150.1,0.30410542321338035,0.5068548659417842,1.2410093868097039,0.5032046655857355,0.3114592826283819,0.018218810550768766,0.9817811894492312,2.39,0,2,43.44835573571158
8865053abbfffff,Klang,2.945125062502212,101.28628071256863,0.0,0.0,0.0,0.0,1.2410093868097039,0.0,6.592226351211046e-05,3.856122764650434e-06,0.9999961438772353,15.82,0,0,0.0
8865053a43fffff,Klang,2.9144991973590035,101.3781490144575,0.0,0.0,0.0,0.0,1.2410093868097039,0.0,0.006344194273374757,0.0003711036402205923,0.9996288963597794,10.07,0,0,0.0
886505751bfffff,Klang,3.1852139530496526,101.39833445923931,2433.8942307692305,1.0,0.10136847440446012,0.0033767812521104876,1.2410093868097039,0.06499492274679318,0.0006405097232400859,3.746661587723405e-05,0.9999625333841228,12.03,0,0,5.715801519955374
8865052a5bfffff,Klang,3.0185513793028678,101.24335188042173,2433.8942307692305,2.9,0.10136847440446012,0.009792665631120414,1.2410093868097039,0.0689760091163117,8.028125769102323e-06,4.696052120544239e-07,0.999999530394788,19.0,0,0,6.066131750305999
8865053a83fffff,Klang,2.9363369617706123,101.29900600327838,0.0,2.0,0.0,0.006753562504220975,1.2410093868097039,0.00419061723107214,0.00012423855737646327,7.26733433931161e-06,0.9999927326656607,14.9,0,0,0.3685435524673529
8865057551fffff,Klang,3.1756969338425263,101.4200159790928,0.0,0.0,0.0,0.0,1.2410093868097039,0.0,0.0017048315965411424,9.97241232184016e-05,0.9999002758767817,10.58,0,0,0.0
88650576a1fffff,Klang,3.118165168062463,101.36065064318024,0.0,1.0,0.0,0.0033767812521104876,1.2410093868097039,0.00209530861553607,0.00704098365123662,0.0004118623344612131,0.9995881376655388,8.43,0,0,0.18419722025252544
8865050ee9fffff,Klang,2.9750892678814993,101.49634116989725,1216.9471153846152,24.4,0.05068423720223006,0.08239346255149589,1.2410093868097039,0.08257533728470867,0.7821854676838703,0.04575393846360293,0.954246061536397,1.36,1,5,6.92986400656704
886505768bfffff,Klang,3.0879723776813135,101.3488802943858,0.0,0.0,0.0,0.0,1.2410093868097039,0.0,0.010088764269652585,0.0005901422599096942,0.9994098577400903,7.75,0,0,0.0
8865050f15fffff,Klang,3.0252152561731447,101.55049740486908,0.0,0.0,0.0,0.0,1.2410093868097039,0.0,0.0496514373570169,0.0029043607984552094,0.9970956392015448,7.9,0,0,0.0
8865050c6bfffff,Klang,3.027356427450776,101.52365765559027,0.0,0.0,0.0,0.0,1.2410093868097039,0.0,0.11873676486672051,0.006945506989750034,0.99305449301025,5.73,0,0,0.0
8865057559fffff,Klang,3.1676113284695457,101.42378744902784,1216.9471153846152,1.9,0.05068423720223006,0.006415884379009927,1.2410093868097039,0.03543089343514708,0.002887008935359289,0.0001688755859443905,0.9998311244140556,9.66,0,0,3.1154639867597558
8865057417fffff,Klang,3.1490751339205185,101.3634675765364,0.0,0.0,0.0,0.0,1.2410093868097039,0.0,0.001643962172147959,9.616356627498592e-05,0.999903836433725,10.34,0,0,0.0
8865053905fffff,Klang,3.0461361682863806,101.38564750344334,1216.9471153846152,5.0,0.05068423720223006,0.016883906260552438,1.2410093868097039,0.04192635014330891,0.20943714584523976,0.012251025720754819,0.9877489742792451,2.94,0,1,3.6420644255951475
88650576bdfffff,Klang,3.11150905640856,101.34651465062502,0.0,0.0,0.0,0.0,1.2410093868097039,0.0,0.004013750156512664,0.00023478431300078735,0.9997652156869992,9.47,0,0,0.0
8865050cc1fffff,Klang,3.016905104158518,101.45960895063729,1216.9471153846152,75.89999999999999,0.05068423720223006,0.256297697035186,1.2410093868097039,0.19048373098481625,1.9243298838774061,0.11256367540464678,0.8874363245953533,0.9,1,11,14.866511455030345
8865050ec7fffff,Klang,2.9684371645138814,101.48221469501603,0.0,0.0,0.0,0.0,1.2410093868097039,0.0,1.1710081819183826,0.06849812289982804,0.931501877100172,2.21,0,5,0.0
8865050f17fffff,Klang,3.0259290305930495,101.54155112167719,0.0,0.0,0.0,0.0,1.2410093868097039,0.0,0.05631747879235502,0.003294290888222047,0.9967057091117779,7.14,0,0,0.0
88650575cdfffff,Klang,3.185929400137306,101.38937910906579,0.0,0.0,0.0,0.0,1.2410093868097039,0.0,0.0004741145665198678,2.773333128456324e-05,0.9999722666687154,12.4,0,0,0.0
88650576e9fffff,Klang,3.0932008755738223,101.38092226813258,6084.735576923076,9.8,0.25342118601115027,0.03309245627068278,1.2410093868097039,0.17778305976039624,0.06571835954257292,0.0038441954020744834,0.9961558045979255,5.27,0,0,15.575128051191358
8865053b1dfffff,Klang,2.9755579287288283,101.39273269068353,1216.9471153846152,13.0,0.05068423720223006,0.04389815627743634,1.2410093868097039,0.058688819067597466,0.202541059093087,0.011847639130318716,0.9881523608696813,3.69,0,1,5.100271119781845
88650539d1fffff,Klang,3.0209381195606793,101.31121181208219,0.0,0.0,0.0,0.0,1.2410093868097039,0.0,0.0010747965619982743,6.287022425023649e-05,0.9999371297757498,11.67,0,0,0.0
8865057669fffff,Klang,3.0882032178657997,101.4435877031312,2433.8942307692305,46.1,0.10136847440446012,0.1556696157222935,1.2410093868097039,0.15949334130746995,0.545799071635783,0.03192651636837639,0.9680734836316236,2.05,0,4,13.578908458007067
8865053987fffff,Klang,3.051838438348003,101.31402370873796,0.0,0.0,0.0,0.0,1.2410093868097039,0.0,0.0013708342590508875,8.018694916198891e-05,0.999919813050838,10.72,0,0,0.0
8865057733fffff,Klang,3.159526077641265,101.42755868829518,1216.9471153846152,1.4,0.05068423720223006,0.004727493752954682,1.2410093868097039,0.034383239127379055,0.005088721058891443,0.000297664735291477,0.9997023352647085,8.76,0,0,3.022953549132392
8865053951fffff,Klang,3.0159526506844845,101.37387836636151,17037.259615384613,88.2,0.7095793208312208,0.29783210643614505,1.2410093868097039,0.6251035188090811,0.07567526733137957,0.004426624717216083,0.9955733752827839,5.6,0,0,54.73173265141882
8865053a87fffff,Klang,2.943703827285991,101.30418427162303,1216.9471153846152,13.0,0.05068423720223006,0.04389815627743634,1.2410093868097039,0.058688819067597466,0.0002170386803404675,1.2695677476499496e-05,0.9999873043225235,14.04,0,0,5.1613562547135245
8865052a05fffff,Klang,3.056112945284384,101.26029369938738,0.0,0.0,0.0,0.0,1.2410093868097039,0.0,2.737519346181289e-05,1.6013119251497452e-06,0.9999983986880748,16.68,0,0,0.0
886505390bfffff,Klang,3.031400423193846,101.3752868947681,1216.9471153846152,43.9,0.05068423720223006,0.1482406969676504,1.2410093868097039,0.12343385528766203,0.08881781352580394,0.005195397948985946,0.9948046020510141,4.72,0,1,10.799062608500462
886505745bfffff,Klang,3.1167369705164365,101.3785591171154,0.0,0.0,0.0,0.0,1.2410093868097039,0.0,0.019912836153205937,0.0011648013388530767,0.9988351986611469,6.68,0,0,0.0
886505383dfffff,Klang,3.003353868651302,101.33666375720202,0.0,0.0,0.0,0.0,1.2410093868097039,0.0,0.005821180509070425,0.00034050995039091973,0.9996594900496091,9.27,0,0,0.0
8865057489fffff,Klang,3.1438475626098703,101.33141867812529,0.0,0.0,0.0,0.0,1.2410093868097039,0.0,0.0004101171792694155,2.398980415568541e-05,0.9999760101958444,12.69,0,0,0.0
886505772dfffff,Klang,3.164033832517912,101.46855347527203,0.0,0.0,0.0,0.0,1.2410093868097039,0.0,0.007793456445360007,0.0004558782301026948,0.9995441217698973,10.36,0,0,0.0
886505744dfffff,Klang,3.1293327990767907,101.41578321931044,1216.9471153846152,3.0,0.05068423720223006,0.010130343756331463,1.2410093868097039,0.037735732912236766,0.036295265802799216,0.0021230915513922068,0.9978769084486078,5.53,0,0,3.3116447443448394
8865053b39fffff,Klang,2.9910026566676655,101.39414184693591,1216.9471153846152,11.0,0.05068423720223006,0.03714459377321536,1.2410093868097039,0.05449820183652532,0.30829293417939163,0.01803359500014187,0.9819664049998581,2.87,0,1,4.706442775059338
8865057439fffff,Klang,3.155731043411494,101.37760476947432,0.0,0.9,0.0,0.003039103126899439,1.2410093868097039,0.0018857777539824632,0.002004027828287932,0.00011722560661519776,0.9998827743933848,9.96,0,0,0.16582636249225136
8865050c39fffff,Klang,3.037576550709173,101.49304800334838,0.0,0.0,0.0,0.0,1.2410093868097039,0.0,0.6941997477127576,0.04060721382660019,0.9593927861733998,2.39,0,5,0.0
8865050eedfffff,Klang,2.9824538044641287,101.50152121665562,1216.9471153846152,90.0,0.05068423720223006,0.3039103126899439,1.2410093868097039,0.22002758246387488,0.7150219278397438,0.0418252072406548,0.9581747927593453,1.23,1,4,18.54111501762596
8865050e89fffff,Klang,2.969149464690908,101.47326782472851,0.0,0.0,0.0,0.0,1.2410093868097039,0.0,1.8355250677549648,0.10736903773876275,0.8926309622612373,1.47,3,10,0.0
886505762bfffff,Klang,3.105796725916166,101.41814351979694,0.0,1.0,0.0,0.0033767812521104876,1.2410093868097039,0.00209530861553607,0.19493877723493616,0.0114029436575803,0.9885970563424197,2.94,0,1,0.18217185945541148
8865052a63fffff,Klang,3.0554006587844613,101.26924942036602,0.0,0.0,0.0,0.0,1.2410093868097039,0.0,5.271773056065462e-05,3.083723617565147e-06,0.9999969162763824,15.68,0,0,0.0
8865050c13fffff,Klang,3.023558007397481,101.47373807952351,1216.9471153846152,23.5,0.05068423720223006,0.07935435942459647,1.2410093868097039,0.08068955953072622,1.6564785566832632,0.09689571218088065,0.9031042878191193,0.96,2,12,6.408689469857493
886505230bfffff,Klang,2.9332313685542153,101.24011430134611,0.0,0.0,0.0,0.0,1.2410093868097039,0.0,2.013500469751467e-06,1.1777970877193269e-07,0.9999998822202912,21.09,0,0,0.0
8865053acdfffff,Klang,2.9180519608697075,101.33340308796018,0.0,0.0,0.0,0.0,1.2410093868097039,0.0,0.0006023033240540338,3.523173257973332e-05,0.9999647682674203,12.85,0,0,0.0
886505231dfffff,Klang,2.933941391859171,101.23116103561095,0.0,0.0,0.0,0.0,1.2410093868097039,0.0,1.0967019976238372e-06,6.415158269403142e-08,0.9999999358484173,22.01,0,0,0.0
8865050ccbfffff,Klang,3.009539081083736,101.45442859940198,1216.9471153846152,210.3,0.05068423720223006,0.7101370973188357,1.2410093868097039,0.47209320891286416,2.3317382629667924,0.13639502829542408,0.863604971704576,1.61,5,13,35.85558945369909
8865057683fffff,Klang,3.0960555148021025,101.34510700240456,0.0,0.0,0.0,0.0,1.2410093868097039,0.0,0.006237031204229348,0.0003648351365551272,0.9996351648634448,8.56,0,0,0.0
8865057427fffff,Klang,3.1778431086740433,101.3931518163615,0.0,0.0,0.0,0.0,1.2410093868097039,0.0,0.0008200529676362847,4.796899785063504e-05,0.9999520310021494,11.42,0,0,0.0
8865050c41fffff,Klang,3.0119127776185093,101.5222428524219,0.0,0.0,0.0,0.0,1.2410093868097039,0.0,0.1401635856400697,0.008198868858051444,0.9918011311419486,4.49,0,1,0.0
8865053aedfffff,Klang,2.9408607607374897,101.33998792237271,0.0,0.0,0.0,0.0,1.2410093868097039,0.0,0.0021533947958720405,0.0001259628272945525,0.9998740371727054,10.7,0,0,0.0
8865050cebfffff,Klang,3.0323507145066912,101.46102112164692,1216.9471153846152,21.0,0.05068423720223006,0.07091240629432025,1.2410093868097039,0.07545128799188602,1.5824634735078242,0.09256619993487179,0.9074338000651282,1.25,2,11,6.0213738087127044
8865053809fffff,Klang,2.9791164360356497,101.34798067782734,8518.629807692307,366.6,0.3547896604156104,1.0,1.2410093868097039,0.8406533428642519,0.010029257841595463,0.00058666143143614,0.9994133385685638,8.16,0,0,73.8883664719704
8865053a57fffff,Klang,2.9159204491679143,101.36025151725076,0.0,0.0,0.0,0.0,1.2410093868097039,0.0,0.002620639117918979,0.00015329428363278734,0.9998467057163672,10.99,0,0,0.0
88650539d9fffff,Klang,3.012857674086533,101.31498547609056,0.0,0.0,0.0,0.0,1.2410093868097039,0.0,0.0013455016329139424,7.870511721128371e-05,0.9999212948827887,11.61,0,0,0.0
8865053999fffff,Klang,3.0297310380121143,101.29848406007932,0.0,0.0,0.0,0.0,1.2410093868097039,0.0,0.0004479290692187122,2.620161063561846e-05,0.9999737983893644,12.76,0,0,0.0
8865052163fffff,Klang,3.003812278739379,101.23299390843555,0.0,0.0,0.0,0.0,1.2410093868097039,0.0,3.487468389361309e-06,2.0399946134653585e-07,0.9999997960005387,20.52,0,0,0.0
88650574b1fffff,Klang,3.168819726048117,101.3111370219507,0.0,0.0,0.0,0.0,1.2410093868097039,0.0,4.025901061715313e-05,2.3549508019333736e-06,0.9999976450491981,16.14,0,0,0.0
8865050e31fffff,Klang,2.989105529641412,101.51564780043402,0.0,0.0,0.0,0.0,1.2410093868097039,0.0,0.274601064772112,0.016062789119346027,0.983937210880654,2.75,0,1,0.0
88650538a5fffff,Klang,3.0223620759644687,101.29330447374116,0.0,0.0,0.0,0.0,1.2410093868097039,0.0,0.00030140349735925654,1.7630597397475156e-05,0.9999823694026025,13.52,0,0,0.0
886505746dfffff,Klang,3.1521562945801698,101.42237627749009,0.0,0.0,0.0,0.0,1.2410093868097039,0.0,0.00797965179096142,0.00046676972673210994,0.9995332302732679,7.95,0,0,0.0
88650539bdfffff,Klang,3.059920453252031,101.31024956282525,0.0,0.0,0.0,0.0,1.2410093868097039,0.0,0.0010039933123140805,5.872858820237398e-05,0.9999412714117977,11.14,0,0,0.0
88650576a5fffff,Klang,3.125535214849982,101.36583215164818,0.0,0.4,0.0,0.0013507125008441951,1.2410093868097039,0.0008381234462144281,0.006572381287392677,0.000384451439468876,0.9996155485605311,8.39,0,0,0.07368090853741674
8865052369fffff,Klang,2.938468257724767,101.27215036781793,0.0,0.0,0.0,0.0,1.2410093868097039,0.0,2.1060043346347418e-05,1.2319072229286579e-06,0.9999987680927771,17.55,0,0,0.0
8865052a0bfffff,Klang,3.041372650727935,101.24993432812423,0.0,0.0,0.0,0.0,1.2410093868097039,0.0,1.3440306616294112e-05,7.861907274687623e-07,0.9999992138092725,17.89,0,0,0.0
8865053833fffff,Klang,3.0047775876599427,101.31875891030933,0.0,0.0,0.0,0.0,1.2410093868097039,0.0,0.0016668394404606756,9.750177207123374e-05,0.9999024982279288,11.26,0,0,0.0
886505232bfffff,Klang,2.956045356468538,101.24669488429065,0.0,0.0,0.0,0.0,1.2410093868097039,0.0,5.175322113139125e-06,3.0273046390781714e-07,0.9999996972695361,19.69,0,0,0.0
8865053a85fffff,Klang,2.9429931350765157,101.3131356183648,1216.9471153846152,24.0,0.05068423720223006,0.0810427500506517,1.2410093868097039,0.08173721383849424,0.00039022790295350086,2.2826380949500574e-05,0.9999771736190505,13.17,0,0,7.188261966196481
886505741dfffff,Klang,3.1402755494350183,101.37619561042737,2433.8942307692305,13.5,0.10136847440446012,0.045586546903491586,1.2410093868097039,0.09118628044099406,0.004839603665676405,0.0002830926135245962,0.9997169073864755,8.67,0,0,8.017159381028634
8865057433fffff,Klang,3.1645315010987316,101.3648762322375,0.0,0.0,0.0,0.0,1.2410093868097039,0.0,0.0007063483728564176,4.131784764710099e-05,0.999958682152353,11.57,0,0,0.0
8865057701fffff,Klang,3.141926476901815,101.45300575559212,0.0,0.5,0.0,0.0016883906260552438,1.2410093868097039,0.001047654307768035,0.017971039020268927,0.001051215916725152,0.9989487840832748,7.4,0,0,0.0920397022880372
8865052141fffff,Klang,2.980282781908211,101.23536772937935,0.0,0.0,0.0,0.0,1.2410093868097039,0.0,3.3155649175851e-06,1.9394396786796458e-07,0.9999998060560321,20.53,0,0,0.0
886505755bfffff,Klang,3.1683266639635597,101.41483335790336,0.0,0.0,0.0,0.0,1.2410093868097039,0.0,0.0024041785191447535,0.00014063242103715888,0.9998593675789629,9.82,0,0,0.0
8865050e07fffff,Klang,2.980315467792122,101.52835938093193,0.0,0.0,0.0,0.0,1.2410093868097039,0.0,0.1157504180102509,0.006770820632169804,0.9932291793678302,4.19,0,1,0.0
8865057405fffff,Klang,3.1543013071665875,101.39551425319895,0.0,0.0,0.0,0.0,1.2410093868097039,0.0,0.004007300913082909,0.00023440706451022722,0.9997655929354897,8.88,0,0,0.0
8865050ebdfffff,Klang,2.993382146738066,101.46196498150692,3650.8413461538457,49.0,0.15205271160669018,0.1654622813534139,1.2410093868097039,0.1970195433581531,2.442060468820592,0.142848325660754,0.857151674339246,1.93,4,13,14.851864062496306
8865053b19fffff,Klang,2.968191757583678,101.387553381405,15820.312499999998,23.7,0.6588950836289907,0.08002971567501856,1.2410093868097039,0.45850630604137604,0.11484973944499531,0.006718135440034726,0.9932818645599653,4.65,0,1,40.05270010030047
8865052a03fffff,Klang,3.0494548273283955,101.24615797752975,0.0,0.0,0.0,0.0,1.2410093868097039,0.0,1.00350260056547e-05,5.869988401893296e-07,0.9999994130011598,18.26,0,0,0.0
8865053a2bfffff,Klang,2.946093764130425,101.37201633474395,2433.8942307692305,26.0,0.10136847440446012,0.08779631255487268,1.2410093868097039,0.11737763813519493,0.019407423620218696,0.0011352372330387533,0.9988647627669612,7.59,0,0,10.311124688553859
8865053b6dfffff,Klang,2.9874415122391067,101.43888842050573,8518.629807692307,27.9,0.3547896604156104,0.09421219693388261,1.2410093868097039,0.2786077598328562,3.234554292502488,0.18920525140228628,0.8107947485977137,0.81,5,11,19.866351488510453
8865050e3bfffff,Klang,2.9817410752598983,101.51046757004787,0.0,1.0,0.0,0.0033767812521104876,1.2410093868097039,0.00209530861553607,0.383089237076806,0.022408804693319698,0.9775911953066803,2.21,0,1,0.18014377515460808
8865050e8dfffff,Klang,2.9765142471600967,101.47844764774008,1216.9471153846152,11.1,0.05068423720223006,0.037482271898426414,1.2410093868097039,0.05470773269807893,1.5256340504893184,0.08924196286944773,0.9107580371305523,1.77,1,11,4.381932751714581
8865050e97fffff,Klang,2.979363608558112,101.4426570431502,9735.576923076922,20.6,0.4054738976178405,0.06956169379347606,1.2410093868097039,0.29476181400507145,2.6281489159842946,0.15373356926611925,0.8462664307338807,1.5,4,11,21.937761666678234
8865050c07fffff,Klang,3.036862915391612,101.50199611955009,0.0,0.0,0.0,0.0,1.2410093868097039,0.0,0.4167199729898232,0.024376034570405283,0.9756239654295947,3.35,0,4,0.0
8865052351fffff,Klang,2.917786413997475,101.23871194273235,0.0,0.0,0.0,0.0,1.2410093868097039,0.0,1.229239451215911e-06,7.190436096250375e-08,0.9999999280956391,21.85,0,0,0.0
8865050c89fffff,Klang,3.0256974620650574,101.44689129477118,1216.9471153846152,16.3,0.05068423720223006,0.055041534409400954,1.2410093868097039,0.0656033374988665,1.4062606518744587,0.08225921598898166,0.9177407840110183,2.11,0,11,5.294926619488328
88650538d5fffff,Klang,2.9767281131700383,101.28013687235295,0.0,0.0,0.0,0.0,1.2410093868097039,0.0,7.863071405662059e-05,4.599503571638608e-06,0.9999954004964283,15.63,0,0,0.0
8865053ab5fffff,Klang,2.959859705448003,101.29663751496597,0.0,0.0,0.0,0.0,1.2410093868097039,0.0,0.00018923181995675992,1.1069115195012109e-05,0.999988930884805,14.21,0,0,0.0
8865052121fffff,Klang,3.0199742885461505,101.22544061393224,0.0,0.0,0.0,0.0,1.2410093868097039,0.0,2.190428190860779e-06,1.2812909571223406e-07,0.9999998718709043,20.92,0,0,0.0
886505773dfffff,Klang,3.158095465912239,101.4454653137662,0.0,0.0,0.0,0.0,1.2410093868097039,0.0,0.006436449125928637,0.0003765000877654666,0.9996234999122345,8.84,0,0,0.0
8865053b55fffff,Klang,2.966768329851028,101.40545205544144,1216.9471153846152,8.0,0.05068423720223006,0.0270142500168839,1.2410093868097039,0.04821227598991711,0.31391182981413057,0.018362272296929945,0.98163772770307,3.51,0,1,4.162199138821511
8865053983fffff,Klang,3.0444692196269987,101.308843677656,0.0,0.0,0.0,0.0,1.2410093868097039,0.0,0.0009574271093305163,5.600469818674568e-05,0.9999439953018132,11.35,0,0,0.0
8865050e11fffff,Klang,2.966299967153876,101.50905352138776,3650.8413461538457,3.6,0.15205271160669018,0.012156412507597756,1.2410093868097039,0.10189253221281551,0.2879379223738162,0.016842928596768322,0.9831570714032317,2.98,0,2,8.810067628265593
886505749dfffff,Klang,3.145275986873881,101.31350587008441,0.0,0.0,0.0,0.0,1.2410093868097039,0.0,0.00013579860267898386,7.943539182357553e-06,0.9999920564608177,14.47,0,0,0.0
8865050c59fffff,Klang,2.9978961364450565,101.50293501576509,0.0,0.0,0.0,0.0,1.2410093868097039,0.0,0.5526604896788458,0.03232787501269504,0.9676721249873049,1.85,1,2,0.0
886505386dfffff,Klang,2.9924267616092606,101.37624116348762,0.0,0.0,0.0,0.0,1.2410093868097039,0.0,0.08738379425244225,0.005111514992449698,0.9948884850075503,4.83,0,1,0.0
8865057645fffff,Klang,3.080835305331435,101.43840632190047,1216.9471153846152,1.9,0.05068423720223006,0.006415884379009927,1.2410093868097039,0.03543089343514708,0.7881507598301178,0.04610287822412419,0.9538971217758758,1.3,1,5,2.9723340846266892
88650539c3fffff,Klang,3.0275945397121555,101.32534476740015,0.0,0.0,0.0,0.0,1.2410093868097039,0.0,0.003001442536570674,0.00017556937937869948,0.9998244306206213,9.94,0,0,0.0
8865053b57fffff,Klang,2.9674800686559055,101.39650286496276,1216.9471153846152,49.4,0.05068423720223006,0.1668129938542581,1.2410093868097039,0.13495805267311042,0.193975243693839,0.011346581763671022,0.988653418236329,4.0,0,1,11.734291022102127
8865053b2bfffff,Klang,2.9976569562288096,101.40827149859597,1216.9471153846152,62.4,0.05068423720223006,0.21071115013169445,1.2410093868097039,0.16219706467507936,0.8580421913226263,0.050191177467410295,0.9498088225325897,1.3,1,6,13.548560945835119
8865057431fffff,Klang,3.1638166046558127,101.37383174799622,0.0,0.0,0.0,0.0,1.2410093868097039,0.0,0.001050962435546111,6.147604703769494e-05,0.9999385239529623,10.94,0,0,0.0
8865050e81fffff,Klang,2.9772266622417667,101.46950044099464,1216.9471153846152,13.4,0.05068423720223006,0.045248868778280535,1.2410093868097039,0.059526942513811895,2.2566407688571157,0.13200220042246538,0.8679977995775346,1.07,2,11,4.544082213344841
8865053a33fffff,Klang,2.9482270698094752,101.3451665147468,0.0,0.0,0.0,0.0,1.2410093868097039,0.0,0.003854408745712708,0.00022546363727149677,0.9997745363627285,9.77,0,0,0.0
8865052a1bfffff,Klang,3.035426081356078,101.22684284229699,0.0,0.0,0.0,0.0,1.2410093868097039,0.0,2.4978211287360484e-06,1.4611004542910544e-07,0.9999998538899546,20.51,0,0,0.0
8865053ad5fffff,Klang,2.9201830319695707,101.3065520486344,3650.8413461538457,3.0,0.15205271160669018,0.010130343756331463,1.2410093868097039,0.10063534704349386,0.00012141550024346425,7.102199614007973e-06,0.999992897800386,15.07,0,0,8.85037033514761
88650576b3fffff,Klang,3.112936603933434,101.32860451520204,0.0,0.8,0.0,0.0027014250016883902,1.2410093868097039,0.0016762468924288562,0.0012272757156183021,7.178949224989799e-05,0.99992821050775,11.13,0,0,0.14740790922770033
8865050e0dfffff,Klang,2.9715259525617723,101.54106975617869,0.0,0.0,0.0,0.0,1.2410093868097039,0.0,0.06543480947646807,0.00382760914112754,0.9961723908588724,5.78,0,0,0.0
8865050c1bfffff,Klang,3.015478978253378,101.47750583823793,4867.788461538461,78.3,0.20273694880892024,0.2644019720402512,1.2410093868097039,0.2898618928589885,1.3940283833697114,0.08154368945012416,0.9184563105498759,1.1,2,10,23.413352620243124
8865053b01fffff,Klang,2.982212170641474,101.40686171402054,1216.9471153846152,35.8,0.05068423720223006,0.12088876882555545,1.2410093868097039,0.10646185550181987,0.6118030912703937,0.035787421457363494,0.9642125785426365,2.01,0,6,9.027776597222863
8865057633fffff,Klang,3.1079392501490593,101.39128488985847,1216.9471153846152,69.3,0.05068423720223006,0.23401094077125678,1.2410093868097039,0.17665469412227822,0.05948776317624034,0.003479736671358273,0.9965202633286417,4.96,0,1,15.481936997338224
8865050c11fffff,Klang,3.022844753975736,101.4826864146707,1216.9471153846152,48.9,0.05068423720223006,0.16512460322820285,1.2410093868097039,0.13391039836534238,1.1290457973862806,0.06604353324176013,0.9339564667582398,1.55,2,9,10.999043384876805
8865050e1bfffff,Klang,2.9589359277225027,101.50387368678973,0.0,0.6,0.0,0.0020260687512662925,1.2410093868097039,0.001257185169321642,0.29747195625535405,0.017400621902957554,0.9825993780970425,3.35,0,2,0.10863998915995254
8865057659fffff,Klang,3.0594455028125136,101.41391189716468,1216.9471153846152,2.0,0.05068423720223006,0.006753562504220975,1.2410093868097039,0.035640424296700696,1.0119182757634462,0.0591921589345972,0.9408078410654028,0.6,1,3,2.94888457337642
8865050c97fffff,Klang,3.0359165285647958,101.41627184440168,1216.9471153846152,1.7,0.05068423720223006,0.005740528128587829,1.2410093868097039,0.03501183171203987,0.6323651190758316,0.036990197261524985,0.963009802738475,2.24,0,3,2.965237745911099
8865050cb9fffff,Klang,3.0425705625227675,101.43040287596475,1216.9471153846152,125.1,0.05068423720223006,0.422435334639022,1.2410093868097039,0.29357291486919096,0.9518803692464455,0.05568024162885071,0.9443197583711493,1.59,1,6,24.380861152282066
8865050ca7fffff,Klang,3.064672337103279,101.44594551114315,1216.9471153846152,16.7,0.05068423720223006,0.05639224691024514,1.2410093868097039,0.06644146094508092,1.1001304597030501,0.06435213058130118,0.9356478694186988,1.89,1,7,5.4672078608735974
8865057655fffff,Klang,3.074894979576177,101.41532231194957,1216.9471153846152,3.3,0.05068423720223006,0.011143378131964608,1.2410093868097039,0.03836432549689758,0.7274358526351855,0.04255135976412765,0.9574486402358724,1.42,1,3,3.230405442639446
8865050ed5fffff,Klang,2.96178476653716,101.4680881471211,1216.9471153846152,93.3,0.05068423720223006,0.3150536908219085,1.2410093868097039,0.22694210089514388,2.085973408452305,0.12201901327782358,0.8779809867221764,0.51,4,10,17.523230012345014
8865053a8bfffff,Klang,2.9282598156996937,101.3027791407549,2433.8942307692305,1.0,0.10136847440446012,0.0033767812521104876,1.2410093868097039,0.06499492274679318,0.0001247584325739962,7.297744438679869e-06,0.9999927022555614,14.95,0,0,5.715973965697557
886505748bfffff,Klang,3.144561802015274,101.32246241904706,0.0,0.0,0.0,0.0,1.2410093868097039,0.0,0.00023741121010296008,1.3887368592752417e-05,0.9999861126314072,13.57,0,0,0.0
8865050c15fffff,Klang,3.0302106116019725,101.48786713640038,0.0,0.0,0.0,0.0,1.2410093868097039,0.0,0.8895700326584284,0.05203539852746141,0.9479646014725386,1.75,1,6,0.0
8865050c93fffff,Klang,3.028549353048905,101.41109144579653,1216.9471153846152,3.3,0.05068423720223006,0.011143378131964608,1.2410093868097039,0.03836432549689758,0.512969720563305,0.030006163497058078,0.9699938365029419,2.97,0,3,3.272732590642014
8865050e57fffff,Klang,2.9575112130037056,101.52176466946798,1216.9471153846152,47.0,0.05068423720223006,0.15870871884919294,1.2410093868097039,0.12992931199582386,0.10497304684318685,0.0061403983122085325,0.9938596016877914,4.66,0,1,11.356543169618272
88650531e3fffff,Klang,2.890718482508175,101.28584128582106,0.0,0.0,0.0,0.0,1.2410093868097039,0.0,1.0803603651826193e-05,6.319567891417177e-07,0.9999993680432109,18.85,0,0,0.0
8865050c01fffff,Klang,3.0287836212761987,101.50576299270756,0.0,0.0,0.0,0.0,1.2410093868097039,0.0,0.32569297541473524,0.019051410401779868,0.9809485895982202,3.74,0,3,0.0
8865052a07fffff,Klang,3.0568251791191674,101.25133769162933,0.0,0.0,0.0,0.0,1.2410093868097039,0.0,1.4203128264180602e-05,8.308119793049173e-07,0.9999991691880207,17.67,0,0,0.0
886505743bfffff,Klang,3.1564458297137725,101.36864958862198,0.0,0.4,0.0,0.0013507125008441951,1.2410093868097039,0.0008381234462144281,0.0013411411743720974,7.84500521914906e-05,0.9999215499478085,10.6,0,0,0.07370346366899785
8865050d93fffff,Klang,3.080121308628504,101.44735730766723,1216.9471153846152,37.8,0.05068423720223006,0.12764233132977643,1.2410093868097039,0.110652472732892,0.7325884336746263,0.042852759988943105,0.9571472400110569,2.29,0,6,9.314377908375672
88650574d7fffff,Klang,3.137190609859937,101.31728087634148,0.0,0.0,0.0,0.0,1.2410093868097039,0.0,0.00023964460398667934,1.401801096664267e-05,0.9999859819890333,13.67,0,0,0.0
8865050c9dfffff,Klang,3.027123509928537,101.42899195972993,1216.9471153846152,111.7,0.05068423720223006,0.3771864658607415,1.2410093868097039,0.2654957794210076,0.9227205221589158,0.053974536390933754,0.9460254636090663,2.6,0,10,22.088917200824056
88650574d9fffff,Klang,3.121020917985747,101.32483019891204,0.0,1.6,0.0,0.0054028500033767805,1.2410093868097039,0.0033524937848577125,0.0007218322962093649,4.222357973435606e-05,0.9999577764202656,12.0,0,0,0.29482453557989524
8865057615fffff,Klang,3.0917732375988205,101.39882814729853,1216.9471153846152,82.0,0.05068423720223006,0.27689606267306,1.2410093868097039,0.2032651135395863,0.1897897738315583,0.0111017527065842,0.9888982472934158,3.33,0,2,17.67780885288616
88650574c3fffff,Klang,3.135762404213042,101.33519301638881,0.0,0.0,0.0,0.0,1.2410093868097039,0.0,0.0007376056152815909,4.314624002403698e-05,0.999956853759976,11.86,0,0,0.0
8865052265fffff,Klang,2.902342416005535,101.23730970966169,0.0,0.0,0.0,0.0,1.2410093868097039,0.0,7.106777619055998e-07,4.15710952569394e-08,0.9999999584289048,22.72,0,0,0.0
8865050c1dfffff,Klang,3.022131449718324,101.49163445256313,0.0,0.0,0.0,0.0,1.2410093868097039,0.0,0.7080352167026523,0.041416519576876,0.958583480423124,2.42,0,4,0.0
8865050e05fffff,Klang,2.979602589645043,101.53730483758135,0.0,0.0,0.0,0.0,1.2410093868097039,0.0,0.07435458723969238,0.004349371536043989,0.995650628463956,5.18,0,0,0.0
8865050cd7fffff,Klang,3.0190439118985193,101.4327613991441,19471.153846153844,291.0,0.810947795235681,0.9826433443641519,1.2410093868097039,1.1129317201710531,1.2714282349988808,0.07437219384461555,0.9256278061553844,2.7,0,10,90.59805886078279
886505236bfffff,Klang,2.9391785903229533,101.26319791449323,0.0,0.0,0.0,0.0,1.2410093868097039,0.0,1.153961286865489e-05,6.75009647839209e-07,0.9999993249903522,18.45,0,0,0.0
8865053941fffff,Klang,3.0218949416829695,101.39696053737404,1216.9471153846152,11.0,0.05068423720223006,0.03714459377321536,1.2410093868097039,0.05449820183652532,0.28566978870910564,0.016710254119409795,0.9832897458805903,3.92,0,2,4.712785383213089
88650576b9fffff,Klang,3.1041390080474334,101.34133348033382,0.0,0.0,0.0,0.0,1.2410093868097039,0.0,0.003766804591900627,0.000220339232346738,0.9997796607676532,9.41,0,0,0.0
8865057711fffff,Klang,3.1359873458497556,101.42991827452687,2433.8942307692305,3.0,0.10136847440446012,0.010130343756331463,1.2410093868097039,0.0691855399778653,0.02662720637674973,0.0015575584210570544,0.9984424415789429,6.15,0,0,6.075084849893027
8865053909fffff,Klang,3.030687732815377,101.3842384718642,15820.312499999998,15.5,0.6588950836289907,0.05234010940771256,1.2410093868097039,0.4413247753939803,0.15070260842761787,0.008815348989695715,0.9911846510103043,3.99,0,1,38.47041369564381
8865050ebbfffff,Klang,2.9867291326060146,101.44783685154768,2433.8942307692305,203.4,0.10136847440446012,0.6868373066792732,1.2410093868097039,0.48908538653129374,3.574971639131038,0.20911796388939766,0.7908820361106024,0.81,5,12,34.018125374197965
8865057609fffff,Klang,3.082263141313976,101.4205034649948,2433.8942307692305,36.4,0.10136847440446012,0.12291483757682176,1.2410093868097039,0.13916884773677007,0.8568682342360441,0.05012250684833392,0.949877493151666,0.71,1,3,11.625820370800373
88650575c9fffff,Klang,3.178558390291356,101.38419650829667,0.0,0.0,0.0,0.0,1.2410093868097039,0.0,0.0006035217372139646,3.530300365679358e-05,0.9999646969963432,11.85,0,0,0.0
8865053a25fffff,Klang,2.9608256728204645,101.38237421893663,1216.9471153846152,24.0,0.05068423720223006,0.0810427500506517,1.2410093868097039,0.08173721383849424,0.06416436305258305,0.0037532943783234415,0.9962467056216766,5.62,0,0,7.161445772858198
88650539d5fffff,Klang,3.0283067575602685,101.31639148754402,0.0,0.0,0.0,0.0,1.2410093868097039,0.0,0.001599392507358982,9.355646375985399e-05,0.9999064435362401,10.87,0,0,0.0
886505761dfffff,Klang,3.083690767008449,101.40259943040915,1216.9471153846152,50.9,0.05068423720223006,0.17187816573242382,1.2410093868097039,0.13810101559641452,0.31746942941867223,0.018570374083666446,0.9814296259163335,2.7,0,2,11.919828739094202
88650539dbfffff,Klang,3.013569567599334,101.30603228472997,0.0,0.0,0.0,0.0,1.2410093868097039,0.0,0.000715950653248465,4.18795330328816e-05,0.9999581204669671,12.49,0,0,0.0
8865057541fffff,Klang,3.1816358909051092,101.44310679833843,0.0,0.0,0.0,0.0,1.2410093868097039,0.0,0.0023264764322221843,0.0001360872375091703,0.9998639127624909,11.36,0,0,0.0
8865057663fffff,Klang,3.0969997072186684,101.43086621011952,2433.8942307692305,4.8,0.10136847440446012,0.01620855001013034,1.2410093868097039,0.07295709548583025,0.4125512806137293,0.024132186912362907,0.975867813087637,1.86,1,1,6.2614152890896655
886505385bfffff,Klang,2.9570157463396014,101.33244383370855,1216.9471153846152,11.0,0.05068423720223006,0.03714459377321536,1.2410093868097039,0.05449820183652532,0.002122665573637098,0.00012416532145832776,0.9998758346785417,10.57,0,0,4.792280442710183
8865057455fffff,Klang,3.1314764866033147,101.38892245163754,0.0,1.4,0.0,0.004727493752954682,1.2410093868097039,0.002933432061750498,0.013966605018117218,0.000816976552168128,0.9991830234478318,7.03,0,0,0.2577715960309455
8865057637fffff,Klang,3.115308558539437,101.39646642107108,1216.9471153846152,4.0,0.05068423720223006,0.01350712500844195,1.2410093868097039,0.03983104152777283,0.05024087058612717,0.002938839694838917,0.9970611603051611,5.1,0,0,3.492669094887827
8865057469fffff,Klang,3.1447865895719356,101.41719401308734,0.0,0.4,0.0,0.0013507125008441951,1.2410093868097039,0.0008381234462144281,0.012509375444310933,0.0007317359091212769,0.9992682640908788,7.19,0,0,0.07365531046095447
8865050c87fffff,Klang,3.041857286466464,101.43935306770601,7301.6826923076915,81.89999999999999,0.30410542321338035,0.2765583845478489,1.2410093868097039,0.36030461800617547,1.3405137902931645,0.07841335336016926,0.9215866466398307,0.65,1,10,29.20249656007492
8865057681fffff,Klang,3.0953419347315876,101.35406125620356,3650.8413461538457,2.0,0.15205271160669018,0.006753562504220975,1.2410093868097039,0.09854003842795779,0.011464970925291916,0.0006706434674069058,0.9993293565325931,7.69,0,0,8.660348173639466
886505771bfffff,Klang,3.1286181290005115,101.42473622053704,1216.9471153846152,11.0,0.05068423720223006,0.03714459377321536,1.2410093868097039,0.05449820183652532,0.0432971369249943,0.0025326659984905658,0.9974673340015094,5.32,0,0,4.7807367986991185
8865053b69fffff,Klang,2.9800758241601035,101.43370865273859,2433.8942307692305,10.3,0.10136847440446012,0.03478084689673803,1.2410093868097039,0.08448129287127863,2.008896814215137,0.11751041794409288,0.8824895820559071,1.81,1,10,6.55668196100561
8865057445fffff,Klang,3.1374169630401845,101.41201189516549,1216.9471153846152,2.3,0.05068423720223006,0.007766596879854122,1.2410093868097039,0.03626901688136151,0.0191544013048174,0.0011204366928509264,0.9988795633071491,6.5,0,0,3.186125591293775
8865050ed7fffff,Klang,2.9624968528552964,101.45914102001375,13386.418269230768,62.8,0.5575266092245306,0.21206186263253862,1.2410093868097039,0.4775332587775792,2.425873971624949,0.14190149651699133,0.8580985034830086,0.82,4,10,36.03750771909251
8865052a55fffff,Klang,3.0332908308325632,101.25371044928731,0.0,0.0,0.0,0.0,1.2410093868097039,0.0,1.769950555250882e-05,1.0353325666911857e-06,0.9999989646674333,17.58,0,0,0.0
8865053b27fffff,Klang,3.0131026844269346,101.40968140918291,24010.366586538483,50.4,1.0,0.17018977510636857,1.2410093868097039,0.7261082476278699,0.6371180288113059,0.037268218713654336,0.9627317812863456,2.3,0,7,61.478131301126005
8865053b35fffff,Klang,3.006448328381273,101.395551129161,1216.9471153846152,170.7,0.05068423720223006,0.5764165597352602,1.2410093868097039,0.38911898773763565,0.3227238778829373,0.018877733043435974,0.981122266956564,2.97,0,1,33.57527166597271
88650538d1fffff,Klang,2.969360086319905,101.27495823530218,0.0,0.0,0.0,0.0,1.2410093868097039,0.0,4.8591094198709986e-05,2.8423360260452408e-06,0.9999971576639739,16.32,0,0,0.0
886505380dfffff,Klang,2.9864835069106452,101.35315992090949,1216.9471153846152,11.0,0.05068423720223006,0.03714459377321536,1.2410093868097039,0.05449820183652532,0.016066125429013266,0.0009397879973457831,0.9990602120026543,7.45,0,0,4.788371264727557
8865053881fffff,Klang,2.9921757896106307,101.28154124650311,0.0,0.0,0.0,0.0,1.2410093868097039,0.0,0.00010495910254468686,6.139582640476129e-06,0.9999938604173595,15.34,0,0,0.0
88650576b5fffff,Klang,3.119593150708536,101.34274100265038,0.0,0.0,0.0,0.0,1.2410093868097039,0.0,0.0023124886557256176,0.00013526902253138296,0.9998647309774686,10.27,0,0,0.0
8865050cc3fffff,Klang,3.017618090945869,101.4506600623966,1216.9471153846152,30.5,0.05068423720223006,0.10299182818936987,1.2410093868097039,0.0953567198394787,1.798522949969125,0.10520459888104602,0.894795401118954,1.89,1,9,7.503934357976928
8865053927fffff,Klang,3.069667272275909,101.38328506355116,0.0,0.0,0.0,0.0,1.2410093868097039,0.0,0.15919085991267293,0.009311869255229158,0.9906881307447708,3.42,0,2,0.0
8865057687fffff,Klang,3.1034253176150557,101.35028806847997,0.0,0.4,0.0,0.0013507125008441951,1.2410093868097039,0.0008381234462144281,0.006851178394586714,0.00040075967608717896,0.9995992403239128,8.57,0,0,0.07367970646958935
886505772bfffff,Klang,3.1573800785517343,101.45441818310648,2433.8942307692305,1.0,0.10136847440446012,0.0033767812521104876,1.2410093868097039,0.06499492274679318,0.00730829828633232,0.00042749890388100233,0.999572501096119,9.06,0,0,5.713572089281548
8865057449fffff,Klang,3.121963495899112,101.4106013529954,0.0,0.0,0.0,0.0,1.2410093868097039,0.0,0.05381317537617283,0.003147801661392663,0.9968521983386074,4.92,0,1,0.0
886505396dfffff,Klang,3.0439969599069565,101.41250160845206,6084.735576923076,7.899999999999999,0.25342118601115027,0.02667657189167285,1.2410093868097039,0.1738019733908777,0.7353490028170778,0.0430142394792771,0.9569857605207229,1.27,1,3,14.627636467469342
8865050e9dfffff,Klang,2.9705739162815656,101.45537319443713,23121.995192307688,101.5,0.9630005068423709,0.3427432970892145,1.2410093868097039,0.8102201587238534,3.2292305787622277,0.1888938407702389,0.811106159229761,0.28,4,11,57.79559289639084
8865053127fffff,Klang,2.9099758761682604,101.33717476575053,0.0,0.0,0.0,0.0,1.2410093868097039,0.0,0.0005354709141660277,3.132237080337009e-05,0.9999686776291966,13.17,0,0,0.0
886505389dfffff,Klang,2.9855185702454383,101.26740876968343,0.0,0.0,0.0,0.0,1.2410093868097039,0.0,3.5392283133348936e-05,2.070271580683641e-06,0.9999979297284193,16.94,0,0,0.0
8865050e69fffff,Klang,2.9701002808069314,101.55895909420217,0.0,0.0,0.0,0.0,1.2410093868097039,0.0,0.11039000096217902,0.006457263040153975,0.9935427369598461,3.82,0,1,0.0
8865057705fffff,Klang,3.1492955182591453,101.45818818303366,0.0,0.5,0.0,0.0016883906260552438,1.2410093868097039,0.001047654307768035,0.011764789297843713,0.0006881813429297182,0.9993118186570703,8.38,0,0,0.09207315104399424
8865050eb7fffff,Klang,3.002173141123696,101.44924839391594,2433.8942307692305,73.5,0.10136847440446012,0.24819342203012085,1.2410093868097039,0.21690479737315826,3.589878944789715,0.2099899667249718,0.7900100332750282,0.62,5,13,15.070086464886074
88650538c7fffff,Klang,2.9833849815594937,101.29426867058312,0.0,0.0,0.0,0.0,1.2410093868097039,0.0,0.0002359698711631065,1.380305747232911e-05,0.9999861969425277,13.99,0,0,0.0
8865050c57fffff,Klang,3.0140526496298343,101.49540153785239,0.0,0.0,0.0,0.0,1.2410093868097039,0.0,0.5926942461792617,0.034669649575204804,0.9653303504247952,3.09,0,3,0.0
8865057607fffff,Klang,3.098427992336364,101.41296201013235,0.0,0.0,0.0,0.0,1.2410093868097039,0.0,0.2670922272753284,0.015623559674469807,0.9843764403255302,2.49,0,2,0.0
8865053ad1fffff,Klang,2.9128167581672737,101.30137413559255,1216.9471153846152,23.0,0.05068423720223006,0.07766596879854122,1.2410093868097039,0.07964190522295818,6.684747158357263e-05,3.910242810236372e-06,0.9999960897571898,16.0,0,0,7.004125548601293
8865057753fffff,Klang,3.1198198210007364,101.43745934892164,1216.9471153846152,16.1,0.05068423720223006,0.05436617815897886,1.2410093868097039,0.06518427577575929,0.08383682675509502,0.004904035130817169,0.9950959648691828,4.5,0,1,5.704555232800457
8865053b6bfffff,Klang,2.9807879897467617,101.42475996746506,21905.048076923074,46.4,0.912316269640141,0.15668265009792662,1.2410093868097039,0.6633188469421876,1.4323530103676605,0.08378548848341098,0.9162145115165891,1.68,1,9,53.44824909481366
8865057685fffff,Klang,3.102711573770836,101.35924236549477,0.0,1.0,0.0,0.0033767812521104876,1.2410093868097039,0.00209530861553607,0.012318492087423943,0.0007205701872745203,0.9992794298127254,7.76,0,0,0.18414033369473667
8865050e01fffff,Klang,2.9722387144927036,101.5321246370772,0.0,0.0,0.0,0.0,1.2410093868097039,0.0,0.08661127445688924,0.0050663264474716,0.9949336735525284,4.81,0,1,0.0
8865057619fffff,Klang,3.0763222761069793,101.39741836050761,0.0,0.0,0.0,0.0,1.2410093868097039,0.0,0.3095070687379862,0.018104615800419537,0.9818953841995804,2.76,0,2,0.0
88650538e5fffff,Klang,3.005489370479831,101.30980605245728,0.0,0.0,0.0,0.0,1.2410093868097039,0.0,0.0008882283955904948,5.195691946797634e-05,0.999948043080532,12.26,0,0,0.0
88650576c3fffff,Klang,3.0791762383084498,101.36160694120993,0.0,0.0,0.0,0.0,1.2410093868097039,0.0,0.029767570693412626,0.0017412540298790279,0.998258745970121,6.05,0,0,0.0
886505212bfffff,Klang,3.012604373061553,101.220261646624,0.0,0.0,0.0,0.0,1.2410093868097039,0.0,1.4553630357065764e-06,8.51314599018268e-08,0.9999999148685401,21.65,0,0,0.0
88650538adfffff,Klang,3.0142814096968036,101.29707880449452,0.0,0.0,0.0,0.0,1.2410093868097039,0.0,0.000379686600828889,2.2209767488036127e-05,0.999977790232512,13.39,0,0,0.0
88650538e7fffff,Klang,3.0062011020992334,101.30085290556563,0.0,0.0,0.0,0.0,1.2410093868097039,0.0,0.00047204516773665116,2.7612281803978647e-05,0.9999723877181961,13.26,0,0,0.0
8865053837fffff,Klang,3.012145729216567,101.32393837815304,0.0,0.0,0.0,0.0,1.2410093868097039,0.0,0.0025190228710801127,0.00014735024133482065,0.9998526497586652,10.74,0,0,0.0
8865057425fffff,Klang,3.177127772020876,101.40210683113116,0.0,0.0,0.0,0.0,1.2410093868097039,0.0,0.0010786202632722156,6.309389165396511e-05,0.9999369061083461,11.06,0,0,0.0
8865050c4bfffff,Klang,3.0045479111517523,101.51706222632764,0.0,0.0,0.0,0.0,1.2410093868097039,0.0,0.20969384643801464,0.01226604142177541,0.9877339585782245,3.53,0,1,0.0
8865057689fffff,Klang,3.0872589081616044,101.3578342137841,0.0,0.0,0.0,0.0,1.2410093868097039,0.0,0.018738804053520294,0.0010961263318852643,0.9989038736681147,6.85,0,0,0.0
8865057667fffff,Klang,3.104368110538971,101.4360478020419,0.0,0.0,0.0,0.0,1.2410093868097039,0.0,0.24209083094544,0.014161103011129973,0.9858388969888701,2.82,0,1,0.0
8865053121fffff,Klang,2.901900155175225,101.3409462137597,0.0,0.0,0.0,0.0,1.2410093868097039,0.0,0.0004610240524658471,2.6967601672815118e-05,0.9999730323983271,13.55,0,0,0.0
886505216dfffff,Klang,3.002389805337437,101.2509038463923,0.0,0.0,0.0,0.0,1.2410093868097039,0.0,1.2642605737209132e-05,7.39529215024546e-07,0.999999260470785,18.67,0,0,0.0
88650575cbfffff,Klang,3.1792736168139375,101.37524090735984,0.0,0.0,0.0,0.0,1.2410093868097039,0.0,0.0004303615117629934,2.5173996372769963e-05,0.9999748260036272,12.35,0,0,0.0
8865057729fffff,Klang,3.1566646369390448,101.46337075628652,1216.9471153846152,1.3,0.05068423720223006,0.004389815627743634,1.2410093868097039,0.03417370826582544,0.008765528400534186,0.0005127395785382926,0.9994872604214617,9.37,0,0,3.0038853311551166
8865053883fffff,Klang,2.9928870960434573,101.27258761321642,0.0,0.0,0.0,0.0,1.2410093868097039,0.0,5.558554316306109e-05,3.251476314024962e-06,0.999996748523686,16.34,0,0,0.0
886505230dfffff,Klang,2.9398888731314465,101.25424517445508,0.0,0.0,0.0,0.0,1.2410093868097039,0.0,6.297787590048532e-06,3.683890813072245e-07,0.9999996316109186,19.37,0,0,0.0
8865052357fffff,Klang,2.9258637223108064,101.23493660376087,0.0,0.0,0.0,0.0,1.2410093868097039,0.0,1.1737312639287567e-06,6.865740958039362e-08,0.9999999313425905,21.91,0,0,0.0
8865050ee5fffff,Klang,2.9905312687422,101.49775471796791,3650.8413461538457,2.6,0.15205271160669018,0.008779631255487268,1.2410093868097039,0.09979722359727945,0.9062442227115475,0.053010755264630005,0.94698924473537,0.88,1,4,8.311463181373018
8865053ac9fffff,Klang,2.910686169924622,101.32822504240688,0.0,0.0,0.0,0.0,1.2410093868097039,0.0,0.00032465847052384414,1.899089703880691e-05,0.9999810091029612,13.82,0,0,0.0
8865050eb1fffff,Klang,2.994094740854406,101.45301680578241,3650.8413461538457,24.7,0.15205271160669018,0.08340649692712905,1.2410093868097039,0.1461035440006266,3.5702409934537664,0.20884124477333954,0.7911587552266605,0.94,5,13,10.165725270738383
88650538a1fffff,Klang,3.014993200320777,101.28812503580754,0.0,0.0,0.0,0.0,1.2410093868097039,0.0,0.00020076509781547232,1.1743754276448528e-05,0.9999882562457235,14.31,0,0,0.0
886505746bfffff,Klang,3.1455014825963015,101.4082403404665,0.0,2.0,0.0,0.006753562504220975,1.2410093868097039,0.00419061723107214,0.01008059769709049,0.0005896645562525666,0.9994103354437475,7.48,0,0,0.3683289121663791
88650575c3fffff,Klang,3.1873601285000444,101.37146752974971,0.0,0.0,0.0,0.0,1.2410093868097039,0.0,0.00024070896289206828,1.4080270640175797e-05,0.9999859197293598,13.34,0,0,0.0
886505380bfffff,Klang,2.979827986583344,101.33902940115871,4867.788461538461,29.4,0.20273694880892024,0.09927736881204834,1.2410093868097039,0.18740130155927467,0.005393391245181742,0.0003154864176560166,0.999684513582344,9.12,0,0,16.475915153775524
8865057441fffff,Klang,3.1300474154084905,101.40682992380313,0.0,0.0,0.0,0.0,1.2410093868097039,0.0,0.028145354112907035,0.0016463624719741357,0.9983536375280259,5.91,0,0,0.0
8865050e23fffff,Klang,2.9957569565060065,101.52977430713314,0.0,0.0,0.0,0.0,1.2410093868097039,0.0,0.10622504581288317,0.006213633991190914,0.9937863660088091,4.43,0,1,0.0
8865057435fffff,Klang,3.1711874583229274,101.37901405458064,0.0,0.0,0.0,0.0,1.2410093868097039,0.0,0.0007994530764455457,4.676400722777304e-05,0.9999532359927722,11.36,0,0,0.0
8865050c47fffff,Klang,3.019991232515781,101.51847677849577,0.0,0.0,0.0,0.0,1.2410093868097039,0.0,0.16171062846526071,0.009459263115203323,0.9905407368847967,4.84,0,1,0.0
886505743dfffff,Klang,3.1631016534312084,101.38278697140045,0.0,0.0,0.0,0.0,1.2410093868097039,0.0,0.0015138615532449596,8.855333065019123e-05,0.9999114466693498,10.37,0,0,0.0
8865050cbdfffff,Klang,3.0499377389443274,101.43558360828919,2433.8942307692305,55.9,0.10136847440446012,0.18876207199297626,1.2410093868097039,0.18002736573972344,1.1111934427589352,0.06499925976852794,0.9350007402314721,1.16,1,6,14.803501803900009
8865050c03fffff,Klang,3.029497141905747,101.49681521352127,0.0,0.0,0.0,0.0,1.2410093868097039,0.0,0.5423276721343296,0.0317234568566184,0.9682765431433816,2.74,0,5,0.0
8865053863fffff,Klang,2.9938506642358673,101.35833931138235,1216.9471153846152,6.0,0.05068423720223006,0.020260687512662925,1.2410093868097039,0.04402165875884497,0.0249436034750012,0.0014590760703278296,0.9985409239296722,6.81,0,0,3.865861147043705
8865052147fffff,Klang,2.9883626422270746,101.23159155254598,0.0,0.0,0.0,0.0,1.2410093868097039,0.0,2.760680614277431e-06,1.614860108783837e-07,0.9999998385139891,20.9,0,0,0.0
886505399dfffff,Klang,3.0371000860406583,101.30366379474368,0.0,0.0,0.0,0.0,1.2410093868097039,0.0,0.0006587802300659729,3.853534916306943e-05,0.9999614646508369,12.03,0,0,0.0
8865057481fffff,Klang,3.1519330748977517,101.3276441097889,0.0,0.5,0.0,0.0016883906260552438,1.2410093868097039,0.001047654307768035,0.00022623745018924188,1.3233759513293067e-05,0.9999867662404867,13.55,0,0,0.09213533839096089
886505740bfffff,Klang,3.139560983981402,101.38515012130658,1216.9471153846152,2.4,0.05068423720223006,0.00810427500506517,1.2410093868097039,0.036478547742915125,0.007320793088123165,0.00042822978730427285,0.9995717702126957,8.0,0,0,3.206752943695118
8865057703fffff,Klang,3.142641586037672,101.44405326300797,0.0,0.5,0.0,0.0016883906260552438,1.2410093868097039,0.001047654307768035,0.0172241727580327,0.0010075279751630513,0.998992472024837,7.14,0,0,0.09204372754458592
8865057543fffff,Klang,3.182351613365103,101.43415292016417,0.0,0.4,0.0,0.0013507125008441951,1.2410093868097039,0.0008381234462144281,0.0017946226111078829,0.00010497644856169414,0.9998950235514383,11.32,0,0,0.07370150842831798
8865050e99fffff,Klang,2.963208889702981,101.45019359687346,4867.788461538461,69.0,0.20273694880892024,0.23299790639562365,1.2410093868097039,0.27037552273450305,2.1250089990925725,0.12430240012894192,0.8756975998710581,0.75,4,10,20.82262659030952
8865057617fffff,Klang,3.0924870830676117,101.3898753542095,1216.9471153846152,50.8,0.05068423720223006,0.17154048760721277,1.2410093868097039,0.1378914847348609,0.11305243631340606,0.006613002194429079,0.9933869978055709,4.29,0,2,12.046750027382764
8865050d97fffff,Klang,3.087489055851362,101.45253872941758,7301.6826923076915,164.1,0.30410542321338035,0.554129803471331,1.2410093868097039,0.5325389862032404,0.5309508423280661,0.031057969203916257,0.9689420307960838,2.96,0,5,45.379863151969374
8865050c05fffff,Klang,3.036149228984724,101.51094393755899,0.0,0.0,0.0,0.0,1.2410093868097039,0.0,0.24593887772552273,0.014386194505225755,0.9856138054947743,4.22,0,2,0.0
8865050f1dfffff,Klang,3.0171369014214497,101.55426235926903,0.0,0.0,0.0,0.0,1.2410093868097039,0.0,0.04419552187943299,0.002585217025862283,0.9974147829741378,7.08,0,0,0.0
8865057519fffff,Klang,3.184498450769688,101.40728951585892,2433.8942307692305,2.0,0.10136847440446012,0.006753562504220975,1.2410093868097039,0.06709023136232925,0.0008453941152471567,4.9451328264952484e-05,0.999950548671735,11.73,0,0,5.899997018009145
88650539e3fffff,Klang,3.050413183557936,101.33193140180398,0.0,0.0,0.0,0.0,1.2410093868097039,0.0,0.004979743057140546,0.0002912900671443411,0.9997087099328557,8.74,0,0,0.0
88650576e7fffff,Klang,3.109367333065175,101.37337767045074,1216.9471153846152,27.0,0.05068423720223006,0.09117309380698317,1.2410093868097039,0.08802313968510245,0.021523210632763017,0.0012590001930700798,0.9987409998069299,6.72,0,0,7.731499168721115
8865053991fffff,Klang,3.0378123104997274,101.29470960317953,0.0,0.0,0.0,0.0,1.2410093868097039,0.0,0.0003461953053300337,2.0250694177893415e-05,0.9999797493058221,13.0,0,0,0.0
8865050eb3fffff,Klang,2.994807284701224,101.44406833425768,3650.8413461538457,236.4,0.15205271160669018,0.7982710879989193,1.2410093868097039,0.5896803779096127,5.144568174678822,0.3009315122960048,0.6990684877039952,0.03,5,11,36.25353680906373
8865050ecdfffff,Klang,2.959648211341235,101.49492774802962,0.0,0.0,0.0,0.0,1.2410093868097039,0.0,0.4891304071110694,0.028611682870950398,0.9713883171290496,2.98,0,5,0.0
8865053861fffff,Klang,2.9931387382410084,101.36729038330581,0.0,0.0,0.0,0.0,1.2410093868097039,0.0,0.04664593917226519,0.00272855418393859,0.9972714458160614,5.82,0,0,0.0
8865057721fffff,Klang,3.1647494406428303,101.45960086201569,0.0,0.4,0.0,0.0013507125008441951,1.2410093868097039,0.0008381234462144281,0.005765865058229094,0.00033727427312709254,0.9996627257268729,10.02,0,0,0.0736843859307839
886505395dfffff,Klang,3.01524023572122,101.38282956626455,1216.9471153846152,41.0,0.05068423720223006,0.13844803133653,1.2410093868097039,0.11735746030260744,0.13291592409740127,0.007774916900454737,0.9922250830995453,4.67,0,1,10.24082355997743
8865052167fffff,Klang,3.011181784938826,101.2381728197796,0.0,0.0,0.0,0.0,1.2410093868097039,0.0,5.3190300390119114e-06,3.1113665894565815e-07,0.999999688863341,19.75,0,0,0.0
886505761bfffff,Klang,3.0770358456025995,101.38846594460078,0.0,0.0,0.0,0.0,1.2410093868097039,0.0,0.18096214007576406,0.010585380275327174,0.9894146197246728,3.44,0,2,0.0
8865053985fffff,Klang,3.051125837081473,101.32297770014313,0.0,0.0,0.0,0.0,1.2410093868097039,0.0,0.0026162114970254293,0.0001530352899512715,0.9998469647100487,9.73,0,0,0.0
8865053805fffff,Klang,2.9945625395356754,101.34938794813989,0.0,0.0,0.0,0.0,1.2410093868097039,0.0,0.01335044997668231,0.0007809345633884982,0.9992190654366115,7.81,0,0,0.0
88650576a7fffff,Klang,3.1262493972301577,101.35687743396441,0.0,0.0,0.0,0.0,1.2410093868097039,0.0,0.003911368439486556,0.00022879549452467653,0.9997712045054753,9.26,0,0,0.0
8865053a01fffff,Klang,2.9306513295739425,101.37060831028737,2433.8942307692305,1.0,0.10136847440446012,0.0033767812521104876,1.2410093868097039,0.06499492274679318,0.009243101790519173,0.0005406752336993759,0.9994593247663006,8.99,0,0,5.7129251716057325
8865052a53fffff,Klang,3.0266327027920803,101.23957555339172,0.0,0.0,0.0,0.0,1.2410093868097039,0.0,6.256992784337731e-06,3.6600278917160917e-07,0.9999996339972108,19.24,0,0,0.0
8865053835fffff,Klang,3.0114337330476144,101.3328909904943,0.0,0.0,0.0,0.0,1.2410093868097039,0.0,0.004695896198386035,0.0002746864453115333,0.9997253135546885,9.81,0,0,0.0
886505764bfffff,Klang,3.066099722442618,101.42804399774442,1216.9471153846152,43.5,0.05068423720223006,0.1468899844668062,1.2410093868097039,0.1225957318414476,0.8884450682340689,0.05196959373413241,0.9480304062658675,1.64,1,5,10.221428541491077
886505770bfffff,Klang,3.1345575132906207,101.4478234740405,2433.8942307692305,1.2,0.10136847440446012,0.004052137502532585,1.2410093868097039,0.06541398446990039,0.029413812101437956,0.0017205609212533873,0.9982794390787466,6.42,0,0,5.7429721389727595
8865053901fffff,Klang,3.0387682539038927,101.38046712561099,1216.9471153846152,151.6,0.05068423720223006,0.5119200378199499,1.2410093868097039,0.34909859318089675,0.13439223509693873,0.007861273711488303,0.9921387262885117,3.8,0,1,30.460321302890733
8865057647fffff,Klang,3.0815492495794445,101.42945504086887,1216.9471153846152,3.6,0.05068423720223006,0.012156412507597756,1.2410093868097039,0.03899291808155841,1.0906571485179242,0.06379798924920219,0.9362020107507978,0.32,1,5,3.2104749560522237
88650574e5fffff,Klang,3.165246342701148,101.35592042454759,0.0,0.0,0.0,0.0,1.2410093868097039,0.0,0.0004615066890170031,2.6995833497585866e-05,0.9999730041665024,12.25,0,0,0.0
8865053831fffff,Klang,3.004065753697717,101.32771147869859,0.0,0.0,0.0,0.0,1.2410093868097039,0.0,0.003119258552646254,0.0001824610271684633,0.9998175389728315,10.26,0,0,0.0
8865053ae7fffff,Klang,2.9496490254929237,101.32726518097257,3650.8413461538457,11.0,0.15205271160669018,0.03714459377321536,1.2410093868097039,0.11739781596778243,0.0012231894127820312,7.155046396793821e-05,0.9999284495360321,11.44,0,0,10.323879384738454
88650574e9fffff,Klang,3.149789701014552,101.35451214654664,0.0,0.0,0.0,0.0,1.2410093868097039,0.0,0.0010323079796786374,6.038485465290194e-05,0.9999396151453471,11.1,0,0,0.0
8865053965fffff,Klang,3.0520777507348402,101.4087311420763,1216.9471153846152,15.3,0.05068423720223006,0.051664753157290466,1.2410093868097039,0.06350802888333043,1.0113744510349532,0.05916034790742978,0.9408396520925703,0.4,1,3,5.25482461783062
886505235dfffff,Klang,2.917076610833291,101.2476645445007,0.0,0.0,0.0,0.0,1.2410093868097039,0.0,2.21584701250421e-06,1.296159696690395e-07,0.9999998703840304,20.98,0,0,0.0
88650575c1fffff,Klang,3.18664479197374,101.38042346576152,0.0,0.0,0.0,0.0,1.2410093868097039,0.0,0.00034217641943646454,2.0015609449956583e-05,0.99997998439055,12.84,0,0,0.0
8865050d99fffff,Klang,3.0713258219986592,101.46007703533536,1216.9471153846152,28.0,0.05068423720223006,0.09454987505909365,1.2410093868097039,0.09011844830063852,1.3941683841240526,0.08155187879416549,0.9184481212058345,1.07,2,6,7.279177588379639
8865057719fffff,Klang,3.127903405238369,101.43368892706026,0.0,0.0,0.0,0.0,1.2410093868097039,0.0,0.04778146315745825,0.0027949766587722267,0.9972050233412277,5.3,0,0,0.0
8865050ddbfffff,Klang,3.05516402492265,101.46761441824434,2433.8942307692305,188.9,0.10136847440446012,0.6378739785236711,1.2410093868097039,0.45870341160602074,1.9169150040894802,0.11212994201589391,0.8878700579841061,0.94,3,6,35.81750746732278
8865057627fffff,Klang,3.121248991109614,101.41955431288984,1216.9471153846152,35.0,0.05068423720223006,0.11818734382386707,1.2410093868097039,0.104785608609391,0.06840820596671819,0.004001537967043519,0.9959984620329565,4.57,0,1,9.178554427122272
8865053ac7fffff,Klang,2.926838927065993,101.32068078979432,0.0,0.0,0.0,0.0,1.2410093868097039,0.0,0.00038095279334650735,2.2283833418595705e-05,0.9999777161665814,13.35,0,0,0.0
8865050cb7fffff,Klang,3.0587320529345723,101.42286305497622,1216.9471153846152,3.4,0.05068423720223006,0.011481056257175657,1.2410093868097039,0.03857385635845119,0.8977999709642503,0.052516808763730355,0.9474831912362697,1.43,1,4,3.214241859081374
8865050c91fffff,Klang,3.027836457110777,101.42004184991363,4867.788461538461,32.4,0.20273694880892024,0.1094077125683798,1.2410093868097039,0.19368722740588287,0.6929893464644145,0.04053641140630344,0.9594635885936965,3.23,0,8,16.343439508600174
8865050e19fffff,Klang,2.958223594923948,101.51281932740959,1216.9471153846152,2.7,0.05068423720223006,0.009117309380698317,1.2410093868097039,0.03710714032757594,0.17653588416643667,0.0103264664385626,0.9896735335614374,3.93,0,1,3.2297092134058345
8865050d83fffff,Klang,3.0860605742233305,101.47043989373157,0.0,0.0,0.0,0.0,1.2410093868097039,0.0,0.5726147373746917,0.03349509871971003,0.96650490128029,2.43,0,4,0.0
88650539d3fffff,Klang,3.0216501235776883,101.30225828726671,0.0,0.0,0.0,0.0,1.2410093868097039,0.0,0.0005701751653327475,3.3352395954577924e-05,0.9999666476040454,12.59,0,0,0.0
8865053a89fffff,Klang,2.9275493960257846,101.31173010977156,2433.8942307692305,1.0,0.10136847440446012,0.0033767812521104876,1.2410093868097039,0.06499492274679318,0.00021907476754208884,1.2814778396138627e-05,0.9999871852216039,14.14,0,0,5.715942430244949
8865053b37fffff,Klang,3.0071606820137338,101.3866005567097,1216.9471153846152,34.0,0.05068423720223006,0.11481056257175659,1.2410093868097039,0.10269029999385494,0.17820714062956777,0.010424226584372295,0.9895757734156277,3.92,0,1,8.937014376993405
88650574e7fffff,Klang,3.16596112940427,101.34696432534983,0.0,0.0,0.0,0.0,1.2410093868097039,0.0,0.00029421635207512413,1.721018533838526e-05,0.9999827898146616,12.96,0,0,0.0
8865057465fffff,Klang,3.160241301892086,101.41860493300972,1216.9471153846152,1.3,0.05068423720223006,0.004389815627743634,1.2410093868097039,0.03417370826582544,0.004353097841988316,0.0002546344556594008,0.9997453655443406,8.88,0,0,3.0046610470878883
886505388dfffff,Klang,2.991464432174596,101.29049459211387,0.0,0.0,0.0,0.0,1.2410093868097039,0.0,0.000197860436520638,1.157384611574722e-05,0.9999884261538843,14.35,0,0,0.0
88650576cdfffff,Klang,3.0777493625070367,101.37951323580035,0.0,0.0,0.0,0.0,1.2410093868097039,0.0,0.10131409196341118,0.005926367748707937,0.9940736322512921,4.25,0,1,0.0
8865050eabfffff,Klang,2.9926695024104397,101.47091286100944,4867.788461538461,39.7,0.20273694880892024,0.13405821570878637,1.2410093868097039,0.2089829802992962,1.770775568883772,0.10358151584108025,0.8964184841589198,2.35,0,12,16.47538989189063
8865053ae3fffff,Klang,2.942282393210004,101.32208667601891,4867.788461538461,4.0,0.20273694880892024,0.01350712500844195,1.2410093868097039,0.1341804627246585,0.0006962971041864299,4.072989869227123e-05,0.9999592701013077,12.32,0,0,11.800096953924658
8865053919fffff,Klang,3.0247451521973416,101.36115498444283,1216.9471153846152,8.0,0.05068423720223006,0.0270142500168839,1.2410093868097039,0.04821227598991711,0.03427852554132629,0.002005122331005468,0.9979948776689945,6.44,0,0,4.231554374037511
886505394bfffff,Klang,3.0145277696517057,101.39178047365081,1216.9471153846152,16.0,0.05068423720223006,0.0540285000337678,1.2410093868097039,0.06497474491420567,0.22964664215592512,0.01343318019534194,0.9865668198046581,3.79,0,2,5.637480697922598
8865053a99fffff,Klang,2.9216035004863325,101.28864991136788,0.0,0.0,0.0,0.0,1.2410093868097039,0.0,3.961716151937681e-05,2.317405839343445e-06,0.9999976825941607,16.68,0,0,0.0
8865053adbfffff,Klang,2.9054505750413377,101.29619637072425,1216.9471153846152,55.2,0.05068423720223006,0.18639832511649893,1.2410093868097039,0.14711084264321964,3.659154024705964e-05,2.1404221248317386e-06,0.9999978595778751,16.95,0,0,12.9377195604376
886505393bfffff,Klang,3.0482749100285975,101.35879076408872,1216.9471153846152,9.0,0.05068423720223006,0.03039103126899439,1.2410093868097039,0.05030758460545319,0.033544296024889224,0.0019621735758813194,0.9980378264241186,5.79,0,0,4.415648018743407
8865053929fffff,Klang,3.053504165918236,101.39082802818668,1216.9471153846152,1.9,0.05068423720223006,0.006415884379009927,1.2410093868097039,0.03543089343514708,0.321903703279788,0.018829756930516077,0.981170243069484,2.19,0,1,3.0573168633400067
8865053aa1fffff,Klang,2.9584378259503277,101.3145412527,1216.9471153846152,37.0,0.05068423720223006,0.12494090632808805,1.2410093868097039,0.10897622584046315,0.0006401605508048684,3.744619103584517e-05,0.9999625538089641,12.36,0,0,9.583617668835318
886505760bfffff,Klang,3.0829769804764915,101.41155159470071,3650.8413461538457,76.1,0.15205271160669018,0.2569730532856081,1.2410093868097039,0.2538024068391806,0.5177297224233622,0.030284599803010664,0.9697154001969893,1.7,1,2,21.644821496452632
8865057621fffff,Klang,3.113165539542043,101.42332517589217,1216.9471153846152,12.0,0.05068423720223006,0.04052137502532585,1.2410093868097039,0.056593510452061395,0.12773019935998475,0.007471577935046045,0.992528422064954,3.62,0,1,4.939961512891591
8865050c53fffff,Klang,3.006687286537728,101.4902210280059,7301.6826923076915,28.8,0.30410542321338035,0.09725130006078204,1.2410093868097039,0.24904373052121012,0.8085122626838817,0.04729392432135763,0.9527060756786424,2.28,0,5,20.86644800937155
8865052355fffff,Klang,2.9251538089819418,101.24388953753957,0.0,0.0,0.0,0.0,1.2410093868097039,0.0,2.136361012336927e-06,1.2496643613687004e-07,0.9999998750335639,21.01,0,0,0.0
8865052125fffff,Klang,3.02734429213825,101.23061973075511,0.0,0.0,0.0,0.0,1.2410093868097039,0.0,3.2618041273449187e-06,1.9079923047507034e-07,0.9999998092007695,20.21,0,0,0.0
88650576a9fffff,Klang,3.1100812943756697,101.36442362218098,2433.8942307692305,1.0,0.10136847440446012,0.0033767812521104876,1.2410093868097039,0.06499492274679318,0.012503707035016073,0.0007314043355229697,0.999268595664477,7.64,0,0,5.711834961069131
8865050ea3fffff,Klang,3.0007476742117185,101.46714512157747,6084.735576923076,112.7,0.25342118601115027,0.380563247112852,1.2410093868097039,0.3933903162990579,1.8968591232248673,0.11095677327673277,0.8890432267232672,1.74,1,12,30.75817207604605
88650574e3fffff,Klang,3.158589860634605,101.34178229518378,0.0,0.0,0.0,0.0,1.2410093868097039,0.0,0.00034150168542634336,1.997614088443874e-05,0.9999800238591156,12.8,0,0,0.0
8865050cc7fffff,Klang,3.024984361500499,101.45584051915188,1216.9471153846152,2.2,0.05068423720223006,0.007428918754643073,1.2410093868097039,0.03605948601980791,1.5908891945888382,0.0930590624844583,0.9069409375155417,1.62,2,11,2.8761565241890255
88650574cdfffff,Klang,3.134333981475071,101.35310399454518,0.0,0.0,0.0,0.0,1.2410093868097039,0.0,0.00214936511684971,0.00012572711122255524,0.9998742728887774,10.11,0,0,0.0
8865057731fffff,Klang,3.1588107989617007,101.43651214868825,1216.9471153846152,1.4,0.05068423720223006,0.004727493752954682,1.2410093868097039,0.034383239127379055,0.00576122320006461,0.00033700274763654174,0.9996629972523634,8.74,0,0,3.022834596740425
8865050c9bfffff,Klang,3.0204695289663572,101.41486155634398,1216.9471153846152,42.1,0.05068423720223006,0.14216249071385154,1.2410093868097039,0.11966229977969711,0.6559453274685847,0.038369521537333445,0.9616304784626666,2.88,0,8,10.119977442619081
8865050d9dfffff,Klang,3.078693158092082,101.46525839171717,0.0,1.0,0.0,0.0033767812521104876,1.2410093868097039,0.00209530861553607,0.9545864263598901,0.0558385324380806,0.9441614675619194,1.64,2,5,0.1739835750758392
886505773bfffff,Klang,3.151441181761478,101.43132969688332,2433.8942307692305,1.4,0.10136847440446012,0.004727493752954682,1.2410093868097039,0.0658330461930076,0.009088190606965738,0.0005316137041102168,0.9994683862958897,7.87,0,0,5.786647028768773
8865053b05fffff,Klang,2.9895783498763473,101.41204135834741,15820.312499999998,239.8,0.6588950836289907,0.809752144256095,1.2410093868097039,0.9113024978587209,1.0543243493279042,0.06167270218234699,0.938327297817653,1.04,1,6,75.20225980886485
8865052129fffff,Klang,3.0118931048619406,101.22921737581545,0.0,0.0,0.0,0.0,1.2410093868097039,0.0,2.783978663821741e-06,1.628488302725215e-07,0.9999998371511697,20.7,0,0,0.0
8865057601fffff,Klang,3.090345388007739,101.41673285282191,1216.9471153846152,26.7,0.05068423720223006,0.09016005943135003,1.2410093868097039,0.08739454710044163,0.49536408298467666,0.028976321737442797,0.9710236782625572,1.53,1,2,7.46325251336757
8865053855fffff,Klang,2.9717494520336505,101.34280158221425,1216.9471153846152,18.0,0.05068423720223006,0.06078206253798878,1.2410093868097039,0.06916536214527783,0.006099078970716527,0.0003567656207384345,0.9996432343792616,8.92,0,0,6.080617230091744
88650574c1fffff,Klang,3.135048219951111,101.3441486509151,0.0,0.5,0.0,0.0016883906260552438,1.2410093868097039,0.001047654307768035,0.0012692385119661977,7.42441059971305e-05,0.9999257558940029,10.97,0,0,0.09212971710765154
88650574dbfffff,Klang,3.121734720714527,101.31587436189821,0.0,1.0,0.0,0.0033767812521104876,1.2410093868097039,0.00209530861553607,0.00039763582282160054,2.325970721774738e-05,0.9999767402927823,12.85,0,0,0.18426882926930335
8865052159fffff,Klang,2.9662556743581416,101.21605647146569,0.0,0.0,0.0,0.0,1.2410093868097039,0.0,6.851274714370408e-07,4.007653103128684e-08,0.999999959923469,22.84,0,0,0.0
8865057623fffff,Klang,3.1138799326005633,101.41437255166385,0.0,1.0,0.0,0.0033767812521104876,1.2410093868097039,0.00209530861553607,0.1026233032502725,0.006002950062148612,0.9939970499378514,3.93,0,1,0.183166933098425
8865050e25fffff,Klang,3.0024080836783535,101.54390073503617,0.0,0.0,0.0,0.0,1.2410093868097039,0.0,0.05336073737237594,0.0031213363006315953,0.9968786636993684,6.14,0,0,0.0
8865053ac1fffff,Klang,2.9187623669358658,101.32445303095858,0.0,0.0,0.0,0.0,1.2410093868097039,0.0,0.00035754140630129085,2.0914384347410266e-05,0.9999790856156526,13.55,0,0,0.0
8865050e87fffff,Klang,2.985304223057961,101.46573282658365,2433.8942307692305,173.79999999999998,0.10136847440446012,0.5868845816168027,1.2410093868097039,0.427064251511426,2.319248395088687,0.1356644334813763,0.8643355665186236,1.45,2,11,32.46306960409802
8865057429fffff,Klang,3.1616715868721417,101.40069653945271,3650.8413461538457,3.0,0.15205271160669018,0.010130343756331463,1.2410093868097039,0.10063534704349386,0.0028010690646879293,0.00016384853326095123,0.9998361514667391,9.45,0,0,8.848983062193467
8865050e09fffff,Klang,2.9641623257719534,101.53588966217563,0.0,0.0,0.0,0.0,1.2410093868097039,0.0,0.06663651652376,0.0038979029941390037,0.9961020970058609,5.54,0,0,0.0
8865053885fffff,Klang,2.9995442422903147,101.28672028403446,0.0,0.0,0.0,0.0,1.2410093868097039,0.0,0.0001630489923700948,9.53755071101485e-06,0.999990462449289,14.78,0,0,0.0
8865053967fffff,Klang,3.0527909842998397,101.39977973182461,1216.9471153846152,15.6,0.05068423720223006,0.05267778753292361,1.2410093868097039,0.06413662146799125,0.594736460704918,0.03478910891265969,0.9652108910873403,1.22,1,2,5.4443028045342965
8865050ea9fffff,Klang,2.991956807929754,101.47986044386818,0.0,0.0,0.0,0.0,1.2410093868097039,0.0,1.3887904299490974,0.08123729536792312,0.9187627046320769,1.4,1,12,0.0
8865057461fffff,Klang,3.1528713531264563,101.41342256346309,0.0,0.4,0.0,0.0013507125008441951,1.2410093868097039,0.0008381234462144281,0.006676333906950386,0.0003905321478876318,0.9996094678521124,8.15,0,0,0.07368046033298305
8865050e83fffff,Klang,2.9779390275407773,101.46055293770003,1216.9471153846152,73.5,0.05068423720223006,0.24819342203012085,1.2410093868097039,0.18545499030752968,3.1401597244742936,0.18368364120202374,0.8163163587979763,0.51,3,12,13.3140751306291
8865053185fffff,Klang,2.891428099900953,101.27689054097613,0.0,0.0,0.0,0.0,1.2410093868097039,0.0,6.361199523322785e-06,3.7209836230611526e-07,0.9999996279016377,19.6,0,0,0.0
8865057613fffff,Klang,3.0851181819465996,101.38469422152419,2433.8942307692305,1.0,0.10136847440446012,0.0033767812521104876,1.2410093868097039,0.06499492274679318,0.11060716265294483,0.006469965913125231,0.9935300340868748,4.39,0,2,5.679033253112522
886505765bfffff,Klang,3.06015890064592,101.40496044528597,1216.9471153846152,1.9,0.05068423720223006,0.006415884379009927,1.2410093868097039,0.03543089343514708,0.7916800071768322,0.046309321545556066,0.9536906784544439,0.82,1,3,2.971690809259957
8865050cddfffff,Klang,3.0102519032657162,101.4454797514596,3650.8413461538457,169.39999999999998,0.15205271160669018,0.5720267441075165,1.2410093868097039,0.4492947006686959,2.4278100712332336,0.14201474866241812,0.8579852513375819,1.33,5,12,33.9019827228981
8865053949fffff,Klang,3.0138152525341937,101.40073108809773,24010.366586538483,45.8,1.0,0.15465658134666033,1.2410093868097039,0.7164698279964039,0.3888318596474204,0.022744719397147693,0.9772552806028523,2.97,0,2,61.5771963736165
8865050ca9fffff,Klang,3.0485108057552774,101.4534837777558,1216.9471153846152,178.6,0.05068423720223006,0.6030931316269331,1.2410093868097039,0.4056719258003707,1.5407882028366802,0.09012840500192862,0.9098715949980714,1.09,2,8,32.46153410993
88650576adfffff,Klang,3.117451096122635,101.36960502618372,0.0,0.0,0.0,0.0,1.2410093868097039,0.0,0.011973161063638632,0.0007003700492450677,0.9992996299507549,7.54,0,0,0.0
8865057415fffff,Klang,3.1483605123578826,101.37242271468914,0.0,0.0,0.0,0.0,1.2410093868097039,0.0,0.002549402953709786,0.00014912732425004433,0.9998508726757499,9.63,0,0,0.0
8865053aebfffff,Klang,2.9342052197921404,101.32585904308267,0.0,0.0,0.0,0.0,1.2410093868097039,0.0,0.0006877000357576807,4.022701317968159e-05,0.9999597729868204,12.42,0,0,0.0
8865050ce5fffff,Klang,3.047083666181981,101.47138276354198,1216.9471153846152,28.0,0.05068423720223006,0.09454987505909365,1.2410093868097039,0.09011844830063852,1.5890424331488384,0.09295103617513181,0.9070489638248682,1.57,4,6,7.188833355517578
8865057649fffff,Klang,3.065386055814897,101.43699490202896,1216.9471153846152,37.9,0.05068423720223006,0.12798000945498747,1.2410093868097039,0.1108620035944456,0.9304952951866516,0.054429321734533714,0.9455706782654663,2.06,0,6,9.219146138243618
886505741bfffff,Klang,3.133619688843593,101.3620590468557,0.0,0.4,0.0,0.0013507125008441951,1.2410093868097039,0.0008381234462144281,0.0035711732893706927,0.00020889577942244164,0.9997911042205776,9.28,0,0,0.07369384861277845
8865052309fffff,Klang,2.9325212955007847,101.24906728147319,0.0,0.0,0.0,0.0,1.2410093868097039,0.0,3.6837974524789788e-06,2.154837297759938e-07,0.9999997845162703,20.18,0,0,0.0
88650576e1fffff,Klang,3.101283926081103,101.37715008443756,1216.9471153846152,13.8,0.05068423720223006,0.04659958127912473,1.2410093868097039,0.06036506596002632,0.03802619882797144,0.0022243424776627477,0.9977756575223372,5.96,0,0,5.297031595855874
8865050e35fffff,Klang,2.996470066522828,101.52082817554587,0.0,0.0,0.0,0.0,1.2410093868097039,0.0,0.18430567288867652,0.01078096022521556,0.9892190397747844,3.49,0,1,0.0
8865053955fffff,Klang,3.0233201495820445,101.37905834561349,3650.8413461538457,8.4,0.15205271160669018,0.028364962517728097,1.2410093868097039,0.11195001356738865,0.10536532376764998,0.006163344550670012,0.99383665544933,4.98,0,1,9.784826757715763
8865053853fffff,Klang,2.9650937818541596,101.32867144464352,1216.9471153846152,57.0,0.05068423720223006,0.1924765313702978,1.2410093868097039,0.15088239815118457,0.0019822013967172236,0.00011594886951354421,0.9998840511304865,10.64,0,0,13.26790028397755
8865050dd1fffff,Klang,3.062530869049992,101.47279556324176,6084.735576923076,173.2,0.25342118601115027,0.5848585128655365,1.2410093868097039,0.5201564875389901,2.008447693749373,0.11748414664271704,0.882515853357283,0.53,3,5,40.3710936686328
8865053a37fffff,Klang,2.9555934670795807,101.35034525460841,0.0,0.0,0.0,0.0,1.2410093868097039,0.0,0.00682375773097815,0.00039915570438582224,0.9996008442956141,8.86,0,0,0.0
886505382dfffff,Klang,3.0092974373286845,101.35974708496032,1216.9471153846152,5.0,0.05068423720223006,0.016883906260552438,1.2410093868097039,0.04192635014330891,0.029529556592842426,0.0017273313952087554,0.9982726686047912,6.85,0,0,3.680867779207209
88650576c7fffff,Klang,3.0865453856602456,101.36678784172194,0.0,0.8,0.0,0.0027014250016883902,1.2410093868097039,0.0016762468924288562,0.03444319495580873,0.0020147546683069737,0.997985245331693,5.97,0,0,0.14712148023080326
88650539b9fffff,Klang,3.052550987299205,101.30506942801176,0.0,0.0,0.0,0.0,1.2410093868097039,0.0,0.0007167140241887366,4.192418641557549e-05,0.9999580758135844,11.71,0,0,0.0
8865052361fffff,Klang,2.946546098395502,101.26837600224059,0.0,0.0,0.0,0.0,1.2410093868097039,0.0,1.964781694878441e-05,1.149299040649198e-06,0.9999988507009594,17.65,0,0,0.0
88650538cbfffff,Klang,2.967938186112184,101.29286379222616,0.0,0.0,0.0,0.0,1.2410093868097039,0.0,0.00016913902145567421,9.893786958727611e-06,0.9999901062130413,14.4,0,0,0.0
8865050e3dfffff,Klang,2.9883925852692026,101.52459389375106,0.0,0.0,0.0,0.0,1.2410093868097039,0.0,0.15093655771193087,0.008829033852941457,0.9911709661470586,3.73,0,1,0.0
8865050dcbfffff,Klang,3.0611029643341734,101.49069411438377,0.0,0.0,0.0,0.0,1.2410093868097039,0.0,0.9252599009402411,0.05412307735122618,0.9458769226487738,1.22,1,4,0.0
8865052109fffff,Klang,2.989073532526254,101.22263653395413,0.0,0.0,0.0,0.0,1.2410093868097039,0.0,1.4539568280596526e-06,8.504920378636238e-08,0.9999999149507962,21.89,0,0,0.0
8865050e21fffff,Klang,2.995043796529778,101.53872013929006,0.0,0.0,0.0,0.0,1.2410093868097039,0.0,0.06773598642694093,0.0039622164854669385,0.9960377835145331,5.38,0,0,0.0
8865052165fffff,Klang,3.010470413350297,101.24712797809256,0.0,0.0,0.0,0.0,1.2410093868097039,0.0,1.0148874416058166e-05,5.9365840288768e-07,0.9999994063415971,18.81,0,0,0.0
8865050ea5fffff,Klang,3.0074003109303464,101.48127336617333,2433.8942307692305,184.9,0.10136847440446012,0.6243668535152292,1.2410093868097039,0.45032217714387657,1.1489987972325888,0.06721068395581717,0.9327893160441828,1.81,1,10,36.94204032182082
8865057459fffff,Klang,3.1160227913024876,101.38751291555218,0.0,0.0,0.0,0.0,1.2410093868097039,0.0,0.032210361022123504,0.0018841450486936269,0.9981158549513064,5.86,0,0,0.0
8865050ea1fffff,Klang,3.0000348651754813,101.47609304089885,1216.9471153846152,120.4,0.05068423720223006,0.40656446275410274,1.2410093868097039,0.2837249643761714,1.4109782118198533,0.08253516965516149,0.9174648303448385,2.05,0,12,22.892907575456125
8865053b25fffff,Klang,3.0123900653881925,101.41863143648392,1216.9471153846152,103.4,0.05068423720223006,0.34915918146822444,1.2410093868097039,0.2481047179120582,0.9849227507645957,0.057613055715961,0.942386944284039,1.94,1,8,20.562611165866002
88650538c1fffff,Klang,2.975305890847512,101.29804251943045,0.0,0.0,0.0,0.0,1.2410093868097039,0.0,0.00027570453063425115,1.6127336354290828e-05,0.9999838726636457,13.69,0,0,0.0
886505384bfffff,Klang,2.9629599521251957,101.35552414187923,1216.9471153846152,4.0,0.05068423720223006,0.01350712500844195,1.2410093868097039,0.03983104152777283,0.011917746930394208,0.0006971285995541307,0.9993028714004458,7.97,0,0,3.500521727578657
8865053ad7fffff,Klang,2.920893290821472,101.29760112415745,2433.8942307692305,3.0,0.10136847440446012,0.010130343756331463,1.2410093868097039,0.0691855399778653,6.965836251678688e-05,4.074665873690886e-06,0.9999959253341263,15.87,0,0,6.084537117978452
886505751dfffff,Klang,3.1918692066069245,101.41247234726569,0.0,0.0,0.0,0.0,1.2410093868097039,0.0,0.0008043275350468762,4.704913868073784e-05,0.9999529508613193,12.45,0,0,0.0
8865053a27fffff,Klang,2.961537149111534,101.37342448508608,1216.9471153846152,8.0,0.05068423720223006,0.0270142500168839,1.2410093868097039,0.04821227598991711,0.037325256935036154,0.0021833408820553946,0.9978166591179446,6.34,0,0,4.23079871736421
8865053a21fffff,Klang,2.9534596748618376,101.37719520335683,2433.8942307692305,51.0,0.10136847440446012,0.1722158438576349,1.2410093868097039,0.1697603535235967,0.035448239074743024,0.002073544723441968,0.997926455276558,6.6,0,0,14.89871410866187
88650538e9fffff,Klang,2.9900415645251504,101.30840041861408,0.0,0.0,0.0,0.0,1.2410093868097039,0.0,0.0006996455038100048,4.09257633262464e-05,0.9999590742366737,12.37,0,0,0.0
8865050c81fffff,Klang,3.0337771940392977,101.44312229653715,2433.8942307692305,62.1,0.10136847440446012,0.2096981157560613,1.2410093868097039,0.19301827915604705,1.2921681905035034,0.07558537752943427,0.9244146224705657,1.21,1,12,15.692033459938525
8865053969fffff,Klang,3.0366295372335905,101.40732110485314,1216.9471153846152,2.8,0.05068423720223006,0.009454987505909365,1.2410093868097039,0.03731667118912955,0.5044699652206357,0.029508970313380376,0.9704910296866196,2.1,0,3,3.1849924040443107
886505744bfffff,Klang,3.1226779471004074,101.40164809907883,0.0,0.0,0.0,0.0,1.2410093868097039,0.0,0.0390198818688427,0.00228246796654325,0.9977175320334567,5.43,0,0,0.0
8865053945fffff,Klang,3.029262197684588,101.40214074780098,1216.9471153846152,1.3,0.05068423720223006,0.004389815627743634,1.2410093868097039,0.03417370826582544,0.36525282046018115,0.02136546351401506,0.978634536485985,3.03,0,2,2.94121400554163
8865053a0bfffff,Klang,2.9232858450036647,101.3654298402026,0.0,0.4,0.0,0.0013507125008441951,1.2410093868097039,0.0008381234462144281,0.004932534046426882,0.00028852857609092575,0.999711471423909,9.99,0,0,0.07368797893936614
8865053aa5fffff,Klang,2.9658049582540156,101.3197199652758,1216.9471153846152,11.0,0.05068423720223006,0.03714459377321536,1.2410093868097039,0.05449820183652532,0.0010770350397723903,6.300116400629245e-05,0.9999369988359937,11.57,0,0,4.792573594905073
88650576a3fffff,Klang,3.118879186277301,101.35169596852803,0.0,0.0,0.0,0.0,1.2410093868097039,0.0,0.00406574330608753,0.00023782565225402284,0.999762174347746,9.34,0,0,0.0
8865050c43fffff,Klang,3.0126261187546235,101.51329604610766,0.0,0.0,0.0,0.0,1.2410093868097039,0.0,0.2324434767632556,0.013596781034022305,0.9864032189659777,3.84,0,1,0.0
8865050c31fffff,Klang,3.045656320691998,101.48928056227182,0.0,0.0,0.0,0.0,1.2410093868097039,0.0,0.9123645322335606,0.05336876276645382,0.9466312372335461,1.74,1,6,0.0
8865050cedfffff,Klang,3.0390036678425494,101.47515087805319,0.0,0.6,0.0,0.0020260687512662925,1.2410093868097039,0.001257185169321642,1.519689551686196,0.0888942394155201,0.9111057605844799,0.84,1,6,0.10073537818145516
8865053957fffff,Klang,3.0240326765793033,101.37010681099308,24010.366586538483,65.5,1.0,0.22117917201323695,1.2410093868097039,0.7577474077224645,0.06082757595560451,0.0035581090190845706,0.9964418909809154,5.67,0,0,66.40341518726035
8865050cbbfffff,Klang,3.043283787022398,101.421452389406,2433.8942307692305,42.4,0.10136847440446012,0.14317552508948467,1.2410093868097039,0.15174069942998647,0.7881382268888044,0.04610214510972958,0.9538978548902705,1.8,1,3,12.729693096771747
8865057651fffff,Klang,3.067526899212425,101.41014130535378,24010.366586538483,83.0,1.0,0.2802728439251705,1.2410093868097039,0.7944153084943457,0.7232769579011636,0.04230808521915241,0.9576919147808476,1.37,1,3,66.90944152978479
886505392bfffff,Klang,3.054217295531624,101.38187603158515,1216.9471153846152,95.8,0.05068423720223006,0.3234956439521847,1.2410093868097039,0.2321803724339841,0.17212242256323584,0.010068301004727234,0.9899316989952728,3.18,0,1,20.213648726544392
8865053a2dfffff,Klang,2.9527483114671798,101.38614460255575,1216.9471153846152,54.0,0.05068423720223006,0.18234618761396634,1.2410093868097039,0.14459647230457634,0.05876273451565666,0.0034373261202917563,0.9965626738797082,6.0,0,0,12.672908345770512
8865050cdbfffff,Klang,3.0035984060999374,101.4313504837084,24010.366586538483,70.5,1.0,0.2380630782737894,1.2410093868097039,0.7682239508001448,2.250198346207109,0.13162535091341254,0.8683746490865875,1.61,6,11,58.66903689107551
88650539a3fffff,Klang,3.067290003675977,101.3154298457992,0.0,0.0,0.0,0.0,1.2410093868097039,0.0,0.0013727121671476376,8.029679739498335e-05,0.999919703202605,10.64,0,0,0.0
886505742dfffff,Klang,3.1690419447547633,101.40587897247343,0.0,0.0,0.0,0.0,1.2410093868097039,0.0,0.0019333373615280296,0.0001130905678044241,0.9998869094321956,10.08,0,0,0.0
8865050eb9fffff,Klang,2.986016702859565,101.45678498704758,3650.8413461538457,119.6,0.15205271160669018,0.40386303775241433,1.2410093868097039,0.34494833161499966,2.9861479906476243,0.1746747249240928,0.8253252750759072,1.48,8,12,25.03762748602937
8865057413fffff,Klang,3.141704517699727,101.35828571181797,4867.788461538461,9.9,0.20273694880892024,0.03343013439589383,1.2410093868097039,0.1465427835563213,0.0019254903384492573,0.00011263155619413205,0.9998873684438059,10.18,0,0,12.886337399433991
8865052307fffff,Klang,2.948677277492018,101.24151678551813,0.0,0.0,0.0,0.0,1.2410093868097039,0.0,3.1147642666307486e-06,1.821981339106786e-07,0.9999998178018661,20.45,0,0,0.0
8865050eadfffff,Klang,2.9993220058301095,101.4850406633183,8518.629807692307,131.0,0.3547896604156104,0.4423583440264739,1.2410093868097039,0.494634078094625,1.0915994354078769,0.0638531083202655,0.9361468916797345,1.61,1,11,40.72321087645888
8865050e2bfffff,Klang,2.9876795910934764,101.53353968789577,0.0,0.0,0.0,0.0,1.2410093868097039,0.0,0.08886309590818581,0.005198046741916248,0.9948019532580837,4.72,0,1,0.0
8865053b21fffff,Klang,3.0050234686744375,101.41345139433095,2433.8942307692305,63.2,0.10136847440446012,0.21341257513338283,1.2410093868097039,0.19532311863313673,1.0062161362180662,0.05885861228530604,0.9411413877146939,1.31,1,6,16.16674178444441
88650574b9fffff,Klang,3.160733398342485,101.31491238431578,0.0,0.0,0.0,0.0,1.2410093868097039,0.0,7.310800065542232e-05,4.276452454543874e-06,0.9999957235475454,15.27,0,0,0.0
8865052a11fffff,Klang,3.0427964207675697,101.23202221130182,0.0,0.0,0.0,0.0,1.2410093868097039,0.0,3.6297359580860115e-06,2.1232140269386249e-07,0.9999997876785973,19.87,0,0,0.0
8865053a07fffff,Klang,2.9387279410487954,101.36683761317639,1216.9471153846152,9.0,0.05068423720223006,0.03039103126899439,1.2410093868097039,0.05030758460545319,0.010545298773868388,0.0006168472454603125,0.9993831527545397,8.58,0,0,4.421600185473171
8865053a3bfffff,Klang,2.94014987024732,101.34893811022685,0.0,0.7,0.0,0.002363746876477341,1.2410093868097039,0.001466716030875249,0.00371753146519062,0.00021745700082935303,0.9997825429991707,9.95,0,0,0.12896313075030402
8865052a57fffff,Klang,3.0340026332208514,101.24475486615252,0.0,0.0,0.0,0.0,1.2410093868097039,0.0,9.22579780029866e-06,5.39663036801793e-07,0.9999994603369632,18.55,0,0,0.0
8865052a0dfffff,Klang,3.048030629943722,101.26406961440671,0.0,0.0,0.0,0.0,1.2410093868097039,0.0,3.717138567811202e-05,2.174340182973793e-06,0.999997825659817,16.28,0,0,0.0
8865052145fffff,Klang,2.9876517007913903,101.24054628583858,0.0,0.0,0.0,0.0,1.2410093868097039,0.0,5.234960379142234e-06,3.06219004241943e-07,0.9999996937809957,19.91,0,0,0.0
8865053923fffff,Klang,3.0622987812945093,101.37810432947231,0.0,0.0,0.0,0.0,1.2410093868097039,0.0,0.12634839690199207,0.007390749401093526,0.9926092505989065,3.68,0,1,0.0
88650539c7fffff,Klang,3.034963100885055,101.33052463491985,0.0,0.0,0.0,0.0,1.2410093868097039,0.0,0.004437439701269596,0.0002595680326675346,0.9997404319673324,9.16,0,0,0.0
8865053a9dfffff,Klang,2.9289701860298782,101.29382788316725,1216.9471153846152,3.0,0.05068423720223006,0.010130343756331463,1.2410093868097039,0.037735732912236766,7.044830865645142e-05,4.120873772657349e-06,0.9999958791262273,15.79,0,0,3.318676952474467
8865053b0dfffff,Klang,2.9815001052599355,101.4158109877517,1216.9471153846152,154.39999999999998,0.05068423720223006,0.5213750253258592,1.2410093868097039,0.3549654573043977,0.9863240110836787,0.05769502243748635,0.9423049775625136,1.56,1,7,29.416537843532815
8865057423fffff,Klang,3.1704723419933014,101.38796932038902,0.0,0.0,0.0,0.0,1.2410093868097039,0.0,0.0011136742487664398,6.514437451445081e-05,0.9999348556254856,10.86,0,0,0.0
8865053ac5fffff,Klang,2.9261284088781654,101.32963118040033,0.0,0.0,0.0,0.0,1.2410093868097039,0.0,0.0006550170534899613,3.831522215150995e-05,0.9999616847778485,12.6,0,0,0.0
88650574ebfffff,Klang,3.150504213581255,101.34555642514319,4867.788461538461,3.0,0.20273694880892024,0.010130343756331463,1.2410093868097039,0.13208515410912242,0.0006338301403967732,3.7075893682815854e-05,0.9999629241063172,11.89,0,0,11.615873789976707
8865053b61fffff,Klang,2.9881538417006523,101.42993969434369,23121.995192307688,61.9,0.9630005068423709,0.2090227595056392,1.2410093868097039,0.7272459375486251,2.247266758201914,0.13145386767480483,0.8685461323251952,1.37,4,9,55.550525821824905
8865053943fffff,Klang,3.0226075712638405,101.38800958788134,1216.9471153846152,18.0,0.05068423720223006,0.06078206253798878,1.2410093868097039,0.06916536214527783,0.17686196713593869,0.010345540661668281,0.9896544593383317,4.41,0,2,6.019857635535889
8865053aa9fffff,Klang,2.9503599287300197,101.31831407922077,1216.9471153846152,20.0,0.05068423720223006,0.06753562504220975,1.2410093868097039,0.07335597937634995,0.0006796931995807986,3.975865330231133e-05,0.9999602413466977,12.3,0,0,6.451077093980351
88650576ebfffff,Klang,3.0939146150589156,101.37196888949065,2433.8942307692305,3.0,0.10136847440446012,0.010130343756331463,1.2410093868097039,0.0691855399778653,0.03735389011747145,0.0021850157800447946,0.9978149842199552,6.06,0,0,6.071267046746046
886505236dfffff,Klang,2.945835605393165,101.2773285011022,0.0,0.0,0.0,0.0,1.2410093868097039,0.0,3.606267205159707e-05,2.109485980054972e-06,0.99999789051402,16.73,0,0,0.0
8865057403fffff,Klang,3.1476458363853905,101.38137756058164,2433.8942307692305,2.0,0.10136847440446012,0.006753562504220975,1.2410093868097039,0.06709023136232925,0.003830544478190311,0.00022406769695706996,0.999775932303043,8.98,0,0,5.898966731005505
8865050e9bfffff,Klang,2.963920877022108,101.44124587812198,1216.9471153846152,7.0,0.05068423720223006,0.023637468764773413,1.2410093868097039,0.04611696737438104,1.5131772499153264,0.08851330232733426,0.9114866976726658,1.46,1,10,3.6967923351914047
8865057737fffff,Klang,3.166895938331583,101.43274124542401,2433.8942307692305,2.6,0.10136847440446012,0.008779631255487268,1.2410093868097039,0.06834741653165088,0.0033789502921272837,0.00019765169531383886,0.9998023483046862,9.6,0,0,6.009664609152625
8865057495fffff,Klang,3.1533617174002333,101.30973063386182,0.0,0.0,0.0,0.0,1.2410093868097039,0.0,7.628054287578258e-05,4.4620303098233494e-06,0.9999955379696902,15.29,0,0,0.0
8865053843fffff,Klang,2.9710380133623713,101.3517525248309,1216.9471153846152,6.0,0.05068423720223006,0.020260687512662925,1.2410093868097039,0.04402165875884497,0.01120813587092087,0.0006556199010553274,0.9993443800989447,8.0,0,0,3.8689717356172
8865053ab7fffff,Klang,2.9605705700095384,101.28768521338452,0.0,0.0,0.0,0.0,1.2410093868097039,0.0,0.0001023162249403695,5.98498751659479e-06,0.9999940150124834,15.15,0,0,0.0
8865050c99fffff,Klang,3.0197567459471903,101.42381162497641,13386.418269230768,60.9,0.5575266092245306,0.2056459782535287,1.2410093868097039,0.4735521724080607,0.9338635049306578,0.054626345161491646,0.9453736548385083,2.79,0,9,39.37180344091413
886505755dfffff,Klang,3.1749814324351218,101.42897011143886,1216.9471153846152,0.8,0.05068423720223006,0.0027014250016883902,1.2410093868097039,0.033126053958057414,0.002075447975331929,0.00012140332807375241,0.9998785966719262,10.48,0,0,2.912936091407737
88650575d9fffff,Klang,3.1726175261086826,101.36110264554739,0.0,0.0,0.0,0.0,1.2410093868097039,0.0,0.00037406829869670894,2.1881124908179878e-05,0.9999781188750918,12.54,0,0,0.0
8865050ca1fffff,Klang,3.056591391618014,101.44971475978396,1216.9471153846152,174.7,0.05068423720223006,0.5899236847437022,1.2410093868097039,0.39750022219978,1.3898957322772016,0.08130195002694345,0.9186980499730566,1.46,2,8,32.116199710722206
8865053a03fffff,Klang,2.9313622060394993,101.36165903873245,0.0,0.0,0.0,0.0,1.2410093868097039,0.0,0.005693259732022471,0.0003330272246141301,0.9996669727753859,9.57,0,0,0.0
8865053907fffff,Klang,3.046849134126851,101.37669554913329,1216.9471153846152,14.0,0.05068423720223006,0.047274937529546826,1.2410093868097039,0.060784127683133536,0.11550305897392016,0.006756351365487816,0.9932436486345122,3.87,0,1,5.309577504845121
8865050c17fffff,Klang,3.0309240303064695,101.47891876176654,0.0,0.9,0.0,0.003039103126899439,1.2410093868097039,0.0018857777539824632,1.423268368439775,0.08325408235928143,0.9167459176407186,0.75,1,6,0.15203846365311197
8865050cd3fffff,Klang,3.0116773954762235,101.42758116957849,24010.366586538483,385.9,1.0,1.0,1.2410093868097039,1.2410093868097039,1.4318557324575347,0.08375640021235607,0.9162435997876439,2.05,0,8,100.0
8865057409fffff,Klang,3.1388463643919042,101.394104339338,0.0,0.0,0.0,0.0,1.2410093868097039,0.0,0.010632796521596821,0.000621965426161272,0.9993780345738388,7.4,0,0,0.0
8865057653fffff,Klang,3.068240409237554,101.40118951809254,1216.9471153846152,1.8,0.05068423720223006,0.006078206253798878,1.2410093868097039,0.03522136257359348,0.49241125060554536,0.028803595809194393,0.9711964041908057,1.78,1,2,3.0083419404160656
8865053b51fffff,Klang,2.959402570960014,101.40027280901992,1216.9471153846152,6.5,0.05068423720223006,0.02194907813871817,1.2410093868097039,0.04506931306661301,0.17325637870818783,0.01013463176874691,0.989865368231253,4.51,0,1,3.923476434241283
8865053847fffff,Klang,2.9784048351059558,101.3569316636937,1216.9471153846152,8.0,0.05068423720223006,0.0270142500168839,1.2410093868097039,0.04821227598991711,0.01859742751030604,0.0010878565110746376,0.9989121434889253,7.21,0,0,4.235443632669328
8865053981fffff,Klang,3.0437567808546597,101.31779762481251,0.0,0.0,0.0,0.0,1.2410093868097039,0.0,0.001821141972354343,0.0001065276985819195,0.9998934723014181,10.37,0,0,0.0
8865050cabfffff,Klang,3.049224298177056,101.44453384077151,3650.8413461538457,555.8,0.15205271160669018,1.0,1.2410093868097039,0.7148541146017375,1.4962036274929897,0.08752043029390766,0.9124795697060923,0.52,1,8,57.36599758018774
8865057483fffff,Klang,3.1526474235300967,101.31868751668515,0.0,0.0,0.0,0.0,1.2410093868097039,0.0,0.0001321763893201451,7.731657814102153e-06,0.9999922683421859,14.41,0,0,0.0
8865050dd3fffff,Klang,3.0632447436623242,101.46384584217165,8518.629807692307,155.29999999999998,0.3547896604156104,0.5244141284527587,1.2410093868097039,0.5455500774521514,2.251021238854287,0.1316734860183163,0.8683265139816837,0.17,3,6,41.66118929750228
8865057419fffff,Klang,3.132905342115354,101.37101380742338,2433.8942307692305,14.7,0.10136847440446012,0.04963868440602417,1.2410093868097039,0.09370065077963734,0.005799220836239615,0.0003392254193418363,0.9996607745806582,8.47,0,0,8.23776195428268
88650538ebfffff,Klang,2.9907530237934097,101.2994476496253,0.0,0.0,0.0,0.0,1.2410093868097039,0.0,0.00037236926111654614,2.1781739705946056e-05,0.9999782182602941,13.36,0,0,0.0
8865053b03fffff,Klang,2.9829241858332236,101.39791214669383,3650.8413461538457,9.4,0.15205271160669018,0.031741743769838585,1.2410093868097039,0.11404532218292472,0.3492494032884531,0.02042934363614161,0.9795706563638584,2.77,0,1,9.824879285975458
8865050e39fffff,Klang,2.9810282963498205,101.51941362494703,0.0,0.0,0.0,0.0,1.2410093868097039,0.0,0.20625234476853938,0.012064730783681072,0.9879352692163189,3.2,0,1,0.0
8865050e55fffff,Klang,2.9567987820199297,101.5307097125438,0.0,0.0,0.0,0.0,1.2410093868097039,0.0,0.06761187708413362,0.003954956709533773,0.9960450432904663,5.48,0,0,0.0
8865057401fffff,Klang,3.146931106061791,101.39033211379072,0.0,0.0,0.0,0.0,1.2410093868097039,0.0,0.005542739183854323,0.000324222525239203,0.9996757774747608,8.39,0,0,0.0
8865057411fffff,Klang,3.140990060694031,101.36724080712344,2433.8942307692305,10.5,0.10136847440446012,0.03545620314716012,1.2410093868097039,0.08490035459438586,0.0030947119852885426,0.0001810251757255785,0.9998189748242744,9.4,0,0,7.465258631658041
8865053ac3fffff,Klang,2.919472723988428,101.31550268437572,1216.9471153846152,5.0,0.05068423720223006,0.016883906260552438,1.2410093868097039,0.04192635014330891,0.00020953556611039075,1.2256782814105868e-05,0.9999877432171859,14.3,0,0,3.6871916655343013
88650539cbfffff,Klang,3.0195139568687663,101.32911799388978,0.0,0.0,0.0,0.0,1.2410093868097039,0.0,0.0037675929295481955,0.00022038534615696027,0.999779614653843,9.87,0,0,0.0
8865050c5bfffff,Klang,2.9986090962338734,101.49398798841423,1216.9471153846152,224.9,0.05068423720223006,0.7594381035996487,1.2410093868097039,0.5026847146996907,0.8377773970012108,0.04900578833571864,0.9509942116642813,1.42,1,5,42.0424031895592
8865053ab1fffff,Klang,2.952492339327507,101.29145903958141,0.0,0.0,0.0,0.0,1.2410093868097039,0.0,0.00011236438710189188,6.572754756213731e-06,0.9999934272452438,15.0,0,0,0.0
88650574edfffff,Klang,3.157160561390894,101.35969411567389,0.0,0.0,0.0,0.0,1.2410093868097039,0.0,0.0008710544288282704,5.095232829250802e-05,0.9999490476717074,11.29,0,0,0.0
8865053959fffff,Klang,3.0078729847546017,101.37764969157743,1216.9471153846152,70.0,0.05068423720223006,0.23637468764773414,1.2410093868097039,0.17812141015315347,0.09818618350465974,0.005743400745287033,0.994256599254713,4.88,0,1,15.575019049147445
8865052359fffff,Klang,2.909709467321218,101.24248705251351,0.0,0.0,0.0,0.0,1.2410093868097039,0.0,1.2589890874686185e-06,7.364456591728448e-08,0.9999999263554341,21.84,0,0,0.0
8865050ea7fffff,Klang,3.0081132848577568,101.47232540718066,2433.8942307692305,296.9,0.10136847440446012,1.0,1.2410093868097039,0.683404307536109,1.6208408989683347,0.0948110874141945,0.9051889125858055,1.06,1,11,54.404010676501386
88650574c7fffff,Klang,3.1431332687163485,101.34037464689553,2433.8942307692305,1.0,0.10136847440446012,0.0033767812521104876,1.2410093868097039,0.06499492274679318,0.000698668622646011,4.086862066314378e-05,0.9999591313793369,11.83,0,0,5.715782074042676
8865050c33fffff,Klang,3.0463700191473495,101.48033181149987,0.0,0.0,0.0,0.0,1.2410093868097039,0.0,1.3396952951331074,0.07836547548627203,0.921634524513728,1.32,2,6,0.0
8865057605fffff,Klang,3.0977138762491316,101.42191425738315,0.0,0.0,0.0,0.0,1.2410093868097039,0.0,0.36795584675258797,0.02152357703537016,0.9784764229646299,1.96,1,2,0.0
8865050d91fffff,Klang,3.079407259529197,101.45630799774686,1216.9471153846152,4.0,0.05068423720223006,0.01350712500844195,1.2410093868097039,0.03983104152777283,0.8337792883499526,0.048771918972558344,0.9512280810274416,2.05,0,5,3.3321174799118305
8865053aabfffff,Klang,2.951070782153435,101.30936268812299,1216.9471153846152,86.5,0.05068423720223006,0.2920915783075572,1.2410093868097039,0.21269400230949867,0.0003750733963754352,2.193991809629487e-05,0.9999780600819037,13.19,0,0,18.70508536790393
8865053b3bfffff,Klang,2.991714734398759,101.38519165150517,1216.9471153846152,1.2000000000000002,0.05068423720223006,0.004052137502532586,1.2410093868097039,0.033964177404271836,0.1640453183824906,0.009595830800513098,0.9904041691994869,3.85,0,1,2.9583362834417986
8865050e63fffff,Klang,2.978889661966837,101.54624999447428,0.0,0.0,0.0,0.0,1.2410093868097039,0.0,0.06462530172920883,0.003780256985936543,0.9962197430140635,5.39,0,0,0.0
886505396bfffff,Klang,3.0373424943852654,101.39837007159018,0.0,0.8,0.0,0.0027014250016883902,1.2410093868097039,0.0016762468924288562,0.3599643285712897,0.021056113184142404,0.9789438868158576,2.4,0,1,0.14431443186655213
8865052169fffff,Klang,2.9950207087421012,101.24572499153564,0.0,0.0,0.0,0.0,1.2410093868097039,0.0,8.178712553915806e-06,4.784137859418802e-07,0.9999995215862141,19.32,0,0,0.0
8865052a1dfffff,Klang,3.0420845619525214,101.24097841263205,0.0,0.0,0.0,0.0,1.2410093868097039,0.0,6.988081097167002e-06,4.0876779959260186e-07,0.9999995912322004,18.88,0,0,0.0
8865053a63fffff,Klang,2.937305814612225,101.38473594963085,0.0,0.0,0.0,0.0,1.2410093868097039,0.0,0.027502726137327353,0.0016087719489275658,0.9983912280510724,7.5,0,0,0.0
8865053921fffff,Klang,3.061585539945351,101.38705666101713,0.0,0.0,0.0,0.0,1.2410093868097039,0.0,0.23790004794635955,0.013915963162109234,0.9860840368378908,2.7,0,2,0.0
8865053b67fffff,Klang,2.9962322213533863,101.42617050549528,9735.576923076922,179.2,0.4054738976178405,0.6051192003781993,1.2410093868097039,0.6270777604290921,2.145789183160418,0.12551793698354227,0.8744820630164577,0.73,1,9,48.22655991324765
8865057639fffff,Klang,3.0991420554217646,101.40400946878965,1216.9471153846152,117.5,0.05068423720223006,0.39677179712298233,1.2410093868097039,0.2776485693911168,0.17401304429845937,0.010178892921996566,0.9898211070780034,3.24,0,2,24.16941451853881
886505760dfffff,Klang,3.089631384002564,101.42568476441097,3650.8413461538457,2.8,0.15205271160669018,0.009454987505909365,1.2410093868097039,0.10021628532038665,0.6847437526791337,0.04005408540277293,0.9599459145972271,0.99,1,2,8.460558740878035
8865050d9bfffff,Klang,3.0720397579944416,101.45112668151556,2433.8942307692305,135.79999999999998,0.10136847440446012,0.45856689403660417,1.2410093868097039,0.3474425241210554,1.0412680815744917,0.060908975807932426,0.9390910241920676,1.7,1,6,28.694895044972352
8865057453fffff,Klang,3.1248209785882586,101.37478657742457,2433.8942307692305,2.8,0.10136847440446012,0.009454987505909365,1.2410093868097039,0.06876647825475811,0.010795677748206344,0.0006314931634142227,0.9993685068365857,7.56,0,0,6.043888201647265
8865050d8bfffff,Klang,3.0779790043757154,101.47420848915604,0.0,1.0,0.0,0.0033767812521104876,1.2410093868097039,0.00209530861553607,0.9164163923114543,0.05360577631928296,0.946394223680717,1.66,1,4,0.1743950120017963
886505399bfffff,Klang,3.0304431004994,101.28952991331738,0.0,0.0,0.0,0.0,1.2410093868097039,0.0,0.00023580936936671803,1.3793668919845514e-05,0.9999862063310802,13.71,0,0,0.0
8865050e2dfffff,Klang,2.9943305866524565,101.54766567159551,0.0,0.0,0.0,0.0,1.2410093868097039,0.0,0.05489551827417628,0.003211113308563002,0.996788886691437,5.92,0,0,0.0
8865050c3bfffff,Klang,3.0382901348789604,101.4840995893755,0.0,0.0,0.0,0.0,1.2410093868097039,0.0,1.0948496838493538,0.06404323160090264,0.9359567683990974,1.49,1,6,0.0
8865050cc5fffff,Klang,3.0242712099251885,101.4647894475433,24010.366586538483,88.7,1.0,0.2995204970622003,1.2410093868097039,0.8063585676029014,1.7979411537670313,0.10517056671255307,0.8948294332874469,0.93,2,11,63.45742497961795
8865050eebfffff,Klang,2.9758017823539475,101.4873945575148,1216.9471153846152,9.0,0.05068423720223006,0.03039103126899439,1.2410093868097039,0.05030758460545319,1.1284965399386089,0.0660114044276876,0.9339885955723124,1.22,1,5,4.132273128709296
8865052303fffff,Klang,2.94130928914801,101.2363388359322,0.0,0.0,0.0,0.0,1.2410093868097039,0.0,1.8565910190422812e-06,1.0860129054669484e-07,0.9999998913987095,21.22,0,0,0.0
886505383bfffff,Klang,2.996697860683514,101.32253211472676,0.0,0.0,0.0,0.0,1.2410093868097039,0.0,0.00204095701998038,0.00011938577966112522,0.9998806142203389,10.79,0,0,0.0
8865050e95fffff,Klang,2.9786513429989503,101.45160513827796,2433.8942307692305,16.5,0.10136847440446012,0.05571689065982305,1.2410093868097039,0.09747220628760227,3.042105445870692,0.17794795623384507,0.8220520437661549,1.06,5,12,7.046834784263449
8865057735fffff,Klang,3.1661804936085596,101.44169474666914,0.0,0.0,0.0,0.0,1.2410093868097039,0.0,0.003921368929127522,0.0002293804731602341,0.9997706195268398,9.64,0,0,0.0
8865050f19fffff,Klang,3.0097724521164917,101.54908147505537,0.0,0.0,0.0,0.0,1.2410093868097039,0.0,0.045379605465772896,0.002654479994535915,0.9973455200054641,6.85,0,0,0.0
8865052a19fffff,Klang,3.0347143834147476,101.23579899701443,0.0,0.0,0.0,0.0,1.2410093868097039,0.0,4.8030266615558735e-06,2.8095304169047696e-07,0.9999997190469583,19.53,0,0,0.0
8865052a6bfffff,Klang,3.047318452547294,101.27302500264034,0.0,0.0,0.0,0.0,1.2410093868097039,0.0,7.142049457718908e-05,4.1777417875085144e-06,0.9999958222582125,15.29,0,0,0.0
8865050eb5fffff,Klang,3.0014604328805436,101.4581969057759,1216.9471153846152,107.5,0.05068423720223006,0.36300398460187744,1.2410093868097039,0.2566954832357561,2.6000128278961725,0.15208774881025935,0.8479122511897407,1.48,6,13,19.141815098184544
8865057511fffff,Klang,3.1925848746963275,101.40351724894391,2433.8942307692305,2.0,0.10136847440446012,0.006753562504220975,1.2410093868097039,0.06709023136232925,0.000586455760060947,3.4304729333451125e-05,0.9999656952706666,12.69,0,0,5.9000863873171046
8865052321fffff,Klang,2.963413525654884,101.2518731321716,0.0,0.0,0.0,0.0,1.2410093868097039,0.0,8.510967140040743e-06,4.978490177582226e-07,0.9999995021509822,18.96,0,0,0.0
8865050c95fffff,Klang,3.035203468437242,101.42522228981339,1216.9471153846152,44.6,0.05068423720223006,0.15060444384412777,1.2410093868097039,0.1249005713185373,0.7877421512379942,0.046078976664772696,0.9539210233352273,2.38,0,7,10.478299911401425
8865050e0bfffff,Klang,2.9648749221380712,101.5269445810132,0.0,0.0,0.0,0.0,1.2410093868097039,0.0,0.09770978228109642,0.0057155336560000825,0.9942844663439999,4.63,0,1,0.0
88650539c1fffff,Klang,3.026882270193564,101.33429775744118,0.0,0.0,0.0,0.0,1.2410093868097039,0.0,0.005597850510276794,0.0003274462622452712,0.9996725537377548,9.03,0,0,0.0
8865053b29fffff,Klang,2.996944614042296,101.41722114910166,1216.9471153846152,202.9,0.05068423720223006,0.685148916053218,1.2410093868097039,0.4565879251578972,1.6090086347702734,0.09411895912701698,0.905881040872983,0.35,1,6,36.37555028675704
8865050c37fffff,Klang,3.053736451452234,101.48551289030294,1216.9471153846152,6.0,0.05068423720223006,0.020260687512662925,1.2410093868097039,0.04402165875884497,1.282794356228483,0.0750370550991323,0.9249629449008677,0.79,1,6,3.5810032673225067
8865057739fffff,Klang,3.1507260147291976,101.44028282122005,1216.9471153846152,1.3,0.05068423720223006,0.004389815627743634,1.2410093868097039,0.03417370826582544,0.00997146620593228,0.0005832809097426419,0.9994167190902573,7.92,0,0,3.003673324380807
8865053851fffff,Klang,2.964382555327396,101.33762263414856,1216.9471153846152,23.0,0.05068423720223006,0.07766596879854122,1.2410093868097039,0.07964190522295818,0.0036300589248729137,0.00021234029463586886,0.9997876597053641,9.73,0,0,7.002665672641736
88650576b7fffff,Klang,3.1203070612975505,101.33378574597059,0.0,1.0,0.0,0.0033767812521104876,1.2410093868097039,0.00209530861553607,0.0012988118225950602,7.597399678465003e-05,0.9999240260032154,11.17,0,0,0.18425911544293838
8865057437fffff,Klang,3.171902519714334,101.370058496159,0.0,0.0,0.0,0.0,1.2410093868097039,0.0,0.0005550846031325621,3.246967352771802e-05,0.9999675303264722,11.93,0,0,0.0
8865050ee3fffff,Klang,2.9838791135221,101.48362761607729,1216.9471153846152,4.199999999999999,0.05068423720223006,0.014182481258864047,1.2410093868097039,0.04025010325088005,1.4069702559795016,0.08230072428068107,0.917699275719319,0.87,1,11,3.2484887514538583
8865057509fffff,Klang,3.190437704617662,101.43038166077922,0.0,0.0,0.0,0.0,1.2410093868097039,0.0,0.0014906828967803226,8.719749515417737e-05,0.9999128025048458,12.2,0,0,0.0
88650574cbfffff,Klang,3.1276776001112943,101.33896712456776,0.0,0.0,0.0,0.0,1.2410093868097039,0.0,0.0013137299498490796,7.684663262943726e-05,0.9999231533673706,11.05,0,0,0.0
886505775bfffff,Klang,3.11173659354013,101.44122954009954,1216.9471153846152,27.5,0.05068423720223006,0.09286148443303842,1.2410093868097039,0.08907079399287048,0.14217394782804377,0.008316464993032688,0.9916835350069673,3.8,0,1,7.768235909062928
8865050c49fffff,Klang,3.003834685481446,101.52600869530477,0.0,0.0,0.0,0.0,1.2410093868097039,0.0,0.12329292401341836,0.007212019516306776,0.9927879804836932,4.35,0,1,0.0
8865050c61fffff,Klang,3.034721703136741,101.52883867731246,0.0,0.0,0.0,0.0,1.2410093868097039,0.0,0.09468426391004091,0.005538555960697615,0.9944614440393024,6.02,0,0,0.0
88650538abfffff,Klang,3.0076244115040573,101.28294574635672,0.0,0.0,0.0,0.0,1.2410093868097039,0.0,0.00013233376813495,7.740863687779889e-06,0.9999922591363122,15.12,0,0,0.0
8865053a5dfffff,Klang,2.9071342143067733,101.37297075321635,0.0,0.0,0.0,0.0,1.2410093868097039,0.0,0.003329166286976217,0.0001947395799623501,0.9998052604200377,11.06,0,0,0.0
8865053ad9fffff,Klang,2.904740588468901,101.30514691746076,1216.9471153846152,13.0,0.05068423720223006,0.04389815627743634,1.2410093868097039,0.058688819067597466,6.228186859008577e-05,3.6431778658673636e-06,0.9999963568221342,16.2,0,0,5.161402978482201
886505212dfffff,Klang,3.019262859864749,101.23439638991997,0.0,0.0,0.0,0.0,1.2410093868097039,0.0,4.196064434351162e-06,2.4544878657373566e-07,0.9999997545512134,19.96,0,0,0.0
8865050cd1fffff,Klang,3.010964674749308,101.43653060804444,2433.8942307692305,546.4,0.10136847440446012,1.0,1.2410093868097039,0.683404307536109,1.9956629488494952,0.11673630299745735,0.8832636970025427,1.71,3,11,53.086252973008364
8865050dd7fffff,Klang,3.070611833879792,101.46902709288207,1216.9471153846152,9.0,0.05068423720223006,0.03039103126899439,1.2410093868097039,0.05030758460545319,1.5952064239641017,0.09331159881417812,0.9066884011858218,0.71,3,6,4.011488078220849
8865050e27fffff,Klang,3.003121409637537,101.53495486501467,0.0,0.0,0.0,0.0,1.2410093868097039,0.0,0.07552810908432107,0.004418016695642551,0.9955819833043574,5.22,0,0,0.0
8865053b3dfffff,Klang,2.9983692478547277,101.39932155440042,17037.259615384613,331.0,0.7095793208312208,1.0,1.2410093868097039,1.0608019923236518,0.45408975543500113,0.026561979972149746,0.9734380200278503,2.29,0,3,90.8147958433872
886505210dfffff,Klang,2.9964428611275373,101.22781514646766,0.0,0.0,0.0,0.0,1.2410093868097039,0.0,2.2632275539470198e-06,1.3238749441235353e-07,0.9999998676125056,21.31,0,0,0.0
8865057707fffff,Klang,3.1500107935421413,101.44923565007768,0.0,0.0,0.0,0.0,1.2410093868097039,0.0,0.010755902132119483,0.0006291664887750492,0.9993708335112249,8.09,0,0,0.0
8865053a23fffff,Klang,2.9541709886341265,101.36824551201767,0.0,2.0,0.0,0.006753562504220975,1.2410093868097039,0.00419061723107214,0.020856498286249636,0.001220000854760171,0.9987799991452398,7.3,0,0,0.3680966040994175
88650531b7fffff,Klang,2.9089997745102423,101.25143932221756,0.0,0.0,0.0,0.0,1.2410093868097039,0.0,2.245404930294253e-06,1.3134496005246152e-07,0.99999986865504,20.99,0,0,0.0
8865053931fffff,Klang,3.055643398509796,101.36397116118218,0.0,0.0,0.0,0.0,1.2410093868097039,0.0,0.04839639618746488,0.002830947165994091,0.9971690528340059,5.17,0,0,0.0
8865057717fffff,Klang,3.144071642431523,101.42614739133299,0.0,0.4,0.0,0.0013507125008441951,1.2410093868097039,0.0008381234462144281,0.014630430863194703,0.0008558070445782732,0.9991441929554217,7.04,0,0,0.07364616527108932
886505750bfffff,Klang,3.1911534832277186,101.42142715135178,0.0,0.0,0.0,0.0,1.2410093868097039,0.0,0.0010958369207205072,6.410098002108936e-05,0.9999358990199789,12.29,0,0,0.0
8865053a17fffff,Klang,2.9327838114535294,101.34375962194846,0.0,0.0,0.0,0.0,1.2410093868097039,0.0,0.0020399658093842544,0.00011932779879789864,0.9998806722012021,10.91,0,0,0.0
88650505a7fffff,Klang,2.956555771751172,101.43606646689263,0.0,1.0,0.0,0.0033767812521104876,1.2410093868097039,0.00209530861553607,0.8651852476082131,0.05060901054055668,0.9493909894594433,2.38,0,10,0.17494723536799037
8865050cadfffff,Klang,3.0558777341464527,101.45866473710338,1216.9471153846152,113.3,0.05068423720223006,0.38258931586411826,1.2410093868097039,0.2688482732058653,1.75146364302798,0.10245186474971442,0.8975481352502855,0.83,2,7,21.22164180454289
8865052a5dfffff,Klang,3.02520936804558,101.25748634100717,3650.8413461538457,5.0,0.15205271160669018,0.016883906260552438,1.2410093868097039,0.10482596427456602,2.2933544786525386e-05,1.3414976885495546e-06,0.9999986585023114,17.31,0,0,9.218967056267259
8865050e93fffff,Klang,2.9719981691334074,101.43747738066851,0.0,0.0,0.0,0.0,1.2410093868097039,0.0,1.7316624870612645,0.1012935961433032,0.8987064038566968,1.78,1,10,0.0
886505395bfffff,Klang,3.0085852365456547,101.36869853418675,1216.9471153846152,66.0,0.05068423720223006,0.2228675626392922,1.2410093868097039,0.16974017569100916,0.05395431826268035,0.0031560578144543693,0.9968439421855456,5.86,0,0,14.880783593422906
8865053857fffff,Klang,2.9724608404794757,101.33385034905372,1216.9471153846152,41.0,0.05068423720223006,0.13844803133653,1.2410093868097039,0.11735746030260744,0.0033030217334949286,0.00019321025432212394,0.9998067897456778,9.86,0,0,10.31907487751519
8865050c6dfffff,Klang,3.034007863812544,101.53778559821424,0.0,0.0,0.0,0.0,1.2410093868097039,0.0,0.06935053886136548,0.004056659729151412,0.9959433402708486,6.96,0,0,0.0
8865053937fffff,Klang,3.063725107099596,101.36019878967569,0.0,0.0,0.0,0.0,1.2410093868097039,0.0,0.03510154908294328,0.002053265092579325,0.9979467349074207,5.66,0,0,0.0
8865053b1bfffff,Klang,2.968903396576277,101.3786036051905,0.0,0.0,0.0,0.0,1.2410093868097039,0.0,0.0658822635431908,0.00385378296649244,0.9961462170335076,5.41,0,0,0.0
8865053867fffff,Klang,3.001217907588484,101.36351884916756,0.0,0.7,0.0,0.002363746876477341,1.2410093868097039,0.001466716030875249,0.03736544326829922,0.0021856915815955443,0.9978143084184045,6.28,0,0,0.1287092458476679
8865057635fffff,Klang,3.114594272285909,101.40541963324925,1216.9471153846152,7.0,0.05068423720223006,0.023637468764773413,1.2410093868097039,0.04611696737438104,0.07448953296283904,0.004357265186038614,0.9956427348139614,4.44,0,1,4.038110967551467
8865050c69fffff,Klang,3.02664275437174,101.53260453844386,0.0,0.0,0.0,0.0,1.2410093868097039,0.0,0.07676930433359191,0.004490620411005115,0.9955093795889949,6.44,0,0,0.0
886505393dfffff,Klang,3.0549303730816098,101.37292374244272,0.0,1.0,0.0,0.0033767812521104876,1.2410093868097039,0.00209530861553607,0.09146926237232696,0.005350494447674971,0.994649505552325,4.17,0,1,0.1832871631271695
8865050c8dfffff,Klang,3.033063979885641,101.45207185700482,7301.6826923076915,15.9,0.30410542321338035,0.05369082190855676,1.2410093868097039,0.2220142493807948,1.4279783298361073,0.08352959154833842,0.9164704084516616,1.53,1,11,17.89424073387097
88650574e1fffff,Klang,3.1578752383840945,101.35073835105337,0.0,0.0,0.0,0.0,1.2410093868097039,0.0,0.0005514316184482987,3.225599219080033e-05,0.9999677440078092,12.03,0,0,0.0
8865050e6bfffff,Klang,2.9708131413137715,101.55001457536063,0.0,0.0,0.0,0.0,1.2410093868097039,0.0,0.07222501007451625,0.004224801921042726,0.9957751980789573,4.82,0,1,0.0
88650574ddfffff,Klang,3.128391620494971,101.33001153370151,0.0,0.0,0.0,0.0,1.2410093868097039,0.0,0.0007455954264305974,4.3613604022411844e-05,0.9999563863959776,11.97,0,0,0.0
8865050ca3fffff,Klang,3.0573049972788655,101.44076448670816,1216.9471153846152,63.8,0.05068423720223006,0.21543864388464912,1.2410093868097039,0.16513049673682983,1.1188883610111717,0.06544937400708291,0.934550625992917,1.48,1,7,13.572007770009174
8865053869fffff,Klang,2.9850599296884535,101.37106168736348,0.0,0.0,0.0,0.0,1.2410093868097039,0.0,0.05592112091939459,0.003271105934680664,0.9967288940653193,5.51,0,0,0.0
8865050c0bfffff,Klang,3.0214180946836064,101.50058219277915,0.0,0.0,0.0,0.0,1.2410093868097039,0.0,0.4370357803705045,0.025564407710968132,0.9744355922890319,3.36,0,4,0.0
8865057443fffff,Klang,3.130761977936903,101.39787633443788,0.0,0.0,0.0,0.0,1.2410093868097039,0.0,0.02038515315428056,0.0011924295215479971,0.998807570478452,6.41,0,0,0.0
8865057407fffff,Klang,3.1550162025428397,101.38655965780768,0.0,0.0,0.0,0.0,1.2410093868097039,0.0,0.0028917431885962745,0.00016915251608465192,0.9998308474839154,9.38,0,0,0.0
8865050e61fffff,Klang,2.9781766848157454,101.55519485118973,0.0,0.0,0.0,0.0,1.2410093868097039,0.0,0.0821962529173033,0.004808069765158321,0.9951919302348416,4.41,0,1,0.0
8865053a35fffff,Klang,2.954882252726038,101.35929552896067,0.0,0.0,0.0,0.0,1.2410093868097039,0.0,0.012025301487550369,0.0007034200033105502,0.9992965799966894,8.05,0,0,0.0
8865050e67fffff,Klang,2.986253453564572,101.55143037698376,0.0,0.0,0.0,0.0,1.2410093868097039,0.0,0.06372143814728905,0.003727385486253601,0.9962726145137464,5.12,0,0,0.0
8865053859fffff,Klang,2.9563046316367627,101.34139468938348,2433.8942307692305,1.6,0.10136847440446012,0.0054028500033767805,1.2410093868097039,0.06625210791611483,0.003824327275828119,0.00022370402170861792,0.9997762959782914,9.7,0,0,5.825276119686096
8865053911fffff,Klang,3.032825649285441,101.3573828644338,1216.9471153846152,3.0,0.05068423720223006,0.010130343756331463,1.2410093868097039,0.037735732912236766,0.028073792806948702,0.0016421764934249714,0.998357823506575,6.4,0,0,3.313240752640762
88650539d7fffff,Klang,3.029018923679667,101.30743791829599,0.0,0.0,0.0,0.0,1.2410093868097039,0.0,0.0008480953157996826,4.960933498965434e-05,0.9999503906650103,11.81,0,0,0.0
886505763dfffff,Klang,3.1065109538968083,101.4091909369376,2433.8942307692305,12.0,0.10136847440446012,0.04052137502532585,1.2410093868097039,0.08804331751768994,0.14158904105189082,0.008282250871512006,0.991717749128488,3.46,0,1,7.678890315484909
886505765dfffff,Klang,3.0668133369279533,101.41909279871192,7301.6826923076915,84.3,0.30410542321338035,0.2846626595529141,1.2410093868097039,0.365333358683462,0.8482769285108199,0.04961995842508352,0.9503800415749165,1.6,2,4,30.53518928301936
8865050c51fffff,Klang,3.0059742117382187,101.49916839225682,0.0,0.0,0.0,0.0,1.2410093868097039,0.0,0.551628186265569,0.032267490425153804,0.9677325095748462,2.38,0,3,0.0
8865050dd9fffff,Klang,3.0544502640050855,101.47656380278482,1216.9471153846152,259.9,0.05068423720223006,0.8776254474235157,1.2410093868097039,0.5760205162434531,1.7803751805125025,0.10414304511755224,0.8958569548824478,0.57,3,6,45.3827283186181
8865053a97fffff,Klang,2.937757875394748,101.28110253400584,0.0,0.0,0.0,0.0,1.2410093868097039,0.0,3.8261195878328347e-05,2.238088629982601e-06,0.99999776191137,16.65,0,0,0.0
886505215dfffff,Klang,2.9736245736925113,101.22123468231041,0.0,0.0,0.0,0.0,1.2410093868097039,0.0,1.1010563675504837e-06,6.440629156028214e-08,0.9999999355937085,22.17,0,0,0.0
8865053a09fffff,Klang,2.9225750815435734,101.37437877738495,0.0,0.0,0.0,0.0,1.2410093868097039,0.0,0.007795632033623627,0.000456005491136872,0.9995439945088631,9.5,0,0,0.0
8865050cb5fffff,Klang,3.058018551070532,101.43181391829816,0.0,0.4,0.0,0.0013507125008441951,1.2410093868097039,0.0008381234462144281,0.9306458689430922,0.05443812954632651,0.9455618704536735,2.06,0,5,0.06969665267181165
8865057457fffff,Klang,3.13219094134903,101.37996827582502,1216.9471153846152,2.7,0.05068423720223006,0.009117309380698317,1.2410093868097039,0.03710714032757594,0.009157650146735643,0.0005356767398474479,0.9994643232601526,7.72,0,0,3.2616605616273704
8865050dd5fffff,Klang,3.0698977936963785,101.47797685373367,0.0,0.0,0.0,0.0,1.2410093868097039,0.0,1.3085935782161637,0.07654618057384677,0.9234538194261532,1.24,3,5,0.0
8865050ec1fffff,Klang,2.9603604457220083,101.48598151155053,0.0,0.0,0.0,0.0,1.2410093868097039,0.0,0.792674333232997,0.04636748464761578,0.9536325153523842,2.32,0,5,0.0
8865050e15fffff,Klang,2.9736640901705047,101.51423350079973,0.0,0.0,0.0,0.0,1.2410093868097039,0.0,0.25766986153466614,0.0150723983961142,0.9849276016038858,2.92,0,1,0.0
886505398dfffff,Klang,3.0430442899819887,101.32675128248326,0.0,0.0,0.0,0.0,1.2410093868097039,0.0,0.0034518431966775263,0.00020191556572183908,0.9997980844342782,9.4,0,0,0.0
88650538a9fffff,Klang,3.0069127824600197,101.29189947005767,0.0,0.0,0.0,0.0,1.2410093868097039,0.0,0.0002502295287541732,1.4637176134576366e-05,0.9999853628238654,14.22,0,0,0.0
8865050e91fffff,Klang,2.9712860675789114,101.4464254352766,4867.788461538461,21.0,0.20273694880892024,0.07091240629432025,1.2410093868097039,0.16980070918877171,2.4196539805454402,0.14153765814252153,0.8584623418574785,0.8,3,10,12.819607486707849
8865053b5bfffff,Klang,2.9520368985081515,101.39509370919205,1216.9471153846152,23.0,0.05068423720223006,0.07766596879854122,1.2410093868097039,0.07964190522295818,0.09461042747365178,0.005534236898395264,0.9944657631016047,5.5,0,0,6.965390294916551
8865050ce9fffff,Klang,3.031637397960841,101.46997009004144,2433.8942307692305,12.8,0.10136847440446012,0.043222800027014244,1.2410093868097039,0.0897195644101188,1.874997806002364,0.10967799553889837,0.8903220044611017,0.26,2,10,7.0250309693432875
8865050e29fffff,Klang,2.9869665471725084,101.54248518244701,0.0,0.0,0.0,0.0,1.2410093868097039,0.0,0.06344391571492385,0.0037111518117386474,0.9962888481882614,5.71,0,0,0.0
8865050c19fffff,Klang,3.0147658392522314,101.4864538367543,14603.365384615385,27.4,0.6082108464267607,0.09252380630782736,1.2410093868097039,0.43480914085323097,0.9131140420547009,0.05341260534299243,0.9465873946570076,2.09,0,6,36.19706535639922
88650576b1fffff,Klang,3.112222857013791,101.33755972818525,0.0,0.0,0.0,0.0,1.2410093868097039,0.0,0.0022304850458827884,0.0001304722214227506,0.9998695277785773,10.28,0,0,0.0
88650531e7fffff,Klang,2.8980844830141836,101.2910187541077,1216.9471153846152,16.0,0.05068423720223006,0.0540285000337678,1.2410093868097039,0.06497474491420567,1.992775367920637e-05,1.1656739395275359e-06,0.9999988343260605,17.9,0,0,5.714234467741874
8865050e33fffff,Klang,2.989818424151833,101.50670140836588,0.0,0.0,0.0,0.0,1.2410093868097039,0.0,0.5059145440490543,0.029593470951083358,0.9704065290489167,1.78,1,1,0.0
8865053819fffff,Klang,2.973172178641804,101.32489882577212,1216.9471153846152,12.0,0.05068423720223006,0.04052137502532585,1.2410093868097039,0.056593510452061395,0.0017823506138892205,0.00010425859809173997,0.9998957414019083,10.8,0,0,4.976629756509259
8865050cd5fffff,Klang,3.0183310268786414,101.44171087842486,7301.6826923076915,162.6,0.30410542321338035,0.5490646315931653,1.2410093868097039,0.5293960232799364,1.6006342099113502,0.09362909714991093,0.906370902850089,2.27,0,9,42.19884935834163
88650576cbfffff,Klang,3.0710939255753438,101.36537943846942,0.0,0.0,0.0,0.0,1.2410093868097039,0.0,0.04562918879870849,0.002669079371446471,0.9973309206285536,5.31,0,0,0.0
8865053a05fffff,Klang,2.938016902456293,101.37578692742672,1216.9471153846152,15.9,0.05068423720223006,0.05369082190855676,1.2410093868097039,0.06476521405265206,0.017231743762925678,0.0010079708410897306,0.9989920291589103,7.99,0,0,5.690072602899085
886505394dfffff,Klang,3.0211822608977155,101.40591119366907,0.0,0.6,0.0,0.0020260687512662925,1.2410093868097039,0.001257185169321642,0.4422320335143499,0.025868362535504574,0.9741316374644954,3.29,0,2,0.10770376299185665
886505766bfffff,Klang,3.088917327269058,101.43463638132155,3650.8413461538457,24.7,0.15205271160669018,0.08340649692712905,1.2410093868097039,0.1461035440006266,0.646746613037768,0.03783144274221328,0.9621685572577867,1.26,1,4,12.363057543897312
8865050c3dfffff,Klang,3.044942570874389,101.49822901543607,0.0,0.0,0.0,0.0,1.2410093868097039,0.0,0.5496048399101598,0.03214913478130623,0.9678508652186938,2.51,0,5,0.0
8865057755fffff,Klang,3.1264737968914225,101.4515934543062,1216.9471153846152,21.6,0.05068423720223006,0.07293847504558654,1.2410093868097039,0.07670847316120767,0.049385822714986205,0.0028888236701287394,0.9971111763298712,5.78,0,0,6.726682077729036
8865057611fffff,Klang,3.0844045008513277,101.39364697254274,2433.8942307692305,11.7,0.10136847440446012,0.039508340649692705,1.2410093868097039,0.08741472493302914,0.19054639432938175,0.011146011222151133,0.9888539887778489,3.69,0,2,7.602050400401445
8865057447fffff,Klang,3.138131690725254,101.4030582640986,0.0,1.2,0.0,0.004052137502532585,1.2410093868097039,0.002514370338643284,0.014697205097557389,0.0008597130033773178,0.9991402869966227,6.9,0,0,0.22093763209743209
8865050e03fffff,Klang,2.9729514270483532,101.52317921847718,0.0,0.0,0.0,0.0,1.2410093868097039,0.0,0.1437420591553175,0.008408191664182193,0.9915918083358178,3.85,0,1,0.0
88650539a1fffff,Klang,3.0665771295013102,101.32438421509741,0.0,0.0,0.0,0.0,1.2410093868097039,0.0,0.0026327628357924134,0.0001540034605025312,0.9998459965394975,9.64,0,0,0.0
8865050e45fffff,Klang,2.962736985614205,101.55377892509489,0.0,0.0,0.0,0.0,1.2410093868097039,0.0,0.08466992175793314,0.0049527670225091225,0.9950472329774909,4.4,0,1,0.0
8865057625fffff,Klang,3.1205344327905915,101.42850697833947,2433.8942307692305,7.0,0.10136847440446012,0.023637468764773413,1.2410093868097039,0.07756677444000959,0.07915637926022026,0.004630252357408273,0.9953697476425917,4.42,0,1,6.790068390929137
8865052345fffff,Klang,2.931101000379723,101.26697238320915,0.0,0.0,0.0,0.0,1.2410093868097039,0.0,1.2181432603324542e-05,7.125528928342308e-07,0.9999992874471072,18.39,0,0,0.0
8865057549fffff,Klang,3.173550265278376,101.4468774907474,0.0,0.0,0.0,0.0,1.2410093868097039,0.0,0.0031078034421281016,0.00018179096048556614,0.9998182090395145,10.55,0,0,0.0
88650539ddfffff,Klang,3.020226063971638,101.32016504776428,0.0,0.0,0.0,0.0,1.2410093868097039,0.0,0.0020174498034509045,0.00011801072504431546,0.9998819892749556,10.76,0,0,0.0
8865053995fffff,Klang,3.04518160624071,101.29988944143709,0.0,0.0,0.0,0.0,1.2410093868097039,0.0,0.0005019208598971642,2.9359860399010944e-05,0.999970640139601,12.33,0,0,0.0
88650576edfffff,Klang,3.1005700223527186,101.38610350551946,1216.9471153846152,43.0,0.05068423720223006,0.145201593840751,1.2410093868097039,0.12154807753367958,0.06484543868214332,0.003793133896866574,0.9962068661031335,5.02,0,0,10.649068102771137
8865052a51fffff,Klang,3.0259210614084746,101.24853109028369,0.0,0.0,0.0,0.0,1.2410093868097039,0.0,1.1987496560962229e-05,7.012086041524239e-07,0.9999992987913958,18.28,0,0,0.0
8865052161fffff,Klang,3.003101067763604,101.24194902032214,0.0,0.0,0.0,0.0,1.2410093868097039,0.0,6.644679792930812e-06,3.8868054050701906e-07,0.9999996113194595,19.59,0,0,0.0
8865053a0dfffff,Klang,2.9299404040132435,101.37955729005431,0.0,1.0,0.0,0.0033767812521104876,1.2410093868097039,0.00209530861553607,0.01468059412309795,0.0008587413444362636,0.9991412586555637,8.5,0,0,0.1841148724651469
88650538dbfffff,Klang,2.9619921484682568,101.26977974690882,0.0,0.0,0.0,0.0,1.2410093868097039,0.0,2.96524251604972e-05,1.7345185920001175e-06,0.999998265481408,17.05,0,0,0.0
8865050c09fffff,Klang,3.020704688929967,101.50952963489719,0.0,0.0,0.0,0.0,1.2410093868097039,0.0,0.26690140467558093,0.015612397506611891,0.9843876024933881,4.33,0,3,0.0
8865053a93fffff,Klang,2.9303907784277263,101.27592450397123,0.0,0.0,0.0,0.0,1.2410093868097039,0.0,2.199410176387555e-05,1.286544969502422e-06,0.9999987134550306,17.51,0,0,0.0
8865052301fffff,Klang,2.9405991060924155,101.24529214812691,0.0,0.0,0.0,0.0,1.2410093868097039,0.0,3.424859553675786e-06,2.0033715754061673e-07,0.9999997996628425,20.29,0,0,0.0
8865050e47fffff,Klang,2.9634496802446004,101.54483444367649,0.0,0.0,0.0,0.0,1.2410093868097039,0.0,0.06249506513738715,0.0036556487977740435,0.996344351202226,5.38,0,0,0.0
8865053a31fffff,Klang,2.947516017479012,101.35411674592372,0.0,1.1,0.0,0.0037144593773215367,1.2410093868097039,0.002304839477089677,0.006719389416374536,0.0003930506798856052,0.9996069493201144,8.99,0,0,0.2026207554081921
8865050e37fffff,Klang,2.9971831265219455,101.51188174494943,0.0,0.0,0.0,0.0,1.2410093868097039,0.0,0.32524397946753913,0.019025146384117602,0.9809748536158824,2.61,0,1,0.0
8865052a01fffff,Klang,3.04874275489018,101.25511393922858,0.0,0.0,0.0,0.0,1.2410093868097039,0.0,1.9323424662739443e-05,1.1303237140713238e-06,0.9999988696762859,17.27,0,0,0.0
8865050ec5fffff,Klang,2.9677248148265942,101.49116126816935,1216.9471153846152,14.0,0.05068423720223006,0.047274937529546826,1.2410093868097039,0.060784127683133536,0.7681081272490236,0.04493048444329954,0.9550695155567005,2.05,0,5,5.105510236420536
8865057661fffff,Klang,3.096285485303576,101.43981786791893,0.0,1.0,0.0,0.0033767812521104876,1.2410093868097039,0.00209530861553607,0.38408651657148957,0.022467140556763795,0.9775328594432362,2.26,0,3,0.18013302542331122
886505768dfffff,Klang,3.094628301464344,101.36301521870662,0.0,2.0,0.0,0.006753562504220975,1.2410093868097039,0.00419061723107214,0.020843766677405548,0.0012192561193084628,0.9987807438806915,6.85,0,0,0.36809687856886114
88650538e3fffff,Klang,2.9988327234833427,101.29567367466753,0.0,0.0,0.0,0.0,1.2410093868097039,0.0,0.000307588027533905,1.79923614863364e-05,0.9999820076385136,13.78,0,0,0.0
886505391dfffff,Klang,3.032113062036635,101.3663350254837,1216.9471153846152,23.0,0.05068423720223006,0.07766596879854122,1.2410093868097039,0.07964190522295818,0.05053228379384011,0.0029558859102495156,0.9970441140897505,5.54,0,0,6.983449459561603
8865050f11fffff,Klang,3.017850559893881,101.54531641396133,0.0,0.0,0.0,0.0,1.2410093868097039,0.0,0.0482795967097236,0.0028241149806135834,0.9971758850193864,6.98,0,0,0.0
8865050cd9fffff,Klang,3.0028857988829114,101.44029958641944,1216.9471153846152,38.9,0.05068423720223006,0.13135679070709796,1.2410093868097039,0.11295731220998168,3.365499455534132,0.19686488863538013,0.8031351113646199,0.75,5,12,7.978420872831929
88650574adfffff,Klang,3.1740473736708963,101.34319006944772,0.0,0.0,0.0,0.0,1.2410093868097039,0.0,0.0001573833831981919,9.206140905898352e-06,0.9999907938590941,13.91,0,0,0.0
8865053889fffff,Klang,2.9840962285958748,101.28531565798292,0.0,0.0,0.0,0.0,1.2410093868097039,0.0,0.00012557638803403185,7.345590742824662e-06,0.9999926544092572,14.97,0,0,0.0
8865057641fffff,Klang,3.0734674733826375,101.43322508674535,1216.9471153846152,96.1,0.05068423720223006,0.3245086783278179,1.2410093868097039,0.23280896501864493,0.9311058873128939,0.05446503832059248,0.9455349616794075,1.09,1,5,19.359372283217624
88650538b3fffff,Klang,3.0097589901544497,101.25608285033046,0.0,0.0,0.0,0.0,1.2410093868097039,0.0,1.9335842403195625e-05,1.1310500897918693e-06,0.9999988689499102,17.88,0,0,0.0
88650576c9fffff,Klang,3.0703806251722217,101.37433239711642,0.0,0.0,0.0,0.0,1.2410093868097039,0.0,0.08574594727598561,0.005015709134543013,0.994984290865457,4.35,0,1,0.0
8865053b0bfffff,Klang,2.9748460767604197,101.40168221619952,1216.9471153846152,46.2,0.05068423720223006,0.15600729384750456,1.2410093868097039,0.12825306510339501,0.3469269983347254,0.020293494559764536,0.9797065054402354,3.0,0,1,11.050393019703485
8865053ae9fffff,Klang,2.9334945402862074,101.33480947756446,0.0,0.0,0.0,0.0,1.2410093868097039,0.0,0.0011921944390493435,6.973741299801205e-05,0.999930262587002,11.65,0,0,0.0
8865050f1bfffff,Klang,3.0104859442410814,101.54013556731695,0.0,0.0,0.0,0.0,1.2410093868097039,0.0,0.05690761576284854,0.003328810949957547,0.9966711890500425,6.08,0,0,0.0
886505216bfffff,Klang,2.9957318105815465,101.23677021178055,0.0,0.0,0.0,0.0,1.2410093868097039,0.0,4.30520713922888e-06,2.5183308903017627e-07,0.999999748166911,20.31,0,0,0.0
8865050c5dfffff,Klang,3.005261086590117,101.50811545850455,0.0,0.0,0.0,0.0,1.2410093868097039,0.0,0.35016221527183183,0.020482738572562532,0.9795172614274374,2.84,0,3,0.0
88650574c5fffff,Klang,3.142418920393406,101.34933032493423,1216.9471153846152,1.5,0.05068423720223006,0.005065171878165731,1.2410093868097039,0.03459276998893265,0.0011710300690443208,6.849940318724669e-05,0.9999315005968128,10.99,0,0,3.0420725608378487
88650538edfffff,Klang,2.997409532621833,101.3135795904369,0.0,0.0,0.0,0.0,1.2410093868097039,0.0,0.001088206263108659,6.365462470865541e-05,0.9999363453752913,11.79,0,0,0.0
886505390dfffff,Klang,3.0380553999614834,101.38941874503527,0.0,0.0,0.0,0.0,1.2410093868097039,0.0,0.22816394911413537,0.013346450066750651,0.9866535499332494,3.02,0,1,0.0
8865057451fffff,Klang,3.1241066885036455,101.3837407108705,0.0,0.0,0.0,0.0,1.2410093868097039,0.0,0.017240260052798814,0.001008469001460758,0.9989915309985392,6.78,0,0,0.0
8865050ce3fffff,Klang,3.0404305799174285,101.45725256504728,1216.9471153846152,2.7,0.05068423720223006,0.009117309380698317,1.2410093868097039,0.03710714032757594,1.5006020313717632,0.08777771492616167,0.9122222850738383,1.48,2,8,2.9769541357490517
886505764dfffff,Klang,3.072753641808612,101.44217603184482,3650.8413461538457,50.9,0.15205271160669018,0.17187816573242382,1.2410093868097039,0.2010006297276716,0.8814435700366143,0.051560041101266524,0.9484399588987334,1.94,1,6,16.765682623089855
8865050e85fffff,Klang,2.9845916932594023,101.47468036973409,0.0,0.0,0.0,0.0,1.2410093868097039,0.0,1.705580739518871,0.09976794433643506,0.9002320556635649,1.83,3,11,0.0
8865057757fffff,Klang,3.127188627849096,101.44264133845748,4867.788461538461,25.8,0.20273694880892024,0.08712095630445059,1.2410093868097039,0.17985819054334484,0.049496344390490415,0.0028952886354711503,0.9971047113645288,5.45,0,0,15.77193460788048
8865053addfffff,Klang,2.9121066109819176,101.31032472690512,1216.9471153846152,16.6,0.05068423720223006,0.0560545687850341,1.2410093868097039,0.06623193008352732,0.0001145445919587969,6.700285838012347e-06,0.999993299714162,15.25,0,0,5.8247659700702155
8865050f13fffff,Klang,3.018564167939346,101.5363701684491,0.0,0.0,0.0,0.0,1.2410093868097039,0.0,0.064573726847607,0.0037772401132681395,0.9962227598867318,6.18,0,0,0.0
8865050e1dfffff,Klang,2.9655874692847686,101.5179992006102,1216.9471153846152,9.3,0.05068423720223006,0.03140406564462754,1.2410093868097039,0.05093617719011401,0.16543704410802237,0.009677239795994372,0.9903227602040057,3.76,0,1,4.43626098313831
8865053b63fffff,Klang,2.9888661209324585,101.42099067348354,20688.100961538457,292.2,0.8616320324379109,0.9866954818666845,1.2410093868097039,1.146895897575325,1.6541080488497502,0.09675704932657934,0.9032429506734206,0.7,1,9,91.10507283315738
8865053961fffff,Klang,3.044710081118056,101.40355053352532,0.0,0.4,0.0,0.0013507125008441951,1.2410093868097039,0.0008381234462144281,0.5831476438825864,0.03411122107957964,0.9658887789204204,1.4,1,3,0.07119493377172406
8865053ae1fffff,Klang,2.9415716017443563,101.33103744416249,2433.8942307692305,0.0,0.10136847440446012,0.0,1.2410093868097039,0.06289961413125711,0.0012311878491549104,7.201833249877835e-05,0.9999279816675012,11.5,0,0,5.531344177435884
8865050cc9fffff,Klang,3.0088262082616537,101.46337715144962,2433.8942307692305,310.7,0.10136847440446012,1.0,1.2410093868097039,0.683404307536109,2.041437781075658,0.11941390178110552,0.8805860982188944,0.97,1,12,52.92532290549698
8865053a81fffff,Klang,2.935626430592222,101.30795730551674,2433.8942307692305,6.0,0.10136847440446012,0.020260687512662925,1.2410093868097039,0.07547146582447353,0.00022166265025702977,1.2966156593998837e-05,0.999987033843406,14.05,0,0,6.637295195434525
886505398bfffff,Klang,3.0363878095796837,101.31261769750401,0.0,0.0,0.0,0.0,1.2410093868097039,0.0,0.0012495721135303791,7.309372003240837e-05,0.9999269062799676,11.07,0,0,0.0
8865053841fffff,Klang,2.97032652452368,101.36070317648091,0.0,2.0,0.0,0.006753562504220975,1.2410093868097039,0.00419061723107214,0.020458903204105504,0.0011967435306683275,0.9988032564693317,7.1,0,0,0.36810517549855043
88650531e5fffff,Klang,2.897374656871771,101.29996925612083,1216.9471153846152,11.0,0.05068423720223006,0.03714459377321536,1.2410093868097039,0.05449820183652532,3.370550938140032e-05,1.9716037510738613e-06,0.999998028396249,17.16,0,0,4.792866101992347
8865050ec3fffff,Klang,2.961072630806695,101.47703497777387,0.0,0.0,0.0,0.0,1.2410093868097039,0.0,1.3000263624079764,0.076045041290279,0.923954958709721,1.35,1,5,0.0
886505740dfffff,Klang,3.14621632144584,101.39928637389336,0.0,0.0,0.0,0.0,1.2410093868097039,0.0,0.007670512590027192,0.0004486866293586508,0.9995513133706414,7.89,0,0,0.0
8865057555fffff,Klang,3.1830672808684835,101.42519874674427,0.0,0.4,0.0,0.0013507125008441951,1.2410093868097039,0.0008381234462144281,0.0014022759446500248,8.202613054227543e-05,0.9999179738694577,11.37,0,0,0.07370320007895839
886505762dfffff,Klang,3.11245109316901,101.43227750551158,1216.9471153846152,9.3,0.05068423720223006,0.03140406564462754,1.2410093868097039,0.05093617719011401,0.14137277159812933,0.008269600189943785,0.9917303998100562,3.57,0,1,4.442566661361192
8865057727fffff,Klang,3.172834599646851,101.45583073686451,0.0,0.0,0.0,0.0,1.2410093868097039,0.0,0.004005431688782144,0.0002342977242358737,0.9997657022757641,10.73,0,0,0.0
8865050e6dfffff,Klang,2.9774636582500316,101.56413940730681,0.0,0.0,0.0,0.0,1.2410093868097039,0.0,0.1336458035464872,0.007817611198391786,0.9921823888016083,3.44,0,1,0.0
8865050ce7fffff,Klang,3.047797261737444,101.46243341881997,24010.366586538483,66.6,1.0,0.22489363139055846,1.2410093868097039,0.7600522471995542,1.6052163635556926,0.09389713022459183,0.9061028697754082,1.6,2,6,60.566842422137576
8865050cb3fffff,Klang,3.0513644652816447,101.41768225851926,1216.9471153846152,3.2,0.05068423720223006,0.010805700006753561,1.2410093868097039,0.03815479463534398,0.9364331477516061,0.054776656416763686,0.9452233435832363,0.91,1,3,3.171739702131045
8865050c85fffff,Klang,3.041143958911885,101.44830296420754,2433.8942307692305,296.2,0.10136847440446012,1.0,1.2410093868097039,0.683404307536109,1.5594892655790047,0.0912223236558381,0.908777676344162,0.56,1,9,54.619703930263555
88650538d3fffff,Klang,2.970070960740514,101.26600502564273,0.0,0.0,0.0,0.0,1.2410093868097039,0.0,2.5962002164133178e-05,1.5186473010385372e-06,0.999998481352699,17.29,0,0,0.0
8865053b17fffff,Klang,2.984348065414845,101.38001213294288,0.0,0.0,0.0,0.0,1.2410093868097039,0.0,0.1039831672971501,0.0060824953087560965,0.993917504691244,4.56,0,1,0.0
886505742bfffff,Klang,3.162386647483706,101.39174190202698,0.0,0.0,0.0,0.0,1.2410093868097039,0.0,0.002101877906403398,0.00012294934687594525,0.999877050653124,9.87,0,0,0.0
8865052367fffff,Klang,2.954624300037834,101.26460140725105,0.0,0.0,0.0,0.0,1.2410093868097039,0.0,1.7882495820499217e-05,1.0460365823076643e-06,0.9999989539634176,17.8,0,0,0.0
88650574d1fffff,Klang,3.1291055867625537,101.32105565262127,0.0,0.0,0.0,0.0,1.2410093868097039,0.0,0.000418485593356394,2.447931453269015e-05,0.9999755206854674,12.89,0,0,0.0
8865053903fffff,Klang,3.039481056154159,101.37151521374001,1216.9471153846152,73.3,0.05068423720223006,0.24751806577969873,1.2410093868097039,0.1850359285844225,0.07596215729579228,0.004443406345512544,0.9955565936544875,4.67,0,1,16.200782687345328
8865053947fffff,Klang,3.0299749909595204,101.39318975634936,1216.9471153846152,8.2,0.05068423720223006,0.027689606267306,1.2410093868097039,0.04863133771302433,0.24281750379529216,0.014203609739046764,0.9857963902609532,3.4,0,2,4.216163256204583
8865050d95fffff,Klang,3.086774841284342,101.46148945975844,1216.9471153846152,2.8,0.05068423720223006,0.009454987505909365,1.2410093868097039,0.03731667118912955,0.5659165642681726,0.03310328908785671,0.9668967109121432,2.62,0,4,3.1731964392757157
886505386bfffff,Klang,2.985771743539758,101.36211094987814,0.0,1.0,0.0,0.0033767812521104876,1.2410093868097039,0.00209530861553607,0.02999135258117072,0.001754344151269382,0.9982456558487306,6.48,0,0,0.18394983694576364
8865057485fffff,Klang,3.159304428083671,101.33282594848859,2433.8942307692305,1.7,0.10136847440446012,0.005740528128587829,1.2410093868097039,0.06646163877766842,0.00020752355013574199,1.2139089940874078e-05,0.9999878609100591,13.6,0,0,5.84493590744082
8865053845fffff,Klang,2.9776931838523386,101.36588235833511,0.0,1.0,0.0,0.0033767812521104876,1.2410093868097039,0.00209530861553607,0.034339514140928486,0.0020086898591026637,0.9979913101408974,6.28,0,0,0.18390296786979055
8865052143fffff,Klang,2.980993563123102,101.22641304269655,0.0,0.0,0.0,0.0,1.2410093868097039,0.0,1.7522434043346418e-06,1.024974768868805e-07,0.9999998975025232,21.52,0,0,0.0
8865050ee1fffff,Klang,2.9831664839042715,101.49257456519162,0.0,0.0,0.0,0.0,1.2410093868097039,0.0,1.267125694804543,0.07412051675852518,0.9258794832414748,0.37,1,6,0.0
8865057643fffff,Klang,3.074181252657997,101.42427384663948,3650.8413461538457,61.1,0.15205271160669018,0.20632133450395082,1.2410093868097039,0.22237277760613955,0.9692816610502424,0.05669813018248964,0.9433018698175104,0.78,1,4,18.44787280743815
8865052305fffff,Klang,2.9479669345028032,101.25047014402512,0.0,0.0,0.0,0.0,1.2410093868097039,0.0,5.772171561504306e-06,3.376431720323982e-07,0.999999662356828,19.51,0,0,0.0
8865053963fffff,Klang,3.0454231505973253,101.39459916504822,1216.9471153846152,13.4,0.05068423720223006,0.045248868778280535,1.2410093868097039,0.059526942513811895,0.36635623712028575,0.02143000787088688,0.9785699921291131,2.08,0,1,5.122942129474487
8865050ee7fffff,Klang,2.9912440633542587,101.48880772966152,9735.576923076922,86.9,0.4054738976178405,0.2934422908084014,1.2410093868097039,0.4336807752151129,1.2652405493968681,0.07401024517903253,0.9259897548209675,0.62,1,12,35.3175307369797
8865050c8bfffff,Klang,3.026410511560517,101.43794177482316,6084.735576923076,118.4,0.25342118601115027,0.39981090024988175,1.2410093868097039,0.40533357540761344,1.1838246859235126,0.06924782429393045,0.9307521757060695,2.15,0,11,33.17879577381959
8865057715fffff,Klang,3.1433566412338396,101.43510047478074,1216.9471153846152,1.6,0.05068423720223006,0.0054028500033767805,1.2410093868097039,0.034802300850486266,0.016203757735477792,0.0009478387990299775,0.9990521612009701,7.02,0,0,3.0578072087606225
8865057557fffff,Klang,3.1837828933563217,101.41624427850157,0.0,0.0,0.0,0.0,1.2410093868097039,0.0,0.0010950006267460004,6.405206100555157e-05,0.9999359479389944,11.51,0,0,0.0
8865052a09fffff,Klang,3.040660687152034,101.25888995735441,0.0,0.0,0.0,0.0,1.2410093868097039,0.0,2.5820443992800008e-05,1.510366855891203e-06,0.9999984896331441,16.91,0,0,0.0
8865057421fffff,Klang,3.1697571707842958,101.39692429316099,0.0,0.0,0.0,0.0,1.2410093868097039,0.0,0.0014958964769114602,8.750246352082509e-05,0.9999124975364792,10.43,0,0,0.0
8865050c83fffff,Klang,3.034490356909291,101.43417244066596,1216.9471153846152,34.6,0.05068423720223006,0.11683663132302288,1.2410093868097039,0.10394748516317659,1.0290032482054718,0.06019154438735881,0.9398084556126411,1.61,1,11,8.591466765393793
88650570ddfffff,Petaling,3.169971391474675,101.49164075455955,0.0,0.0,0.0,0.0,1.058432106467041,0.0,0.022380686074431326,0.0013091582185168003,0.9986908417814832,8.91,0,0,0.0
8865050debfffff,Petaling,3.0839174586623592,101.4972894132242,0.0,0.0,0.0,0.0,1.058432106467041,0.0,0.28824697386904435,0.016861006563796556,0.9831389934362035,3.43,0,3,0.0
88650508adfffff,Petaling,3.0974355076299895,101.62020762528772,17088.236287680043,33.5,0.7117024317846374,0.11312217194570134,1.058432106467041,0.43651042139607243,7.157405699951397,0.4186724421310418,0.5813275578689582,1.24,8,35,22.316675956569537
88650572ddfffff,Petaling,3.1133859183917694,101.51801734543713,0.0,0.0,0.0,0.0,1.058432106467041,0.0,0.22111221545502038,0.012933958910585032,0.987066041089415,5.63,0,0,0.0
8865050a91fffff,Petaling,3.012853894891934,101.60793170324831,0.0,0.0,0.0,0.0,1.058432106467041,0.0,0.1602670340060594,0.009374820058177122,0.9906251799418229,5.39,0,0,0.0
88650509d5fffff,Petaling,3.1114500765565296,101.63951886807725,21031.67543099082,94.4,0.8759414545041692,0.31876815019923005,1.058432106467041,0.6322595017613123,12.628233453004416,0.7386885082686008,0.2613114917313992,0.14,13,63,14.530074915802977
8865050123fffff,Petaling,2.9857681970702137,101.65498851768236,0.0,0.0,0.0,0.0,1.058432106467041,0.0,1.7561163014287002,0.1027240220000774,0.8972759779999226,1.25,3,4,0.0
8865057749fffff,Petaling,3.1169608403070503,101.47326587412658,0.0,0.0,0.0,0.0,1.058432106467041,0.0,0.07681986619135245,0.004493578026844529,0.9955064219731554,5.88,0,0,0.0
8865050a5bfffff,Petaling,2.9836264900262095,101.68181238791502,0.0,0.0,0.0,0.0,1.058432106467041,0.0,1.7205141434301063,0.10064147378927699,0.899358526210723,1.4,1,13,0.0
88650572c9fffff,Petaling,3.1119555790293574,101.53591584329213,0.0,0.0,0.0,0.0,1.058432106467041,0.0,0.7198110162972112,0.04210534496710547,0.9578946550328945,3.65,0,7,0.0
8865050aa1fffff,Petaling,3.0415937945523006,101.6376015252696,0.0,0.0,0.0,0.0,1.058432106467041,0.0,1.060564973647518,0.06203774749818437,0.9379622525018156,3.8,0,10,0.0
8865057229fffff,Petaling,3.146642790858352,101.58867544757976,11830.317429932336,8.4,0.4927170681585951,0.028364962517728097,1.058432106467041,0.275764975685432,6.374913054010671,0.3729005352754881,0.6270994647245118,0.56,4,43,15.208609751494857
886505701bfffff,Petaling,3.1751919254453354,101.52367834613436,0.0,0.0,0.0,0.0,1.058432106467041,0.0,0.15237186787237006,0.00891299231991653,0.9910870076800835,5.54,0,0,0.0
88650508a1fffff,Petaling,3.0981510600472055,101.61126157993172,2628.9594288738526,117.9,0.10949268181302114,0.3981225096238265,1.058432106467041,0.26863810817358647,6.704302152966335,0.3921681504215805,0.6078318495784195,0.87,7,38,14.360350918496952
8865057319fffff,Petaling,3.169460257863513,101.59527714544382,2628.9594288738526,3.0,0.10949268181302114,0.010130343756331463,1.058432106467041,0.0633064254676653,5.8850035929190625,0.3442432816424128,0.6557567183575872,0.81,3,33,3.6509385266348353
8865050ad3fffff,Petaling,2.9966996788571434,101.61545685591359,0.0,0.0,0.0,0.0,1.058432106467041,0.0,0.28901214078291343,0.01690576500196496,0.983094234998035,4.15,0,1,0.0
8865050d05fffff,Petaling,3.087710718661055,101.54721460275549,0.0,0.0,0.0,0.0,1.058432106467041,0.0,0.7288314512547547,0.04263299530454332,0.9573670046954567,3.86,0,7,0.0
8865050ac9fffff,Petaling,2.993844284418374,101.65122764641053,0.0,0.0,0.0,0.0,1.058432106467041,0.0,1.041858984153307,0.06094354065392625,0.9390564593460737,2.19,0,4,0.0
8865057217fffff,Petaling,3.1340567332086047,101.5514635408088,0.0,0.0,0.0,0.0,1.058432106467041,0.0,1.821287362669417,0.10653620318831267,0.8934637968116873,2.85,0,15,0.0
88650572bbfffff,Petaling,3.1464338773444402,101.49399534739334,0.0,0.0,0.0,0.0,1.058432106467041,0.0,0.03967046419909033,0.0023205237795613566,0.9976794762204386,8.48,0,0,0.0
8865050d19fffff,Petaling,3.0663268138603534,101.52272119279912,0.0,0.0,0.0,0.0,1.058432106467041,0.0,0.16145926645135683,0.009444559694350593,0.9905554403056495,4.82,0,1,0.0
8865050a83fffff,Petaling,3.0195032447435137,101.62205681839679,0.0,0.0,0.0,0.0,1.058432106467041,0.0,0.2677305958119473,0.015660901041636918,0.9843390989583631,6.2,0,0,0.0
8865050f07fffff,Petaling,3.031866040940688,101.56462455996476,0.0,0.0,0.0,0.0,1.058432106467041,0.0,0.07510469114261804,0.004393248863396279,0.9956067511366037,7.91,0,0,0.0
8865057665fffff,Petaling,3.1036537232596917,101.44499950058247,0.0,0.7,0.0,0.002363746876477341,1.058432106467041,0.0012509327928124003,0.2298501103764898,0.013445082068781986,0.986554917931218,3.25,0,1,0.1085348531499768
8865057027fffff,Petaling,3.2194045479128084,101.55478061472165,0.0,0.0,0.0,0.0,1.058432106467041,0.0,0.3175902711949592,0.018577442723297963,0.981422557276702,2.55,0,1,0.0
886505720dfffff,Petaling,3.131193407098711,101.58725738010865,3943.439143310779,5.4,0.16423902271953172,0.018234618761396634,1.058432106467041,0.09656798036368533,6.529586347110612,0.38194814946271277,0.6180518505372872,0.3,3,41,5.248945207148054
8865050ab9fffff,Petaling,3.027581028413183,101.61829434128089,0.0,0.0,0.0,0.0,1.058432106467041,0.0,0.29086753192171566,0.01701429610551773,0.9829857038944823,6.36,0,0,0.0
88650508d7fffff,Petaling,3.060610560083515,101.59429655367332,0.0,0.0,0.0,0.0,1.058432106467041,0.0,0.8693791267357893,0.05085433149761192,0.9491456685023881,3.6,0,6,0.0
8865050d51fffff,Petaling,3.05753229824402,101.5354352750668,0.0,0.0,0.0,0.0,1.058432106467041,0.0,0.12908613271601244,0.0075508932558946175,0.9924491067441054,6.15,0,0,0.0
886505081bfffff,Petaling,3.0570362341249635,101.6390213335785,0.0,0.0,0.0,0.0,1.058432106467041,0.0,1.9564659775010318,0.11444347618190977,0.8855565238180902,2.83,0,18,0.0
886505702bfffff,Petaling,3.203949772015127,101.55336366780278,0.0,0.0,0.0,0.0,1.058432106467041,0.0,0.3308455498835482,0.019352810242246454,0.9806471897577536,3.5,0,1,0.0
8865057763fffff,Petaling,3.1485801889390355,101.46714041966554,0.0,0.0,0.0,0.0,1.058432106467041,0.0,0.013588678639282556,0.0007948697488645897,0.9992051302511354,8.77,0,0,0.0
8865050d25fffff,Petaling,3.1105250286027086,101.55381314141873,0.0,0.0,0.0,0.0,1.058432106467041,0.0,2.457175539851397,0.14373248173164632,0.8562675182683537,1.72,4,14,0.0
8865050d6bfffff,Petaling,3.078915029338352,101.55992784042073,0.0,0.0,0.0,0.0,1.058432106467041,0.0,0.8354369698316457,0.048868885049836955,0.951131114950163,4.11,0,10,0.0
8865057049fffff,Petaling,3.163525997150805,101.57219582349548,1314.4797144369263,109.0,0.05474634090651057,0.3680691564800432,1.058432106467041,0.22376074877287988,3.7235650384310093,0.2178099346924352,0.7821900653075649,0.39,4,17,15.392536136056828
8865050a67fffff,Petaling,3.0277973186672615,101.71290151400227,0.0,0.0,0.0,0.0,1.058432106467041,0.0,1.6940520424227987,0.09909357320670653,0.9009064267932935,2.53,0,11,0.0
8865057249fffff,Petaling,3.1069477322158003,101.59855111580066,64409.506007409385,173.2,1.0,0.5848585128655365,1.058432106467041,0.8387325671122459,7.644963548330024,0.44719213817988,0.55280786182012,0.35,7,38,40.77666440085767
8865057303fffff,Petaling,3.184194806217854,101.60564458376997,32861.99286092316,42.2,1.0,0.1425001688390626,1.058432106467041,0.6046294301716395,5.034236202949435,0.2944776436757882,0.7055223563242118,1.54,3,27,37.515785333177384
886505731bfffff,Petaling,3.170176905562567,101.58632835105023,0.0,0.0,0.0,0.0,1.058432106467041,0.0,4.042186927724293,0.23644772191577668,0.7635522780842233,1.79,2,27,0.0
88650508dbfffff,Petaling,3.0451666945613636,101.5928786193154,0.0,0.0,0.0,0.0,1.058432106467041,0.0,0.33053123504337995,0.019334424395859102,0.9806655756041409,5.27,0,0,0.0
8865050a3dfffff,Petaling,3.029942063614532,101.68607703848225,0.0,0.0,0.0,0.0,1.058432106467041,0.0,1.870988122219094,0.10944344908839798,0.890556550911602,2.66,0,14,0.0
8865050f23fffff,Petaling,3.0473098245413164,101.56604124238561,0.0,0.0,0.0,0.0,1.058432106467041,0.0,0.1727148213287844,0.010102953370163124,0.9898970466298369,6.53,0,0,0.0
8865057039fffff,Petaling,3.1972979061784788,101.5392288300836,0.0,0.0,0.0,0.0,1.058432106467041,0.0,0.19310376959446574,0.011295604886750235,0.9887043951132498,5.19,0,0,0.0
8865050a1bfffff,Petaling,3.0004925063921934,101.66535078906216,0.0,0.0,0.0,0.0,1.058432106467041,0.0,0.9070549050070762,0.053058176125021325,0.9469418238749787,3.11,0,4,0.0
8865050aedfffff,Petaling,3.024008800052801,101.6630108120941,0.0,0.0,0.0,0.0,1.058432106467041,0.0,1.2493123816206366,0.07307852701450357,0.9269214729854964,3.0,0,9,0.0
88650572cbfffff,Petaling,3.1126707751229783,101.5269667441199,0.0,0.0,0.0,0.0,1.058432106467041,0.0,0.3924122549024026,0.022954154615443055,0.977045845384557,4.64,0,4,0.0
8865050d35fffff,Petaling,3.104588681090046,101.5307335663493,0.0,0.0,0.0,0.0,1.058432106467041,0.0,0.4568389659766485,0.026722795041136508,0.9732772049588635,4.37,0,5,0.0
8865050f25fffff,Petaling,3.0539603461501303,101.5801689404985,0.0,0.0,0.0,0.0,1.058432106467041,0.0,0.3925606763901224,0.02296283653027831,0.9770371634697217,5.03,0,0,0.0
8865050d31fffff,Petaling,3.0972218605831388,101.52555143398571,0.0,0.0,0.0,0.0,1.058432106467041,0.0,0.2899129313908513,0.016958456748036668,0.9830415432519634,5.18,0,0,0.0
88650509d1fffff,Petaling,3.104084952371605,101.63433604598072,6572.398572184631,51.5,0.27373170453255286,0.17390423448369013,1.058432106467041,0.236896124931657,10.904420149491322,0.6378540501122458,0.36214594988775417,0.14,12,54,7.544936150104823
88650509ddfffff,Petaling,3.103369126965293,101.64328151816797,3943.439143310779,183.8,0.16423902271953172,0.6206523941379077,1.058432106467041,0.41537713784616004,11.129696904231825,0.6510316137458403,0.3489683862541597,0.51,12,58,12.748017594105864
8865050a8dfffff,Petaling,3.018074739565726,101.63994364190664,0.0,0.0,0.0,0.0,1.058432106467041,0.0,0.4996904744116786,0.029229394001373567,0.9707706059986264,4.96,0,2,0.0
88650509d9fffff,Petaling,3.096004246786752,101.63809880392388,2628.9594288738526,90.5,0.10949268181302114,0.30559870331599914,1.058432106467041,0.21967302456921536,9.350045496762114,0.5469309057319927,0.45306909426800734,0.46,10,45,8.752964102783622
88650501adfffff,Petaling,2.989336725179468,101.61027596653784,0.0,0.0,0.0,0.0,1.058432106467041,0.0,0.3466049948135098,0.020274658963983925,0.979725341036016,3.15,0,1,0.0
8865057043fffff,Petaling,3.1723265247011345,101.55948015503455,0.0,0.0,0.0,0.0,1.058432106467041,0.0,1.4218143391288183,0.08316902891560805,0.9168309710843919,1.88,1,7,0.0
8865050de3fffff,Petaling,3.0919990465183345,101.49352159738997,0.0,0.0,0.0,0.0,1.058432106467041,0.0,0.22577645313831982,0.01320679349107554,0.9867932065089244,4.04,0,3,0.0
8865050db9fffff,Petaling,3.0941425028366427,101.4666710674717,0.0,0.4,0.0,0.0013507125008441951,1.058432106467041,0.0007148187387499431,0.3482179990827116,0.02036901164774462,0.9796309883522554,3.33,0,4,0.06158464226194771
8865057253fffff,Petaling,3.1098096743872192,101.56276133953018,0.0,0.0,0.0,0.0,1.058432106467041,0.0,4.392704725876098,0.2569512603086902,0.7430487396913098,0.88,7,16,0.0
88650508c7fffff,Petaling,3.06654548274833,101.61736937579181,0.0,0.0,0.0,0.0,1.058432106467041,0.0,1.948167716845399,0.11395806942982957,0.8860419305701704,2.4,0,13,0.0
8865050b1bfffff,Petaling,3.0520300394730864,101.7016232163895,1314.4797144369263,19.0,0.05474634090651057,0.06415884379009927,1.058432106467041,0.06292653255414267,3.8304355761764897,0.22406132673383672,0.7759386732661633,0.5,3,17,4.294129909358377
88650572d3fffff,Petaling,3.1148160462198566,101.50011765122673,0.0,0.0,0.0,0.0,1.058432106467041,0.0,0.09500887443550128,0.005557544053189963,0.99444245594681,6.63,0,0,0.0
8865050837fffff,Petaling,3.095288538478315,101.64704393636285,5257.918857747705,71.7,0.2189853636260423,0.24211521577632197,1.058432106467041,0.24402182877500875,8.999007644865411,0.5263969467955828,0.4736030532044172,0.38,8,50,10.163824340439668
8865050819fffff,Petaling,3.056321215844929,101.64796537714865,2628.9594288738526,5.0,0.10949268181302114,0.016883906260552438,1.058432106467041,0.066880519161415,2.748475183198848,0.1607720541947536,0.8392279458052464,1.97,1,16,4.936209146379096
8865050f57fffff,Petaling,3.009058909779154,101.5580270824263,0.0,0.0,0.0,0.0,1.058432106467041,0.0,0.0460537749439919,0.002693915537760477,0.9973060844622396,6.12,0,0,0.0
8865050f37fffff,Petaling,3.04873832270812,101.54814815088037,0.0,0.0,0.0,0.0,1.058432106467041,0.0,0.11229111001493425,0.00656846841305604,0.993431531586944,7.64,0,0,0.0
886505724dfffff,Petaling,3.114313531585347,101.60373379581962,11830.317429932336,170.39999999999998,0.4927170681585951,0.575403525359627,1.058432106467041,0.5652665648791589,7.667383050813592,0.448503566964226,0.551496433035774,0.84,6,47,27.41637207697871
8865057259fffff,Petaling,3.101012748315038,101.57547436807302,0.0,0.0,0.0,0.0,1.058432106467041,0.0,4.666221558325877,0.2729506272589909,0.7270493727410091,1.3,7,18,0.0
8865057239fffff,Petaling,3.14070801680058,101.56559534449082,0.0,0.0,0.0,0.0,1.058432106467041,0.0,3.47364546868795,0.20319088961002826,0.7968091103899717,1.31,3,19,0.0
8865050c63fffff,Petaling,3.03543549154695,101.51989145695362,0.0,0.0,0.0,0.0,1.058432106467041,0.0,0.14768578981148553,0.008638880186552267,0.9913611198134478,5.1,0,0,0.0
8865050dbdfffff,Petaling,3.101510243762829,101.47185282080801,0.0,0.0,0.0,0.0,1.058432106467041,0.0,0.20488155603683372,0.011984546497641115,0.9880154535023589,4.16,0,3,0.0
8865057019fffff,Petaling,3.1744756566621204,101.53262924861728,0.0,0.0,0.0,0.0,1.058432106467041,0.0,0.2734243743830471,0.015993958615742567,0.9840060413842574,4.58,0,3,0.0
8865050aebfffff,Petaling,3.0173604119504,101.64888659686837,0.0,0.0,0.0,0.0,1.058432106467041,0.0,0.6590204946586403,0.038549403440273584,0.9614505965597264,4.4,0,8,0.0
88650571d9fffff,Petaling,3.2141865952426705,101.52274146500135,0.0,0.0,0.0,0.0,1.058432106467041,0.0,0.08026996930264635,0.004695391806272895,0.9953046081937271,6.15,0,0,0.0
8865057001fffff,Petaling,3.1884959073891634,101.55194684739699,0.0,0.0,0.0,0.0,1.058432106467041,0.0,0.49044391463891657,0.028688516493004967,0.971311483506995,3.81,0,4,0.0
886505088bfffff,Petaling,3.0679753958362848,101.59947848132063,0.0,0.0,0.0,0.0,1.058432106467041,0.0,1.5455848349510188,0.09040898399458346,0.9095910160054166,2.63,0,9,0.0
886505726bfffff,Petaling,3.130477442928559,101.59620508500599,31547.51314648623,43.9,1.0,0.1482406969676504,1.058432106467041,0.6076674098113267,7.135342439259823,0.4173818517101051,0.5826181482898949,1.27,6,49,31.136079909453382
8865050a49fffff,Petaling,2.988845446177071,101.7138147651254,0.0,0.0,0.0,0.0,1.058432106467041,0.0,3.556093265673953,0.20801367344533447,0.7919863265546655,1.0,1,15,0.0
8865050f69fffff,Petaling,3.0216456265007876,101.59522430547086,0.0,0.0,0.0,0.0,1.058432106467041,0.0,0.12010042389887125,0.007025274224018797,0.9929747257759812,6.11,0,0,0.0
8865057013fffff,Petaling,3.183276893795359,101.51991045583978,0.0,0.0,0.0,0.0,1.058432106467041,0.0,0.09724786565556301,0.005688513843266215,0.9943114861567338,6.26,0,0,0.0
8865050d0bfffff,Petaling,3.0729784694630142,101.53685083290834,0.0,0.0,0.0,0.0,1.058432106467041,0.0,0.23453774524928223,0.013719285267857869,0.9862807147321422,5.86,0,0,0.0
8865057037fffff,Petaling,3.2134696502724487,101.53169345743224,1314.4797144369263,1.9,0.05474634090651057,0.006415884379009927,1.058432106467041,0.03236803147258259,0.10804852751348158,0.006320298552175069,0.9936797014478249,5.19,0,0,2.828633532953436
8865057725fffff,Petaling,3.1721188793917885,101.46478368672669,0.0,0.0,0.0,0.0,1.058432106467041,0.0,0.005515133725208531,0.0003226077439522543,0.9996773922560478,11.0,0,0,0.0
8865057095fffff,Petaling,3.19494387231472,101.47137996534711,0.0,0.0,0.0,0.0,1.058432106467041,0.0,0.008254077040621905,0.00048282223154660664,0.9995171777684534,9.27,0,0,0.0
8865050a19fffff,Petaling,2.9997783166035927,101.67429245337809,0.0,0.0,0.0,0.0,1.058432106467041,0.0,0.9703190658771075,0.056758813177215664,0.9432411868227843,2.92,0,4,0.0
88650501a1fffff,Petaling,2.9900502827314086,101.60133254497636,0.0,0.0,0.0,0.0,1.058432106467041,0.0,0.2998052963734098,0.017537110631765447,0.9824628893682346,2.75,0,1,0.0
8865050aa3fffff,Petaling,3.0423084759517205,101.62865755160118,0.0,0.0,0.0,0.0,1.058432106467041,0.0,0.7614891479476752,0.044543307253032245,0.9554566927469678,4.62,0,6,0.0
88650508b5fffff,Petaling,3.0995820085788797,101.59336857924754,59151.58714966168,99.8,1.0,0.3370027689606267,1.058432106467041,0.7075633285516314,6.227533302321643,0.36427955678872564,0.6357204432112744,0.68,6,28,39.559015365375025
8865050d17fffff,Petaling,3.082488453559563,101.51518760331129,0.0,0.0,0.0,0.0,1.058432106467041,0.0,0.18258383264582462,0.010680241181241399,0.9893197588187586,4.74,0,1,0.0
886505012dfffff,Petaling,2.98434044141954,101.67287140385511,0.0,0.0,0.0,0.0,1.058432106467041,0.0,1.7396919187536657,0.10176327774534022,0.8982367222546598,1.21,1,8,0.0
88650572e3fffff,Petaling,3.1435713756023116,101.52979774354606,0.0,0.0,0.0,0.0,1.058432106467041,0.0,0.41819453454252287,0.024462289047547117,0.9755377109524529,4.57,0,3,0.0
8865050db3fffff,Petaling,3.1029392829981397,101.4539509035052,0.0,0.0,0.0,0.0,1.058432106467041,0.0,0.21894078764044006,0.012806941241871941,0.987193058758128,3.9,0,3,0.0
886505728dfffff,Petaling,3.136203669043224,101.52461500243567,0.0,0.0,0.0,0.0,1.058432106467041,0.0,0.31893150763440364,0.0186558983480198,0.9813441016519802,5.34,0,0,0.0
8865050997fffff,Petaling,3.129045355829283,101.61409958593968,9201.358001058485,35.0,0.383224386345574,0.11818734382386707,1.058432106467041,0.2653551368852625,10.301367933080236,0.6025785110745353,0.3974214889254647,0.33,9,59,9.274549532528823
8865050a9dfffff,Petaling,3.012139885066508,101.61687553534013,0.0,0.0,0.0,0.0,1.058432106467041,0.0,0.2121473210483144,0.01240955741763515,0.9875904425823648,5.7,0,0,0.0
8865057709fffff,Petaling,3.133842516394689,101.45677563029804,1314.4797144369263,8.0,0.05474634090651057,0.0270142500168839,1.058432106467041,0.04326901723851922,0.02976488276496425,0.0017410967995060503,0.9982589032004939,6.78,0,0,3.798693057500981
8865057047fffff,Petaling,3.179694437874833,101.5646636558081,0.0,0.0,0.0,0.0,1.058432106467041,0.0,1.2800854677448283,0.07487859866890367,0.9251214013310963,2.29,0,7,0.0
8865057045fffff,Petaling,3.1789777835944792,101.57361339324575,7886.878286621558,69.1,0.32847804543906345,0.2333355845208347,1.058432106467041,0.29732079190017485,1.8592920778189692,0.10875928897821915,0.8912407110217808,2.11,0,14,23.304204187469995
8865057005fffff,Petaling,3.195864304765481,101.55713056198618,0.0,0.0,0.0,0.0,1.058432106467041,0.0,0.4795389302027819,0.028050629434945854,0.9719493705650541,3.9,0,3,0.0
88650571cdfffff,Petaling,3.2274909665297233,101.55101336438125,3943.439143310779,3.3,0.16423902271953172,0.011143378131964608,1.058432106467041,0.09281518198524812,0.24850947403325704,0.014536561534706768,0.9854634384652933,2.91,0,1,8.044026938274795
886505711bfffff,Petaling,3.226773573402408,101.55996483160843,1314.4797144369263,7.5,0.05474634090651057,0.025325859390828657,1.058432106467041,0.042375493815081794,0.40785285090163104,0.023857352269168294,0.9761426477308317,1.92,1,1,3.6378269776988144
8865050d41fffff,Petaling,3.063469098802698,101.55851128052218,0.0,0.0,0.0,0.0,1.058432106467041,0.0,0.33525342144818904,0.019610648686779603,0.9803893513132204,5.77,0,0,0.0
8865050d2bfffff,Petaling,3.0957919792634856,101.5434485808857,0.0,0.0,0.0,0.0,1.058432106467041,0.0,0.8188180864814235,0.04789676347822118,0.9521032365217789,3.52,0,7,0.0
886505723dfffff,Petaling,3.1480751273498973,101.57077838027139,9201.358001058485,89.6,0.383224386345574,0.30255960018909966,1.058432106467041,0.3629278947246298,4.557535999427483,0.26659306555633694,0.7334069344436631,0.39,4,25,23.408810232295146
8865057085fffff,Petaling,3.2008809490684635,101.49446925343547,0.0,0.0,0.0,0.0,1.058432106467041,0.0,0.02414462635868047,0.0014123399043872726,0.9985876600956127,7.78,0,0,0.0
88650508a5fffff,Petaling,3.1055164467675653,101.61644418833552,5257.918857747705,12.8,0.2189853636260423,0.043222800027014244,1.058432106467041,0.13876476949407962,7.4543784224841145,0.4360438613576928,0.5639561386423072,1.09,5,39,6.882378076167418
88650570d3fffff,Petaling,3.1714031045721187,101.47373633991151,0.0,0.0,0.0,0.0,1.058432106467041,0.0,0.008210344835779293,0.0004802641162505356,0.9995197358837494,10.9,0,0,0.0
8865050d65fffff,Petaling,3.09364676490474,101.57029204824353,0.0,0.0,0.0,0.0,1.058432106467041,0.0,2.7453313815077003,0.16058815751671318,0.8394118424832868,2.19,0,17,0.0
8865050d1dfffff,Petaling,3.0736929874937755,101.5279028230015,0.0,0.0,0.0,0.0,1.058432106467041,0.0,0.1843953930807368,0.010786208407796379,0.9892137915922036,5.58,0,0,0.0
88650508bdfffff,Petaling,3.0915010811001538,101.59713280190074,5257.918857747705,17.5,0.2189853636260423,0.059093671911933536,1.058432106467041,0.14716388967439145,5.06797077290545,0.29645094732515676,0.7035490526748432,0.53,7,27,9.105622056653472
8865057067fffff,Petaling,3.202515723555836,101.571264872452,0.0,0.0,0.0,0.0,1.058432106467041,0.0,0.7275483446035593,0.04255793998175029,0.9574420600182497,2.55,0,3,0.0
88650509d7fffff,Petaling,3.11216601887309,101.63057305619401,1314.4797144369263,82.4,0.05474634090651057,0.2782467751739042,1.058432106467041,0.1762253026460087,10.585140971524336,0.6191778147883298,0.3808221852116702,0.82,11,52,5.9020717580091775
8865050d69fffff,Petaling,3.078200188712252,101.56887498650978,0.0,0.0,0.0,0.0,1.058432106467041,0.0,1.1165727004767931,0.06531391944551163,0.9346860805544883,3.89,0,14,0.0
8865050addfffff,Petaling,2.9952720805842197,101.63334285979313,0.0,0.0,0.0,0.0,1.058432106467041,0.0,0.5597587550713148,0.03274308804257532,0.9672569119574247,3.34,0,3,0.0
8865057291fffff,Petaling,3.130981992739918,101.49258128881112,0.0,0.0,0.0,0.0,1.058432106467041,0.0,0.050939608280523394,0.002979712355854048,0.997020287644146,7.89,0,0,0.0
88650508cdfffff,Petaling,3.057751201453739,101.63007698531075,0.0,0.0,0.0,0.0,1.058432106467041,0.0,1.54163025883877,0.09017766106726643,0.9098223389327336,3.34,0,17,0.0
8865050d53fffff,Petaling,3.058246534576555,101.52648764086489,0.0,0.0,0.0,0.0,1.058432106467041,0.0,0.13673117465934115,0.007998089979789898,0.9920019100202101,5.16,0,0,0.0
8865050993fffff,Petaling,3.121679406264262,101.6089166192256,10515.83771549541,10.0,0.4379707272520846,0.033767812521104876,1.058432106467041,0.24965160817691145,8.426624856119691,0.4929154159107855,0.5070845840892144,0.91,7,61,11.133424164885284
88650572b1fffff,Petaling,3.1538023291438635,101.49917807895719,0.0,0.0,0.0,0.0,1.058432106467041,0.0,0.04772744410775563,0.002791816814492232,0.9972081831855077,7.89,0,0,0.0
8865050d03fffff,Petaling,3.0810592398875336,101.53308459780253,0.0,0.0,0.0,0.0,1.058432106467041,0.0,0.2721660154817355,0.01592035091256416,0.9840796490874358,5.47,0,0,0.0
88650572c7fffff,Petaling,3.1281206141934557,101.52838218063495,0.0,0.0,0.0,0.0,1.058432106467041,0.0,0.4358884868784174,0.02549729677883578,0.9745027032211642,4.7,0,4,0.0
886505731dfffff,Petaling,3.1768274956239955,101.60046079285922,2628.9594288738526,2.0,0.10949268181302114,0.006753562504220975,1.058432106467041,0.06151937862079043,5.684139368019955,0.3324937289272664,0.6675062710727335,0.71,4,30,3.6114472011363983
8865050b53fffff,Petaling,3.0432368470708107,101.71432443916325,0.0,0.0,0.0,0.0,1.058432106467041,0.0,2.2737214939916126,0.13300133742897566,0.8669986625710243,1.18,2,19,0.0
8865050833fffff,Petaling,3.087923902520361,101.64186133001247,11830.317429932336,99.4,0.4927170681585951,0.3356520564597825,1.058432106467041,0.4383862387510441,6.696597947814951,0.39171749294586544,0.6082825070541346,1.1,6,41,23.45180204465204
8865050a45fffff,Petaling,3.004282492518359,101.71523756026922,1314.4797144369263,1.7,0.05474634090651057,0.005740528128587829,1.058432106467041,0.03201062210320762,2.235919226203559,0.13079009379735876,0.8692099062026413,1.1,1,19,2.4469931928813473
8865050a95fffff,Petaling,3.020217422189008,101.61311295068923,0.0,0.0,0.0,0.0,1.058432106467041,0.0,0.19946679228798792,0.011667809895396073,0.9883321901046039,6.35,0,0,0.0
88650570d9fffff,Petaling,3.1626024532784625,101.48645781083874,0.0,0.0,0.0,0.0,1.058432106467041,0.0,0.01886539825188667,0.0011035314594428696,0.9988964685405571,9.37,0,0,0.0
8865057287fffff,Petaling,3.1450027338413515,101.51189714318365,0.0,0.0,0.0,0.0,1.058432106467041,0.0,0.12403843755608088,0.007255628330538223,0.9927443716694617,6.51,0,0,0.0
8865050f31fffff,Petaling,3.0406589966358,101.55191346105178,0.0,0.0,0.0,0.0,1.058432106467041,0.0,0.08423369384295454,0.0049272498708837695,0.9950727501291162,8.07,0,0,0.0
8865057219fffff,Petaling,3.1178916684504276,101.55899563803204,0.0,0.0,0.0,0.0,1.058432106467041,0.0,3.68795593096375,0.21572697997246937,0.7842730200275306,1.12,6,17,0.0
8865050d07fffff,Petaling,3.0884255706184924,101.5382665171235,0.0,0.0,0.0,0.0,1.058432106467041,0.0,0.46156297073137054,0.026999125696434076,0.973000874303566,4.49,0,5,0.0
8865057255fffff,Petaling,3.1164605717056975,101.57689180719552,21031.67543099082,93.9,0.8759414545041692,0.3170797595731748,1.058432106467041,0.6313659783378749,7.649948899779171,0.44748375630991144,0.5525162436900886,0.28,10,27,30.678929824517294
8865050f67fffff,Petaling,3.0378022606393436,101.5876970859284,0.0,0.0,0.0,0.0,1.058432106467041,0.0,0.18964926770740478,0.011093533800936011,0.988906466199064,6.23,0,0,0.0
8865050f09fffff,Petaling,3.0157094334293495,101.57215334758686,0.0,0.0,0.0,0.0,1.058432106467041,0.0,0.0599843287583915,0.003508783274788739,0.9964912167252112,5.93,0,0,0.0
88650572edfffff,Petaling,3.1421398030983485,101.54769714510613,0.0,0.0,0.0,0.0,1.058432106467041,0.0,1.3385491095994393,0.07829842936416673,0.9217015706358332,2.71,0,13,0.0
886505729dfffff,Petaling,3.1302667281023973,101.50153195969918,0.0,0.0,0.0,0.0,1.058432106467041,0.0,0.07792391800326005,0.004558159536920687,0.9954418404630793,7.64,0,0,0.0
8865050f35fffff,Petaling,3.048024099179063,101.55709484704084,0.0,0.0,0.0,0.0,1.058432106467041,0.0,0.13704288813206958,0.008016323659190418,0.9919836763408095,7.07,0,0,0.0
8865057065fffff,Petaling,3.201798617076751,101.58021502233557,3943.439143310779,7.4,0.16423902271953172,0.02498818126561761,1.058432106467041,0.10014207405743503,1.009785217091412,0.05906738566885436,0.9409326143311456,2.57,0,5,8.286842479485212
8865057231fffff,Petaling,3.148791215395466,101.56182939393894,0.0,1.2,0.0,0.004052137502532585,1.058432106467041,0.002144456216249829,2.9700028081094447,0.17373031248119372,0.8262696875188063,0.98,4,16,0.1558306864199755
88650501a7fffff,Petaling,2.998127078770019,101.59756963813398,0.0,0.0,0.0,0.0,1.058432106467041,0.0,0.18838251133043143,0.0110194348874238,0.9889805651125761,3.53,0,1,0.0
8865050f41fffff,Petaling,3.0069179820744654,101.58486209812462,0.0,0.0,0.0,0.0,1.058432106467041,0.0,0.09791146302831125,0.0057273309711875975,0.9942726690288124,4.57,0,1,0.0
88650570ebfffff,Petaling,3.1920786584887284,101.50719045708502,0.0,0.0,0.0,0.0,1.058432106467041,0.0,0.03986207230696299,0.0023317318957165856,0.9976682681042834,7.95,0,0,0.0
88650508d3fffff,Petaling,3.053245802055072,101.58911476952144,0.0,0.0,0.0,0.0,1.058432106467041,0.0,0.4849190470521462,0.028365339366826486,0.9716346606331735,4.58,0,4,0.0
8865050a13fffff,Petaling,3.0085690877152635,101.66159013383715,0.0,0.0,0.0,0.0,1.058432106467041,0.0,0.769198757187931,0.04499428084092259,0.9550057191590774,3.86,0,7,0.0
886505085dfffff,Petaling,3.046812613237683,101.66961357510425,6572.398572184631,24.5,0.27373170453255286,0.08273114067670695,1.058432106467041,0.18864586006603581,5.927453151018865,0.34672636851803146,0.6532736314819685,0.4,7,16,10.838180691808233
8865050abbfffff,Petaling,3.0282953233318946,101.60935013443945,0.0,0.0,0.0,0.0,1.058432106467041,0.0,0.22275651271012462,0.013030142077537344,0.9869698579224626,6.64,0,0,0.0
8865050a1dfffff,Petaling,3.007140420694803,101.67947383647758,0.0,0.0,0.0,0.0,1.058432106467041,0.0,0.9184215432383798,0.05372306762155229,0.9462769323784477,3.78,0,6,0.0
8865050f4bfffff,Petaling,2.999554279855805,101.5796812098177,0.0,0.0,0.0,0.0,1.058432106467041,0.0,0.11277083204618164,0.006596529752986481,0.9934034702470135,3.95,0,1,0.0
8865050a2bfffff,Petaling,3.0292271986287567,101.6950188377464,0.0,0.0,0.0,0.0,1.058432106467041,0.0,1.6689375000476292,0.09762449806551576,0.9023755019344842,2.53,0,15,0.0
8865057029fffff,Petaling,3.2032327752216747,101.56231442080053,0.0,0.0,0.0,0.0,1.058432106467041,0.0,0.5029412548137357,0.029419548399044534,0.9705804516009555,2.9,0,2,0.0
8865050a17fffff,Petaling,3.015931606959365,101.66677159110465,0.0,0.0,0.0,0.0,1.058432106467041,0.0,0.9353161789969267,0.05471131933012782,0.9452886806698722,3.77,0,10,0.0
886505722bfffff,Petaling,3.147358985817874,101.57972706495877,35490.95228979701,45.4,1.0,0.15330586884581615,1.058432106467041,0.610347980081639,5.577734480533852,0.32626957509750826,0.6737304249024918,0.21,7,37,36.16409914729458
8865050991fffff,Petaling,3.1209634523802396,101.61786337880915,19717.19571655389,61.4,0.8211951135976584,0.20733436887958395,1.058432106467041,0.5443143133509216,9.289749008261687,0.5434038626732806,0.45659613732671944,0.73,9,56,21.857272534451454
8865050a35fffff,Petaling,3.0380196300022035,101.68231681617723,0.0,0.0,0.0,0.0,1.058432106467041,0.0,3.041798829127934,0.17793002068766112,0.8220699793123389,1.7,4,15,0.0
8865050aa9fffff,Petaling,3.033515636250538,101.64136344759214,0.0,0.0,0.0,0.0,1.058432106467041,0.0,0.9079467345981551,0.053110343696417234,0.9468896563035828,3.77,0,8,0.0
886505725dfffff,Petaling,3.1083788082458237,101.58065683174284,6572.398572184631,27.1,0.27373170453255286,0.09151077193219423,1.058432106467041,0.19329218186791045,6.921114485091886,0.40485058765938403,0.595149412340616,0.43,12,25,10.11705886833475
8865050da1fffff,Petaling,3.1081632986116534,101.48598527278416,0.0,0.0,0.0,0.0,1.058432106467041,0.0,0.11312165058491817,0.0066170508831997175,0.9933829491168003,5.26,0,0,0.0
8865050da9fffff,Petaling,3.1000809933023095,101.48975355057286,0.0,0.0,0.0,0.0,1.058432106467041,0.0,0.16381776596347422,0.009582520121899049,0.9904174798781009,4.64,0,2,0.0
8865057099fffff,Petaling,3.179488394374935,101.46996665716082,0.0,0.0,0.0,0.0,1.058432106467041,0.0,0.006305640539619642,0.0003688484395876823,0.9996311515604123,10.89,0,0,0.0
8865057311fffff,Petaling,3.1775443124099816,101.59151196219267,0.0,0.0,0.0,0.0,1.058432106467041,0.0,3.8270522055321994,0.22386341647002575,0.7761365835299743,1.43,1,25,0.0
8865050f0dfffff,Petaling,3.0230736296505,101.57733444998534,0.0,0.0,0.0,0.0,1.058432106467041,0.0,0.07603574470566664,0.004447710841009062,0.995552289158991,6.51,0,0,0.0
8865057241fffff,Petaling,3.1150292642141264,101.59478676885587,26289.594288738524,204.5,1.0,0.6905517660565947,1.058432106467041,0.8946671334194289,7.948096575337851,0.4649239044131122,0.5350760955868878,0.51,7,40,42.100864360473814
8865050a29fffff,Petaling,3.028512283626802,101.70396032972629,0.0,0.0,0.0,0.0,1.058432106467041,0.0,1.598427535002698,0.09350001770245121,0.9064999822975488,2.32,0,14,0.0
8865050d59fffff,Petaling,3.0494524950699584,101.53920115432528,0.0,0.0,0.0,0.0,1.058432106467041,0.0,0.10156869948499975,0.005941261015530739,0.9940587389844693,6.64,0,0,0.0
8865050b59fffff,Petaling,3.0344442082356413,101.72702443952763,0.0,0.9,0.0,0.003039103126899439,1.058432106467041,0.001608342162187372,2.3555643672945052,0.1377887362538007,0.8622112637461993,1.48,1,12,0.12195682756322833
886505733bfffff,Petaling,3.1929964458139604,101.59293040936488,69917.17601089973,194.8,1.0,0.6577969879111231,1.058432106467041,0.8773327790047428,2.20234376160738,0.12882609701591852,0.8711739029840815,2.66,0,26,67.21762949601546
8865050d43fffff,Petaling,3.0641836049318707,101.54956420890463,0.0,0.0,0.0,0.0,1.058432106467041,0.0,0.25103540489482956,0.014684315858941303,0.9853156841410587,6.03,0,0,0.0
8865050a9bfffff,Petaling,3.0054904469447026,101.60275059903697,0.0,0.0,0.0,0.0,1.058432106467041,0.0,0.15791796082082568,0.009237411023614079,0.9907625889763859,4.44,0,1,0.0
8865050a2dfffff,Petaling,3.0358745273393373,101.70914231365273,0.0,0.0,0.0,0.0,1.058432106467041,0.0,1.9657720656012607,0.11498783579975788,0.8850121642002421,1.55,1,18,0.0
8865050ae5fffff,Petaling,3.0320863578889945,101.65924980118226,0.0,0.0,0.0,0.0,1.058432106467041,0.0,1.7699549186211367,0.103533511904459,0.896466488095541,2.39,0,10,0.0
88650508bbfffff,Petaling,3.0848507901956848,101.58300393685425,0.0,0.0,0.0,0.0,1.058432106467041,0.0,2.493923288588012,0.145882041271981,0.854117958728019,2.17,0,18,0.0
8865057267fffff,Petaling,3.1459265425302805,101.59762352771314,19717.19571655389,18.0,0.8211951135976584,0.06078206253798878,1.058432106467041,0.46675648019655275,7.510057311507451,0.43930079793775867,0.5606992020622413,0.88,3,44,23.016234504400668
8865050a8bfffff,Petaling,3.0114258252815347,101.6258190638615,0.0,0.0,0.0,0.0,1.058432106467041,0.0,0.2882778507330586,0.016862812705938576,0.9831371872940614,5.24,0,0,0.0
8865050d23fffff,Petaling,3.103873599520379,101.53968232772749,0.0,0.0,0.0,0.0,1.058432106467041,0.0,0.8163711962011941,0.047753632632744965,0.952246367367255,3.45,0,7,0.0
88650572a7fffff,Petaling,3.1678234140674673,101.5184951408943,0.0,0.0,0.0,0.0,1.058432106467041,0.0,0.13054952232245567,0.007636494230046877,0.9923635057699531,5.92,0,0,0.0
88650508b1fffff,Petaling,3.0922163610977766,101.58818618623914,0.0,0.6,0.0,0.0020260687512662925,1.058432106467041,0.0010722281081249146,4.120077090484152,0.24100390693975482,0.7589960930602452,1.28,4,21,0.07157159699687377
8865050f49fffff,Petaling,2.998840704195482,101.58862557508265,0.0,0.0,0.0,0.0,1.058432106467041,0.0,0.15076093523272277,0.008818760816125386,0.9911812391838746,3.61,0,1,0.0
88650508edfffff,Petaling,3.0805593420477666,101.6366788663987,13144.797144369262,63.9,0.5474634090651057,0.21577632200986016,1.058432106467041,0.403918718150507,4.741171960401939,0.2773348509835314,0.7226651490164686,1.49,2,33,25.671134970535935
8865050ab3fffff,Petaling,3.036373588094062,101.60558708660189,0.0,0.0,0.0,0.0,1.058432106467041,0.0,0.28443452909500183,0.016637997609022768,0.9833620023909773,5.79,0,0,0.0
88650572b5fffff,Petaling,3.161170857112271,101.50436095566248,0.0,0.0,0.0,0.0,1.058432106467041,0.0,0.058722652754915436,0.003434981537721209,0.9965650184622787,7.38,0,0,0.0
88650570adfffff,Petaling,3.2156203191517414,101.50483658207494,0.0,0.0,0.0,0.0,1.058432106467041,0.0,0.05597073961388657,0.003274008380185248,0.9967259916198148,5.99,0,0,0.0
8865057009fffff,Petaling,3.1804110378685095,101.55571361695627,0.0,0.0,0.0,0.0,1.058432106467041,0.0,0.8244261428622337,0.04822480673285719,0.9517751932671428,2.84,0,4,0.0
8865050e65fffff,Petaling,2.985540310327951,101.56037527108509,0.0,0.0,0.0,0.0,1.058432106467041,0.0,0.0882609857190318,0.0051628263067623765,0.9948371736932377,4.21,0,1,0.0
8865057021fffff,Petaling,3.21131848400892,101.55854763353183,0.0,0.0,0.0,0.0,1.058432106467041,0.0,0.39462606183994686,0.023083651250928535,0.9769163487490715,2.54,0,1,0.0
8865050a89fffff,Petaling,3.0107117155954692,101.6347622883921,0.0,0.0,0.0,0.0,1.058432106467041,0.0,0.39362334260526977,0.02302499718989677,0.9769750028101032,4.62,0,2,0.0
88650508e9fffff,Petaling,3.073194857483594,101.6314965456004,21031.67543099082,69.7,0.8759414545041692,0.235361653272101,1.058432106467041,0.5881194446435033,3.2315528866026333,0.18902968416597224,0.8109703158340278,1.73,1,22,41.945413101012974
88650508ebfffff,Petaling,3.0739100594104167,101.62255151834042,24975.1145743016,21.4,1.0,0.07226311879516444,1.058432106467041,0.5674588557566425,3.1152040761943605,0.18222386057083861,0.8177761394291614,1.53,2,19,40.81152209292201
886505754dfffff,Petaling,3.180920113547451,101.45206038084437,0.0,0.0,0.0,0.0,1.058432106467041,0.0,0.003100769092249494,0.00018137948619363086,0.9998186205138063,11.48,0,0,0.0
886505766dfffff,Petaling,3.095571210562463,101.44876923035896,3943.439143310779,2.4,0.16423902271953172,0.00810427500506517,1.058432106467041,0.09120683982306074,0.3527981665470504,0.020636928540827385,0.9793630714591726,2.95,0,3,7.855704019120898
88650572b3fffff,Petaling,3.1545179871765643,101.49022669464146,0.0,0.0,0.0,0.0,1.058432106467041,0.0,0.02745703073741736,0.0016060989965372043,0.9983939010034628,8.88,0,0,0.0
8865050a6bfffff,Petaling,3.0123587236098475,101.71147871559026,0.0,0.0,0.0,0.0,1.058432106467041,0.0,1.692309589182425,0.09899164840545469,0.9010083515945453,1.67,1,17,0.0
88650508b7fffff,Petaling,3.100297404575782,101.58442162476109,1314.4797144369263,3.4,0.05474634090651057,0.011481056257175657,1.058432106467041,0.035048601742894876,5.350566175791472,0.31298136524768694,0.6870186347523131,1.29,8,23,2.117645175602565
88650570e3fffff,Petaling,3.2001644505145577,101.50342176672191,0.0,0.0,0.0,0.0,1.058432106467041,0.0,0.03359157847511214,0.0019649393627787846,0.9980350606372212,7.72,0,0,0.0
8865050a99fffff,Petaling,3.004776604557031,101.61169439536528,0.0,0.0,0.0,0.0,1.058432106467041,0.0,0.20200793288233382,0.011816453912940075,0.9881835460870599,4.71,0,1,0.0
88650501a3fffff,Petaling,2.990763790790548,101.59238882061808,0.0,0.0,0.0,0.0,1.058432106467041,0.0,0.25473382424203717,0.01490065489644069,0.9850993451035593,2.68,0,1,0.0
886505724bfffff,Petaling,3.107663296437493,101.58960412500164,43377.83057641856,63.2,1.0,0.21341257513338283,1.058432106467041,0.6421574139560116,7.476023934694122,0.43731001558145055,0.5626899844185494,0.38,9,30,31.777861331620347
8865050f4dfffff,Petaling,3.0062042394699824,101.59380649981657,0.0,0.0,0.0,0.0,1.058432106467041,0.0,0.12550525130694012,0.0073414296000160455,0.992658570399984,4.39,0,1,0.0
8865050ab7fffff,Petaling,3.0437376867712977,101.61076869213969,0.0,0.0,0.0,0.0,1.058432106467041,0.0,0.47691357259399525,0.02789705914319259,0.9721029408568074,4.91,0,1,0.0
8865057339fffff,Petaling,3.1922793447281714,101.60187961532857,69917.17601089973,77.7,1.0,0.2623759032889849,1.058432106467041,0.668069593235697,3.252609247630487,0.19026137599168283,0.8097386240083172,1.69,2,26,47.57519099277523
8865050f3bfffff,Petaling,3.0332939736328286,101.54673221923765,0.0,0.0,0.0,0.0,1.058432106467041,0.0,0.06121105391750309,0.003580540562236107,0.9964194594377639,7.91,0,0,0.0
8865050121fffff,Petaling,2.9850543437869996,101.66393011363765,1314.4797144369263,4.199999999999999,0.05474634090651057,0.014182481258864047,1.058432106467041,0.03647823922039476,1.803139849896457,0.10547466443952956,0.8945253355604704,1.53,4,4,2.869726394410047
8865050d15fffff,Petaling,3.0817738727653836,101.52413625021718,0.0,0.0,0.0,0.0,1.058432106467041,0.0,0.20103885428830864,0.011759767661163096,0.988240232338837,5.55,0,0,0.0
88650570e1fffff,Petaling,3.1994478968895192,101.51237398145204,0.0,0.0,0.0,0.0,1.058432106467041,0.0,0.04896887697969805,0.0028644344295928287,0.9971355655704072,7.72,0,0,0.0
8865050ac1fffff,Petaling,3.0019207375507424,101.64746654334998,0.0,0.0,0.0,0.0,1.058432106467041,0.0,0.6745894789371485,0.03946011116631838,0.9605398888336816,3.17,0,4,0.0
8865050f59fffff,Petaling,2.992904017427785,101.56555583496802,0.0,0.0,0.0,0.0,1.058432106467041,0.0,0.08708396769900328,0.005093976638385896,0.9949060233616142,4.23,0,1,0.0
88650572c5fffff,Petaling,3.127405136421054,101.5373316556314,0.0,0.0,0.0,0.0,1.058432106467041,0.0,0.801723532260554,0.046896817539311846,0.9531031824606881,3.74,0,9,0.0
886505708bfffff,Petaling,3.1861418764118343,101.48410250583771,0.0,0.0,0.0,0.0,1.058432106467041,0.0,0.012512231105993449,0.000731902951049685,0.9992680970489504,9.66,0,0,0.0
88650572b9fffff,Petaling,3.1457183324643205,101.50294639450604,0.0,0.0,0.0,0.0,1.058432106467041,0.0,0.06867430569040281,0.004017103470221045,0.995982896529779,7.49,0,0,0.0
8865057747fffff,Petaling,3.133127465832871,101.46572749032615,0.0,0.0,0.0,0.0,1.058432106467041,0.0,0.03046590541894766,0.001782103119230865,0.9982178968807691,7.26,0,0,0.0
8865057313fffff,Petaling,3.178261075086505,101.58256282884774,9201.358001058485,9.6,0.383224386345574,0.03241710002026068,1.058432106467041,0.21996414697464114,2.625991035705166,0.1536073440604843,0.8463926559395157,2.36,0,23,16.373358266709218
88650501bdfffff,Petaling,2.9834005834289368,101.5872081465681,0.0,0.0,0.0,0.0,1.058432106467041,0.0,0.35157143351052655,0.020565170792590796,0.9794348292074092,1.97,1,1,0.0
8865050a53fffff,Petaling,2.9917022201423946,101.67805253661906,0.0,0.0,0.0,0.0,1.058432106467041,0.0,1.2772958195916693,0.07471541820185576,0.9252845817981442,2.06,0,11,0.0
8865057351fffff,Petaling,3.16065997461325,101.60799024937809,11830.317429932336,35.8,0.4927170681585951,0.12088876882555545,1.058432106467041,0.32473005928980314,11.622239810013339,0.6798429107244741,0.3201570892755259,0.41,16,45,9.143228938987553
8865057263fffff,Petaling,3.1385599375213626,101.59244038211389,3943.439143310779,4.8,0.16423902271953172,0.01620855001013034,1.058432106467041,0.0954957522555604,6.562269514728081,0.3838599513329179,0.616140048667082,1.27,5,45,5.174608198632495
88650508e7fffff,Petaling,3.089354929435595,101.62397083048997,18402.71600211697,69.0,0.766448772691148,0.23299790639562365,1.058432106467041,0.5289232269236502,6.527549186291183,0.38182898574180063,0.6181710142581993,0.25,7,32,28.75512473089591
8865050d6dfffff,Petaling,3.085565850289993,101.57405705543636,0.0,0.0,0.0,0.0,1.058432106467041,0.0,1.989164152323883,0.11635615589858474,0.8836438441014153,3.0,0,16,0.0
8865057215fffff,Petaling,3.1333409813845026,101.56041245274781,0.0,0.0,0.0,0.0,1.058432106467041,0.0,2.9514533022145373,0.1726452591449831,0.8273547408550169,2.23,0,18,0.0
8865050881fffff,Petaling,3.0753403088903695,101.60466055238456,19717.19571655389,29.6,0.8211951135976584,0.09995272506247044,1.058432106467041,0.4874862236203011,2.700699452621164,0.1579774128632318,0.8420225871367681,1.69,3,15,36.09940702167345
88650570e5fffff,Petaling,3.2068172092821032,101.51755765078376,0.0,0.0,0.0,0.0,1.058432106467041,0.0,0.06171370411890783,0.0036099430854661667,0.9963900569145339,6.9,0,0,0.0
886505709bfffff,Petaling,3.1802042813510747,101.46101366725935,0.0,0.0,0.0,0.0,1.058432106467041,0.0,0.0043086080420614205,0.00025203202483932847,0.9997479679751606,11.26,0,0,0.0
8865050ad5fffff,Petaling,3.003348770428167,101.62958107766396,0.0,0.0,0.0,0.0,1.058432106467041,0.0,0.37209872213894035,0.02176591452861307,0.9782340854713869,4.28,0,3,0.0
8865050ae9fffff,Petaling,3.0166460343954467,101.65782924674106,0.0,0.0,0.0,0.0,1.058432106467041,0.0,0.8169246169006743,0.047786004976229535,0.9522139950237705,3.97,0,9,0.0
8865050da7fffff,Petaling,3.1162459620436316,101.4822167640353,0.0,0.0,0.0,0.0,1.058432106467041,0.0,0.07586340941168068,0.004437630088090591,0.9955623699119094,5.98,0,0,0.0
8865050849fffff,Petaling,3.045382458044235,101.6874988420284,1314.4797144369263,12.2,0.05474634090651057,0.041196731275747946,1.058432106467041,0.050774613995393625,3.7829525204627714,0.2212838054183073,0.7787161945816927,1.38,4,15,3.4772812325927385
8865050f55fffff,Petaling,3.0083453172874464,101.56697238900873,0.0,0.0,0.0,0.0,1.058432106467041,0.0,0.05623608628159844,0.0032895298333540986,0.9967104701666459,5.47,0,0,0.0
88650572a3fffff,Petaling,3.1604549778289464,101.5133120804904,0.0,0.0,0.0,0.0,1.058432106467041,0.0,0.10754271570069607,0.006290711090489185,0.9937092889095108,6.39,0,0,0.0
8865057245fffff,Petaling,3.1223953074824293,101.59996955624496,22346.155145427747,221.9,0.9306877954106797,0.7493077598433172,1.058432106467041,0.8890806172013771,7.655269208397442,0.44779496775935007,0.55220503224065,0.87,11,55,43.177300074218074
8865050d67fffff,Petaling,3.094361888596605,101.56134452675167,0.0,0.0,0.0,0.0,1.058432106467041,0.0,2.0301286486308543,0.1187523740855214,0.8812476259144786,2.43,0,14,0.0
886505099bfffff,Petaling,3.113597746446348,101.61268051964446,3943.439143310779,139.7,0.16423902271953172,0.47173634091983513,1.058432106467041,0.3365683718989787,8.145142384568937,0.4764500989060451,0.5235499010939548,0.16,3,49,15.49691901052502
8865050981fffff,Petaling,3.1268968291665318,101.64093905887401,49950.2291486032,66.5,1.0,0.22455595326534744,1.058432106467041,0.6480546685506985,12.73495961744885,0.744931455193844,0.25506854480615604,0.38,12,76,14.537258986933022
88650570cdfffff,Petaling,3.1759081398616478,101.51472714418253,0.0,0.0,0.0,0.0,1.058432106467041,0.0,0.08478223095930526,0.0049593365491761065,0.9950406634508239,6.52,0,0,0.0
8865057269fffff,Petaling,3.1297614258191153,101.60515248709001,69917.17601089973,74.2,1.0,0.2505571689065982,1.058432106467041,0.661814929271635,8.564886280642844,0.5010030178554424,0.49899698214455757,0.67,7,62,29.043467023662544
8865057201fffff,Petaling,3.131909318270676,101.57830937281904,0.0,0.4,0.0,0.0013507125008441951,1.058432106467041,0.0007148187387499431,5.519121157053721,0.32284098877565004,0.67715901122435,0.74,2,29,0.042569698137918055
88650508c1fffff,Petaling,3.0584661177726242,101.62113233276584,0.0,0.0,0.0,0.0,1.058432106467041,0.0,1.3198070789487237,0.07720211429248046,0.9227978857075195,3.25,0,10,0.0
88650572e9fffff,Petaling,3.1347724317990004,101.54251432816275,0.0,0.0,0.0,0.0,1.058432106467041,0.0,1.0499980120291075,0.06141963308464555,0.9385803669153544,3.59,0,12,0.0
8865057261fffff,Petaling,3.137843804708598,101.60138812324882,9201.358001058485,16.2,0.383224386345574,0.0547038562841899,1.058432106467041,0.2317586561640152,7.844288151667495,0.4588516307327008,0.5411483692672991,1.03,5,52,11.029765968113933
88650508cbfffff,Petaling,3.051101863471783,101.61595044088729,0.0,0.0,0.0,0.0,1.058432106467041,0.0,0.8007959676197077,0.046842559646201196,0.9531574403537988,4.09,0,4,0.0
8865050a97fffff,Petaling,3.020931549460921,101.60416877957374,0.0,0.0,0.0,0.0,1.058432106467041,0.0,0.15297201047949122,0.008948097661360569,0.9910519023386394,6.15,0,0,0.0
88650501b7fffff,Petaling,2.992190658197077,101.57450046519328,0.0,0.0,0.0,0.0,1.058432106467041,0.0,0.13236001461243926,0.007742398975464899,0.9922576010245351,3.52,0,1,0.0
8865057015fffff,Petaling,3.189929171924533,101.5340451908078,0.0,0.0,0.0,0.0,1.058432106467041,0.0,0.18225020153302113,0.010660725429497819,0.9893392745705022,5.3,0,0,0.0
88650571d3fffff,Petaling,3.222990114668765,101.51002046408843,0.0,0.0,0.0,0.0,1.058432106467041,0.0,0.08854475386526317,0.00517942532430619,0.9948205746756938,5.15,0,0,0.0
88650572b7fffff,Petaling,3.161886682281751,101.49540953230458,0.0,0.0,0.0,0.0,1.058432106467041,0.0,0.03266345456896566,0.001910648755444735,0.9980893512445552,8.38,0,0,0.0
88650570cbfffff,Petaling,3.1692554533147925,101.50059251517825,0.0,0.0,0.0,0.0,1.058432106467041,0.0,0.039563331566271315,0.0023142570562687858,0.9976857429437312,7.92,0,0,0.0
8865050a43fffff,Petaling,2.9976354511018557,101.70111560712735,0.0,0.0,0.0,0.0,1.058432106467041,0.0,1.7073918049020635,0.09987388260494,0.90012611739506,2.7,0,13,0.0
88650572e1fffff,Petaling,3.142855616104002,101.53874759438723,0.0,0.0,0.0,0.0,1.058432106467041,0.0,0.7581143043939726,0.0443458957813801,0.9556541042186198,3.62,0,8,0.0
88650508a3fffff,Petaling,3.0988665603830925,101.60231523111139,34176.47257536009,134.0,1.0,0.4524886877828054,1.058432106467041,0.7686803307147515,6.611941096042274,0.3867654904521361,0.613234509547864,0.49,8,39,41.45589870860096
8865057223fffff,Petaling,3.1554423126089883,101.57596156001073,69917.17601089973,125.7,1.0,0.4244614033902883,1.058432106467041,0.7538478418856901,5.060311746461734,0.29600293257791965,0.7039970674220803,0.42,5,31,46.6733018315603
8865050f27fffff,Petaling,3.054674839097857,101.57122280955974,0.0,0.0,0.0,0.0,1.058432106467041,0.0,0.3109442718672197,0.0181886849966031,0.9818113150033969,5.53,0,0,0.0
8865057297fffff,Petaling,3.139065502137544,101.48881276104967,0.0,0.0,0.0,0.0,1.058432106467041,0.0,0.035846286348581606,0.002096828498486707,0.9979031715015133,8.62,0,0,0.0
886505700bfffff,Petaling,3.1811275835164534,101.54676327711181,0.0,0.0,0.0,0.0,1.058432106467041,0.0,0.5019177356628484,0.02935967764692651,0.9706403223530735,3.58,0,3,0.0
8865057057fffff,Petaling,3.173759333571005,101.54157985120945,0.0,0.0,0.0,0.0,1.058432106467041,0.0,0.4861580481044734,0.028437814732640145,0.9715621852673598,3.63,0,4,0.0
8865050d33fffff,Petaling,3.0979367225909886,101.51660241120165,0.0,0.0,0.0,0.0,1.058432106467041,0.0,0.19024485131066543,0.01112837246345196,0.988871627536548,5.99,0,0,0.0
8865050c25fffff,Petaling,3.0589607194103756,101.51753970727411,0.0,0.0,0.0,0.0,1.058432106467041,0.0,0.1840690164571882,0.01076711700739742,0.9892328829926026,4.16,0,1,0.0
8865050dddfffff,Petaling,3.0618169425877695,101.48174498745311,1314.4797144369263,39.3,0.05474634090651057,0.13270750320794217,1.058432106467041,0.09920358354570227,1.5855454098752944,0.09274647780084073,0.9072535221991592,0.44,2,5,7.9153478091813785
8865050815fffff,Petaling,3.0717642995497765,101.6493856865819,69917.17601089973,227.3,1.0,0.7675423786047139,1.058432106467041,0.9354118015281757,4.143431968846265,0.242370050535556,0.7576299494644441,1.35,2,36,62.32667497145616
8865050d29fffff,Petaling,3.0950769600690893,101.55239670415862,0.0,0.0,0.0,0.0,1.058432106467041,0.0,1.3409468224043473,0.07843868357325348,0.9215613164267465,2.86,0,11,0.0
8865057033fffff,Petaling,3.206100432569653,101.52650960494898,0.0,0.0,0.0,0.0,1.058432106467041,0.0,0.08855170948937052,0.005179832193534182,0.9948201678064659,5.99,0,0,0.0
88650570c7fffff,Petaling,3.1847094945034997,101.50200707776142,0.0,0.0,0.0,0.0,1.058432106467041,0.0,0.03283410659417891,0.0019206310455573555,0.9980793689544426,8.16,0,0,0.0
886505726dfffff,Petaling,3.137127618800865,101.6103355613122,5257.918857747705,27.4,0.2189853636260423,0.09252380630782736,1.058432106467041,0.16485565345845257,9.832529261824277,0.5751537932802739,0.42484620671972606,0.38,8,54,6.159558293272658
88650572d5fffff,Petaling,3.121468485207137,101.51424995441664,0.0,0.0,0.0,0.0,1.058432106467041,0.0,0.17486609580522466,0.010228792169373785,0.9897712078306262,6.08,0,0,0.0
8865050137fffff,Petaling,2.987195756150387,101.637104410238,0.0,0.0,0.0,0.0,1.058432106467041,0.0,0.9181590499442529,0.05370771307646958,0.9462922869235304,2.44,0,4,0.0
8865057055fffff,Petaling,3.173042956231007,101.55053015348909,0.0,0.0,0.0,0.0,1.058432106467041,0.0,0.8478509985426104,0.049595043651848254,0.9504049563481517,2.71,0,4,0.0
88650572c1fffff,Petaling,3.120037917387921,101.53214912759087,0.0,0.0,0.0,0.0,1.058432106467041,0.0,0.5766968388221383,0.033733881241433054,0.9662661187585669,4.09,0,6,0.0
8865050895fffff,Petaling,3.0767703521474647,101.58676837398545,0.0,0.0,0.0,0.0,1.058432106467041,0.0,1.8123668662980787,0.10601439875841502,0.893985601241585,2.52,0,18,0.0
8865050db7fffff,Petaling,3.1103074347495046,101.45913272249129,0.0,0.0,0.0,0.0,1.058432106467041,0.0,0.13205693343262861,0.007724670242033435,0.9922753297579666,4.87,0,1,0.0
8865050ab5fffff,Petaling,3.043023106710914,101.61971327375106,0.0,0.0,0.0,0.0,1.058432106467041,0.0,0.5863753485718741,0.03430002566344598,0.965699974336554,4.97,0,1,0.0
8865050d47fffff,Petaling,3.071549278028571,101.55474595258497,0.0,0.0,0.0,0.0,1.058432106467041,0.0,0.4537291100326206,0.02654088401955354,0.9734591159804464,5.06,0,0,0.0
8865057321fffff,Petaling,3.206297170763569,101.62119681668536,17088.236287680043,165.7,0.7117024317846374,0.5595326534747078,1.058432106467041,0.6727580145529286,3.320000640427856,0.19420343547299437,0.8057965645270057,1.35,3,21,47.67583095585023
88650509bbfffff,Petaling,3.1364113798571003,101.61928269588304,19717.19571655389,231.8,0.8211951135976584,0.7827378942392111,1.058432106467041,0.8488270960583973,11.130009306045139,0.651049887689723,0.34895011231027695,0.36,9,58,26.049329941190283
8865050a07fffff,Petaling,3.02186486213004,101.68983702874068,0.0,0.0,0.0,0.0,1.058432106467041,0.0,1.2953650469701379,0.07577237764653498,0.924227622353465,3.52,0,10,0.0
8865050893fffff,Petaling,3.0701198798210436,101.57263986927033,0.0,0.0,0.0,0.0,1.058432106467041,0.0,0.8009167554139849,0.046849625128155076,0.953150374871845,4.1,0,12,0.0
8865050a0dfffff,Petaling,3.013073399573908,101.70253790506996,0.0,0.0,0.0,0.0,1.058432106467041,0.0,1.3158662170411253,0.07697159357755624,0.9230284064224438,2.62,0,7,0.0
8865050f01fffff,Petaling,3.0237875556434233,101.56838906944412,0.0,0.0,0.0,0.0,1.058432106467041,0.0,0.061491637744604276,0.0035969533130343085,0.9964030466869657,6.92,0,0,0.0
88650570d1fffff,Petaling,3.170687275246766,101.48268869599657,0.0,0.0,0.0,0.0,1.058432106467041,0.0,0.013164839737776223,0.0007700772925748758,0.9992299227074252,9.91,0,0,0.0
8865050c67fffff,Petaling,3.0428010138327,101.5250725850662,0.0,0.0,0.0,0.0,1.058432106467041,0.0,0.11933028444676294,0.006980224917229071,0.993019775082771,5.29,0,0,0.0
8865057233fffff,Petaling,3.149507249895655,101.55288010638279,0.0,0.0,0.0,0.0,1.058432106467041,0.0,1.7282940572664183,0.10109655984447152,0.8989034401555285,1.93,1,13,0.0
8865050b57fffff,Petaling,3.0505992423984676,101.7195067061789,1314.4797144369263,2.9000000000000004,0.05474634090651057,0.009792665631120415,1.058432106467041,0.03415507831945745,2.281888419848114,0.13347906175205934,0.8665209382479406,1.55,2,14,2.6028451188423456
88650572ebfffff,Petaling,3.1354880770968303,101.53356481523117,0.0,0.0,0.0,0.0,1.058432106467041,0.0,0.5837070638932385,0.03414394435276761,0.9658560556472324,4.44,0,6,0.0
8865050859fffff,Petaling,3.0394494470984657,101.66443161698169,0.0,0.0,0.0,0.0,1.058432106467041,0.0,3.2306574581721383,0.18897730608046684,0.8110226939195332,1.39,6,15,0.0
8865050f45fffff,Petaling,3.0142817644303714,101.59004313003526,0.0,0.0,0.0,0.0,1.058432106467041,0.0,0.09775177690657753,0.005717990131592444,0.9942820098684075,5.3,0,0,0.0
8865050d01fffff,Petaling,3.0803445549846478,101.5420326456458,0.0,0.0,0.0,0.0,1.058432106467041,0.0,0.40180338842433627,0.023503488965182843,0.9764965110348172,4.86,0,3,0.0
8865057007fffff,Petaling,3.196581132859808,101.54817984636796,0.0,0.0,0.0,0.0,1.058432106467041,0.0,0.3086792356395808,0.01805619170382422,0.9819438082961758,4.48,0,2,0.0
886505774dfffff,Petaling,3.124328983195384,101.47844802433761,0.0,0.0,0.0,0.0,1.058432106467041,0.0,0.050025439991724825,0.002926238082348405,0.9970737619176516,6.77,0,0,0.0
88650509cbfffff,Petaling,3.102653249498524,101.6522266853709,6572.398572184631,36.4,0.27373170453255286,0.12291483757682176,1.058432106467041,0.20991171754384663,10.61685724472397,0.621033058170143,0.378966941829857,0.88,15,59,6.996035246149946
88650508b3fffff,Petaling,3.0929315890522178,101.57923926821307,0.0,0.0,0.0,0.0,1.058432106467041,0.0,3.39195759856112,0.19841255769589414,0.8015874423041058,2.13,0,18,0.0
8865050c35fffff,Petaling,3.053022587322595,101.49446168037684,0.0,0.0,0.0,0.0,1.058432106467041,0.0,0.7375468353637084,0.04314280169277565,0.9568571983072244,1.71,1,4,0.0
8865050a63fffff,Petaling,3.020435320779475,101.70771963873901,0.0,0.0,0.0,0.0,1.058432106467041,0.0,1.4658198182916589,0.08574312939287711,0.9142568706071229,2.52,0,9,0.0
8865057743fffff,Petaling,3.1257589124240805,101.46054527418401,0.0,0.0,0.0,0.0,1.058432106467041,0.0,0.04872753288277398,0.0028503170067878314,0.9971496829932122,6.25,0,0,0.0
8865050a09fffff,Petaling,3.005711555473199,101.69735631307411,0.0,0.0,0.0,0.0,1.058432106467041,0.0,1.255856666825594,0.07346133497364722,0.9265386650263527,3.07,0,11,0.0
8865050ad7fffff,Petaling,3.0040627123653807,101.62063788838107,0.0,0.0,0.0,0.0,1.058432106467041,0.0,0.26954297646100905,0.015766916246618086,0.9842330837533819,5.04,0,0,0.0
8865057769fffff,Petaling,3.1397808264441176,101.47986145526173,0.0,0.0,0.0,0.0,1.058432106467041,0.0,0.0258248631968274,0.0015106253572281382,0.9984893746427719,8.49,0,0,0.0
8865057063fffff,Petaling,3.1951474219546068,101.56608097651656,0.0,0.0,0.0,0.0,1.058432106467041,0.0,0.7172935135366202,0.0419580836446328,0.9580419163553672,3.51,0,5,0.0
8865050f2dfffff,Petaling,3.0458811221739213,101.58393312894381,0.0,0.0,0.0,0.0,1.058432106467041,0.0,0.27062613866271007,0.015830275818957722,0.9841697241810423,5.57,0,0,0.0
886505706bfffff,Petaling,3.1870624246111112,101.5698473006687,0.0,0.0,0.0,0.0,1.058432106467041,0.0,1.1319110427251504,0.0662111357661409,0.9337888642338591,2.99,0,9,0.0
886505729bfffff,Petaling,3.1236139385515336,101.48739895376897,0.0,0.0,0.0,0.0,1.058432106467041,0.0,0.05568216213484724,0.0032571280407217135,0.9967428719592782,6.93,0,0,0.0
8865050f5dfffff,Petaling,3.000267805692611,101.57073654275982,0.0,0.0,0.0,0.0,1.058432106467041,0.0,0.08026998897963061,0.0046953929572780785,0.995304607042722,4.49,0,1,0.0
8865050b5bfffff,Petaling,3.035159392814587,101.71808353078079,0.0,0.0,0.0,0.0,1.058432106467041,0.0,1.9528440683515753,0.114231612608382,0.885768387391618,2.1,0,14,0.0
88650572d9fffff,Petaling,3.1060186863402026,101.51283514499299,0.0,0.0,0.0,0.0,1.058432106467041,0.0,0.16540100728667534,0.009675131822151264,0.9903248681778487,6.28,0,0,0.0
8865050da5fffff,Petaling,3.1155310306616513,101.49116735654268,0.0,0.0,0.0,0.0,1.058432106467041,0.0,0.07952124530144171,0.00465159519627095,0.9953484048037291,6.24,0,0,0.0
886505701dfffff,Petaling,3.181844074759601,101.5378126366964,0.0,0.0,0.0,0.0,1.058432106467041,0.0,0.29489336946515987,0.01724978747020984,0.9827502125297901,4.43,0,3,0.0
886505088dfffff,Petaling,3.0746252098989086,101.61360618712825,36805.43200423394,66.1,1.0,0.2232052407645032,1.058432106467041,0.6473398498119486,2.985519368650486,0.1746379536807468,0.8253620463192533,1.47,4,17,46.98841724911184
886505704dfffff,Petaling,3.1708934993078848,101.57737925423656,69917.17601089973,89.7,1.0,0.3028972783143108,1.058432106467041,0.6895141553981954,3.0012028280503174,0.1755553576289448,0.8244446423710552,1.37,2,20,49.994089818912585
8865057295fffff,Petaling,3.138350124185334,101.49776376908304,0.0,0.0,0.0,0.0,1.058432106467041,0.0,0.05628516431938973,0.0032924006531453004,0.9967075993468547,8.17,0,0,0.0
8865050d11fffff,Petaling,3.074407453655411,101.51895451361082,0.0,0.0,0.0,0.0,1.058432106467041,0.0,0.17859286502048355,0.010446789532387847,0.9895532104676121,4.68,0,1,0.0
8865050dadfffff,Petaling,3.1074484806799623,101.49493552831463,0.0,0.0,0.0,0.0,1.058432106467041,0.0,0.11031602351109179,0.006452935729196943,0.9935470642708031,5.63,0,0,0.0
8865050a61fffff,Petaling,3.019720475459238,101.71666048214928,0.0,0.0,0.0,0.0,1.058432106467041,0.0,1.8219751611263755,0.10657643595864043,0.8934235640413596,1.8,1,11,0.0
8865050ac5fffff,Petaling,3.0092833467538678,101.65264782380005,0.0,0.0,0.0,0.0,1.058432106467041,0.0,0.6572356796464461,0.038445000687204474,0.9615549993127955,3.88,0,6,0.0
88650501b1fffff,Petaling,2.9841138752018366,101.57826415629798,0.0,0.0,0.0,0.0,1.058432106467041,0.0,0.23383905582745906,0.01367841543054687,0.9863215845694532,2.55,0,1,0.0
8865050a51fffff,Petaling,2.9909881002767915,101.68699355441771,0.0,0.0,0.0,0.0,1.058432106467041,0.0,1.4261525408902258,0.08342279202504281,0.9165772079749572,2.4,0,13,0.0
8865050a37fffff,Petaling,3.038734563723974,101.67337436972073,0.0,0.0,0.0,0.0,1.058432106467041,0.0,3.557655594897785,0.20810506189234662,0.7918949381076534,1.19,7,15,0.0
88650572c3fffff,Petaling,3.1207532278173042,101.52319969067736,0.0,0.0,0.0,0.0,1.058432106467041,0.0,0.313002383597893,0.01830907424105593,0.9816909257589441,5.09,0,0,0.0
8865050f3dfffff,Petaling,3.039944888919741,101.56085981915994,0.0,0.0,0.0,0.0,1.058432106467041,0.0,0.10005138364208199,0.005852505626208207,0.9941474943737918,7.53,0,0,0.0
8865050db1fffff,Petaling,3.1022247898129693,101.4629020103878,0.0,0.0,0.0,0.0,1.058432106467041,0.0,0.21346660111020602,0.01248672870406519,0.9875132712959348,4.26,0,3,0.0
88650571c9fffff,Petaling,3.2201217721057454,101.5458291849472,5257.918857747705,3.0,0.2189853636260423,0.010130343756331463,1.058432106467041,0.12125171039470602,0.19823817560551193,0.011595941963290637,0.9884040580367094,3.51,0,1,10.539897147746476
88650508b9fffff,Petaling,3.0841356782138996,101.59195051616582,1314.4797144369263,2.2,0.05474634090651057,0.007428918754643073,1.058432106467041,0.03290414552664504,3.1216763287972427,0.18260245498296704,0.817397545017033,1.53,2,20,2.3653636902573214
8865057359fffff,Petaling,3.152576751057225,101.61175462999394,3943.439143310779,32.6,0.16423902271953172,0.11008306881880191,1.058432106467041,0.14517565459868145,11.370429778984686,0.6651132831102989,0.33488671688970106,0.57,15,52,4.27568492243886
88650572cdfffff,Petaling,3.1193225539777814,101.5410982647355,0.0,0.0,0.0,0.0,1.058432106467041,0.0,1.0717006003708502,0.06268912597669495,0.937310874023305,3.1,0,9,0.0
8865050a4dfffff,Petaling,2.996206627905331,101.71899617276503,1314.4797144369263,6.8,0.05474634090651057,0.022962112514351315,1.058432106467041,0.04112456102226939,3.008146425339185,0.1759615233481976,0.8240384766518024,1.26,2,18,2.98031895758327
88650572a5fffff,Petaling,3.1671073130979455,101.52744600514767,0.0,0.0,0.0,0.0,1.058432106467041,0.0,0.2388552981252752,0.013971840520752666,0.9860281594792474,4.93,0,1,0.0
8865050995fffff,Petaling,3.128329233017966,101.6230463811341,14459.27685880619,71.2,0.6022097499716162,0.24042682515026673,1.058432106467041,0.4459368025962138,10.97866259216212,0.6421968617517995,0.35780313824820054,0.52,11,61,14.03238334657468
8865050d45fffff,Petaling,3.0708346047421293,101.56369306151214,0.0,0.0,0.0,0.0,1.058432106467041,0.0,0.6131360186658832,0.03586539104456417,0.9641346089554358,4.82,0,6,0.0
88650572bdfffff,Petaling,3.1530866171533733,101.5081291650014,0.0,0.0,0.0,0.0,1.058432106467041,0.0,0.08626110266452537,0.005045843148687044,0.9949541568513129,6.89,0,0,0.0
886505720bfffff,Petaling,3.124542694553092,101.57312655113029,7886.878286621558,236.7,0.32847804543906345,0.7992841223745524,1.058432106467041,0.596829843436401,5.851432230717943,0.3422795248305691,0.6577204751694309,1.05,8,25,34.52278889473506
8865057025fffff,Petaling,3.2186872684174013,101.56373174347628,0.0,0.0,0.0,0.0,1.058432106467041,0.0,0.5292865097068806,0.030960614068237025,0.969039385931763,1.63,1,1,0.0
8865057285fffff,Petaling,3.144287081534393,101.52084759300428,0.0,0.0,0.0,0.0,1.058432106467041,0.0,0.22777750930368257,0.013323845270269708,0.9866761547297302,5.53,0,0,0.0
8865057035fffff,Petaling,3.2127526500373067,101.54064514994556,0.0,0.0,0.0,0.0,1.058432106467041,0.0,0.15938688904990575,0.009323335979494161,0.9906766640205058,4.26,0,1,0.0
8865057331fffff,Petaling,3.200364239915502,101.59811441511305,11830.317429932336,124.7,0.4927170681585951,0.4210846221381778,1.058432106467041,0.483598523976978,2.0334397905381234,0.11894605932940358,0.8810539406705964,2.16,0,21,37.471531558685655
8865057355fffff,Petaling,3.1680268008403747,101.61317382528601,23660.63485986468,50.0,0.9854341363171906,0.1688390626055244,1.058432106467041,0.6108599066871095,11.813607923615688,0.6910369884150053,0.30896301158499473,0.1,15,45,16.598241942364904
8865050c27fffff,Petaling,3.0596748526869444,101.50859147471596,0.0,0.0,0.0,0.0,1.058432106467041,0.0,0.295391067515314,0.01727890031735546,0.9827210996826445,3.17,0,2,0.0
8865050127fffff,Petaling,2.993130312271599,101.66016958219566,0.0,0.0,0.0,0.0,1.058432106467041,0.0,1.1956896424189563,0.06994186491702377,0.9300581350829762,2.15,0,4,0.0
8865050999fffff,Petaling,3.1128819088559783,101.6216269399095,14459.27685880619,95.9,0.6022097499716162,0.3238333220773958,1.058432106467041,0.4900768597140228,8.735501771454569,0.5109831708882677,0.4890168291117323,1.16,8,43,21.076669304570807
8865050d21fffff,Petaling,3.1031584653993027,101.54863078901036,0.0,0.0,0.0,0.0,1.058432106467041,0.0,1.4479403434713487,0.08469726952397369,0.9153027304760263,2.59,0,9,0.0
8865050de1fffff,Petaling,3.091284456052227,101.50247117880782,0.0,0.0,0.0,0.0,1.058432106467041,0.0,0.18384603731966712,0.010754073842881698,0.9892459261571183,4.44,0,2,0.0
88650509c1fffff,Petaling,3.1100180351578612,101.65740957695772,10515.83771549541,32.5,0.4379707272520846,0.10974539069359085,1.058432106467041,0.2898601622315958,12.872427116222463,0.7529726164522572,0.24702738354774278,0.85,12,62,6.297201771571088
88650572e5fffff,Petaling,3.1502232307915246,101.54393051802441,0.0,0.0,0.0,0.0,1.058432106467041,0.0,0.9722279613172011,0.056870474014840425,0.9431295259851595,2.92,0,8,0.0
8865050db5fffff,Petaling,3.1095927757051194,101.46808386945042,0.0,0.0,0.0,0.0,1.058432106467041,0.0,0.1272834005328991,0.007445442437923323,0.9925545575620767,5.04,0,0,0.0
8865050de5fffff,Petaling,3.098651532085923,101.50765308942367,0.0,0.0,0.0,0.0,1.058432106467041,0.0,0.15003380628737853,0.008776227408903058,0.991223772591097,5.44,0,0,0.0
88650572d1fffff,Petaling,3.1141010087769803,101.50906764766547,0.0,0.0,0.0,0.0,1.058432106467041,0.0,0.1349448979420593,0.00789360172428256,0.9921063982757174,6.62,0,0,0.0
8865057317fffff,Petaling,3.1856287240630694,101.58774654725015,6572.398572184631,14.3,0.27373170453255286,0.04828797190517998,1.058432106467041,0.17041798222791227,2.393220745376137,0.13999144606712785,0.8600085539328721,2.33,0,26,12.88938420742589
8865050a33fffff,Petaling,3.031371643303226,101.66819251978029,0.0,0.0,0.0,0.0,1.058432106467041,0.0,2.109205344642036,0.12337796537132491,0.876622034628675,2.05,0,14,0.0
886505735bfffff,Petaling,3.1532932217020577,101.60280681682748,47321.26971972935,48.6,1.0,0.16411156885256972,1.058432106467041,0.6160665299916386,9.06859467629764,0.5304674401575252,0.4695325598424748,0.89,14,40,25.439426021472972
886505700dfffff,Petaling,3.187779193250934,101.56089722465836,0.0,0.0,0.0,0.0,1.058432106467041,0.0,0.7617840874793882,0.04456055974076311,0.9554394402592369,3.28,0,6,0.0
8865050aabfffff,Petaling,3.0342301999091856,101.63241981344036,0.0,0.0,0.0,0.0,1.058432106467041,0.0,0.6359475256106113,0.03719975012963089,0.9628002498703692,4.63,0,7,0.0
8865050d61fffff,Petaling,3.0862808584381205,101.56510987233318,0.0,0.0,0.0,0.0,1.058432106467041,0.0,1.531309373129705,0.08957394086389736,0.9104260591361026,3.13,0,15,0.0
8865050f05fffff,Petaling,3.0311519985452113,101.57357027882638,0.0,0.0,0.0,0.0,1.058432106467041,0.0,0.09195208644109581,0.005378737241288372,0.9946212627587117,7.49,0,0,0.0
88650570a1fffff,Petaling,3.216337097972288,101.49588369242373,0.0,0.0,0.0,0.0,1.058432106467041,0.0,0.04788693561739904,0.0028011462702532803,0.9971988537297467,6.07,0,0,0.0
8865057545fffff,Petaling,3.189005981940855,101.44828979396677,0.0,0.0,0.0,0.0,1.058432106467041,0.0,0.0028035784305087755,0.00016399531861313843,0.9998360046813869,11.2,0,0,0.0
886505725bfffff,Petaling,3.1017280397378824,101.56652680960441,0.0,0.0,0.0,0.0,1.058432106467041,0.0,3.7072423190765167,0.21685513723357222,0.7831448627664278,1.47,7,16,0.0
886505723bfffff,Petaling,3.141423936644241,101.55664639528115,0.0,0.0,0.0,0.0,1.058432106467041,0.0,2.252762864957643,0.1317753624361888,0.8682246375638112,1.88,1,16,0.0
8865050d2dfffff,Petaling,3.1024432787855525,101.55757894977644,0.0,0.0,0.0,0.0,1.058432106467041,0.0,2.455242124870921,0.14361938662352158,0.8563806133764784,1.86,3,14,0.0
88650571dbfffff,Petaling,3.2149034848888194,101.51378917307488,0.0,0.0,0.0,0.0,1.058432106467041,0.0,0.06534136547878713,0.0038221431345391707,0.9961778568654608,6.07,0,0,0.0
8865050a39fffff,Petaling,3.022579558043255,101.68089526299191,0.0,0.0,0.0,0.0,1.058432106467041,0.0,1.3487105436540139,0.0788928224431019,0.9211071775568981,3.14,0,9,0.0
8865050d55fffff,Petaling,3.0648980595235966,101.54061683679741,0.0,0.0,0.0,0.0,1.058432106467041,0.0,0.19051082233163275,0.011143930438164114,0.9888560695618359,6.38,0,0,0.0
8865050c2bfffff,Petaling,3.0442287697529893,101.50717717057093,0.0,0.0,0.0,0.0,1.058432106467041,0.0,0.31934327118429817,0.018679984456624218,0.9813200155433758,3.39,0,3,0.0
8865050b19fffff,Petaling,3.0513146661767365,101.71056511531299,1314.4797144369263,2.8,0.05474634090651057,0.009454987505909365,1.058432106467041,0.03397637363476996,3.0588574627533176,0.17892786545135902,0.8210721345486409,0.59,2,15,2.4534223474187735
8865050f51fffff,Petaling,3.000981281647539,101.56179157432969,0.0,0.0,0.0,0.0,1.058432106467041,0.0,0.05831252509482387,0.003410991120489838,0.9965890088795102,5.17,0,0,0.0
8865050f29fffff,Petaling,3.038516520863,101.57875163201919,0.0,0.0,0.0,0.0,1.058432106467041,0.0,0.15368436676205088,0.008989766941682164,0.9910102330583178,6.57,0,0,0.0
8865057093fffff,Petaling,3.188290037992046,101.45724341688141,0.0,0.0,0.0,0.0,1.058432106467041,0.0,0.003917833231065314,0.0002291736525042033,0.9997708263474958,10.69,0,0,0.0
886505732bfffff,Petaling,3.1989296442112902,101.61601259576197,6572.398572184631,352.7,0.27373170453255286,1.0,1.058432106467041,0.6740792655511223,4.348729377123615,0.25437892230975695,0.745621077690243,0.45,3,25,44.202122576858244
88650508d5fffff,Petaling,3.059895797146139,101.60324211652652,0.0,0.0,0.0,0.0,1.058432106467041,0.0,1.0268499119522358,0.06006558498451572,0.9399344150154842,3.32,0,5,0.0
886505733dfffff,Petaling,3.1996469693516785,101.60706365716422,13144.797144369262,297.7,0.5474634090651057,1.0,1.058432106467041,0.8189424778687242,3.0137131842973512,0.1762871509101208,0.8237128490898792,1.2,2,23,59.32574740985296
8865050a0bfffff,Petaling,3.006426012829902,101.68841522824121,0.0,0.0,0.0,0.0,1.058432106467041,0.0,1.0323383918138394,0.06038663361073236,0.9396133663892676,3.98,0,5,0.0
8865057251fffff,Petaling,3.1090942675819977,101.5717092364453,0.0,0.0,0.0,0.0,1.058432106467041,0.0,6.424121257720522,0.37577896912201786,0.6242210308779821,0.52,7,19,0.0
88650508d1fffff,Petaling,3.0525312068712678,101.59806029620772,0.0,0.0,0.0,0.0,1.058432106467041,0.0,0.5836682526722321,0.034141674090418093,0.9658583259095819,4.29,0,5,0.0
8865050c23fffff,Petaling,3.0523086716746524,101.50341017258481,0.0,0.0,0.0,0.0,1.058432106467041,0.0,0.415949811084777,0.024330983950230967,0.9756690160497691,2.68,0,4,0.0
8865050dc3fffff,Petaling,3.0691837015069647,101.48692631746817,0.0,0.0,0.0,0.0,1.058432106467041,0.0,0.912304826540824,0.053365270281992956,0.946634729718007,1.43,1,4,0.0
88650508a7fffff,Petaling,3.106232115639557,101.60749780371891,5257.918857747705,18.1,0.2189853636260423,0.061119740663199834,1.058432106467041,0.14823611778251636,7.164061514635475,0.41906177400699984,0.5809382259930002,0.94,7,42,7.573523307315312
8865050889fffff,Petaling,3.0672604649630144,101.60842408019296,0.0,0.0,0.0,0.0,1.058432106467041,0.0,1.7791288097699494,0.10407013866171322,0.8959298613382868,2.36,0,11,0.0
886505098bfffff,Petaling,3.1195313868501326,101.63575598610176,57837.10743522476,129.5,1.0,0.43729317214830815,1.058432106467041,0.7606386199038147,12.327953628860548,0.7211236401351867,0.2788763598648133,0.2,11,68,18.655377973801606
8865057053fffff,Petaling,3.1663911579764825,101.53639656976871,0.0,0.0,0.0,0.0,1.058432106467041,0.0,0.4357535658531766,0.025489404573545142,0.9745105954264549,3.94,0,3,0.0
8865050983fffff,Petaling,3.1276130574440764,101.63199287225247,18402.71600211697,88.0,0.766448772691148,0.2971567501857229,1.058432106467041,0.5628771170142725,11.845076690625612,0.6928777539223996,0.3071222460776004,0.33,13,80,15.203334406783313
8865050dc1fffff,Petaling,3.068469557370094,101.49587548366371,0.0,0.0,0.0,0.0,1.058432106467041,0.0,0.5590641354415001,0.03270245626774543,0.9672975437322546,2.09,0,4,0.0
8865050835fffff,Petaling,3.094572778323731,101.6559887636551,2628.9594288738526,6.2,0.10949268181302114,0.020936043763085024,1.058432106467041,0.06902497537766483,8.661940535641476,0.5066802064434475,0.49331979355655253,1.31,6,51,2.9946686835889516
8865057041fffff,Petaling,3.1716100390404165,101.5684298554242,13144.797144369262,12.4,0.5474634090651057,0.04187208752617005,1.058432106467041,0.3118858055364518,2.1951055869221077,0.1284026999920395,0.8715973000079605,1.31,2,9,23.90702113639711
8865050887fffff,Petaling,3.083420514403346,101.60089679295012,3943.439143310779,2.4,0.16423902271953172,0.00810427500506517,1.058432106467041,0.09120683982306074,3.882758558498362,0.22712195955341077,0.7728780404465893,1.03,4,21,6.199438497900992
886505709dfffff,Petaling,3.1868579851685515,101.47514977323935,0.0,0.0,0.0,0.0,1.058432106467041,0.0,0.008211665564296998,0.0004803413722643876,0.9995196586277356,9.91,0,0,0.0
886505089bfffff,Petaling,3.062039932166402,101.57640452060362,0.0,0.0,0.0,0.0,1.058432106467041,0.0,0.5652934459027188,0.03306683977944277,0.9669331602205572,4.53,0,3,0.0
8865057059fffff,Petaling,3.15759092073591,101.54911358606388,0.0,0.0,0.0,0.0,1.058432106467041,0.0,1.219437138692994,0.07133097469734777,0.9286690253026523,2.43,0,6,0.0
886505774bfffff,Petaling,3.1176756653931954,101.46431468723863,0.0,0.0,0.0,0.0,1.058432106467041,0.0,0.07896481690393106,0.0046190469174918905,0.9953809530825081,5.85,0,0,0.0
886505089dfffff,Petaling,3.0686902753094776,101.59053257959553,0.0,0.0,0.0,0.0,1.058432106467041,0.0,1.2759617520322397,0.07463738192076609,0.9253626180792339,3.03,0,9,0.0
8865050aa7fffff,Petaling,3.049672316420437,101.63383937117213,0.0,0.0,0.0,0.0,1.058432106467041,0.0,1.2412260640939794,0.07260551787562583,0.9273944821243741,3.7,0,12,0.0
8865050ad9fffff,Petaling,2.9879094618305997,101.62816189958895,0.0,0.0,0.0,0.0,1.058432106467041,0.0,0.6152072633140276,0.035986548499016606,0.9640134515009834,3.34,0,4,0.0
8865050831fffff,Petaling,3.087208311497378,101.65080612265092,10515.83771549541,67.5,0.4379707272520846,0.22793273451745794,1.058432106467041,0.3524068018722158,6.634328475781187,0.3880750402165527,0.6119249597834473,1.35,3,51,18.965156452719505
8865050c29fffff,Petaling,3.0435149173862692,101.5161250272548,0.0,0.0,0.0,0.0,1.058432106467041,0.0,0.18833470253439955,0.011016638311928555,0.9889833616880714,4.33,0,1,0.0
88650509d3fffff,Petaling,3.1048007256586394,101.6253902692297,6572.398572184631,120.0,0.27373170453255286,0.4052137502532585,1.058432106467041,0.3593088339425847,8.698509093981077,0.5088192842416162,0.49118071575838385,1.01,10,45,15.521124482801389
8865050811fffff,Petaling,3.0644002286423904,101.64420343874137,0.0,0.0,0.0,0.0,1.058432106467041,0.0,2.9316407177049246,0.17148632202596195,0.8285136779740381,2.1,0,23,0.0
8865057051fffff,Petaling,3.165674948762052,101.54534683433569,0.0,0.0,0.0,0.0,1.058432106467041,0.0,0.7895474555207237,0.0461845779377095,0.9538154220622905,2.95,0,4,0.0
8865050a23fffff,Petaling,3.037304645991769,101.69125895593126,0.0,0.0,0.0,0.0,1.058432106467041,0.0,2.4709779962139606,0.1445398564083062,0.8554601435916938,2.08,0,14,0.0
8865050a85fffff,Petaling,3.026152287646843,101.63618184354587,0.0,0.0,0.0,0.0,1.058432106467041,0.0,0.5480600852215889,0.03205877435672365,0.9679412256432763,4.69,0,5,0.0
88650508e5fffff,Petaling,3.0886394418526906,101.63291623248533,1314.4797144369263,58.9,0.05474634090651057,0.19889241574930772,1.058432106467041,0.13422970174444948,6.775794679850762,0.3963501057388577,0.6036498942611424,0.75,7,38,7.126031432176871
8865050dc9fffff,Petaling,3.0603889343477255,101.49964294361196,0.0,0.0,0.0,0.0,1.058432106467041,0.0,0.5159027412345006,0.030177730539462648,0.9698222694605374,2.19,0,4,0.0
8865050f39fffff,Petaling,3.0325800326560506,101.55567853996152,0.0,0.0,0.0,0.0,1.058432106467041,0.0,0.06425120521148746,0.003758374210356532,0.9962416257896435,8.43,0,0,0.0
8865057759fffff,Petaling,3.111022040714066,101.45018127923358,1314.4797144369263,2.9,0.05474634090651057,0.009792665631120414,1.058432106467041,0.03415507831945745,0.13707525221679723,0.008018216796307175,0.9919817832036928,4.25,0,1,2.9797028882104963
8865057301fffff,Petaling,3.1834777659565847,101.61459314720362,11830.317429932336,15.7,0.4927170681585951,0.053015465658134656,1.058432106467041,0.2888104176676185,6.595316933434016,0.3857930600703246,0.6142069399296755,0.97,6,32,15.600609042144262
8865057089fffff,Petaling,3.185425712837153,101.49305494081915,0.0,0.0,0.0,0.0,1.058432106467041,0.0,0.019870626858760856,0.0011623323061997972,0.9988376676938002,9.13,0,0,0.0
8865050dcdfffff,Petaling,3.067755361344331,101.5048243518985,0.0,0.0,0.0,0.0,1.058432106467041,0.0,0.3330972909724731,0.019484525835894217,0.9805154741641058,2.95,0,3,0.0
8865050c65fffff,Petaling,3.0420870591507767,101.5340198435837,0.0,0.0,0.0,0.0,1.058432106467041,0.0,0.08758169049886223,0.005123090933265486,0.9948769090667345,6.26,0,0,0.0
8865050857fffff,Petaling,3.0556061466722904,101.65690911560093,9201.358001058485,7.0,0.383224386345574,0.023637468764773413,1.058432106467041,0.2153178251727665,4.160126993718247,0.2433466260054415,0.7566533739945585,1.31,7,16,14.328176975371925
8865050d3bfffff,Petaling,3.0898551179319016,101.52036944628013,0.0,0.0,0.0,0.0,1.058432106467041,0.0,0.2033240505494574,0.011893440215090055,0.9881065597849099,5.69,0,0,0.0
8865057353fffff,Petaling,3.1613765608265956,101.59904209699248,21031.67543099082,133.8,0.8759414545041692,0.4518133315323833,1.058432106467041,0.7026691475281818,8.014517279974331,0.4688091834910341,0.5311908165089658,0.91,12,36,32.82580783984907
8865057281fffff,Petaling,3.136919207579339,101.51566489019794,0.0,0.0,0.0,0.0,1.058432106467041,0.0,0.17395103487950503,0.010175265681071978,0.989824734318928,6.27,0,0,0.0
8865050de7fffff,Petaling,3.0993662890092586,101.49870346907346,0.0,0.0,0.0,0.0,1.058432106467041,0.0,0.1467167164080202,0.008582194238397081,0.9914178057616029,5.02,0,0,0.0
8865050d09fffff,Petaling,3.0722638996217393,101.54579854290994,0.0,0.0,0.0,0.0,1.058432106467041,0.0,0.32564132481933217,0.019048389100232706,0.9809516108997673,5.39,0,0,0.0
8865057227fffff,Petaling,3.1628095721543885,101.58114488362995,3943.439143310779,10.4,0.16423902271953172,0.03511852502194907,1.058432106467041,0.1055032145980596,4.432361106364833,0.2592709602616228,0.7407290397383772,1.13,6,25,6.8728844620111635
886505703dfffff,Petaling,3.204666713877028,101.54441261388041,0.0,0.0,0.0,0.0,1.058432106467041,0.0,0.2113070551072806,0.012360406061917736,0.9876395939380823,4.26,0,1,0.0
8865050ae1fffff,Petaling,3.024723346032053,101.65406812778484,0.0,0.0,0.0,0.0,1.058432106467041,0.0,1.0177790945464116,0.05953498752579586,0.9404650124742041,3.39,0,8,0.0
88650570d5fffff,Petaling,3.178056456319218,101.48787174573347,0.0,0.0,0.0,0.0,1.058432106467041,0.0,0.01591217499302977,0.0009307826666851519,0.9990692173333149,9.47,0,0,0.0
8865050f47fffff,Petaling,3.0149956240265077,101.58109838975514,0.0,0.0,0.0,0.0,1.058432106467041,0.0,0.07653483767477931,0.004476905283938328,0.9955230947160617,5.54,0,0,0.0
8865057547fffff,Petaling,3.189721870835712,101.43933587512514,0.0,0.0,0.0,0.0,1.058432106467041,0.0,0.002035275214806722,0.00011905342247089575,0.9998809465775291,11.74,0,0,0.0
8865050d81fffff,Petaling,3.085346254726923,101.4793900309149,0.0,1.0,0.0,0.0033767812521104876,1.058432106467041,0.0017870468468748578,0.5074051506515422,0.029680663983402945,0.970319336016597,2.64,0,3,0.15249815976356557
8865050883fffff,Petaling,3.076055356326115,101.59571461453004,2628.9594288738526,5.8,0.10949268181302114,0.019585331262240827,1.058432106467041,0.0683101566389149,2.2576729377037252,0.1320625771385295,0.8679374228614705,2.03,0,16,5.214199876400857
8865050adbfffff,Petaling,2.9886231181930825,101.61921908488215,0.0,0.0,0.0,0.0,1.058432106467041,0.0,0.43789790465922546,0.02561483767072041,0.9743851623292796,3.78,0,4,0.0
8865057205fffff,Petaling,3.1392760171802268,101.58349233832847,0.0,0.0,0.0,0.0,1.058432106467041,0.0,5.681056595559189,0.33231340215402067,0.6676865978459794,1.03,3,41,0.0
88650570c9fffff,Petaling,3.1685394608260724,101.50954397743051,0.0,0.0,0.0,0.0,1.058432106467041,0.0,0.07150745548774012,0.0041828285659191045,0.9958171714340809,6.92,0,0,0.0
8865050b51fffff,Petaling,3.0425215427987373,101.72326568899558,1314.4797144369263,1.8,0.05474634090651057,0.006078206253798878,1.058432106467041,0.03218932678789511,2.1111020949828427,0.12348891578137415,0.8765110842186259,2.1,0,15,2.481322913022023
8865057061fffff,Petaling,3.1944304844863103,101.57503108953748,1314.4797144369263,1.5,0.05474634090651057,0.005065171878165731,1.058432106467041,0.03165321273383265,1.0410811647695524,0.060898042109539474,0.9391019578904605,3.37,0,9,2.614234381835836
8865050f33fffff,Petaling,3.0413730533989796,101.54296680238598,0.0,0.0,0.0,0.0,1.058432106467041,0.0,0.07859028125656511,0.004597138455023584,0.9954028615449764,7.24,0,0,0.0
8865050a87fffff,Petaling,3.0268666831653275,101.62723824445649,0.0,0.0,0.0,0.0,1.058432106467041,0.0,0.39405144164518524,0.023050038842980177,0.9769499611570198,5.5,0,0,0.0
8865057289fffff,Petaling,3.1288360387703555,101.51943240603295,0.0,0.0,0.0,0.0,1.058432106467041,0.0,0.2373751425220891,0.013885258819630975,0.986114741180369,5.68,0,0,0.0
88650501b3fffff,Petaling,2.984827117520942,101.56931986433008,0.0,0.0,0.0,0.0,1.058432106467041,0.0,0.14254862049544048,0.008338381470487611,0.9916616185295124,3.33,0,1,0.0
8865050a5dfffff,Petaling,2.9902739312884163,101.69593426538137,0.0,0.0,0.0,0.0,1.058432106467041,0.0,1.8329405948857103,0.10721785899982392,0.892782141000176,2.81,0,15,0.0
886505715bfffff,Petaling,3.2098840976308853,101.5764489123858,15773.756573243116,22.7,0.6569560908781269,0.07665293442290808,1.058432106467041,0.38823767298630363,0.8164209888393359,0.04775654525308324,0.9522434547469167,1.65,1,3,32.51319516957008
88650570edfffff,Petaling,3.198731288252435,101.52132589720372,0.0,0.0,0.0,0.0,1.058432106467041,0.0,0.07512102763347231,0.004394204466419012,0.995605795533581,6.83,0,0,0.0
8865050a01fffff,Petaling,3.01378802594941,101.6935967869416,0.0,0.0,0.0,0.0,1.058432106467041,0.0,1.118991748356115,0.06545542164976342,0.9345445783502366,3.6,0,10,0.0
8865050125fffff,Petaling,2.9924162908268004,101.66911121240513,0.0,0.0,0.0,0.0,1.058432106467041,0.0,1.2399644106307046,0.07253171745704737,0.9274682825429527,2.17,0,4,0.0
8865050851fffff,Petaling,3.0475276150218327,101.66067048225158,43377.83057641856,39.4,1.0,0.1330451813331532,1.058432106467041,0.5996256990003899,4.143570557304406,0.24237815726733192,0.7576218427326681,1.16,7,16,39.952752459330185
88650508c5fffff,Petaling,3.0658304492508806,101.6263143676965,0.0,0.0,0.0,0.0,1.058432106467041,0.0,2.107180198583901,0.12325950445386745,0.8767404955461325,2.4,0,14,0.0
8865057761fffff,Petaling,3.1478648056406473,101.47609235955095,0.0,0.0,0.0,0.0,1.058432106467041,0.0,0.017278990435822417,0.0010107345351925224,0.9989892654648075,9.26,0,0,0.0
8865050aadfffff,Petaling,3.0408790625712263,101.64654519433599,0.0,0.0,0.0,0.0,1.058432106467041,0.0,1.5624033890739928,0.09139278530793173,0.9086072146920683,2.89,0,10,0.0
8865050f21fffff,Petaling,3.0465954988534207,101.57498733649358,0.0,0.0,0.0,0.0,1.058432106467041,0.0,0.21763471361676373,0.012730542442639393,0.9872694575573606,6.03,0,0,0.0
8865050813fffff,Petaling,3.065115364529344,101.63525905548651,0.0,0.0,0.0,0.0,1.058432106467041,0.0,2.3753737447961174,0.1389474857788908,0.8610525142211092,2.72,0,21,0.0
88650570e9fffff,Petaling,3.191362217744597,101.51614233427523,0.0,0.0,0.0,0.0,1.058432106467041,0.0,0.06491917503025472,0.003797447104505179,0.9962025528954949,7.04,0,0,0.0
8865050d89fffff,Petaling,3.077264798438677,101.48315828964142,0.0,0.0,0.0,0.0,1.058432106467041,0.0,0.7272444499927403,0.04254016366667247,0.9574598363333275,2.14,0,3,0.0
8865057235fffff,Petaling,3.156158569038821,101.5670125367033,5257.918857747705,128.3,0.2189853636260423,0.4332410346457756,1.058432106467041,0.34516868030812575,3.8667883297015484,0.22618778102950804,0.7738122189704919,0.58,4,16,23.489887935623393
8865050d4bfffff,Petaling,3.056103671317024,101.55332964361868,0.0,0.0,0.0,0.0,1.058432106467041,0.0,0.18725404128424394,0.010953425032748067,0.9890465749672519,6.73,0,0,0.0
88650509b3fffff,Petaling,3.1444938860043243,101.61551877883262,68352.94515072017,83.1,1.0,0.2806105220503815,1.058432106467041,0.6777196462088211,10.431942409669844,0.6102164650044243,0.3897835349955757,1.24,15,56,23.23205060233653
8865050acdfffff,Petaling,3.00120664672739,101.65640881891281,0.0,0.0,0.0,0.0,1.058432106467041,0.0,0.816049670186379,0.04773482496870096,0.952265175031299,2.97,0,4,0.0
88650570c1fffff,Petaling,3.176624299852061,101.50577564318374,0.0,0.0,0.0,0.0,1.058432106467041,0.0,0.04750045877983733,0.0027785393078716253,0.9972214606921284,7.5,0,0,0.0
886505706dfffff,Petaling,3.1937134924197177,101.5839809006274,61780.54657853553,49.0,1.0,0.1654622813534139,1.058432106467041,0.6167813487303886,1.5034624967707986,0.08794503784796469,0.9120549621520353,3.28,0,15,49.47276943369403
8865050a47fffff,Petaling,3.004997048683187,101.70629709055662,0.0,0.0,0.0,0.0,1.058432106467041,0.0,1.6448311270222855,0.0962143957898391,0.9037856042101609,2.08,0,16,0.0
8865050dbbfffff,Petaling,3.094856883053944,101.4577202970173,1314.4797144369263,4.1,0.05474634090651057,0.013844803133653,1.058432106467041,0.03629953453570728,0.34762725128543737,0.02033445585569695,0.9796655441443031,3.6,0,4,3.1274679620665466
8865050a27fffff,Petaling,3.0446673047522155,101.69644101525999,1314.4797144369263,7.6,0.05474634090651057,0.025663537516039708,1.058432106467041,0.042554198499769276,3.107518630937193,0.18177430045512455,0.8182256995448755,1.14,2,14,3.062171503970867
8865050d13fffff,Petaling,3.075121867889319,101.51000590515785,0.0,0.0,0.0,0.0,1.058432106467041,0.0,0.2236937285123305,0.013084964515325943,0.9869150354846741,3.82,0,2,0.0
88650572e7fffff,Petaling,3.1509391580241535,101.53498062928539,0.0,0.0,0.0,0.0,1.058432106467041,0.0,0.5364539414648607,0.031379872984626446,0.9686201270153736,3.91,0,4,0.0
8865050a93fffff,Petaling,3.013567854699367,101.59898756800652,0.0,0.0,0.0,0.0,1.058432106467041,0.0,0.12443778950107935,0.007278988422321679,0.9927210115776783,5.25,0,0,0.0
8865057299fffff,Petaling,3.1228988406330327,101.49634958554059,0.0,0.0,0.0,0.0,1.058432106467041,0.0,0.07066616505770398,0.004133617282718112,0.9958663827172819,7.22,0,0,0.0
886505776dfffff,Petaling,3.14714936842283,101.48504400226761,0.0,0.0,0.0,0.0,1.058432106467041,0.0,0.02477010585703948,0.001448927327269092,0.9985510726727309,9.4,0,0,0.0
8865050f6bfffff,Petaling,3.022359653250135,101.58627952880117,0.0,0.0,0.0,0.0,1.058432106467041,0.0,0.09535002961235342,0.005577499925055561,0.9944225000749445,6.24,0,0,0.0
8865050817fffff,Petaling,3.0724796041771487,101.64044126848772,23660.63485986468,90.1,0.9854341363171906,0.3042479908151549,1.058432106467041,0.6825204852467913,3.49958103555631,0.20470799057845637,0.7952920094215437,2.3,0,28,47.73712825451058
8865050d5bfffff,Petaling,3.050166616206049,101.53025385779684,0.0,0.0,0.0,0.0,1.058432106467041,0.0,0.11067362927665422,0.006473853878239295,0.9935261461217607,5.65,0,0,0.0
8865050da3fffff,Petaling,3.1088780636396045,101.47703471968875,0.0,0.0,0.0,0.0,1.058432106467041,0.0,0.12069399710629251,0.007059995288431326,0.9929400047115686,5.05,0,0,0.0
8865050ad1fffff,Petaling,2.995985904486494,101.62440000980102,0.0,0.0,0.0,0.0,1.058432106467041,0.0,0.3925352848130582,0.022961351249993153,0.9770386487500069,4.16,0,4,0.0
8865050dedfffff,Petaling,3.090569813170531,101.5114204619118,0.0,0.0,0.0,0.0,1.058432106467041,0.0,0.17195691375739414,0.010058619567228672,0.9899413804327714,5.0,0,0,0.0
8865057003fffff,Petaling,3.189212566966725,101.54299616930622,0.0,0.0,0.0,0.0,1.058432106467041,0.0,0.303088829309012,0.01772918088886651,0.9822708191111335,4.51,0,2,0.0
8865050dc7fffff,Petaling,3.0765505403395417,101.49210779275141,0.0,0.0,0.0,0.0,1.058432106467041,0.0,0.5067146565231346,0.029640273529775378,0.9703597264702246,2.43,0,3,0.0
88650570c3fffff,Petaling,3.1773404053575813,101.49682384356002,0.0,0.0,0.0,0.0,1.058432106467041,0.0,0.02708213351551097,0.0015841693837663708,0.9984158306162336,8.49,0,0,0.0
8865050f65fffff,Petaling,3.037087949696859,101.5966422375962,0.0,0.0,0.0,0.0,1.058432106467041,0.0,0.23210630951091707,0.01357705843579874,0.9864229415642013,5.95,0,0,0.0
88650508c3fffff,Petaling,3.0591809830229653,101.61218737636423,0.0,0.0,0.0,0.0,1.058432106467041,0.0,1.1705848228661677,0.06847335851232234,0.9315266414876777,3.19,0,7,0.0
8865050d1bfffff,Petaling,3.0670411134882283,101.51377292175086,0.0,0.0,0.0,0.0,1.058432106467041,0.0,0.2121856808221145,0.012411801272580607,0.9875881987274194,3.87,0,1,0.0
8865050f43fffff,Petaling,3.007631674699753,101.57591739438176,0.0,0.0,0.0,0.0,1.058432106467041,0.0,0.07418141517087687,0.004339241835982364,0.9956607581640177,4.94,0,1,0.0
88650508e1fffff,Petaling,3.081274712586219,101.6277338039312,21031.67543099082,58.9,0.8759414545041692,0.19889241574930772,1.058432106467041,0.5688193386972549,4.741339545320461,0.2773446538632399,0.7226553461367601,0.74,3,25,36.1509365214027
886505702dfffff,Petaling,3.210601318334019,101.5674984237612,0.0,0.0,0.0,0.0,1.058432106467041,0.0,0.6001142299937099,0.03510368152398604,0.964896318476014,1.9,1,1,0.0
8865057765fffff,Petaling,3.1552335911925833,101.48127501247632,0.0,0.0,0.0,0.0,1.058432106467041,0.0,0.01693077689912711,0.0009903657845721264,0.9990096342154279,9.88,0,0,0.0
8865057017fffff,Petaling,3.190645722203508,101.5250939123235,0.0,0.0,0.0,0.0,1.058432106467041,0.0,0.1083968291081055,0.0063406724537439455,0.9936593275462561,6.15,0,0,0.0
88650508c9fffff,Petaling,3.050387115373292,101.62489505803931,0.0,0.0,0.0,0.0,1.058432106467041,0.0,0.962913232530296,0.05632560896003036,0.9436743910399696,4.12,0,6,0.0
8865050dc5fffff,Petaling,3.075836230136896,101.50105699806416,0.0,0.0,0.0,0.0,1.058432106467041,0.0,0.33078907517561085,0.01934950675423949,0.9806504932457605,3.04,0,3,0.0
886505099dfffff,Petaling,3.1202474458892344,101.62680983457479,18402.71600211697,63.9,0.766448772691148,0.21577632200986016,1.058432106467041,0.5198092880045885,10.372437849985019,0.6067357458213064,0.3932642541786936,1.0,12,63,17.978046017757197
8865057243fffff,Petaling,3.115744944273855,101.58583943917417,26289.594288738524,64.3,1.0,0.21712703451070436,1.058432106467041,0.6441231654875739,7.727660054501595,0.4520294702588471,0.5479705297411529,0.38,13,30,31.041314257397854
886505721bfffff,Petaling,3.118607137645682,101.55004710168973,0.0,0.0,0.0,0.0,1.058432106467041,0.0,1.991696311065236,0.1165042745226433,0.8834957254773567,2.1,0,14,0.0
8865050a15fffff,Petaling,3.015217129700654,101.67571362953917,0.0,0.0,0.0,0.0,1.058432106467041,0.0,0.9975173394741854,0.05834977617498372,0.9416502238250163,3.82,0,8,0.0
8865050de9fffff,Petaling,3.0832029822114286,101.50623865750639,0.0,0.0,0.0,0.0,1.058432106467041,0.0,0.21282218017258825,0.012449033301705277,0.9875509666982947,4.02,0,2,0.0
8865050d3dfffff,Petaling,3.096506946121068,101.53450015735424,0.0,0.0,0.0,0.0,1.058432106467041,0.0,0.4834150938453657,0.028277365624896793,0.9717226343751032,4.32,0,5,0.0
8865050899fffff,Petaling,3.061325271776474,101.5853506882254,0.0,0.0,0.0,0.0,1.058432106467041,0.0,0.7103509332581421,0.04155197741540215,0.9584480225845978,4.03,0,4,0.0
8865050ab1fffff,Petaling,3.035659175889498,101.61453163252483,0.0,0.0,0.0,0.0,1.058432106467041,0.0,0.35565190443083444,0.020803857936629814,0.9791961420633701,5.8,0,0,0.0
8865050d87fffff,Petaling,3.093428069969183,101.47562154129996,0.0,0.0,0.0,0.0,1.058432106467041,0.0,0.32751383407711826,0.019157921528145185,0.9808420784718548,3.34,0,3,0.0
88650501b5fffff,Petaling,2.99147724929855,101.58344479388353,0.0,0.0,0.0,0.0,1.058432106467041,0.0,0.19365098124484365,0.011327614031911286,0.9886723859680887,2.96,0,1,0.0
8865057083fffff,Petaling,3.1942276513488856,101.48033303488364,0.0,0.0,0.0,0.0,1.058432106467041,0.0,0.011700780334787607,0.0006844371386740955,0.999315562861326,8.94,0,0,0.0
8865050f63fffff,Petaling,3.030437905528104,101.58251569612544,0.0,0.0,0.0,0.0,1.058432106467041,0.0,0.11396829063633238,0.0066665750925000156,0.9933334249075,7.19,0,0,0.0
88650570dbfffff,Petaling,3.1633181700434863,101.47750579168716,0.0,0.0,0.0,0.0,1.058432106467041,0.0,0.011606290777512667,0.0006789099720779016,0.9993210900279221,10.37,0,0,0.0
8865050f61fffff,Petaling,3.029723761947854,101.59146081144112,0.0,0.0,0.0,0.0,1.058432106467041,0.0,0.14134205495094415,0.008267803419685088,0.9917321965803149,6.92,0,0,0.0
8865050891fffff,Petaling,3.0694051033239447,101.58158637543845,0.0,0.0,0.0,0.0,1.058432106467041,0.0,1.0210067275006325,0.05972378791351952,0.9402762120864805,3.53,0,10,0.0
8865057211fffff,Petaling,3.125974021525076,101.55522970512116,0.0,0.0,0.0,0.0,1.058432106467041,0.0,2.5733276357914727,0.1505267985140806,0.8494732014859194,1.93,2,17,0.0
8865050d85fffff,Petaling,3.0927135845102014,101.48457171808006,0.0,0.0,0.0,0.0,1.058432106467041,0.0,0.2809331758361755,0.016433185952245195,0.9835668140477548,3.64,0,3,0.0
8865050d8dfffff,Petaling,3.0846318828537287,101.4883398708864,0.0,0.0,0.0,0.0,1.058432106467041,0.0,0.3968281758271391,0.023212463907290176,0.9767875360927099,3.07,0,3,0.0
8865050f5bfffff,Petaling,2.993617326932354,101.55661090362847,0.0,0.0,0.0,0.0,1.058432106467041,0.0,0.061611784025520026,0.003603981269664502,0.9963960187303355,5.05,0,0,0.0
88650508ddfffff,Petaling,3.0518165606573078,101.60700552013655,0.0,0.0,0.0,0.0,1.058432106467041,0.0,0.6858511140760584,0.04011886050702268,0.9598811394929774,4.07,0,5,0.0
88650570a9fffff,Petaling,3.208250597143684,101.49965284516438,0.0,0.0,0.0,0.0,1.058432106467041,0.0,0.036067411643914256,0.002109763222504726,0.9978902367774952,6.87,0,0,0.0
8865057209fffff,Petaling,3.123826951685708,101.58207452177624,13144.797144369262,13.1,0.5474634090651057,0.04423583440264739,1.058432106467041,0.3131367383292642,6.760324843266746,0.39544519765714287,0.6045548023428571,0.76,10,30,16.64882845722521
8865050853fffff,Petaling,3.0482425661860915,101.65172708369855,18402.71600211697,14.9,0.766448772691148,0.05031404065644627,1.058432106467041,0.4322439925077204,2.650353336069131,0.1550324168056803,0.8449675831943197,2.09,0,11,32.12055149515741
8865050d39fffff,Petaling,3.089140370394998,101.52931813149122,0.0,0.0,0.0,0.0,1.058432106467041,0.0,0.29311739764899686,0.017145901999887272,0.9828540980001127,5.23,0,0,0.0
88650571cbfffff,Petaling,3.220838940937004,101.53687745457468,2628.9594288738526,1.5,0.10949268181302114,0.005065171878165731,1.058432106467041,0.06062585519735301,0.13599347004921425,0.007954937949062445,0.9920450620509376,4.49,0,1,5.289361589993753
88650509c3fffff,Petaling,3.110734081965167,101.64846437513866,22346.155145427747,40.5,0.9306877954106797,0.13675964071047475,1.058432106467041,0.5649103191782778,11.92381246595988,0.6974834030534112,0.30251659694658883,0.79,14,63,15.02943636336345
8865050a03fffff,Petaling,3.0145026026778314,101.68465536162476,0.0,0.0,0.0,0.0,1.058432106467041,0.0,1.0362135064066726,0.06061330843651878,0.9393866915634812,4.12,0,10,0.0
8865057091fffff,Petaling,3.187574039048284,101.46619674344645,0.0,0.0,0.0,0.0,1.058432106467041,0.0,0.005590817507180523,0.0003270348667333679,0.9996729651332666,10.26,0,0,0.0
8865057745fffff,Petaling,3.1324123616639445,101.4746790537025,0.0,0.0,0.0,0.0,1.058432106467041,0.0,0.032630571719305515,0.0019087252731735632,0.9980912747268265,7.61,0,0,0.0
8865050885fffff,Petaling,3.082705298822732,101.60984276678629,38119.91171867086,61.2,1.0,0.20665901262916186,1.058432106467041,0.6385833202622618,4.5357851821440205,0.26532075151237056,0.7346792484876294,0.72,5,22,41.26000946388003
8865057011fffff,Petaling,3.1825605115389144,101.52886169613177,0.0,0.0,0.0,0.0,1.058432106467041,0.0,0.1699132293087217,0.009939074246627839,0.9900609257533721,5.33,0,0,0.0
88650508abfffff,Petaling,3.09078574911808,101.60607911477696,5257.918857747705,27.2,0.2189853636260423,0.09184845005740526,1.058432106467041,0.16449824408907757,6.124851347104341,0.35827317587980084,0.6417268241201992,0.12,5,35,9.283792801938702
8865050d57fffff,Petaling,3.0656124625192875,101.53166916462179,0.0,0.0,0.0,0.0,1.058432106467041,0.0,0.15834524482965606,0.009262405001454648,0.9907375949985453,5.79,0,0,0.0
8865057207fffff,Petaling,3.139992043626273,101.57454399231369,0.0,0.0,0.0,0.0,1.058432106467041,0.0,4.690617399373458,0.2743776619664549,0.7256223380335451,1.11,4,30,0.0
8865057357fffff,Petaling,3.1687435562697637,101.60422563699613,24975.1145743016,28.7,1.0,0.096913621935571,1.058432106467041,0.580504297738829,8.813360938450888,0.5155375428150762,0.48446245718492376,0.29,14,36,24.733156556131938
88650570e7fffff,Petaling,3.2075339308264876,101.5086053973815,0.0,0.0,0.0,0.0,1.058432106467041,0.0,0.04603761382301041,0.002692970192998346,0.9973070298070017,6.87,0,0,0.0
886505728bfffff,Petaling,3.1295514100929416,101.51048233224708,0.0,0.0,0.0,0.0,1.058432106467041,0.0,0.13218520364512099,0.007732173408036337,0.9922678265919637,6.66,0,0,0.0
8865050c21fffff,Petaling,3.051594704566912,101.51235836650515,0.0,0.0,0.0,0.0,1.058432106467041,0.0,0.2402364473892324,0.014052630846120469,0.9859473691538795,3.67,0,2,0.0
886505705bfffff,Petaling,3.1583070158852435,101.54016365957486,0.0,0.0,0.0,0.0,1.058432106467041,0.0,0.6694016664785527,0.03915665007966056,0.9608433499203395,3.41,0,4,0.0
8865057315fffff,Petaling,3.184911792273059,101.59669571697842,6572.398572184631,36.8,0.27373170453255286,0.12426555007766595,1.058432106467041,0.21062653628259656,3.529254499069083,0.20644373980886027,0.7935562601911397,1.7,1,29,14.699575307501243
8865050a21fffff,Petaling,3.0365896117512716,101.700200788563,0.0,0.0,0.0,0.0,1.058432106467041,0.0,2.1511844060841923,0.12583353054523644,0.8741664694547635,1.54,1,15,0.0
886505770dfffff,Petaling,3.1412113138850626,101.4619579521107,0.0,0.0,0.0,0.0,1.058432106467041,0.0,0.018982468183503524,0.0011103794650226672,0.9988896205349773,7.78,0,0,0.0
88650508e3fffff,Petaling,3.0819900315307867,101.61878843725354,21031.67543099082,136.6,0.8759414545041692,0.46126831903829263,1.058432106467041,0.7076728786994313,4.669447066659453,0.2731393033670312,0.7268606966329688,0.86,4,23,45.23740845921415
8865050ae7fffff,Petaling,3.032801022224287,101.65030677697949,0.0,0.0,0.0,0.0,1.058432106467041,0.0,1.3020763238592798,0.07616495378414498,0.923835046215855,3.0,0,10,0.0
8865050a25fffff,Petaling,3.043952101074856,101.70538288111152,0.0,0.0,0.0,0.0,1.058432106467041,0.0,2.794748235482727,0.1634787963603794,0.8365212036396206,0.6,2,15,0.0
8865057031fffff,Petaling,3.2053836007482515,101.53546125945519,0.0,0.0,0.0,0.0,1.058432106467041,0.0,0.13474621243461662,0.007881979615643723,0.9921180203843563,5.1,0,0,0.0
8865057283fffff,Petaling,3.137634692646323,101.50671447893977,0.0,0.0,0.0,0.0,1.058432106467041,0.0,0.09659118923254725,0.005650101556295288,0.9943498984437047,7.21,0,0,0.0
8865057221fffff,Petaling,3.1547260025369317,101.58491028141474,30233.033432049306,30.3,1.0,0.10231647193894779,1.058432106467041,0.5833635726938287,5.736257311795285,0.3355423680171833,0.6644576319828167,0.84,6,38,34.0894959997697
8865050897fffff,Petaling,3.0774852962957358,101.57782183117172,0.0,0.0,0.0,0.0,1.058432106467041,0.0,1.4349400304984363,0.08393681622441097,0.916063183775589,3.12,0,16,0.0
8865057767fffff,Petaling,3.1559491411330365,101.47232303288392,0.0,0.0,0.0,0.0,1.058432106467041,0.0,0.011528525576018099,0.0006743610966630617,0.9993256389033369,9.77,0,0,0.0
88650570c5fffff,Petaling,3.183993221469896,101.51095891624232,0.0,0.0,0.0,0.0,1.058432106467041,0.0,0.055977531537460094,0.003274405673750613,0.9967255943262494,7.2,0,0,0.0
88650572abfffff,Petaling,3.152370851263987,101.5170799523521,0.0,0.0,0.0,0.0,1.058432106467041,0.0,0.1585753766872592,0.009275866564327285,0.9907241334356727,5.89,0,0,0.0
886505085bfffff,Petaling,3.0401642800670823,101.65548855838007,0.0,0.0,0.0,0.0,1.058432106467041,0.0,2.33084495991009,0.1363427745336574,0.8636572254663426,2.04,0,10,0.0
88650509b9fffff,Petaling,3.135695087936238,101.62822952654044,38119.91171867086,255.6,1.0,0.8631052880394406,1.058432106467041,0.9859852272947343,11.668302796648534,0.6825373651001061,0.3174626348998939,0.56,12,71,27.528148611432403
8865050a4bfffff,Petaling,2.989559713235698,101.70487466909043,0.0,0.0,0.0,0.0,1.058432106467041,0.0,2.582240572361262,0.15104816073339117,0.8489518392666089,1.86,1,14,0.0
8865057333fffff,Petaling,3.2010814558435867,101.58916487002972,6572.398572184631,287.9,0.27373170453255286,0.9721753224826094,1.058432106467041,0.6593539995328733,1.4079772320683364,0.08235962734639422,0.9176403726536058,2.95,0,10,53.21145533447389
8865057203fffff,Petaling,3.1326251763855684,101.56936106355833,0.0,0.4,0.0,0.0013507125008441951,1.058432106467041,0.0007148187387499431,4.277158850042021,0.25019240437099316,0.7498075956290069,1.73,4,22,0.04713676179208345
8865050abdfffff,Petaling,3.03494471314169,101.62347587494448,0.0,0.0,0.0,0.0,1.058432106467041,0.0,0.46348090060795644,0.02711131500341604,0.972888684996584,5.52,0,0,0.0
88650508a9fffff,Petaling,3.0900703652103108,101.61502512444694,27604.07400317545,77.0,1.0,0.2600121564125076,1.058432106467041,0.6668186604428845,6.289636407082192,0.3679122778644914,0.6320877221355086,0.29,5,31,37.0679935554633
886505775dfffff,Petaling,3.1183904372433306,101.45536320379362,1314.4797144369263,5.4,0.05474634090651057,0.018234618761396634,1.058432106467041,0.038622695436644594,0.08136919212357763,0.004759690844524786,0.9952403091554752,5.25,0,0,3.380527836870783
8865050d49fffff,Petaling,3.055389280839681,101.56227637712612,0.0,0.0,0.0,0.0,1.058432106467041,0.0,0.24214664496194455,0.01416436785199197,0.9858356321480081,6.08,0,0,0.0
886505083bfffff,Petaling,3.079843919974166,101.6456236242355,35490.95228979701,59.1,1.0,0.19956777199972983,1.058432106467041,0.6348305218838246,4.9254496976929065,0.2881141771159757,0.7118858228840244,1.75,2,39,39.744965340834476
8865050a81fffff,Petaling,3.018789017182928,101.63100038227603,0.0,0.0,0.0,0.0,1.058432106467041,0.0,0.3664306221517822,0.021434359023259707,0.9785656409767403,5.6,0,0,0.0
88650509dbfffff,Petaling,3.0967199031902446,101.62915336675866,1314.4797144369263,29.3,0.05474634090651057,0.09893969068683729,1.058432106467041,0.0813331150769537,8.604565365251595,0.5033240458858618,0.49667595411413823,0.43,10,43,3.5526671517578707
8865050f03fffff,Petaling,3.0245014311704534,101.5594433875984,0.0,0.0,0.0,0.0,1.058432106467041,0.0,0.05223319021443894,0.0030553804303035227,0.9969446195696965,7.44,0,0,0.0
886505704bfffff,Petaling,3.1642423682902137,101.56324646162064,0.0,1.0,0.0,0.0033767812521104876,1.058432106467041,0.0017870468468748578,2.446243939639276,0.14309303778378685,0.8569069622162131,1.0,3,9,0.13467394699462587
8865057741fffff,Petaling,3.1250439745058176,101.46949679766857,0.0,0.0,0.0,0.0,1.058432106467041,0.0,0.0485412170476314,0.0028394184621227778,0.9971605815378772,6.76,0,0,0.0
88650508d9fffff,Petaling,3.0444522160743013,101.60182380718761,0.0,0.0,0.0,0.0,1.058432106467041,0.0,0.397445341518999,0.02324856501406581,0.9767514349859342,5.0,0,0,0.0
8865057247fffff,Petaling,3.1231111559758666,101.59102219028816,9201.358001058485,68.89999999999999,0.383224386345574,0.23266022827041258,1.058432106467041,0.3259360249943202,7.3672319372860695,0.43094622775823793,0.5690537722417621,0.48,7,40,16.311715980583532
8865050a57fffff,Petaling,2.999064077420034,101.68323381144074,0.0,0.0,0.0,0.0,1.058432106467041,0.0,1.070122366067721,0.06259680716207884,0.9374031928379212,3.01,0,12,0.0
8865050ae3fffff,Petaling,3.025437841916243,101.64512513812873,0.0,0.0,0.0,0.0,1.058432106467041,0.0,0.7618090297781988,0.044562018740517094,0.9554379812594829,3.97,0,8,0.0
8865050f0bfffff,Petaling,3.0164231925804708,101.5632080039512,0.0,0.0,0.0,0.0,1.058432106467041,0.0,0.048775257966426136,0.0028531086855274742,0.9971468913144725,6.46,0,0,0.0
8865050d0dfffff,Petaling,3.0796298181153663,101.55098039332564,0.0,0.0,0.0,0.0,1.058432106467041,0.0,0.5922792928223792,0.03464537687884254,0.9653546231211575,4.4,0,7,0.0
8865050acbfffff,Petaling,2.994558207208711,101.64228540546966,0.0,0.0,0.0,0.0,1.058432106467041,0.0,0.7934958544356174,0.04641553952987094,0.953584460470129,2.65,0,4,0.0
8865057307fffff,Petaling,3.191562189221495,101.61082851809721,10515.83771549541,47.8,0.4379707272520846,0.16141014385088132,1.058432106467041,0.3172019789887811,4.781930258075317,0.2797190075815195,0.7202809924184805,0.72,3,24,20.09332561061962
88650572a9fffff,Petaling,3.15165503153461,101.52603044058736,0.0,0.0,0.0,0.0,1.058432106467041,0.0,0.2924580931517322,0.01710733598371473,0.9828926640162853,4.9,0,1,0.0
8865050dabfffff,Petaling,3.1007956449063845,101.4808033343437,0.0,0.0,0.0,0.0,1.058432106467041,0.0,0.18703521640457688,0.010940624871543028,0.989059375128457,4.29,0,3,0.0
8865050c2dfffff,Petaling,3.050880686057876,101.52130626171632,0.0,0.0,0.0,0.0,1.058432106467041,0.0,0.15031857789337627,0.008792885123825304,0.9912071148761747,4.66,0,1,0.0
886505776bfffff,Petaling,3.140496097046228,101.47090985214133,0.0,0.0,0.0,0.0,1.058432106467041,0.0,0.021111449137124497,0.0012349142046293685,0.9987650857953706,8.26,0,0,0.0
8865057237fffff,Petaling,3.156874771767452,101.55806321191388,0.0,0.0,0.0,0.0,1.058432106467041,0.0,2.2023929925914203,0.12882897678230046,0.8711710232176996,1.47,3,11,0.0
886505705dfffff,Petaling,3.164958685513632,101.55429679842686,0.0,0.0,0.0,0.0,1.058432106467041,0.0,1.4121615548482973,0.08260438930490144,0.9173956106950986,1.96,1,6,0.0
8865050d5dfffff,Petaling,3.0568180104713236,101.54438260945851,0.0,0.0,0.0,0.0,1.058432106467041,0.0,0.1482606924212989,0.008672509114368907,0.9913274908856311,7.01,0,0,0.0
8865050a31fffff,Petaling,3.0306568785255448,101.6771349323536,0.0,0.0,0.0,0.0,1.058432106467041,0.0,2.103315194440526,0.12303342103881605,0.8769665789611839,2.15,0,14,0.0
886505722dfffff,Petaling,3.154009638881631,101.59385870049405,22346.155145427747,466.4,0.9306877954106797,1.0,1.058432106467041,1.0217509751133667,7.435424750150846,0.4349351663059124,0.5650648336940876,0.12,5,36,50.77586382975416
8865050989fffff,Petaling,3.11881527532182,101.64470183296937,44692.31029085549,54.8,1.0,0.18504761261565472,1.058432106467041,0.6271462204422626,12.575378644323921,0.7355967662664977,0.2644032337335023,0.44,10,65,14.58308983848418
8865050d4dfffff,Petaling,3.0627545411946753,101.56745805122888,0.0,0.0,0.0,0.0,1.058432106467041,0.0,0.44020423986011564,0.02574974674691488,0.9742502532530851,5.09,0,0,0.0
886505730bfffff,Petaling,3.176110624787611,101.60940932042615,2628.9594288738526,3.6,0.10949268181302114,0.012156412507597756,1.058432106467041,0.06437865357579022,7.6910832826797675,0.44988991201304046,0.5501100879869596,0.98,11,39,3.1146229422151506
8865050d27fffff,Petaling,3.1112403301696805,101.54486464253223,0.0,0.0,0.0,0.0,1.058432106467041,0.0,1.3325773078074006,0.07794910882191881,0.9220508911780811,2.68,0,9,0.0
886505721dfffff,Petaling,3.125258384519164,101.56417827877151,0.0,0.0,0.0,0.0,1.058432106467041,0.0,4.242096225728871,0.2481414161827996,0.7518585838172004,1.24,6,19,0.0
8865050d63fffff,Petaling,3.086995814581371,101.55616238796581,0.0,0.0,0.0,0.0,1.058432106467041,0.0,1.0969911738684837,0.0641684980582888,0.9358315019417112,3.41,0,12,0.0
886505703bfffff,Petaling,3.1980146246623895,101.53027751355489,0.0,0.0,0.0,0.0,1.058432106467041,0.0,0.11961546066480988,0.0069969062999328925,0.9930030937000671,5.99,0,0,0.0
8865050f6dfffff,Petaling,3.029009567862952,101.60040562435267,0.0,0.0,0.0,0.0,1.058432106467041,0.0,0.1759746638891193,0.010293637858777118,0.9897063621412229,6.71,0,0,0.0
8865057293fffff,Petaling,3.1316972039466964,101.48363032000486,0.0,0.0,0.0,0.0,1.058432106467041,0.0,0.038203974037626764,0.0022347414384450404,0.997765258561555,7.69,0,0,0.0
8865057257fffff,Petaling,3.117176146450831,101.56794387334106,13144.797144369262,9.6,0.5474634090651057,0.03241710002026068,1.058432106467041,0.3068820743652022,6.622807484753588,0.3874011198532949,0.612598880146705,0.25,7,21,16.53338196550628
88650501a5fffff,Petaling,2.9974134036377795,101.6065133985511,0.0,0.0,0.0,0.0,1.058432106467041,0.0,0.22876680358476728,0.013381714038649127,0.9866182859613509,3.72,0,1,0.0
8865050a41fffff,Petaling,2.996921064084152,101.71005604391206,0.0,0.0,0.0,0.0,1.058432106467041,0.0,2.3276150807308773,0.1361538427530042,0.8638461572469958,1.94,2,15,0.0
8865050ac3fffff,Petaling,3.0026347788038112,101.63852396279366,0.0,0.0,0.0,0.0,1.058432106467041,0.0,0.5128805371365704,0.03000094671256466,0.9699990532874353,3.63,0,3,0.0
8865050a05fffff,Petaling,3.021150116355929,101.69877848746293,0.0,0.0,0.0,0.0,1.058432106467041,0.0,1.3109694422410836,0.0766851567385612,0.9233148432614388,3.22,0,12,0.0
88650572a1fffff,Petaling,3.1597390444907094,101.52226290636635,0.0,0.0,0.0,0.0,1.058432106467041,0.0,0.19821020891556035,0.011594306051778672,0.9884056939482213,5.4,0,0,0.0
88650570d7fffff,Petaling,3.178772452677993,101.4789193501263,0.0,0.0,0.0,0.0,1.058432106467041,0.0,0.009757892785714479,0.0005707879326549419,0.999429212067345,10.46,0,0,0.0
8865050aa5fffff,Petaling,3.048957466671833,101.6427833798653,0.0,0.0,0.0,0.0,1.058432106467041,0.0,1.7486322922412465,0.10228624488714055,0.8977137551128594,2.92,0,11,0.0
8865050d37fffff,Petaling,3.105303710049561,101.52178450529726,0.0,0.0,0.0,0.0,1.058432106467041,0.0,0.2630783065134998,0.015388765381911166,0.9846112346180889,5.32,0,0,0.0
8865050a65fffff,Petaling,3.027082303808721,101.72184239015473,0.0,0.0,0.0,0.0,1.058432106467041,0.0,2.064237957003297,0.12074759805833439,0.8792524019416657,1.85,1,12,0.0
8865050ac7fffff,Petaling,3.009997556066758,101.64370520851168,0.0,0.0,0.0,0.0,1.058432106467041,0.0,0.5231837701934139,0.03060363432405261,0.9693963656759474,4.15,0,3,0.0
8865050f2bfffff,Petaling,3.0392307303093027,101.56980587628941,0.0,0.0,0.0,0.0,1.058432106467041,0.0,0.12363142167845284,0.007231819937020192,0.9927681800629798,7.03,0,0,0.0
88650501abfffff,Petaling,2.9826872422605435,101.59615183471982,0.0,0.4,0.0,0.0013507125008441951,1.058432106467041,0.0007148187387499431,0.43732355045902405,0.025581240822123694,0.9744187591778763,1.81,1,1,0.061256974729062365
88650572adfffff,Petaling,3.1590230571564875,101.53121343286844,0.0,0.0,0.0,0.0,1.058432106467041,0.0,0.36507945018783555,0.02135532222003806,0.9786446777799619,4.4,0,3,0.0
8865057023fffff,Petaling,3.2120355945964065,101.54959654211937,0.0,0.0,0.0,0.0,1.058432106467041,0.0,0.24912207533242806,0.0145723956473348,0.9854276043526652,3.36,0,1,0.0
8865057213fffff,Petaling,3.1266896055119844,101.54628083060065,0.0,0.0,0.0,0.0,1.058432106467041,0.0,1.4568234196138985,0.08521688505761077,0.9147831149423893,2.8,0,13,0.0
8865057265fffff,Petaling,3.1452102408926166,101.60657130493776,3943.439143310779,8.3,0.16423902271953172,0.02802728439251705,1.058432106467041,0.10175041621962241,9.033785344001142,0.528431268285694,0.471568731714306,1.32,10,46,4.219832130633873
8865050135fffff,Petaling,2.9864820012108018,101.64604661640915,0.0,0.0,0.0,0.0,1.058432106467041,0.0,1.357963095154318,0.07943405043756949,0.9205659495624305,1.67,2,4,0.0
886505708dfffff,Petaling,3.1927950443768496,101.49823828117489,0.0,0.0,0.0,0.0,1.058432106467041,0.0,0.025444221164970984,0.001488359701802719,0.9985116402981973,8.6,0,0,0.0
88650572dbfffff,Petaling,3.1067336099032405,101.5038854858582,0.0,0.0,0.0,0.0,1.058432106467041,0.0,0.12259741530581646,0.007171335734872244,0.9928286642651277,6.0,0,0,0.0
8865057225fffff,Petaling,3.1620930933599802,101.5900936416027,11830.317429932336,16.6,0.4927170681585951,0.0560545687850341,1.058432106467041,0.29041875982980586,5.742070417967009,0.33588240565921595,0.664117594340784,1.01,5,32,16.96225673112718
8865050a11fffff,Petaling,3.007854779009421,101.67053213820297,0.0,0.0,0.0,0.0,1.058432106467041,0.0,0.8485589821176627,0.04963645715064682,0.9503635428493532,3.84,0,7,0.0
8865057069fffff,Petaling,3.1863456015287888,101.57879707500645,0.0,0.0,0.0,0.0,1.058432106467041,0.0,1.6399534061988466,0.09592907351319402,0.904070926486806,3.03,0,18,0.0
8865050a55fffff,Petaling,2.998349788899968,101.69217486283038,0.0,0.0,0.0,0.0,1.058432106467041,0.0,1.2908575631322945,0.07550871238214052,0.9244912876178595,3.4,0,13,0.0
8865050a3bfffff,Petaling,3.023294204037021,101.67195319063644,0.0,0.0,0.0,0.0,1.058432106467041,0.0,1.3647037333451406,0.0798283440645037,0.9201716559354963,2.9,0,10,0.0
88650572d7fffff,Petaling,3.1221836894986423,101.50529991923044,0.0,0.0,0.0,0.0,1.058432106467041,0.0,0.10460004757319373,0.0061185797201337285,0.9938814202798663,7.08,0,0,0.0
8865058d0bfffff,Sepang,2.677470166066676,101.7211128943193,0.0,0.0,0.0,0.0,0.8074238578680203,0.0,0.015484338836351664,0.0009057563909565595,0.9990942436090434,8.5,0,0,0.0
8865058d53fffff,Sepang,2.662762819391072,101.71076023847048,0.0,0.0,0.0,0.0,0.8074238578680203,0.0,0.007491883910994314,0.00043823774488562943,0.9995617622551144,9.58,0,0,0.0
88650501a9fffff,Sepang,2.9819738517549728,101.60509522033263,322.4334600760456,8.799999999999999,0.013428926997591921,0.02971567501857229,0.8074238578680203,0.017417990503035836,0.46437169731720385,0.027163422156389838,0.9728365778436101,2.15,0,1,1.4902252590019445
8865050341fffff,Sepang,2.8888838257093363,101.70010088943648,0.0,0.0,0.0,0.0,0.8074238578680203,0.0,1.0717176975282219,0.06269012607490515,0.9373098739250949,1.71,1,4,0.0
8865058ce9fffff,Sepang,2.636179667890517,101.65432998415599,0.0,0.0,0.0,0.0,0.8074238578680203,0.0,0.0010103172342580905,5.909850601270052e-05,0.9999409014939873,12.54,0,0,0.0
8865058cc7fffff,Sepang,2.6295331897364815,101.64022218207113,0.0,0.0,0.0,0.0,0.8074238578680203,0.0,0.00045605395258995174,2.6676875683551936e-05,0.9999733231243164,13.74,0,0,0.0
8865050119fffff,Sepang,2.948245804430467,101.63802675564204,0.0,0.0,0.0,0.0,0.8074238578680203,0.0,3.4947038800039305,0.20442270136734159,0.7955772986326584,1.25,5,22,0.0
8865051047fffff,Sepang,2.7839860625050803,101.74893493619244,644.8669201520912,4.9,0.026857853995183843,0.01654622813534139,0.8074238578680203,0.017522745720524542,0.04554061682408959,0.0026638983538441966,0.9973361016461558,7.2,0,0,1.5369427062734455
8865058cb3fffff,Sepang,2.655841595619798,101.60214741827292,0.0,0.0,0.0,0.0,0.8074238578680203,0.0,0.0005537823228241039,3.239349664185488e-05,0.9999676065033581,13.48,0,0,0.0
8865058d1bfffff,Sepang,2.6715333982016585,101.6980734550864,0.0,0.0,0.0,0.0,0.8074238578680203,0.0,0.0175210015391482,0.0010248909745365882,0.9989751090254634,8.29,0,0,0.0
8865058d63fffff,Sepang,2.6914688396380644,101.7403972705314,0.0,0.0,0.0,0.0,0.8074238578680203,0.0,0.015561946058319226,0.0009102960253590619,0.9990897039746409,8.52,0,0,0.0
8865051ac9fffff,Sepang,2.8758255220021622,101.76641248113673,0.0,0.0,0.0,0.0,0.8074238578680203,0.0,0.05033254290869321,0.002944202067292502,0.9970557979327075,6.34,0,0,0.0
8865058dcdfffff,Sepang,2.672241811679044,101.68914147437238,0.0,0.0,0.0,0.0,0.8074238578680203,0.0,0.01985668301780741,0.0011615166612315782,0.9988384833387685,8.09,0,0,0.0
88650511a1fffff,Sepang,2.8720294359855725,101.71655320441354,0.0,0.0,0.0,0.0,0.8074238578680203,0.0,0.2478820212071734,0.014499858682020878,0.9855001413179791,4.26,0,1,0.0
8865051887fffff,Sepang,2.9653347026698786,101.71615046233012,1289.7338403041824,27.8,0.053715707990367685,0.09387451880867156,0.8074238578680203,0.05958393515284817,6.7852652490338095,0.3969040866775468,0.6030959133224532,0.46,9,20,3.16030899671775
8865051191fffff,Sepang,2.84330790359237,101.68689959361726,0.0,2.0,0.0,0.006753562504220975,0.8074238578680203,0.002726493745755454,0.46962506502512286,0.027470717897317552,0.9725292821026824,2.39,0,2,0.2331960403296782
8865058cbbfffff,Sepang,2.647779012410451,101.60590624231445,0.0,0.0,0.0,0.0,0.8074238578680203,0.0,0.00041983981273091385,2.4558529594191452e-05,0.9999754414704058,13.89,0,0,0.0
88650511d1fffff,Sepang,2.8264579216630654,101.7033510356843,8383.269961977187,82.9,0.34915210193739,0.2799351657999595,0.8074238578680203,0.25397003432607146,1.058468625284028,0.06191512160191784,0.9380848783980822,0.92,2,2,20.952632347641742
886505101dfffff,Sepang,2.786118262706911,101.72213383174403,0.0,0.0,0.0,0.0,0.8074238578680203,0.0,0.2227954578554227,0.013032420173788226,0.9869675798262117,4.66,0,3,0.0
8865051009fffff,Sepang,2.7846968397953065,101.74000154351192,0.0,0.0,0.0,0.0,0.8074238578680203,0.0,0.07978686578438729,0.0046671326662617325,0.9953328673337383,6.36,0,0,0.0
8865051287fffff,Sepang,2.7493377103262713,101.69624467382661,322.4334600760456,1.7999999999999998,0.013428926997591921,0.006078206253798878,0.8074238578680203,0.00787526239289175,2.154875213585722,0.12604942432782748,0.8739505756721725,1.25,4,6,0.6052933256409229
886505113bfffff,Sepang,2.853752894430253,101.75087368060902,0.0,0.0,0.0,0.0,0.8074238578680203,0.0,0.03813570979334857,0.0022307483215168807,0.9977692516784831,7.0,0,0,0.0
88650501ebfffff,Sepang,2.9658220865912925,101.6126198765425,5803.802281368821,36.3,0.24172068595665458,0.1225771594516107,0.8074238578680203,0.1470713858762746,0.8700021955424736,0.05089077790708567,0.9491092220929144,2.16,0,8,12.276041776112242
88650512a7fffff,Sepang,2.7721160934798443,101.70284349182691,0.0,0.0,0.0,0.0,0.8074238578680203,0.0,0.880262296415997,0.05149094250153615,0.9485090574984638,2.06,0,6,0.0
886505b96dfffff,Sepang,2.648486439849794,101.59697196511394,0.0,0.0,0.0,0.0,0.8074238578680203,0.0,0.00028580150533503344,1.6717958883364538e-05,0.9999832820411166,14.47,0,0,0.0
8865051291fffff,Sepang,2.7353355848912035,101.67695591460124,0.0,0.0,0.0,0.0,0.8074238578680203,0.0,1.7432632143464213,0.10197218067889909,0.8980278193211009,1.35,4,6,0.0
88650518c7fffff,Sepang,2.948472871022022,101.73260488868156,322.4334600760456,11.9,0.013428926997591921,0.04018369690011481,0.8074238578680203,0.021644055808956793,2.8126641419705796,0.1645267872996539,0.8354732127003461,2.17,0,21,1.590322321078094
8865051607fffff,Sepang,2.7028083578005644,101.59746200403242,0.0,0.0,0.0,0.0,0.8074238578680203,0.0,0.0036704938877591023,0.00021470553776567407,0.9997852944622343,10.75,0,0,0.0
88650510ebfffff,Sepang,2.7963176165821486,101.69157283796847,0.0,0.0,0.0,0.0,0.8074238578680203,0.0,0.5713240050718731,0.03341959733442987,0.9665804026655701,2.7,0,4,0.0
88650510d9fffff,Sepang,2.7668899925692934,101.67086119407797,0.0,0.0,0.0,0.0,0.8074238578680203,0.0,1.3384196993801376,0.0782908595134662,0.9217091404865339,1.39,2,6,0.0
886505004dfffff,Sepang,2.893157319633916,101.64646936800293,0.0,0.0,0.0,0.0,0.8074238578680203,0.0,2.259042149829068,0.1321426692009812,0.8678573307990188,1.91,1,18,0.0
88650511a7fffff,Sepang,2.8801002388854133,101.71279591989021,644.8669201520912,1.0,0.026857853995183843,0.0033767812521104876,0.8074238578680203,0.012206082916301406,0.3947657005706869,0.023091819418399523,0.9769081805816004,3.41,0,2,1.0486825507380957
88650512bbfffff,Sepang,2.750757294877216,101.67837606073134,0.0,0.0,0.0,0.0,0.8074238578680203,0.0,2.707892672523302,0.15839818025709831,0.8416018197429017,0.95,6,6,0.0
88650511d7fffff,Sepang,2.8345269758815954,101.69959378084327,1934.6007604562733,12.1,0.08057356198555152,0.0408590531505369,0.8074238578680203,0.04902379529209153,0.8105543268053471,0.04741337486091946,0.9525866251390805,1.29,2,2,4.107006490354637
88650512c5fffff,Sepang,2.7317877437353677,101.72162327913398,322.4334600760456,16.6,0.013428926997591921,0.0560545687850341,0.8074238578680203,0.02805131611148211,0.27897288077954224,0.016318518494081738,0.9836814815059183,4.26,0,4,2.426731443684814
8865058db1fffff,Sepang,2.706621557400863,101.64731415027124,0.0,0.0,0.0,0.0,0.8074238578680203,0.0,0.0844817974079304,0.004941762688768407,0.9950582373112316,5.93,0,0,0.0
8865051abbfffff,Sepang,2.9102485540929584,101.7245782225529,644.8669201520912,9.1,0.026857853995183843,0.03072870939420544,0.8074238578680203,0.023248382586610994,0.6867915632591008,0.040173872081421376,0.9598261279185786,3.22,0,5,1.9624531223837804
8865050343fffff,Sepang,2.889596191486764,101.69116306823832,0.0,1.0,0.0,0.0033767812521104876,0.8074238578680203,0.001363246872877727,1.7725201075420023,0.10368356262884837,0.8963164373711516,0.86,2,10,0.10746074587360747
8865051641fffff,Sepang,2.6779076252970744,101.617674635519,0.0,0.0,0.0,0.0,0.8074238578680203,0.0,0.004006615522697234,0.00023436697260002776,0.9997656330274,10.52,0,0,0.0
886505118bfffff,Sepang,2.841884857558979,101.70477268771089,1612.1673003802282,11.1,0.06714463498795961,0.037482271898426414,0.8074238578680203,0.04223913039750197,0.4590077676120992,0.026849659091502984,0.9731503409084971,2.27,0,2,3.615004874290856
8865050113fffff,Sepang,2.9570336678457516,101.6253239229894,967.3003802281368,2.9,0.04028678099277576,0.009792665631120414,0.8074238578680203,0.020217669996480926,1.717570618624206,0.10046929230751914,0.8995307076924809,1.92,1,13,1.5994146758490226
8865058d27fffff,Sepang,2.7156590458403955,101.72913357127766,0.0,0.0,0.0,0.0,0.8074238578680203,0.0,0.09467194629921444,0.005537835442059699,0.9944621645579403,5.83,0,0,0.0
8865051adbfffff,Sepang,2.8706049585659645,101.73442594573065,644.8669201520912,5.4,0.026857853995183843,0.018234618761396634,0.8074238578680203,0.018204369156963406,0.1071739243584238,0.006269138641143891,0.9937308613588561,6.03,0,0,1.590956813227917
8865051ad7fffff,Sepang,2.8860338973737085,101.73584909742657,322.4334600760456,2.2,0.013428926997591921,0.007428918754643073,0.8074238578680203,0.008420561142042841,0.17621574438389487,0.010307739862174595,0.9896922601378254,5.61,0,0,0.7329176612297617
8865058dcbfffff,Sepang,2.665595895983584,101.67503306287553,0.0,0.9,0.0,0.003039103126899439,0.8074238578680203,0.0012269221855899543,0.011660360731048088,0.0006820727939775656,0.9993179272060224,8.87,0,0,0.10782877654642752
886505006dfffff,Sepang,2.915950564905022,101.65306872268899,1289.7338403041824,37.4,0.053715707990367685,0.12629161882893225,0.8074238578680203,0.07267110513247435,6.900883861018768,0.40366719731634604,0.596332802683654,0.51,10,23,3.811223727920145
8865051623fffff,Sepang,2.7182300596382625,101.59887865681908,0.0,0.0,0.0,0.0,0.8074238578680203,0.0,0.006434056983897217,0.0003763601594187717,0.9996236398405812,9.97,0,0,0.0
886505165dfffff,Sepang,2.6712600643511077,101.60356406650364,0.0,0.0,0.0,0.0,0.8074238578680203,0.0,0.001349390065671465,7.893257108310565e-05,0.9999210674289168,12.16,0,0,0.0
8865051233fffff,Sepang,2.7538532939758182,101.73715589416807,322.4334600760456,11.3,0.013428926997591921,0.038157628148848516,0.8074238578680203,0.020826107685230157,0.12376981298768724,0.0072399151365709555,0.992760084863429,5.79,0,0,1.8183035922140132
8865058d61fffff,Sepang,2.690759763647098,101.74932811779281,644.8669201520912,12.0,0.026857853995183843,0.04052137502532585,0.8074238578680203,0.027201798517956403,0.009308056715224463,0.000544474771981101,0.999455525228019,9.3,0,0,2.390975204277672
8865051031fffff,Sepang,2.8096098768831785,101.71979988168947,644.8669201520912,10.2,0.026857853995183843,0.03444316877152697,0.8074238578680203,0.024747954146776496,0.3145535668795561,0.018399810706187583,0.9816001892938124,2.97,0,2,2.1364263004631914
8865058cedfffff,Sepang,2.643533585605991,101.65950554082185,644.8669201520912,1.9,0.026857853995183843,0.006415884379009927,0.8074238578680203,0.013433005101891361,0.00188694878700465,0.00011037706816546792,0.9998896229318346,11.6,0,0,1.1812429253170298
88650501e7fffff,Sepang,2.9812604119705326,101.61403830298612,322.4334600760456,10.3,0.013428926997591921,0.03478084689673803,0.8074238578680203,0.01946286081235243,0.5176395954938277,0.030279327828321528,0.9697206721716785,2.82,0,5,1.6598441426387185
8865051189fffff,Sepang,2.8411732663865963,101.71370877387749,644.8669201520912,1.0,0.026857853995183843,0.0033767812521104876,0.8074238578680203,0.012206082916301406,0.3287843595216792,0.019232240913263674,0.9807677590867363,2.81,0,2,1.0528256961349642
886505011bfffff,Sepang,2.9489588196395227,101.62908533317314,0.0,0.0,0.0,0.0,0.8074238578680203,0.0,2.769561460831554,0.1620054959922471,0.8379945040077529,1.15,3,19,0.0
8865051743fffff,Sepang,2.7301074429014123,101.64497483439547,0.0,0.0,0.0,0.0,0.8074238578680203,0.0,0.2062406557030826,0.012064047031804179,0.9879359529681958,4.7,0,4,0.0
8865050265fffff,Sepang,2.867518784726094,101.67562472234297,967.3003802281368,44.5,0.04028678099277576,0.1502667657189167,0.8074238578680203,0.07692873990819436,0.6455557826805653,0.03776178512118207,0.9622382148788179,3.1,0,4,6.510063114596692
886505166bfffff,Sepang,2.6933271427636503,101.61909203409354,0.0,0.0,0.0,0.0,0.8074238578680203,0.0,0.009419938487821345,0.0005510192962021333,0.9994489807037978,9.26,0,0,0.0
88650511c3fffff,Sepang,2.8331040826993217,101.71746557974353,644.8669201520912,3.1,0.026857853995183843,0.010468021881542512,0.8074238578680203,0.015068901349344632,0.3530457310985858,0.020651409829121146,0.9793485901708788,2.65,0,2,1.2978750141124789
88650510d3fffff,Sepang,2.775666997936192,101.65816762896354,0.0,0.0,0.0,0.0,0.8074238578680203,0.0,0.46855802456055456,0.027408301365981835,0.9725916986340182,3.04,0,6,0.0
8865058da7fffff,Sepang,2.7206240015994814,101.66660187614093,0.0,0.0,0.0,0.0,0.8074238578680203,0.0,0.4640210830109729,0.027142912972756894,0.972857087027243,3.35,0,4,0.0
8865058da5fffff,Sepang,2.719914849687019,101.67553589491197,0.0,0.0,0.0,0.0,0.8074238578680203,0.0,0.6032940179646387,0.035289683219440676,0.9647103167805593,2.95,0,4,0.0
8865050189fffff,Sepang,2.9591727779535124,101.59849681622292,0.0,0.8,0.0,0.0027014250016883902,0.8074238578680203,0.0010905974983021816,0.878913824464925,0.05141206363556599,0.9485879363644341,1.02,1,4,0.09098212454289109
8865058c83fffff,Sepang,2.6390094619890396,101.618598471855,0.0,0.0,0.0,0.0,0.8074238578680203,0.0,0.0004221489057943257,2.4693599991552473e-05,0.9999753064000084,13.86,0,0,0.0
8865058c11fffff,Sepang,2.6274110303334495,101.66701843118572,0.0,0.0,0.0,0.0,0.8074238578680203,0.0,0.0006510348008124894,3.808228028352679e-05,0.9999619177197164,13.2,0,0,0.0
8865050009fffff,Sepang,2.902654070675188,101.62482894499983,322.4334600760456,4.5,0.013428926997591921,0.015195515634497196,0.8074238578680203,0.011556028949661613,1.8726914609189693,0.10954308588462681,0.8904569141153732,1.1,1,16,0.9049727686279236
8865050223fffff,Sepang,2.877725497174728,101.64504995253199,1934.6007604562733,8.0,0.08057356198555152,0.0270142500168839,0.8074238578680203,0.04343448311329285,0.8689279054583852,0.05082793730926047,0.9491720626907395,3.51,0,10,3.6257143392917586
886505034bfffff,Sepang,2.8815247746564983,101.69492126560523,0.0,0.0,0.0,0.0,0.8074238578680203,0.0,0.9898875037662094,0.05790346893981628,0.9420965310601838,1.83,1,4,0.0
8865058d13fffff,Sepang,2.679596026041193,101.69431777402484,0.0,0.0,0.0,0.0,0.8074238578680203,0.0,0.03298922452690984,0.0019297046689395285,0.9980702953310605,7.33,0,0,0.0
886505125bfffff,Sepang,2.706176573171648,101.750751118225,0.0,0.0,0.0,0.0,0.8074238578680203,0.0,0.017114062466673935,0.0010010870737359814,0.998998912926264,8.43,0,0,0.0
88650512e5fffff,Sepang,2.7545634469561313,101.72822293836191,322.4334600760456,1.7,0.013428926997591921,0.005740528128587829,0.8074238578680203,0.007738937705603975,0.23333508151987442,0.013648935453726611,0.9863510645462734,4.83,0,5,0.6713157678824412
8865058d57fffff,Sepang,2.6701164473587147,101.71593649581595,0.0,0.0,0.0,0.0,0.8074238578680203,0.0,0.011046825226949736,0.0006461840350328685,0.9993538159649671,9.0,0,0,0.0
8865051127fffff,Sepang,2.8751129079851285,101.77534749088,0.0,0.0,0.0,0.0,0.8074238578680203,0.0,0.04190358255317357,0.002451150036345715,0.9975488499636543,6.52,0,0,0.0
8865058dc1fffff,Sepang,2.6729501837841667,101.68020918731663,0.0,0.9,0.0,0.003039103126899439,0.8074238578680203,0.0012269221855899543,0.020819456217957097,0.0012178340789975887,0.9987821659210024,8.01,0,0,0.107770966631973
88650511a3fffff,Sepang,2.8727416055799053,101.7076163715403,644.8669201520912,1.0,0.026857853995183843,0.0033767812521104876,0.8074238578680203,0.012206082916301406,0.378495833756968,0.022140113568877434,0.9778598864311225,3.47,0,2,1.049704179318619
886505181bfffff,Sepang,2.9389722319529983,101.7542373901005,9350.570342205325,144.7,0.3894388829301658,0.48862024718038755,0.8074238578680203,0.35448294513505046,2.2157900813474067,0.1296126394810564,0.8703873605189436,1.24,2,10,27.134504822045812
8865058d0dfffff,Sepang,2.6841151066043976,101.73522055780663,322.4334600760456,4.0,0.013428926997591921,0.01350712500844195,0.8074238578680203,0.010874405513222747,0.013312053237362158,0.0007786885461449674,0.9992213114538551,8.74,0,0,0.9556111133232789
886505010bfffff,Sepang,2.9548941205259585,101.65214829495403,322.4334600760456,3.2,0.013428926997591921,0.010805700006753561,0.8074238578680203,0.009783808014920568,3.114796348021173,0.18220001051159226,0.8177999894884077,1.67,1,19,0.7036699455310642
8865051111fffff,Sepang,2.838326448675535,101.74945003623694,322.4334600760456,1.4,0.013428926997591921,0.004727493752954682,0.8074238578680203,0.007329963643740657,0.04164662103539157,0.002436119072516989,0.997563880927483,6.21,0,0,0.6430674332743938
8865058f17fffff,Sepang,2.630518131977761,101.72577835933343,0.0,0.0,0.0,0.0,0.8074238578680203,0.0,0.0005470404041278323,3.199912811175519e-05,0.9999680008718882,13.51,0,0,0.0
8865050035fffff,Sepang,2.934948269089307,101.6097834030462,9350.570342205325,32.2,0.3894388829301658,0.10873235631795772,0.8074238578680203,0.20111767193630622,1.4236574936991613,0.08327684424109613,0.9167231557589038,1.69,1,10,16.214457180028745
8865058c37fffff,Sepang,2.658241700073212,101.66985708026024,322.4334600760456,1.8,0.013428926997591921,0.006078206253798878,0.8074238578680203,0.00787526239289175,0.006425997855443743,0.0003758887407047135,0.9996241112592953,9.77,0,0,0.6923341199582399
8865050221fffff,Sepang,2.8770136518774456,101.65398892969436,1289.7338403041824,3.8,0.053715707990367685,0.012831768758019854,0.8074238578680203,0.026866010203782723,0.9945664781681045,0.058177165544652215,0.9418228344553478,3.31,0,8,2.2252887410518825
8865051621fffff,Sepang,2.717521371412953,101.60781476858412,0.0,0.0,0.0,0.0,0.8074238578680203,0.0,0.011653975583670501,0.0006816992947855387,0.9993183007052144,9.05,0,0,0.0
8865050347fffff,Sepang,2.8969554924449694,101.69634280048308,0.0,0.0,0.0,0.0,0.8074238578680203,0.0,1.691220860528568,0.09892796322349952,0.9010720367765005,1.14,1,15,0.0
886505036dfffff,Sepang,2.9109614705127522,101.71564061025272,0.0,0.0,0.0,0.0,0.8074238578680203,0.0,0.9665189094467999,0.05653652302910128,0.9434634769708987,2.72,0,6,0.0
8865051049fffff,Sepang,2.767853565574435,101.75644438598793,0.0,0.0,0.0,0.0,0.8074238578680203,0.0,0.03030846159199707,0.0017728934426677065,0.9982271065573323,7.89,0,0,0.0
88650511c1fffff,Sepang,2.8323925683586886,101.72640101744281,1934.6007604562733,14.6,0.08057356198555152,0.04930100628081312,0.8074238578680203,0.052431912474285844,0.20084104824140664,0.011748196996568058,0.988251803003432,3.56,0,2,4.556981799027941
8865058d3bfffff,Sepang,2.6943047269436438,101.70467079781463,0.0,0.0,0.0,0.0,0.8074238578680203,0.0,0.07939934489637658,0.004644464632149689,0.9953555353678503,6.04,0,0,0.0
8865058f37fffff,Sepang,2.6532845399156804,101.7323761810329,0.0,0.4,0.0,0.0013507125008441951,0.8074238578680203,0.0005452987491510908,0.0021476653087920358,0.00012562768095123985,0.9998743723190487,11.46,0,0,0.04795058590889938
8865058ca3fffff,Sepang,2.66178129632767,101.62519140906502,0.0,0.0,0.0,0.0,0.8074238578680203,0.0,0.0022639041259723,0.000132427070492567,0.9998675729295075,11.35,0,0,0.0
88650512c1fffff,Sepang,2.7244327359641805,101.71644602291903,322.4334600760456,1.7999999999999998,0.013428926997591921,0.006078206253798878,0.8074238578680203,0.00787526239289175,0.29467209608518485,0.01723684408398075,0.9827631559160193,4.12,0,4,0.6806563157238699
88650518a1fffff,Sepang,2.9800559997153604,101.72651270116391,967.3003802281368,5.3,0.04028678099277576,0.017896940636185583,0.8074238578680203,0.02348946249138747,5.690816115793115,0.33288428528425773,0.6671157147157423,0.51,12,18,1.3781237892684064
8865058c6dfffff,Sepang,2.638578731740191,101.72202417666794,0.0,1.0,0.0,0.0033767812521104876,0.8074238578680203,0.001363246872877727,0.001053459224534922,6.162209670809974e-05,0.9999383779032919,12.53,0,0,0.11988413849944574
8865051019fffff,Sepang,2.7787619787813336,101.71695571753405,0.0,0.0,0.0,0.0,0.8074238578680203,0.0,0.33360814095907015,0.01951440800555419,0.9804855919944458,3.79,0,2,0.0
8865050261fffff,Sepang,2.8601598159169574,101.67044555758692,1934.6007604562733,8.6,0.08057356198555152,0.029040318768150195,0.8074238578680203,0.04425243123701949,0.428519884204151,0.025066270369818695,0.9749337296301813,3.99,0,4,3.7942523460859987
8865058de5fffff,Sepang,2.7030772362528053,101.69198237478679,0.0,0.0,0.0,0.0,0.8074238578680203,0.0,0.18934974176567473,0.011076013031153941,0.9889239869688461,4.72,0,4,0.0
8865058d91fffff,Sepang,2.683846623207269,101.6407192665737,0.0,0.0,0.0,0.0,0.8074238578680203,0.0,0.0166884062193592,0.0009761883118042937,0.9990238116881957,8.35,0,0,0.0
88650510e7fffff,Sepang,2.811742915681558,101.69299386348767,322.4334600760456,1.7,0.013428926997591921,0.005740528128587829,0.8074238578680203,0.007738937705603975,1.019076508423588,0.05961087974976409,0.9403891202502359,0.99,2,2,0.6400338247310362
8865051a8bfffff,Sepang,2.893392358364285,101.74102899306138,0.0,0.4,0.0,0.0013507125008441951,0.8074238578680203,0.0005452987491510908,0.20975079566658222,0.012269372666866354,0.9877306273331337,5.15,0,0,0.047368213059545985
8865051211fffff,Sepang,2.7303683081796346,101.7394880720225,0.0,0.0,0.0,0.0,0.8074238578680203,0.0,0.07962598655013323,0.0046577220355504155,0.9953422779644496,6.19,0,0,0.0
8865058e35fffff,Sepang,2.6011086517205246,101.70507647742973,0.0,0.0,0.0,0.0,0.8074238578680203,0.0,9.290666581872819e-05,5.43457536141114e-06,0.9999945654246386,16.14,0,0,0.0
8865051627fffff,Sepang,2.725586867667069,101.60405521778334,0.0,0.0,0.0,0.0,0.8074238578680203,0.0,0.010982788832174163,0.0006424382261588322,0.9993575617738412,9.2,0,0,0.0
8865051041fffff,Sepang,2.775919625762191,101.75268977713112,0.0,1.1,0.0,0.0037144593773215367,0.8074238578680203,0.0014995715601654998,0.03733463188340731,0.0021838892696547495,0.9978161107303453,7.56,0,0,0.13159266631336217
88650518e7fffff,Sepang,2.971267113375777,101.73920941417207,1289.7338403041824,31.7,0.053715707990367685,0.10704396569190246,0.8074238578680203,0.0649005979570713,5.075747454716764,0.29690584432305095,0.703094155676949,0.75,5,20,4.013064737429921
88650518d9fffff,Sepang,2.9263935118808373,101.7170631454243,0.0,0.0,0.0,0.0,0.8074238578680203,0.0,1.6709344104970962,0.0977413073410611,0.9022586926589389,1.3,1,12,0.0
8865058d11fffff,Sepang,2.6788874475008284,101.70324978794606,0.0,0.0,0.0,0.0,0.8074238578680203,0.0,0.02753468065025083,0.0016106411281418824,0.9983893588718581,7.62,0,0,0.0
8865051055fffff,Sepang,2.7773408897025558,101.73482336470187,0.0,0.0,0.0,0.0,0.8074238578680203,0.0,0.11783369176250319,0.006892681729059824,0.9931073182709402,5.64,0,0,0.0
88650510ddfffff,Sepang,2.77424676781328,101.67603889227472,0.0,0.6,0.0,0.0020260687512662925,0.8074238578680203,0.0008179481237266361,1.2631297795237726,0.07388677569657025,0.9261132243034298,1.35,2,6,0.0666198768856325
886505128bfffff,Sepang,2.7339165768987725,101.69482378100405,0.0,0.0,0.0,0.0,0.8074238578680203,0.0,1.5188708977196226,0.0888463522522358,0.9111536477477642,1.61,4,6,0.0
8865058dabfffff,Sepang,2.7052039557214087,101.66518235632655,0.0,0.0,0.0,0.0,0.8074238578680203,0.0,0.16407096475296665,0.00959733098493873,0.9904026690150612,4.91,0,2,0.0
88650510d5fffff,Sepang,2.782313933435023,101.67228121960544,0.0,0.0,0.0,0.0,0.8074238578680203,0.0,0.7068638085551306,0.04134799805798844,0.9586520019420116,2.33,0,7,0.0
886505172dfffff,Sepang,2.7683098914502193,101.65298999904267,0.0,0.0,0.0,0.0,0.8074238578680203,0.0,0.4191022378944292,0.024515385154573122,0.9754846148454269,3.37,0,6,0.0
8865051aa7fffff,Sepang,2.9316129522256684,101.74905671284027,9350.570342205325,156.2,0.3894388829301658,0.5274532315796582,0.8074238578680203,0.37016028417314434,1.4717750140948775,0.08609147856781894,0.913908521432181,1.81,1,9,29.75133966516007
8865051029fffff,Sepang,2.8074764369886505,101.74660312753888,644.8669201520912,5.1,0.026857853995183843,0.017221584385763485,0.8074238578680203,0.017795395095100086,0.05408653172510374,0.0031637916408596236,0.9968362083591403,5.88,0,0,1.5600747897041338
8865051649fffff,Sepang,2.6698442715034445,101.62143313786974,0.0,0.0,0.0,0.0,0.8074238578680203,0.0,0.0030827597828427806,0.00018032603165067359,0.9998196739683494,10.9,0,0,0.0
8865058da9fffff,Sepang,2.704495091434533,101.67411600164837,0.0,0.0,0.0,0.0,0.8074238578680203,0.0,0.19637884659545649,0.011487180513961267,0.9885128194860388,4.63,0,4,0.0
886505175dfffff,Sepang,2.7227512012269073,101.63979798927004,0.0,0.0,0.0,0.0,0.8074238578680203,0.0,0.11487839312094439,0.006719811536792202,0.9932801884632078,5.55,0,0,0.0
8865051449fffff,Sepang,2.7262956768004605,101.59511876776722,0.0,0.0,0.0,0.0,0.8074238578680203,0.0,0.005923809855757253,0.000346513253963886,0.9996534867460362,10.15,0,0,0.0
8865050045fffff,Sepang,2.901229708506043,101.64270923972386,1612.1673003802282,5.4,0.06714463498795961,0.018234618761396634,0.8074238578680203,0.034468623222098926,3.0420185382619414,0.17794287257332328,0.8220571274266767,1.65,3,23,2.4919533929297
8865058cb9fffff,Sepang,2.6470715438204717,101.6148402171325,0.0,0.0,0.0,0.0,0.8074238578680203,0.0,0.0005975098708094997,3.495133953506579e-05,0.999965048660465,13.35,0,0,0.0
8865051881fffff,Sepang,2.9572604348254035,101.71990859582402,967.3003802281368,2.0,0.04028678099277576,0.006753562504220975,0.8074238578680203,0.01899074781089097,4.608639936982565,0.26958239035300785,0.7304176096469921,0.83,7,19,1.219908566907504
8865058dc9fffff,Sepang,2.664887688604023,101.68396531631979,0.0,0.0,0.0,0.0,0.8074238578680203,0.0,0.01159031592111348,0.0006779755228624008,0.9993220244771376,8.89,0,0,0.0
8865051231fffff,Sepang,2.7531430978602307,101.7460885412241,644.8669201520912,3.0,0.026857853995183843,0.010130343756331463,0.8074238578680203,0.014932576662056862,0.06536591093179486,0.003823578920798154,0.9961764210792019,6.76,0,0,1.3082326706383545
8865050131fffff,Sepang,2.979119797527246,101.6408657289875,2257.0342205323195,7.6,0.09400248898314346,0.025663537516039708,0.8074238578680203,0.048310602385853614,1.5238951226477808,0.08914024428639869,0.9108597557136013,1.66,3,8,3.8699731018684576
8865058c57fffff,Sepang,2.618642980690245,101.6797056631208,0.0,0.0,0.0,0.0,0.8074238578680203,0.0,0.00037308401588613847,2.182354928576519e-05,0.9999781764507142,14.04,0,0,0.0
8865050247fffff,Sepang,2.845442130996521,101.66008765436118,0.0,0.0,0.0,0.0,0.8074238578680203,0.0,0.21320570228570995,0.012471467427482584,0.9875285325725174,4.62,0,2,0.0
8865050369fffff,Sepang,2.9036021740594644,101.7104605618391,644.8669201520912,3.8,0.026857853995183843,0.012831768758019854,0.8074238578680203,0.016023174160359043,0.9520696330225809,0.05569131261332238,0.9443086873866776,2.84,0,7,1.3306888498354592
8865051667fffff,Sepang,2.708747641825452,101.62050955894243,0.0,0.0,0.0,0.0,0.8074238578680203,0.0,0.019987008224869342,0.0011691400341405952,0.9988308599658594,8.17,0,0,0.0
8865051239fffff,Sepang,2.745077921468807,101.7498431360575,0.0,0.0,0.0,0.0,0.8074238578680203,0.0,0.048091083417319457,0.0028130878956873313,0.9971869121043127,7.12,0,0,0.0
8865058c0bfffff,Sepang,2.6259960553819366,101.68488107186627,0.0,0.0,0.0,0.0,0.8074238578680203,0.0,0.000649144321656648,3.797169670643832e-05,0.9999620283032936,13.21,0,0,0.0
88650511e9fffff,Sepang,2.8471074111584946,101.73675916831556,0.0,1.0,0.0,0.0033767812521104876,0.8074238578680203,0.001363246872877727,0.08118725314955522,0.004749048324348334,0.9952509516756517,5.27,0,0,0.11932215581381397
88650512ddfffff,Sepang,2.7177871386422345,101.70233611480472,0.0,0.0,0.0,0.0,0.8074238578680203,0.0,0.4142014852528875,0.02422871563174192,0.9757712843682581,3.57,0,4,0.0
8865058c21fffff,Sepang,2.6561174484354457,101.6966528214148,0.0,0.0,0.0,0.0,0.8074238578680203,0.0,0.005743218266791413,0.0003359495490755119,0.9996640504509244,9.96,0,0,0.0
8865050333fffff,Sepang,2.9233111166629824,101.65824867781569,1289.7338403041824,70.3,0.053715707990367685,0.23738772202336728,0.8074238578680203,0.11752192725015156,7.33607480880096,0.42912369154616603,0.570876308453834,0.41,13,23,5.900311012695547
88650501c7fffff,Sepang,2.9584597899270983,101.60743948831171,967.3003802281368,3.2,0.04028678099277576,0.010805700006753561,0.8074238578680203,0.020626644058344242,0.9444240289381229,0.05524408300698208,0.944755916993018,1.83,1,5,1.7138080341394055
8865051993fffff,Sepang,3.003567887037218,101.72417772179242,322.4334600760456,17.099999999999998,0.013428926997591921,0.05774295941108933,0.8074238578680203,0.02873293954792097,2.9965773624177325,0.17528479101953762,0.8247152089804624,0.27,1,20,2.084001572677972
8865051015fffff,Sepang,2.7941854448866663,101.71837773632092,0.0,0.8,0.0,0.0027014250016883902,0.8074238578680203,0.0010905974983021816,0.2627595542382764,0.015370119967762922,0.9846298800322371,3.88,0,3,0.0944390234574184
8865051081fffff,Sepang,2.797738842618506,101.67370137159904,0.0,0.0,0.0,0.0,0.8074238578680203,0.0,0.4153586178704955,0.024296402103515722,0.9757035978964843,3.47,0,4,0.0
88650511d3fffff,Sepang,2.827169178650289,101.69441501554351,322.4334600760456,41.3,0.013428926997591921,0.13946106571216313,0.8074238578680203,0.06172351387156196,1.415274487696357,0.08278648030998391,0.9172135196900161,0.41,2,2,4.978919095297374
886505020dfffff,Sepang,2.8535124154321445,101.65632857632491,0.0,1.0,0.0,0.0033767812521104876,0.8074238578680203,0.001363246872877727,0.2579720074992582,0.015090072424132012,0.984909927575868,5.23,0,0,0.11808235464926216
8865050111fffff,Sepang,2.956320533907287,101.63426568473791,0.0,0.0,0.0,0.0,0.8074238578680203,0.0,2.2846246861876818,0.1336391196499532,0.8663608803500468,2.1,0,19,0.0
8865051acdfffff,Sepang,2.883183227462438,101.77159236242622,644.8669201520912,1.4,0.026857853995183843,0.004727493752954682,0.8074238578680203,0.012751381665452496,0.07065959412944313,0.004133232916273429,0.9958667670837266,5.57,0,0,1.116792437308909
88650512a5fffff,Sepang,2.7714057811591597,101.71177774455853,0.0,0.0,0.0,0.0,0.8074238578680203,0.0,0.541360143626581,0.031666861277137234,0.9683331387228628,2.99,0,6,0.0
8865058c35fffff,Sepang,2.6575336572368946,101.67878929994575,0.0,0.0,0.0,0.0,0.8074238578680203,0.0,0.006609898208243856,0.00038664599173159135,0.9996133540082685,9.73,0,0,0.0
8865058c15fffff,Sepang,2.634764526693,101.67219391414997,0.0,0.0,0.0,0.0,0.8074238578680203,0.0,0.001175929588489402,6.878600057425167e-05,0.9999312139994257,12.32,0,0,0.0
8865051257fffff,Sepang,2.721594360295649,101.75217424524546,0.0,0.0,0.0,0.0,0.8074238578680203,0.0,0.026498996052971617,0.0015500587582444574,0.9984499412417556,7.83,0,0,0.0
88650518c1fffff,Sepang,2.9403994616656584,101.73636221681498,644.8669201520912,2.6,0.026857853995183843,0.008779631255487268,0.8074238578680203,0.01438727791290577,2.0045729479819547,0.11725749339137306,0.882742506608627,2.51,0,20,1.1169317899782574
8865058d43fffff,Sepang,2.6686993317125465,101.73379830615951,322.4334600760456,3.0,0.013428926997591921,0.010130343756331463,0.8074238578680203,0.00951115864034502,0.005538293469147724,0.0003239624731601036,0.9996760375268399,10.05,0,0,0.8361933071368983
8865051213fffff,Sepang,2.7310780472639102,101.73055582977692,0.0,0.0,0.0,0.0,0.8074238578680203,0.0,0.14970349796760873,0.008756906023935994,0.991243093976064,5.22,0,0,0.0
8865051669fffff,Sepang,2.6926187761797435,101.62802682770511,0.0,0.0,0.0,0.0,0.8074238578680203,0.0,0.0148725443966342,0.0008699694755717795,0.9991300305244282,8.55,0,0,0.0
8865058cb1fffff,Sepang,2.6551340050890735,101.61108173132575,0.0,0.0,0.0,0.0,0.8074238578680203,0.0,0.0008162487939141064,4.774647271103509e-05,0.999952253527289,12.89,0,0,0.0
8865058cbdfffff,Sepang,2.6544263732523024,101.62001574173905,0.0,0.0,0.0,0.0,0.8074238578680203,0.0,0.0011630842257948795,6.803461109113054e-05,0.9999319653889088,12.35,0,0,0.0
886505022bfffff,Sepang,2.8696540989201873,101.64880972539936,967.3003802281368,2.4,0.04028678099277576,0.00810427500506517,0.8074238578680203,0.019536046560042063,0.5687932177829823,0.033271558933482256,0.9667284410665178,4.26,0,5,1.6609446377957549
88650511b3fffff,Sepang,2.8668069209050624,101.68456244307708,1289.7338403041824,6.9,0.053715707990367685,0.023299790639562366,0.8074238578680203,0.03109207550970368,0.576238037746377,0.03370704367278124,0.9662929563272188,3.19,0,4,2.642241485774154
88650511c9fffff,Sepang,2.824323880634133,101.73015725064697,644.8669201520912,19.7,0.026857853995183843,0.0665225906665766,0.8074238578680203,0.0376987994391149,0.1715795246995538,0.010036544194516373,0.9899634558054836,3.85,0,2,3.282166907842835
886505013bfffff,Sepang,2.971757673790227,101.63568498422445,644.8669201520912,6.0,0.026857853995183843,0.020260687512662925,0.8074238578680203,0.01902231728069004,1.4914785469054603,0.08724403670777067,0.9127559632922293,2.12,0,12,1.526975537880216
8865051aa9fffff,Sepang,2.915468226077419,101.7565695252714,644.8669201520912,5.3,0.026857853995183843,0.017896940636185583,0.8074238578680203,0.018068044469675634,0.6393350716852114,0.03739790463523533,0.9626020953647647,2.17,0,4,1.5295790726291487
8865058d2bfffff,Sepang,2.7002410210610233,101.72771143932434,0.0,0.0,0.0,0.0,0.8074238578680203,0.0,0.04746624835517056,0.0027765381691012363,0.9972234618308987,6.84,0,0,0.0
8865058d87fffff,Sepang,2.697848644300797,101.66000580002724,0.0,0.0,0.0,0.0,0.8074238578680203,0.0,0.08497075811580732,0.004970364445082758,0.9950296355549172,5.9,0,0,0.0
88650511e3fffff,Sepang,2.855888946478854,101.72406707743657,0.0,0.0,0.0,0.0,0.8074238578680203,0.0,0.14113885258036182,0.008255917097139602,0.9917440829028604,4.79,0,1,0.0
8865051089fffff,Sepang,2.7896710492283163,101.67745916781517,322.4334600760456,3.7,0.013428926997591921,0.012494090632808805,0.8074238578680203,0.01046543145135943,0.5748403899676734,0.03362528826680323,0.9663747117331968,2.79,0,5,0.8894400348249102
8865058dc3fffff,Sepang,2.673658514459888,101.67127659433766,322.4334600760456,5.3,0.013428926997591921,0.017896940636185583,0.8074238578680203,0.012646626447963792,0.02015542981508186,0.001178991854959184,0.9988210081450408,8.05,0,0,1.1109035088590242
8865058d9bfffff,Sepang,2.6764914217259648,101.63554317156094,0.0,0.0,0.0,0.0,0.8074238578680203,0.0,0.008575691294541742,0.0005016350571369857,0.999498364942863,9.35,0,0,0.0
8865051629fffff,Sepang,2.7094562515794216,101.61157408824344,0.0,0.0,0.0,0.0,0.8074238578680203,0.0,0.01159170667509131,0.0006780568750155008,0.9993219431249845,9.01,0,0,0.0
8865051203fffff,Sepang,2.737013122850531,101.75359749886934,0.0,0.0,0.0,0.0,0.8074238578680203,0.0,0.033471492060692776,0.001957914908039261,0.9980420850919607,7.59,0,0,0.0
8865051197fffff,Sepang,2.8513778252061104,101.68314153496624,322.4334600760456,1.1,0.013428926997591921,0.0037144593773215367,0.8074238578680203,0.0069209895818773395,0.37033689280658705,0.02166285632287248,0.9783371436771275,3.38,0,4,0.5954848506861729
8865058c33fffff,Sepang,2.650887596473781,101.66468123954948,0.0,0.0,0.0,0.0,0.8074238578680203,0.0,0.0034985031390862733,0.0002046449390250873,0.9997953550609749,10.68,0,0,0.0
886505119bfffff,Sepang,2.835949688013143,101.68172075339979,1289.7338403041824,4.9,0.053715707990367685,0.01654622813534139,0.8074238578680203,0.028365581763948225,0.5447628847933172,0.03186590461964707,0.9681340953803529,2.05,0,2,2.4151337664650163
886505170dfffff,Sepang,2.745529671115522,101.64639360970801,0.0,0.0,0.0,0.0,0.8074238578680203,0.0,0.3117803951513379,0.018237594027606715,0.9817624059723933,4.24,0,6,0.0
8865050115fffff,Sepang,2.963682329206666,101.63944617905003,3224.3346007604564,10.6,0.13428926997591922,0.03579388127237117,0.8074238578680203,0.0686645970696223,2.0894486196504167,0.12222229575477532,0.8777777042452247,1.81,1,16,5.300677731255857
8865051181fffff,Sepang,2.849242823260752,101.70995173606754,644.8669201520912,1.0,0.026857853995183843,0.0033767812521104876,0.8074238578680203,0.012206082916301406,0.2849046988348307,0.016665500187672405,0.9833344998123276,3.27,0,2,1.055581017734988
8865051aa3fffff,Sepang,2.924253751823835,101.74387617641757,644.8669201520912,2.1,0.026857853995183843,0.007091240629432024,0.8074238578680203,0.013705654476466905,0.9761676904801755,0.05710092846986853,0.9428990715301315,2.57,0,7,1.1365249300920197
8865051707fffff,Sepang,2.754305497060595,101.63369918064154,0.0,0.0,0.0,0.0,0.8074238578680203,0.0,0.1284841729884859,0.007515681621993555,0.9924843183780064,5.6,0,0,0.0
88650510c3fffff,Sepang,2.7816036305110097,101.68121673237455,322.4334600760456,28.2,0.013428926997591921,0.09522523130951575,0.8074238578680203,0.04386497983686374,0.9260383612995827,0.05416861338947953,0.9458313866105205,1.81,2,8,3.6487628311934106
8865058c31fffff,Sepang,2.650179717998388,101.67361342532894,0.0,0.0,0.0,0.0,0.8074238578680203,0.0,0.003703114139867705,0.00021661365939322575,0.9997833863406068,10.6,0,0,0.0
8865050207fffff,Sepang,2.862294630179892,101.64363066353745,644.8669201520912,2.6,0.026857853995183843,0.008779631255487268,0.8074238578680203,0.01438727791290577,0.3252328363773296,0.01902449456906247,0.9809755054309375,5.19,0,0,1.2412257470360892
8865051755fffff,Sepang,2.73081658848748,101.63603956175533,0.0,0.0,0.0,0.0,0.8074238578680203,0.0,0.1150486518193043,0.006729770819250773,0.9932702291807493,5.61,0,0,0.0
8865051625fffff,Sepang,2.7248780154857197,101.612991365361,0.0,0.0,0.0,0.0,0.8074238578680203,0.0,0.020190428315970777,0.0011810390922477156,0.9988189609077522,8.26,0,0,0.0
8865051033fffff,Sepang,2.8103209344591713,101.71086484976982,0.0,1.0,0.0,0.0033767812521104876,0.8074238578680203,0.001363246872877727,0.5444392016367594,0.031846970773598125,0.9681530292264019,2.06,0,2,0.1160733445272976
8865051751fffff,Sepang,2.723460182208329,101.63086275152358,0.0,0.0,0.0,0.0,0.8074238578680203,0.0,0.0656555053124657,0.003840518743922014,0.996159481256078,6.42,0,0,0.0
88650510c5fffff,Sepang,2.788250067037745,101.69532995435216,0.0,0.0,0.0,0.0,0.8074238578680203,0.0,0.6177151124771261,0.03613324513430973,0.9638667548656903,2.72,0,8,0.0
8865051601fffff,Sepang,2.694743749282493,101.60122153802912,0.0,0.0,0.0,0.0,0.8074238578680203,0.0,0.003450248168395503,0.00020182226454343766,0.9997981777354565,10.81,0,0,0.0
886505015bfffff,Sepang,2.932097448191566,101.64554820250143,322.4334600760456,9.2,0.013428926997591921,0.031066387519416486,0.8074238578680203,0.017963289252186928,6.409189574155581,0.37490554030083145,0.6250944596991685,0.24,9,24,0.9875190730729174
88650501e5fffff,Sepang,2.980546922965547,101.6229810822599,2579.467680608365,7.4,0.10743141598073537,0.02498818126561761,0.8074238578680203,0.05345937103298991,0.6712166455256505,0.03926281727793329,0.9607371827220668,3.62,0,6,4.516920258399018
8865058dd3fffff,Sepang,2.6677202702484593,101.64823447021912,0.0,0.0,0.0,0.0,0.8074238578680203,0.0,0.007800824762679392,0.0004563092398198783,0.9995436907601801,9.48,0,0,0.0
8865058c17fffff,Sepang,2.635472117589961,101.66326210168152,0.0,0.0,0.0,0.0,0.8074238578680203,0.0,0.0011183368793660547,6.541711508858215e-05,0.9999345828849114,12.39,0,0,0.0
8865051aabfffff,Sepang,2.916181452136909,101.74763280786522,644.8669201520912,1.5,0.026857853995183843,0.005065171878165731,0.8074238578680203,0.01288770635274027,0.6472646677182448,0.037861746350437424,0.9621382536495626,2.7,0,6,1.0905035752231826
8865058c6bfffff,Sepang,2.631933758280703,101.70791810508466,322.4334600760456,1.3,0.013428926997591921,0.004389815627743634,0.8074238578680203,0.007193638956452885,0.0008559667413210685,5.006977402081246e-05,0.9999499302259792,12.82,0,0,0.6326170186064888
8865050061fffff,Sepang,2.9166631033285375,101.64412865786053,1934.6007604562733,10.6,0.08057356198555152,0.03579388127237117,0.8074238578680203,0.04697892498277494,5.416861013939691,0.3168592817654534,0.6831407182345466,0.97,9,22,2.822456297909536
88650511b5fffff,Sepang,2.873453729019959,101.6986792310825,967.3003802281368,2.4,0.04028678099277576,0.00810427500506517,0.8074238578680203,0.019536046560042063,0.5626896111095158,0.03291452846477417,0.9670854715352258,2.81,0,3,1.6615580549844289
8865058d23fffff,Sepang,2.708304547329592,101.72395653233603,0.0,0.0,0.0,0.0,0.8074238578680203,0.0,0.0886249639745007,0.00518411721459799,0.994815882785402,5.91,0,0,0.0
886505160bfffff,Sepang,2.6873876366005987,101.59604547747708,0.0,0.0,0.0,0.0,0.8074238578680203,0.0,0.0018558235983403206,0.00010855640027319337,0.9998914435997268,11.73,0,0,0.0
8865058d6bfffff,Sepang,2.6834061966609837,101.7441513731831,0.0,1.0,0.0,0.0033767812521104876,0.8074238578680203,0.001363246872877727,0.008336167150940672,0.00048762409250052713,0.9995123759074994,9.45,0,0,0.11983306446989234
886505118dfffff,Sepang,2.848531064722487,101.71888785502573,0.0,0.0,0.0,0.0,0.8074238578680203,0.0,0.20137972252742717,0.011779706748606138,0.9882202932513938,3.79,0,2,0.0
8865058ca5fffff,Sepang,2.6684283121884635,101.63930099662127,0.0,0.0,0.0,0.0,0.8074238578680203,0.0,0.006018077654282251,0.000352027448782135,0.9996479725512178,9.87,0,0,0.0
8865050267fffff,Sepang,2.868230602374239,101.66668669553908,322.4334600760456,3.7,0.013428926997591921,0.012494090632808805,0.8074238578680203,0.01046543145135943,0.6619012782316926,0.03871791487365356,0.9612820851263464,3.26,0,6,0.8847528405807404
88650512d5fffff,Sepang,2.7258516689369094,101.69858006375033,0.0,0.0,0.0,0.0,0.8074238578680203,0.0,0.7959737815454658,0.04656048587467713,0.9534395141253229,2.59,0,6,0.0
8865058c85fffff,Sepang,2.6456564834166003,101.63270725794506,0.0,0.0,0.0,0.0,0.8074238578680203,0.0,0.0010832715070506272,6.336596615599699e-05,0.999936634033844,12.44,0,0,0.0
8865058ca7fffff,Sepang,2.669136312625822,101.63036721903184,0.0,0.0,0.0,0.0,0.8074238578680203,0.0,0.004406359647289488,0.00025775000492858657,0.9997422499950714,10.35,0,0,0.0
8865051219fffff,Sepang,2.722304017784715,101.74324265271079,0.0,0.0,0.0,0.0,0.8074238578680203,0.0,0.049382505321050756,0.0028886296191724726,0.9971113703808275,6.88,0,0,0.0
8865058d05fffff,Sepang,2.692177874020456,101.73146611448479,0.0,0.4,0.0,0.0013507125008441951,0.8074238578680203,0.0005452987491510908,0.02520910610116018,0.0014746066462859508,0.998525393353714,7.79,0,0,0.047885893449969213
886505121bfffff,Sepang,2.72301363293075,101.73431075119942,0.0,0.0,0.0,0.0,0.8074238578680203,0.0,0.09114535904727544,0.005331547722870115,0.9946684522771299,5.93,0,0,0.0
8865058cb5fffff,Sepang,2.662489091593658,101.6162573632037,0.0,0.0,0.0,0.0,0.8074238578680203,0.0,0.0015865419784451907,9.280477207873982e-05,0.9999071952279213,11.89,0,0,0.0
886505000dfffff,Sepang,2.910014790948945,101.63000854528828,2257.0342205323195,8.4,0.09400248898314346,0.028364962517728097,0.8074238578680203,0.04940119988415579,2.757432493696555,0.1612960120669511,0.8387039879330489,1.22,2,18,3.6438474343215193
8865051a93fffff,Sepang,2.8955303787878592,101.7142182017464,0.0,0.0,0.0,0.0,0.8074238578680203,0.0,0.6268104364372471,0.036665276103908497,0.9633347238960915,3.11,0,5,0.0
8865051a8dfffff,Sepang,2.90003796522647,101.75514537399938,0.0,0.8,0.0,0.0027014250016883902,0.8074238578680203,0.0010905974983021816,0.24510454390541025,0.01433739014891808,0.9856626098510819,3.82,0,1,0.09453807590094558
88650511d5fffff,Sepang,2.833815551892896,101.70852983407076,967.3003802281368,12.1,0.04028678099277576,0.0408590531505369,0.8074238578680203,0.03275954122695602,0.5839753355627655,0.03415963690391589,0.9658403630960841,1.83,1,2,2.782640755134194
8865051661fffff,Sepang,2.7006830203021446,101.62426830893163,0.0,0.0,0.0,0.0,0.8074238578680203,0.0,0.017849081758788708,0.0010440820267879247,0.998955917973212,8.31,0,0,0.0
886505006bfffff,Sepang,2.9093024668415985,101.63894887983717,644.8669201520912,1.4,0.026857853995183843,0.004727493752954682,0.8074238578680203,0.012751381665452496,3.6873600627318637,0.2156921246606021,0.7843078753393979,1.17,4,21,0.8795444658383876
8865051063fffff,Sepang,2.799408996112455,101.7503583236351,644.8669201520912,5.6,0.026857853995183843,0.01890997501181873,0.8074238578680203,0.018477018531538953,0.04100720611701763,0.002398716497249744,0.9976012835027502,6.55,0,0,1.6210741226959853
8865058dc7fffff,Sepang,2.681013058482602,101.67645282680486,0.0,0.0,0.0,0.0,0.8074238578680203,0.0,0.03670827000802758,0.0021472502321296313,0.9978527497678704,7.15,0,0,0.0
88650518b5fffff,Sepang,2.9814843422749413,101.7086334989525,0.0,0.0,0.0,0.0,0.8074238578680203,0.0,4.11161587550248,0.24050896817447057,0.7594910318255295,1.26,7,15,0.0
886505108dfffff,Sepang,2.7970282518148215,101.68263725791796,322.4334600760456,16.9,0.013428926997591921,0.05706760316066724,0.8074238578680203,0.028460290173345424,0.5279027165046581,0.030879669085701975,0.9691203309142981,2.95,0,4,2.4256660393590446
88650518a9fffff,Sepang,2.971981236938476,101.73027061704533,3869.201520912548,28.8,0.1611471239711031,0.09725130006078204,0.8074238578680203,0.10431852619942063,6.082653928736133,0.3558048379176307,0.6441951620823694,0.25,12,22,5.9100734903042
8865058c3dfffff,Sepang,2.6494717986162026,101.68254530553746,0.0,0.0,0.0,0.0,0.8074238578680203,0.0,0.0036891708087879137,0.00021579804425006605,0.9997842019557499,10.61,0,0,0.0
8865058d89fffff,Sepang,2.681721512269296,101.66751989434303,0.0,0.0,0.0,0.0,0.8074238578680203,0.0,0.03391013639423,0.001983573408066753,0.9980164265919332,7.27,0,0,0.0
8865051753fffff,Sepang,2.724169120313702,101.62192721008084,0.0,0.0,0.0,0.0,0.8074238578680203,0.0,0.036696168916938394,0.002146542378813619,0.9978534576211864,7.33,0,0,0.0
88650511b9fffff,Sepang,2.8580245874955734,101.69725769932576,644.8669201520912,2.6,0.026857853995183843,0.008779631255487268,0.8074238578680203,0.01438727791290577,0.347325022635821,0.02031677699101869,0.9796832230089814,3.83,0,4,1.2395906254599707
88650512a3fffff,Sepang,2.7647598162630387,101.6976656931453,322.4334600760456,22.3,0.013428926997591921,0.07530222192206389,0.8074238578680203,0.03582182328688516,1.491563612249439,0.08724901260501573,0.9127509873949843,1.37,2,6,2.8755040136209784
8865050117fffff,Sepang,2.9643956304222434,101.63050438219882,4191.634980988593,12.4,0.174576050968695,0.04187208752617005,0.8074238578680203,0.08738269550593775,1.5247965360488944,0.08919297246275684,0.9108070275372432,2.74,0,12,6.999480206146346
886505011dfffff,Sepang,2.95560735144794,101.64320714219944,644.8669201520912,5.6,0.026857853995183843,0.01890997501181873,0.8074238578680203,0.018477018531538953,2.8049305324383793,0.16407440981470062,0.8359255901852993,1.95,1,19,1.3583556528624114
8865051185fffff,Sepang,2.856600872565182,101.71513092583439,0.0,0.0,0.0,0.0,0.8074238578680203,0.0,0.20530462631437685,0.012009293993272562,0.9879907060067274,4.26,0,2,0.0
8865058c25fffff,Sepang,2.6634711502506487,101.7018289045356,0.0,0.0,0.0,0.0,0.8074238578680203,0.0,0.00925589183353648,0.0005414233872580115,0.999458576612742,9.25,0,0,0.0
8865050063fffff,Sepang,2.9173755942410478,101.63518828835387,1612.1673003802282,34.8,0.06714463498795961,0.11751198757344497,0.8074238578680203,0.0745480812847041,4.324974869751065,0.2529894024152297,0.7470105975847703,0.23,3,20,4.897531214775726
8865051253fffff,Sepang,2.7142401059831616,101.74699700144855,0.0,0.0,0.0,0.0,0.8074238578680203,0.0,0.02948745915461082,0.001724868905584616,0.9982751310944153,7.63,0,0,0.0
886505106bfffff,Sepang,2.7913419307844127,101.75411328763002,644.8669201520912,1.2,0.026857853995183843,0.004052137502532585,0.8074238578680203,0.012478732290876952,0.03192719188546712,0.0018675810702145428,0.9981324189297854,7.29,0,0,1.0953996778630142
8865058d21fffff,Sepang,2.7075952646242616,101.73288836956792,0.0,0.0,0.0,0.0,0.8074238578680203,0.0,0.052673779450492814,0.003081152697402561,0.9969188473025974,6.7,0,0,0.0
8865058dbbfffff,Sepang,2.6992659167779065,101.64213766284345,0.0,0.0,0.0,0.0,0.8074238578680203,0.0,0.043677054375629035,0.0025548892695378563,0.9974451107304622,6.92,0,0,0.0
88650518e3fffff,Sepang,2.963906842240169,101.73402830070033,1612.1673003802282,25.2,0.06714463498795961,0.08509488755318428,0.8074238578680203,0.06146091130507792,4.799473152599516,0.28074517918620356,0.7192548208137964,0.85,5,23,3.887726961278235
88650501cbfffff,Sepang,2.943022738419987,101.60602143888266,6126.235741444867,21.8,0.25514961295424654,0.07361383129600864,0.8074238578680203,0.13272572424125942,1.0898205765438318,0.0637490539720788,0.9362509460279211,2.05,0,9,10.92852003829418
8865051659fffff,Sepang,2.6639045576842486,101.59838836321036,0.0,0.0,0.0,0.0,0.8074238578680203,0.0,0.0007021798732548039,4.107401126540172e-05,0.9999589259887346,13.14,0,0,0.0
886505164dfffff,Sepang,2.6771995443976184,101.62660905524535,0.0,0.0,0.0,0.0,0.8074238578680203,0.0,0.005987474210114851,0.0003502373003338958,0.9996497626996661,9.9,0,0,0.0
88650511ebfffff,Sepang,2.8478192606691093,101.72782366591464,0.0,0.0,0.0,0.0,0.8074238578680203,0.0,0.1309269737644791,0.007658573251921926,0.9923414267480781,4.48,0,2,0.0
886505100bfffff,Sepang,2.7854075732151276,101.73106784188964,644.8669201520912,1.0,0.026857853995183843,0.0033767812521104876,0.8074238578680203,0.012206082916301406,0.13597784964469486,0.007954024233509441,0.9920459757664906,5.52,0,0,1.0649325340861628
8865051645fffff,Sepang,2.6852631545758765,101.62285066026223,0.0,0.0,0.0,0.0,0.8074238578680203,0.0,0.00772775358369229,0.0004520349412488008,0.9995479650587512,9.53,0,0,0.0
88650512a9fffff,Sepang,2.7559836232808963,101.71035610217245,322.4334600760456,4.6,0.013428926997591921,0.015533193759708243,0.8074238578680203,0.011692353636949385,0.8035866280573609,0.04700579932682998,0.95299420067317,2.98,0,6,0.9799551047010987
88650512d3fffff,Sepang,2.7192056551851045,101.68446960789204,0.0,0.0,0.0,0.0,0.8074238578680203,0.0,0.649560473066631,0.03799603948291599,0.962003960517084,2.85,0,4,0.0
88650511adfffff,Sepang,2.871317220294937,101.72548972928328,0.0,0.0,0.0,0.0,0.8074238578680203,0.0,0.1618245008384465,0.00946592407960461,0.9905340759203954,5.12,0,0,0.0
886505160dfffff,Sepang,2.6940354671502913,101.61015693739513,0.0,0.0,0.0,0.0,0.8074238578680203,0.0,0.005775570335335131,0.00033784198330559626,0.9996621580166944,10.01,0,0,0.0
886505026dfffff,Sepang,2.859448119050253,101.67938324453785,2579.467680608365,163.79999999999998,0.10743141598073537,0.5531167690956978,0.8074238578680203,0.26667118195106637,0.4263801178953095,0.02494110474086483,0.9750588952591351,3.99,0,5,22.867617222415635
8865050159fffff,Sepang,2.9313846231218608,101.65448864148081,1289.7338403041824,14.3,0.053715707990367685,0.04828797190517998,0.8074238578680203,0.041180102368998855,6.427342498503393,0.37596739559968223,0.6240326044003177,0.95,11,25,2.2600012674132306
8865050187fffff,Sepang,2.975324282647772,101.59097126786025,967.3003802281368,101.6,0.04028678099277576,0.34308097521442554,0.8074238578680203,0.1547701363495126,0.6513730143645314,0.038102064085050874,0.9618979359149491,0.99,1,1,13.092727759132442
8865050105fffff,Sepang,2.969617121328251,101.6625095648159,967.3003802281368,3.1,0.04028678099277576,0.010468021881542512,0.8074238578680203,0.020490319371056474,2.971448244321474,0.17381486327155046,0.8261851367284495,0.88,4,12,1.4888127684450714
8865058dc5fffff,Sepang,2.680304563054178,101.68538545350495,0.0,0.4,0.0,0.0013507125008441951,0.8074238578680203,0.0005452987491510908,0.03636856469254463,0.0021273791699039555,0.9978726208300961,7.18,0,0,0.047854588692252384
8865051021fffff,Sepang,2.815544253015326,101.74284769935211,322.4334600760456,3.2,0.013428926997591921,0.010805700006753561,0.8074238578680203,0.009783808014920568,0.07179471672449891,0.004199631911791227,0.9958003680882088,5.31,0,0,0.8568290532881894
886505033bfffff,Sepang,2.9152379790285954,101.6620084824195,1612.1673003802282,16.2,0.06714463498795961,0.0547038562841899,0.8074238578680203,0.04919168944917838,6.881121608373393,0.40251120435969334,0.5974887956403067,0.43,9,22,2.5848508191773294
8865058c5dfffff,Sepang,2.609875520604873,101.69239167889174,0.0,0.4,0.0,0.0013507125008441951,0.8074238578680203,0.0005452987491510908,0.00019381833766815733,1.1337403545792767e-05,0.9999886625964542,15.03,0,0,0.04795606688322676
8865058d8dfffff,Sepang,2.689076312302768,101.67269623479531,0.0,0.0,0.0,0.0,0.8074238578680203,0.0,0.06307007711317178,0.0036892841229531066,0.9963107158770469,6.34,0,0,0.0
88650512d1fffff,Sepang,2.718496418151064,101.6934030146625,0.0,0.0,0.0,0.0,0.8074238578680203,0.0,0.5661762379700558,0.03311847870089281,0.9668815212991072,3.09,0,4,0.0
8865058c63fffff,Sepang,2.6399946071760456,101.70416324212832,0.0,0.5,0.0,0.0016883906260552438,0.8074238578680203,0.0006816234364388635,0.0016207576768539342,9.480621933666251e-05,0.9999051937806633,11.86,0,0,0.05994008000216468
88650511abfffff,Sepang,2.8646710529838466,101.71137376466899,0.0,0.0,0.0,0.0,0.8074238578680203,0.0,0.2523509831303349,0.014761270607039096,0.9852387293929609,4.42,0,2,0.0
88650512cbfffff,Sepang,2.717077816715953,101.71126890790025,0.0,0.2,0.0,0.0006753562504220976,0.8074238578680203,0.0002726493745755454,0.26959996325568675,0.01577024968913862,0.9842297503108614,4.22,0,4,0.023600161431738514
88650511e7fffff,Sepang,2.8632469112339396,101.72924644103118,0.0,0.0,0.0,0.0,0.8074238578680203,0.0,0.11511334698127584,0.006733555162711542,0.9932664448372884,5.78,0,0,0.0
886505175bfffff,Sepang,2.716103866513955,101.62568608389307,0.0,0.0,0.0,0.0,0.8074238578680203,0.0,0.03654427788048145,0.0021376575127270594,0.9978623424872729,7.28,0,0,0.0
8865050331fffff,Sepang,2.9225983634883215,101.66718847184117,1289.7338403041824,13.4,0.053715707990367685,0.045248868778280535,0.8074238578680203,0.039953180183408904,6.418529105183934,0.3754518561627401,0.6245481438372599,0.59,11,24,2.194478121708138
8865058ddbfffff,Sepang,2.6596576623316315,101.6519917250797,0.0,0.0,0.0,0.0,0.8074238578680203,0.0,0.005009698257855992,0.0002930422965922466,0.9997069577034078,10.14,0,0,0.0
8865051ad3fffff,Sepang,2.8786755178766263,101.73066934280757,0.0,1.0,0.0,0.0033767812521104876,0.8074238578680203,0.001363246872877727,0.16284946786640386,0.009525879525290975,0.9904741204747091,5.28,0,0,0.11874945422945928
886505023dfffff,Sepang,2.8703657777021614,101.63987078290243,322.4334600760456,1.2000000000000002,0.013428926997591921,0.004052137502532586,0.8074238578680203,0.007057314269165113,0.49009484840809836,0.028668097864042362,0.9713319021359577,4.49,0,5,0.6028664140313197
8865050067fffff,Sepang,2.924736480129322,101.64036817411785,9350.570342205325,74.4,0.3894388829301658,0.2512325251570203,0.8074238578680203,0.2586466899717463,5.6818851646663475,0.3323618693034475,0.6676381306965524,0.46,7,21,15.186651849389763
8865051251fffff,Sepang,2.7135305728297934,101.75592825303626,0.0,0.0,0.0,0.0,0.8074238578680203,0.0,0.01608754217328617,0.000941040769789197,0.9990589592302108,8.55,0,0,0.0
8865051187fffff,Sepang,2.857312752923394,101.7061944663245,2257.0342205323195,7.1,0.09400248898314346,0.02397514688998446,0.8074238578680203,0.04762897894941475,0.278456532953618,0.016288314728313616,0.9837116852716864,3.93,0,3,4.120530007767903
88650512c7fffff,Sepang,2.732497397536606,101.71269042051192,322.4334600760456,9.2,0.013428926997591921,0.031066387519416486,0.8074238578680203,0.017963289252186928,0.5121144857634338,0.02995613653795193,0.9700438634620481,3.31,0,6,1.5324672967780384
88650510edfffff,Sepang,2.8029638929257676,101.70568640983048,1934.6007604562733,5.0,0.08057356198555152,0.016883906260552438,0.8074238578680203,0.039344742494659676,0.5304443926502181,0.031028344430313926,0.9689716555696861,2.25,0,4,3.3528317469070985
8865051a9bfffff,Sepang,2.887458954470639,101.71797560963009,644.8669201520912,2.0,0.026857853995183843,0.006753562504220975,0.8074238578680203,0.013569329789179132,0.397908458186199,0.02327565502323625,0.9767243449767637,3.64,0,2,1.165586181213528
88650518e1fffff,Sepang,2.96319283962345,101.74296675659843,322.4334600760456,4.9,0.013428926997591921,0.01654622813534139,0.8074238578680203,0.012101327698812702,4.3783543448823785,0.25611183478105914,0.7438881652189409,1.07,6,21,0.7916890726233122
88650518dbfffff,Sepang,2.927106670481607,101.70812485160917,644.8669201520912,2.5,0.026857853995183843,0.008441953130276219,0.8074238578680203,0.014250953225617997,2.272793224546147,0.13294703830831922,0.8670529616916808,0.81,2,15,1.0866846194283262
8865050043fffff,Sepang,2.89458144279793,101.62858975175784,0.0,0.0,0.0,0.0,0.8074238578680203,0.0,1.4407891973893139,0.08427896323818893,0.915721036761811,1.83,1,14,0.0
88650510adfffff,Sepang,2.819811466286727,101.68923639189042,1289.7338403041824,20.1,0.053715707990367685,0.06787330316742081,0.8074238578680203,0.04908693423168968,1.2850209240057229,0.07516729817992814,0.9248327018200718,0.67,2,2,3.9924829130566963
88650510cbfffff,Sepang,2.7735365868644606,101.68497406526626,0.0,0.0,0.0,0.0,0.8074238578680203,0.0,1.6072824609251999,0.09401798658898346,0.9059820134110166,0.85,2,6,0.0
88650501c9fffff,Sepang,2.9423099867569102,101.61496343333431,9350.570342205325,37.4,0.3894388829301658,0.12629161882893225,0.8074238578680203,0.20820655567527038,1.8464399116080241,0.10800750152340896,0.891992498476591,1.06,1,10,16.33313611529907
8865051ab9fffff,Sepang,2.9095355906851688,101.73351552640058,1289.7338403041824,5.1,0.053715707990367685,0.017221584385763485,0.8074238578680203,0.028638231138523765,0.5241856219331699,0.030662237640969477,0.9693377623590306,3.91,0,2,2.441379543795776
8865050069fffff,Sepang,2.9085900953786634,101.64788890996545,322.4334600760456,14.9,0.013428926997591921,0.05031404065644627,0.8074238578680203,0.025733796427589977,4.974463654837464,0.290981248509785,0.709018751490215,0.95,7,23,1.6046324175624915
8865050103fffff,Sepang,2.962968979314746,101.64838767135653,644.8669201520912,17.6,0.026857853995183843,0.05943135003714459,0.8074238578680203,0.03483598100607167,2.746864375457069,0.16067782999686317,0.8393221700031368,1.02,3,16,2.5714063937675453
8865051003fffff,Sepang,2.7934746325145228,101.72731208710965,0.0,0.0,0.0,0.0,0.8074238578680203,0.0,0.16429382037576098,0.009610366924460585,0.9903896330755394,4.65,0,2,0.0
8865051057fffff,Sepang,2.778051456128442,101.72588969525108,0.0,0.0,0.0,0.0,0.8074238578680203,0.0,0.20192813322894188,0.011811786032262718,0.9881882139677373,4.7,0,2,0.0
8865051039fffff,Sepang,2.8015420672031244,101.72355610037266,967.3003802281368,5.4,0.04028678099277576,0.018234618761396634,0.8074238578680203,0.023625787178675244,0.21775436073587925,0.012737541200800381,0.9872624587991996,3.77,0,2,2.0513175239025006
88650511bdfffff,Sepang,2.865383054976005,101.7024369646592,0.0,0.0,0.0,0.0,0.8074238578680203,0.0,0.3541208421908119,0.020714298451816875,0.9792857015481832,3.8,0,3,0.0
8865051051fffff,Sepang,2.769985025548824,101.7296453268313,644.8669201520912,1.0,0.026857853995183843,0.0033767812521104876,0.8074238578680203,0.012206082916301406,0.18158460729672618,0.010621791495044467,0.9893782085049555,4.94,0,1,1.0620687634348243
8865058d8bfffff,Sepang,2.682429924357081,101.65858665653809,0.0,0.0,0.0,0.0,0.8074238578680203,0.0,0.02879572577980403,0.0016844059622396729,0.9983155940377604,7.52,0,0,0.0
8865051acbfffff,Sepang,2.876538090057851,101.75747716103932,0.0,0.0,0.0,0.0,0.8074238578680203,0.0,0.06268078967604138,0.0036665127545513648,0.9963334872454487,6.32,0,0,0.0
886505199bfffff,Sepang,2.9954921426238594,101.72793599326688,0.0,0.0,0.0,0.0,0.8074238578680203,0.0,3.411758219343829,0.19957079499671723,0.8004292050032827,1.19,2,24,0.0
88650511edfffff,Sepang,2.8544649573534704,101.74193845524256,0.0,0.7,0.0,0.002363746876477341,0.8074238578680203,0.0009542728110144088,0.059358904517570976,0.0034721990841966007,0.9965278009158034,6.19,0,0,0.08363266745279851
8865051a87fffff,Sepang,2.9088225803475107,101.7424525213768,0.0,0.0,0.0,0.0,0.8074238578680203,0.0,0.44342398168007924,0.02593808554274488,0.9740619144572551,3.69,0,3,0.0
88650511a9fffff,Sepang,2.8639590050505124,101.72031025693259,0.0,0.0,0.0,0.0,0.8074238578680203,0.0,0.1726330257369681,0.010098168737068827,0.9899018312629312,5.16,0,0,0.0
88650510dbfffff,Sepang,2.767599963913757,101.66192574918007,0.0,0.0,0.0,0.0,0.8074238578680203,0.0,0.7603306103998574,0.04447553859986666,0.9555244614001334,2.38,0,6,0.0
88650510a1fffff,Sepang,2.8205225115023946,101.68030009836257,644.8669201520912,1.4,0.026857853995183843,0.004727493752954682,0.8074238578680203,0.012751381665452496,0.7135349487943932,0.04173822640228778,0.9582617735977123,1.66,2,2,1.0746211612724423
8865051725fffff,Sepang,2.776377046995208,101.6492315394819,0.0,0.0,0.0,0.0,0.8074238578680203,0.0,0.2652179025913572,0.01551392105320372,0.9844860789467963,3.99,0,2,0.0
8865050317fffff,Sepang,2.907877676618209,101.65682863525338,322.4334600760456,13.1,0.013428926997591921,0.04423583440264739,0.8074238578680203,0.023279952056410064,6.64806212569494,0.3888783900600306,0.6111216099399694,0.09,8,22,1.251191260662348
8865058c39fffff,Sepang,2.6421181162607845,101.6773695389601,0.0,0.0,0.0,0.0,0.8074238578680203,0.0,0.002098511799000226,0.00012275244642541316,0.9998772475535745,11.45,0,0,0.0
8865051011fffff,Sepang,2.7868289082130224,101.7131995134935,0.0,0.0,0.0,0.0,0.8074238578680203,0.0,0.3448002474986165,0.020169090270880367,0.9798309097291197,3.87,0,4,0.0
8865051a89fffff,Sepang,2.8926795918052624,101.74996530566943,322.4334600760456,2.1,0.013428926997591921,0.007091240629432024,0.8074238578680203,0.008284236454755067,0.1702800346488328,0.009960530524777902,0.9900394694752221,4.78,0,1,0.7213050531499736
8865051665fffff,Sepang,2.7080389895062047,101.62944472645948,0.0,0.0,0.0,0.0,0.8074238578680203,0.0,0.0335850337796191,0.0019645565308198396,0.9980354434691802,7.37,0,0,0.0
88650511bbfffff,Sepang,2.8587363762238267,101.68832062525719,644.8669201520912,3.3,0.026857853995183843,0.011143378131964608,0.8074238578680203,0.01534155072392018,0.3988984335057253,0.023333563628958897,0.9766664363710411,3.98,0,4,1.3177393141334
8865051655fffff,Sepang,2.6793236615509053,101.59980488751037,0.0,0.0,0.0,0.0,0.8074238578680203,0.0,0.0016216499156546875,9.485841084477807e-05,0.9999051415891552,11.91,0,0,0.0
88650510a9fffff,Sepang,2.8124538392125227,101.68405790996279,0.0,2.0,0.0,0.006753562504220975,0.8074238578680203,0.002726493745755454,0.7650699486084708,0.044752766185540416,0.9552472338144595,1.52,2,2,0.22905209803018622
8865050047fffff,Sepang,2.9019419131906896,101.63376924444334,2901.9011406844106,18.0,0.12086034297832729,0.06078206253798878,0.8074238578680203,0.07333120590720565,2.311063699560045,0.1351856697213314,0.8648143302786686,1.95,1,19,5.577321552697065
8865051643fffff,Sepang,2.678615664367208,101.60873991280097,0.0,0.0,0.0,0.0,0.8074238578680203,0.0,0.0025872401754111376,0.00015134061251079864,0.9998486593874892,11.19,0,0,0.0
8865051283fffff,Sepang,2.741981862130723,101.69106726657675,322.4334600760456,7.6,0.013428926997591921,0.025663537516039708,0.8074238578680203,0.015782094255582566,2.7978700379975185,0.16366140619661204,0.8363385938033879,0.69,4,6,1.1608089572222329
8865058de3fffff,Sepang,2.6964312033286104,101.67787271713208,0.0,0.0,0.0,0.0,0.8074238578680203,0.0,0.11550635461485857,0.0067565441440025345,0.9932434558559975,5.43,0,0,0.0
88650512b5fffff,Sepang,2.765469918686415,101.68873116647944,322.4334600760456,6.0,0.013428926997591921,0.020260687512662925,0.8074238578680203,0.013600899258978201,2.3348063992956924,0.13657449892814513,0.8634255010718549,0.37,2,6,1.0327768028161353
88650510c9fffff,Sepang,2.7728263620674642,101.69390893192325,0.0,0.0,0.0,0.0,0.8074238578680203,0.0,1.3265738475218947,0.0775979364161145,0.9224020635838855,1.22,2,6,0.0
88650501e9fffff,Sepang,2.965108882903211,101.62156228122294,1289.7338403041824,19.3,0.053715707990367685,0.06517187816573242,0.8074238578680203,0.04799633673338749,1.112220953458853,0.0650593640063041,0.9349406359936959,2.83,0,10,3.9464454798132245
88650518c5fffff,Sepang,2.9477591586781138,101.74154297128786,1289.7338403041824,3.4,0.053715707990367685,0.011481056257175657,0.8074238578680203,0.026320711454631628,2.800613136333748,0.16382186373214655,0.8361781362678534,1.52,3,20,1.9355768157245565
88650501c3fffff,Sepang,2.9510975748414685,101.6022592432712,967.3003802281368,2.0,0.04028678099277576,0.006753562504220975,0.8074238578680203,0.01899074781089097,0.8727984135215777,0.051054342676098305,0.9489456573239017,2.0,0,5,1.5848836632766516
8865051217fffff,Sepang,2.7384329767711395,101.73573325939442,0.0,1.0,0.0,0.0033767812521104876,0.8074238578680203,0.001363246872877727,0.12211239701866676,0.007142964590455971,0.9928570354095441,5.6,0,0,0.11903514553843692
8865058d51fffff,Sepang,2.662054447485726,101.7196912650657,0.0,0.0,0.0,0.0,0.8074238578680203,0.0,0.00572089833304372,0.0003346439445643112,0.9996653560554357,9.99,0,0,0.0
886505103bfffff,Sepang,2.802253002270019,101.71462140899257,1289.7338403041824,7.8,0.053715707990367685,0.026338893766461806,0.8074238578680203,0.03231899769529363,0.35485620016319463,0.020757313215970886,0.9792426867840291,2.94,0,2,2.7833139735480255
886505105dfffff,Sepang,2.7692745823743112,101.73857865553552,322.4334600760456,11.8,0.013428926997591921,0.039846018774903756,0.8074238578680203,0.021507731121669017,0.10139048115218736,0.005930836134259639,0.9940691638657404,5.92,0,0,1.8802914888699056
8865050201fffff,Sepang,2.8542238537443034,101.6473903126142,322.4334600760456,12.0,0.013428926997591921,0.04052137502532585,0.8074238578680203,0.02178038049624456,0.22175073174186594,0.012971308920401563,0.9870286910795985,5.69,0,0,1.8906416414277996
88650511b1fffff,Sepang,2.866095010969054,101.69349985732222,644.8669201520912,1.9,0.026857853995183843,0.006415884379009927,0.8074238578680203,0.013433005101891361,0.4693889981318563,0.02745690916453734,0.9725430908354626,3.37,0,4,1.1489364618535156
8865050109fffff,Sepang,2.954180841199588,101.66108914258179,0.0,2.0,0.0,0.006753562504220975,0.8074238578680203,0.002726493745755454,3.1040652574319703,0.18157229537400527,0.8184277046259947,1.87,2,22,0.19624509362047002
8865050129fffff,Sepang,2.9769787416739963,101.66769041322777,967.3003802281368,4.9,0.04028678099277576,0.01654622813534139,0.8074238578680203,0.02294416374223638,2.420640673416414,0.14159537474141806,0.858404625258582,0.82,4,5,1.732121139176775
8865058cb7fffff,Sepang,2.663196845398205,101.60732301444578,0.0,0.0,0.0,0.0,0.8074238578680203,0.0,0.0010722076726234215,6.271878716780534e-05,0.9999372812128322,12.49,0,0,0.0
88650512b3fffff,Sepang,2.758823455777026,101.6746187432029,0.0,0.0,0.0,0.0,0.8074238578680203,0.0,1.9775095062230883,0.11567441738190042,0.8843255826180996,1.13,6,6,0.0
8865050153fffff,Sepang,2.940171442391894,101.64178759490021,322.4334600760456,6.1000000000000005,0.013428926997591921,0.020598365637873976,0.8074238578680203,0.013737223946265975,5.239726444933909,0.3064977952575719,0.6935022047424281,0.4,6,21,0.8378394470232973
8865050269fffff,Sepang,2.852089401105194,101.67420418792025,1289.7338403041824,4.5,0.053715707990367685,0.015195515634497196,0.8074238578680203,0.02782028301479713,0.3350722160330226,0.01960004907612799,0.980399950923872,3.95,0,3,2.3987158461756826
8865051299fffff,Sepang,2.727270431389964,101.68071287704072,0.0,0.0,0.0,0.0,0.8074238578680203,0.0,1.1356702116511488,0.06643102835021526,0.9335689716497847,2.0,0,6,0.0
8865051ac1fffff,Sepang,2.8838959642598123,101.76265701104711,644.8669201520912,1.0,0.026857853995183843,0.0033767812521104876,0.8074238578680203,0.012206082916301406,0.08467238240394909,0.004952910957996351,0.9950470890420037,5.45,0,0,1.0681541419991452
8865058d19fffff,Sepang,2.6708249434091647,101.70700512904034,0.0,0.0,0.0,0.0,0.8074238578680203,0.0,0.014375611961039397,0.0008409014130493469,0.9991590985869506,8.6,0,0,0.0
8865058c2bfffff,Sepang,2.648763838384269,101.69147687975662,0.0,0.0,0.0,0.0,0.8074238578680203,0.0,0.003459300497834035,0.00020235178054852181,0.9997976482194515,10.71,0,0,0.0
88650501e3fffff,Sepang,2.973897786241405,101.6088576641917,967.3003802281368,45.0,0.04028678099277576,0.15195515634497195,0.8074238578680203,0.07761036334463323,0.6554997944324841,0.03834346008265364,0.9616565399173463,1.91,1,3,6.563775003433231
8865050007fffff,Sepang,2.918800433300701,101.61730663698525,322.4334600760456,3.0,0.013428926997591921,0.010130343756331463,0.8074238578680203,0.00951115864034502,1.9487499073373362,0.11399212466230667,0.8860078753376933,1.67,1,15,0.7411139485356235
886505109dfffff,Sepang,2.791091854323832,101.65958715723355,0.0,0.0,0.0,0.0,0.8074238578680203,0.0,0.284219446139849,0.01662541633168995,0.9833745836683101,3.95,0,2,0.0
8865058d41fffff,Sepang,2.667990712231148,101.74272874889138,0.0,0.0,0.0,0.0,0.8074238578680203,0.0,0.0036712998212781386,0.0002147526808463873,0.9997852473191536,10.67,0,0,0.0
886505129bfffff,Sepang,2.7279797485281954,101.67177882440451,0.0,0.0,0.0,0.0,0.8074238578680203,0.0,0.9004794251217068,0.05267354343306565,0.9473264565669344,2.35,0,6,0.0
8865058d5bfffff,Sepang,2.6547010758428033,101.71451511622566,0.0,0.0,0.0,0.0,0.8074238578680203,0.0,0.003899323347732443,0.00022809091688973527,0.9997719090831103,10.56,0,0,0.0
8865050227fffff,Sepang,2.885085300624618,101.65022926466344,0.0,0.0,0.0,0.0,0.8074238578680203,0.0,1.5335790815091344,0.08970670745419242,0.9102932925458076,2.55,0,14,0.0
8865051ab1fffff,Sepang,2.9176077631174295,101.72975844482866,644.8669201520912,2.0,0.026857853995183843,0.006753562504220975,0.8074238578680203,0.013569329789179132,0.8112302440193343,0.04745291263794674,0.9525470873620533,3.0,0,5,1.1367339492401185
8865058db5fffff,Sepang,2.713977288903626,101.65249078001553,0.0,0.0,0.0,0.0,0.8074238578680203,0.0,0.16297598810525216,0.009533280326586614,0.9904667196734134,4.95,0,1,0.0
8865051013fffff,Sepang,2.7875395096758426,101.70426488755668,0.0,0.6000000000000001,0.0,0.002026068751266293,0.8074238578680203,0.0008179481237266363,0.4907359310159444,0.028705597990804278,0.9712944020091957,3.19,0,4,0.0698699811032566
8865058d25fffff,Sepang,2.7149495970058135,101.73806544072299,0.0,0.0,0.0,0.0,0.8074238578680203,0.0,0.053339651389410235,0.0031201028760706475,0.9968798971239293,6.72,0,0,0.0
8865058ca1fffff,Sepang,2.661073459657295,101.63412515161073,0.0,0.0,0.0,0.0,0.8074238578680203,0.0,0.0030987293753843835,0.00018126017295682812,0.9998187398270432,10.87,0,0,0.0
886505104bfffff,Sepang,2.768564095696989,101.74751167539381,644.8669201520912,1.9,0.026857853995183843,0.006415884379009927,0.8074238578680203,0.013433005101891361,0.055749241018368006,0.0032610518199730773,0.996738948180027,6.91,0,0,1.1775208022194472
88650518abfffff,Sepang,2.9726953120392365,101.72133151108245,967.3003802281368,7.4,0.04028678099277576,0.02498818126561761,0.8074238578680203,0.026352280924430697,6.862775999876336,0.4014380780016478,0.5985619219983522,0.52,11,21,1.3872070156129515
8865058de1fffff,Sepang,2.695722419799943,101.68680571710811,0.0,0.0,0.0,0.0,0.8074238578680203,0.0,0.11384344352474295,0.006659272160782381,0.9933407278392177,5.47,0,0,0.0
8865051017fffff,Sepang,2.7948962130604187,101.70944307758872,1289.7338403041824,3.0,0.053715707990367685,0.010130343756331463,0.8074238578680203,0.02577541270548054,0.3895716547772685,0.022787993712824986,0.977212006287175,3.24,0,4,2.2151768367279243
886505103dfffff,Sepang,2.808898774740945,101.7287346055699,644.8669201520912,22.4,0.026857853995183843,0.07563990004727492,0.8074238578680203,0.04137956599588476,0.17670500687456878,0.010336359271273476,0.9896636407287265,3.93,0,2,3.6015340565512934
8865051053fffff,Sepang,2.7706954251629683,101.72071168969948,0.0,0.4,0.0,0.0013507125008441951,0.8074238578680203,0.0005452987491510908,0.31833990410906166,0.01862129250015932,0.9813787074998407,3.96,0,6,0.047063596513622984
8865051709fffff,Sepang,2.7381730849302715,101.6412165145097,0.0,0.0,0.0,0.0,0.8074238578680203,0.0,0.19443760321878667,0.01137362748380586,0.9886263725161941,4.87,0,2,0.0
8865058ce1fffff,Sepang,2.644241259094166,101.65057308420022,0.0,0.0,0.0,0.0,0.8074238578680203,0.0,0.0016487361223788762,9.644281849088361e-05,0.9999035571815091,11.81,0,0,0.0
886505188dfffff,Sepang,2.9565466494694634,101.72884732834116,644.8669201520912,11.7,0.026857853995183843,0.039508340649692705,0.8074238578680203,0.026792824456093083,4.025250600398281,0.23545703145898725,0.7645429685410128,1.2,3,21,1.8015004572032192
8865050a59fffff,Sepang,2.9829124896654036,101.6907530653976,0.0,0.0,0.0,0.0,0.8074238578680203,0.0,1.9645771069239522,0.11491793669264455,0.8850820633073555,2.11,0,16,0.0
8865051295fffff,Sepang,2.7426915102673752,101.6821331466524,322.4334600760456,25.2,0.013428926997591921,0.08509488755318428,0.8074238578680203,0.039775239218230556,3.342324385088252,0.1955092629035313,0.8044907370964687,0.36,4,6,2.8141537928328506
8865051705fffff,Sepang,2.7535959436187385,101.64263516610959,0.0,0.0,0.0,0.0,0.8074238578680203,0.0,0.24497207048539596,0.014329641116293701,0.9856703588837064,4.65,0,6,0.0
8865058c0dfffff,Sepang,2.632641510993467,101.69898751702843,0.0,0.0,0.0,0.0,0.8074238578680203,0.0,0.0009996971000118433,5.8477281266328244e-05,0.9999415227187337,12.58,0,0,0.0
8865051007fffff,Sepang,2.8008310877827647,101.7324904835521,0.0,0.6,0.0,0.0020260687512662925,0.8074238578680203,0.0008179481237266361,0.127740323207048,0.007472170129473946,0.992527829870526,4.67,0,2,0.07139740595030565
886505170bfffff,Sepang,2.7388823521165877,101.63228090291257,0.0,0.0,0.0,0.0,0.8074238578680203,0.0,0.10443937291155424,0.006109181055897378,0.9938908189441026,5.85,0,0,0.0
8865051609fffff,Sepang,2.686679518005648,101.60498084095566,0.0,0.0,0.0,0.0,0.8074238578680203,0.0,0.003068661732651403,0.00017950136621317433,0.9998204986337869,10.95,0,0,0.0
8865050209fffff,Sepang,2.8461534487943467,101.65114973012173,644.8669201520912,5.1,0.026857853995183843,0.017221584385763485,0.8074238578680203,0.017795395095100086,0.16829877144174088,0.00984463653466593,0.9901553634653341,5.53,0,0,1.5496190923635378
88650511d9fffff,Sepang,2.818389241056202,101.70710805866345,644.8669201520912,1.0,0.026857853995183843,0.0033767812521104876,0.8074238578680203,0.012206082916301406,0.8531253944627909,0.04990356943803961,0.9500964305619604,1.33,2,2,1.0199009160264187
8865058d97fffff,Sepang,2.691910367455753,101.63696131781079,0.0,0.0,0.0,0.0,0.8074238578680203,0.0,0.02254340423010095,0.0013186764169352194,0.9986813235830648,7.91,0,0,0.0
88650518c9fffff,Sepang,2.9323264217998224,101.74011931273057,1289.7338403041824,3.0,0.053715707990367685,0.010130343756331463,0.8074238578680203,0.02577541270548054,1.4144903795632926,0.08274061390521002,0.91725938609479,2.8,0,14,2.0792742335088943
886505176dfffff,Sepang,2.7514670221938213,101.6694412950015,0.0,0.0,0.0,0.0,0.8074238578680203,0.0,1.5875670720625568,0.09286473492927358,0.9071352650707264,1.84,4,6,0.0
8865058dddfffff,Sepang,2.666304062088917,101.66610050376494,0.0,0.0,0.0,0.0,0.8074238578680203,0.0,0.010916100341129515,0.0006385372829151249,0.9993614627170849,8.97,0,0,0.0
8865051099fffff,Sepang,2.783734406869898,101.65440927722437,0.0,0.0,0.0,0.0,0.8074238578680203,0.0,0.28334312939900513,0.016574156184459243,0.9834258438155408,3.85,0,2,0.0
8865058de9fffff,Sepang,2.6876590333728094,101.69056186136179,0.0,0.0,0.0,0.0,0.8074238578680203,0.0,0.061637558313901344,0.003605488936647927,0.9963945110633521,6.39,0,0,0.0
88650510d7fffff,Sepang,2.783024192240509,101.66334540108238,0.0,0.0,0.0,0.0,0.8074238578680203,0.0,0.4651877640193377,0.027211157977642297,0.9727888420223577,3.02,0,6,0.0
8865050263fffff,Sepang,2.8608714667660555,101.66150756482362,0.0,0.0,0.0,0.0,0.8074238578680203,0.0,0.4082709061246952,0.023881806409191,0.976118193590809,4.24,0,3,0.0
8865058d35fffff,Sepang,2.7090137879445204,101.71502438705944,0.0,0.0,0.0,0.0,0.8074238578680203,0.0,0.1426168195844987,0.008342370776161219,0.9916576292238388,5.18,0,0,0.0
886505120bfffff,Sepang,2.7289487024023105,101.75735162964888,0.0,0.0,0.0,0.0,0.8074238578680203,0.0,0.022191954651611646,0.001298118374052022,0.998701881625948,8.16,0,0,0.0
886505123bfffff,Sepang,2.7457879937769554,101.74091082990309,0.0,0.0,0.0,0.0,0.8074238578680203,0.0,0.09194449908634851,0.005378293418976973,0.994621706581023,6.12,0,0,0.0
8865050041fffff,Sepang,2.8938694047092692,101.63752971204299,1612.1673003802282,4.0,0.06714463498795961,0.01350712500844195,0.8074238578680203,0.03256007760007011,1.788609687414537,0.10462472259385389,0.8953752774061461,2.56,0,17,2.5639202328317854
886505105bfffff,Sepang,2.762629247755437,101.72446742997904,322.4334600760456,2.1,0.013428926997591921,0.007091240629432024,0.8074238578680203,0.008284236454755067,0.2843254559537654,0.016631617375691483,0.9833683826243085,4.36,0,6,0.7164447533296876
8865058c61fffff,Sepang,2.6392866896913723,101.71309386310081,644.8669201520912,62.7,0.026857853995183843,0.2117241845073276,0.8074238578680203,0.09631841497285717,0.0013381084113906598,7.827265072270818e-05,0.9999217273492773,12.16,0,0,8.470115100757104
8865058c8dfffff,Sepang,2.6375946464744615,101.63646483560784,0.0,0.0,0.0,0.0,0.8074238578680203,0.0,0.0007126652528119066,4.168735353631322e-05,0.9999583126464637,13.07,0,0,0.0
8865058c55fffff,Sepang,2.6179355970327425,101.68863649111952,0.0,0.0,0.0,0.0,0.8074238578680203,0.0,0.0003559819726421577,2.0823165276453443e-05,0.9999791768347236,14.12,0,0,0.0
88650501e1fffff,Sepang,2.973184464411603,101.61780040788483,644.8669201520912,1.0,0.026857853995183843,0.0033767812521104876,0.8074238578680203,0.012206082916301406,0.7543848175583938,0.04412773945116705,0.955872260548833,2.82,0,8,1.0261011017180335
8865058d67fffff,Sepang,2.6988226619674376,101.74557412403045,0.0,0.5,0.0,0.0016883906260552438,0.8074238578680203,0.0006816234364388635,0.016932363657460585,0.0009904586019998925,0.9990095413980001,8.41,0,0,0.059886389436494165
8865058dd9fffff,Sepang,2.658949701790483,101.66092455516538,0.0,0.0,0.0,0.0,0.8074238578680203,0.0,0.0058534464971174635,0.0003423973493424024,0.9996576026506576,9.91,0,0,0.0
8865050133fffff,Sepang,2.9798333847983423,101.63192355773376,1934.6007604562733,7.1,0.08057356198555152,0.02397514688998446,0.8074238578680203,0.0422075609277029,0.978317283719289,0.057226668925102774,0.9427733310748972,2.64,0,9,3.4995445329088395
8865051001fffff,Sepang,2.792763776001662,101.73624612953637,0.0,0.4,0.0,0.0013507125008441951,0.8074238578680203,0.0005452987491510908,0.09789814285476556,0.005726551807644022,0.994273448192356,5.49,0,0,0.04768198457163007
8865058d2dfffff,Sepang,2.7068859398858387,101.74181989833693,644.8669201520912,1.0,0.026857853995183843,0.0033767812521104876,0.8074238578680203,0.012206082916301406,0.03035493519105391,0.0017756119158166962,0.9982243880841833,7.55,0,0,1.0715648802140991
886505176bfffff,Sepang,2.744820195773098,101.65532895169343,0.0,0.0,0.0,0.0,0.8074238578680203,0.0,0.5836104709538185,0.034138294148834104,0.9658617058511659,3.25,0,6,0.0
8865050025fffff,Sepang,2.940884338684693,101.63284651176313,2579.467680608365,28.0,0.10743141598073537,0.09454987505909365,0.8074238578680203,0.08154225661427109,4.39735206200019,0.257223106232485,0.742776893767515,0.44,6,22,5.326661400113172
8865050243fffff,Sepang,2.8380834157288346,101.65490891604905,0.0,0.0,0.0,0.0,0.8074238578680203,0.0,0.15650757376154167,0.009154910433426146,0.9908450895665738,4.79,0,2,0.0
88650518b1fffff,Sepang,2.9741233166214185,101.70345237432522,644.8669201520912,1.0,0.026857853995183843,0.0033767812521104876,0.8074238578680203,0.012206082916301406,4.048037351647583,0.23678994245966484,0.7632100575403351,1.19,6,17,0.819283824006747
886505015dfffff,Sepang,2.9387455055838303,101.65966884692011,1934.6007604562733,19.1,0.08057356198555152,0.06449652191531031,0.8074238578680203,0.05856652340223563,5.361519179698219,0.3136220612046508,0.6863779387953493,0.35,7,26,3.535303800902603
8865058c3bfffff,Sepang,2.6428258713091957,101.66843769254798,0.0,0.8,0.0,0.0027014250016883902,0.8074238578680203,0.0010905974983021816,0.0020461422084754087,0.00011968908725903576,0.999880310912741,11.48,0,0,0.09590174140744903
88650512b7fffff,Sepang,2.7661799774743385,101.6797963333174,322.4334600760456,4.6,0.013428926997591921,0.015533193759708243,0.8074238578680203,0.011692353636949385,2.2447226369796396,0.13130504930543194,0.868694950694568,0.42,2,6,0.8932709671893994
886505102bfffff,Sepang,2.808187628090193,101.73766902099254,644.8669201520912,23.4,0.026857853995183843,0.07901668129938541,0.8074238578680203,0.04274281286876249,0.09807880108919584,0.005737119410958799,0.9942628805890412,4.9,0,2,3.73747507297851
886505031bfffff,Sepang,2.892445187629862,101.65540871921797,0.0,0.0,0.0,0.0,0.8074238578680203,0.0,2.6543875531676937,0.15526839833244405,0.8447316016675559,1.65,4,19,0.0
8865051193fffff,Sepang,2.8440193583377136,101.67796258652818,0.0,0.0,0.0,0.0,0.8074238578680203,0.0,0.3675919067810728,0.021502288366954395,0.9784977116330456,2.99,0,2,0.0
8865050337fffff,Sepang,2.930671750230356,101.66342877526674,322.4334600760456,8.8,0.013428926997591921,0.029715675018572293,0.8074238578680203,0.017417990503035836,6.582557111966427,0.38504667432122175,0.6149533256787783,0.45,8,28,0.9420071159999955
8865058c29fffff,Sepang,2.6480558373596343,101.7004081475681,0.0,0.0,0.0,0.0,0.8074238578680203,0.0,0.003057951413453874,0.00017887486609813086,0.9998211251339019,10.9,0,0,0.0
88650512e1fffff,Sepang,2.747208009567395,101.7230452912784,0.0,0.0,0.0,0.0,0.8074238578680203,0.0,0.33437230909258475,0.019559108020066357,0.9804408919799337,4.15,0,6,0.0
8865051297fffff,Sepang,2.743401115291601,101.67319872058454,0.0,0.0,0.0,0.0,0.8074238578680203,0.0,1.9472621511470338,0.11390509836484616,0.8860949016351538,1.28,4,6,0.0
88650518a5fffff,Sepang,2.9874167652758348,101.73169403249551,322.4334600760456,7.1,0.013428926997591921,0.02397514688998446,0.8074238578680203,0.015100470819143702,4.39474252761268,0.2570704615200508,0.7429295384799492,1.11,5,22,0.9866249504009534
886505002dfffff,Sepang,2.9328102253813113,101.63660745874839,1289.7338403041824,15.3,0.053715707990367685,0.051664753157290466,0.8074238578680203,0.04254334924187658,5.46361516271074,0.31959416566980803,0.680405834330192,0.43,8,21,2.5457378834937807
8865051759fffff,Sepang,2.7153950499548105,101.63462128659849,0.0,0.0,0.0,0.0,0.8074238578680203,0.0,0.06256988537443203,0.003660025407495163,0.9963399745925048,6.44,0,0,0.0
886505162bfffff,Sepang,2.710164818710876,101.60263831478173,0.0,0.0,0.0,0.0,0.8074238578680203,0.0,0.006592126562490122,0.0003856064393238728,0.9996143935606762,9.89,0,0,0.0
8865058da3fffff,Sepang,2.713268344526159,101.66142506988916,0.0,0.0,0.0,0.0,0.8074238578680203,0.0,0.23883984011201612,0.013970936304276335,0.9860290636957236,4.35,0,4,0.0
8865058c2dfffff,Sepang,2.6554092825844817,101.70558412236163,0.0,0.0,0.0,0.0,0.8074238578680203,0.0,0.00487074932912368,0.00028491447908928684,0.9997150855209107,10.21,0,0,0.0
8865051113fffff,Sepang,2.839038220940826,101.74051518383048,967.3003802281368,9.8,0.04028678099277576,0.03309245627068278,0.8074238578680203,0.029624073419337246,0.07226168188925029,0.004226947038823626,0.9957730529611764,5.28,0,0,2.5942936008349506
886505162dfffff,Sepang,2.7168126403524266,101.61675057774855,0.0,0.0,0.0,0.0,0.8074238578680203,0.0,0.020824420524989472,0.0012181244661344736,0.9987818755338655,8.15,0,0,0.0
886505111bfffff,Sepang,2.8309694044675147,101.7442709672462,0.0,0.0,0.0,0.0,0.8074238578680203,0.0,0.06187506134705637,0.0036193816764300553,0.9963806183235699,5.47,0,0,0.0
8865058d3dfffff,Sepang,2.7009501378193175,101.71877963445331,0.0,0.0,0.0,0.0,0.8074238578680203,0.0,0.0749174654008214,0.004382297093742041,0.995617702906258,6.14,0,0,0.0
8865051abdfffff,Sepang,2.9168946311696344,101.73869578091136,967.3003802281368,3.2,0.04028678099277576,0.010805700006753561,0.8074238578680203,0.020626644058344242,0.6855778678265985,0.040102876967824205,0.9598971230321758,3.45,0,4,1.7412745152587408
8865051237fffff,Sepang,2.7612086516277823,101.74233371437985,322.4334600760456,3.7,0.013428926997591921,0.012494090632808805,0.8074238578680203,0.01046543145135943,0.08373184812808922,0.0048978944060933515,0.9951021055939067,6.35,0,0,0.9158803937102047
8865058d01fffff,Sepang,2.6848239750941927,101.72628943390184,0.0,0.0,0.0,0.0,0.8074238578680203,0.0,0.02044666744824686,0.0011960278001367061,0.9988039721998633,8.09,0,0,0.0
8865050029fffff,Sepang,2.925449090304752,101.63142746528499,7093.536121673003,28.7,0.29543639394702226,0.096913621935571,0.8074238578680203,0.15839638172925125,4.199924417744367,0.2456745763000089,0.7543254236999911,0.84,6,19,10.50794961369906
8865051aa1fffff,Sepang,2.923540403913932,101.75281323520137,967.3003802281368,2.0,0.04028678099277576,0.006753562504220975,0.8074238578680203,0.01899074781089097,1.013651641349728,0.0592935521535284,0.9407064478464716,1.73,1,6,1.5711229295630709
8865050241fffff,Sepang,2.837372218631549,101.66384650076515,0.0,0.0,0.0,0.0,0.8074238578680203,0.0,0.22878808830354366,0.0133829590882612,0.9866170409117389,3.84,0,2,0.0
8865051763fffff,Sepang,2.75288634662203,101.65157084727164,0.0,0.0,0.0,0.0,0.8074238578680203,0.0,0.46430711973258354,0.027159644690616158,0.9728403553093838,3.73,0,6,0.0
8865051729fffff,Sepang,2.7609528732039577,101.64781251139844,0.0,0.0,0.0,0.0,0.8074238578680203,0.0,0.33589131156551383,0.01964796206881039,0.9803520379311896,3.94,0,6,0.0
8865051259fffff,Sepang,2.7054671645390123,101.75968202881415,0.0,0.0,0.0,0.0,0.8074238578680203,0.0,0.009496344524563929,0.00055548866727562,0.9994445113327244,9.33,0,0,0.0
8865058c09fffff,Sepang,2.6252885074721837,101.6938119333326,644.8669201520912,1.0,0.026857853995183843,0.0033767812521104876,0.8074238578680203,0.012206082916301406,0.0006024243493978782,3.5238811957148994e-05,0.9999647611880429,13.33,0,0,1.0734331201798089
88650511c7fffff,Sepang,2.8404616298542087,101.72264455223213,2901.9011406844106,27.6,0.12086034297832729,0.09319916255824946,0.8074238578680203,0.08641837588683184,0.20852873848422368,0.01219788843271636,0.9878021115672836,3.55,0,2,7.507408190589399
88650518ebfffff,Sepang,2.955832816020177,101.73778575211811,967.3003802281368,3.2,0.04028678099277576,0.010805700006753561,0.8074238578680203,0.020626644058344242,3.6568113710784913,0.21390517896063818,0.7860948210393618,1.51,3,21,1.4259933128342535
88650518cdfffff,Sepang,2.9396858706134856,101.74529995819884,9350.570342205325,195.2,0.3894388829301658,0.6591477004119671,0.8074238578680203,0.4233269122153757,2.0585382336355003,0.12041419274334952,0.8795858072566505,1.84,1,18,32.746739986370194
8865051745fffff,Sepang,2.7367544210547385,101.65908682465287,0.0,0.0,0.0,0.0,0.8074238578680203,0.0,0.6425166380552898,0.037584010358147166,0.9624159896418528,2.97,0,6,0.0
8865051005fffff,Sepang,2.800120064066643,101.7414245581124,644.8669201520912,1.4,0.026857853995183843,0.004727493752954682,0.8074238578680203,0.012751381665452496,0.07298978987615447,0.004269537715081415,0.9957304622849186,5.6,0,0,1.1166395813511556
8865051813fffff,Sepang,2.947045398512558,101.7504807445734,644.8669201520912,12.9,0.026857853995183843,0.043560478152225295,0.8074238578680203,0.02842872070354636,3.065859836609583,0.17933746930588654,0.8206625306941134,0.97,4,18,2.0518041387045254
8865058d15fffff,Sepang,2.686241587484053,101.70842626217959,0.0,0.0,0.0,0.0,0.8074238578680203,0.0,0.041159136617789575,0.0024076036718013857,0.9975923963281986,7.03,0,0,0.0
886505013dfffff,Sepang,2.9784061612105917,101.64980759560108,2901.9011406844106,9.6,0.12086034297832729,0.03241710002026068,0.8074238578680203,0.06187993217503274,2.4036562999039104,0.1406018738229786,0.8593981261770214,0.73,3,8,4.676901366823877
88650510e9fffff,Sepang,2.7956069369781336,101.70050811133164,0.0,0.0,0.0,0.0,0.8074238578680203,0.0,0.5129211364894715,0.030003321571688286,0.9699966784283117,2.81,0,4,0.0
88650511c5fffff,Sepang,2.8397499480196684,101.73158002235601,644.8669201520912,1.0,0.026857853995183843,0.0033767812521104876,0.8074238578680203,0.012206082916301406,0.12445456663827807,0.0072799698009520675,0.992720030199048,4.39,0,2,1.0656561119368977
8865058c97fffff,Sepang,2.640424113978517,101.60073089624834,0.0,0.0,0.0,0.0,0.8074238578680203,0.0,0.0002159024356153866,1.2629212841986552e-05,0.999987370787158,14.88,0,0,0.0
88650501edfffff,Sepang,2.9724710935751135,101.6267428480358,1289.7338403041824,4.3,0.053715707990367685,0.014520159384075098,0.8074238578680203,0.02754763364022159,1.0191051331810799,0.05961255415493643,0.9403874458450636,3.11,0,9,2.2782695246067908
88650518bdfffff,Sepang,2.9734093386196783,101.71239209670267,322.4334600760456,22.2,0.013428926997591921,0.07496454379685283,0.8074238578680203,0.03568549859959738,6.579379413314325,0.38486079484047064,0.6151392051595294,0.35,8,19,1.9305415618885557
8865051023fffff,Sepang,2.8162555670786396,101.7339132518338,322.4334600760456,26.7,0.013428926997591921,0.09016005943135003,0.8074238578680203,0.04182010952754715,0.13276221639326388,0.007765925768393298,0.9922340742316067,4.32,0,2,3.6493312197852914
8865050365fffff,Sepang,2.9190338855255527,101.71188284695243,0.0,0.9,0.0,0.003039103126899439,0.8074238578680203,0.0012269221855899543,1.479198919684341,0.08652573992082735,0.9134742600791727,1.74,1,9,0.09856604108602517
8865058d33fffff,Sepang,2.702368245472488,101.70091510176623,0.0,0.0,0.0,0.0,0.8074238578680203,0.0,0.15305935880362795,0.008953207101528622,0.9910467928984714,5.06,0,0,0.0
886505036bfffff,Sepang,2.9043148753855346,101.70152267440292,967.3003802281368,2.0,0.04028678099277576,0.006753562504220975,0.8074238578680203,0.01899074781089097,1.4806429093610143,0.08661020609609935,0.9133897939039006,1.96,1,13,1.5254999602867751
88650512b9fffff,Sepang,2.750047524235548,101.6873105204793,0.0,0.6,0.0,0.0020260687512662925,0.8074238578680203,0.0008179481237266361,3.3567209846176698,0.19635139198438037,0.8036486080156197,0.56,6,6,0.057810395014691124
88650512abfffff,Sepang,2.7566936465103486,101.70142222262602,322.4334600760456,9.4,0.013428926997591921,0.031741743769838585,0.8074238578680203,0.018235938626762472,1.4251216836010583,0.08336249202853048,0.9166375079714695,2.05,0,6,1.470075790757847
8865058c4bfffff,Sepang,2.6091682212678426,101.70132186093743,0.0,0.0,0.0,0.0,0.8074238578680203,0.0,0.000174016915153728,1.0179119347673185e-05,0.9999898208806524,15.2,0,0,0.0
8865051ab5fffff,Sepang,2.924967052493755,101.73493880824752,1612.1673003802282,6.5,0.06714463498795961,0.02194907813871817,0.8074238578680203,0.03596819478226443,1.031158832867052,0.06031763531084665,0.9396823646891533,3.11,0,10,2.972444109538592
8865050229fffff,Sepang,2.868942373791575,101.65774836308474,1289.7338403041824,4.2,0.053715707990367685,0.014182481258864049,0.8074238578680203,0.02741130895293381,0.6314097840896159,0.036934314942078585,0.9630656850579215,3.69,0,6,2.321665581043049
88650512d7fffff,Sepang,2.726561071507079,101.68964662362886,0.0,0.0,0.0,0.0,0.8074238578680203,0.0,1.082298549512611,0.06330905300539358,0.9366909469946064,2.11,0,6,0.0
88650512e7fffff,Sepang,2.7552735567436577,101.71928967422392,0.0,0.0,0.0,0.0,0.8074238578680203,0.0,0.4364729794344481,0.025531486670550656,0.9744685133294494,3.89,0,6,0.0
8865050027fffff,Sepang,2.941597186825755,101.6239051244345,5481.368821292776,22.6,0.2282917589590627,0.07631525629769703,0.8074238578680203,0.12297348569613792,3.19230542792923,0.18673390409438256,0.8132660959056175,0.2,3,17,8.795451341831862
8865051ad5fffff,Sepang,2.885321299273495,101.7447853781287,322.4334600760456,1.2000000000000002,0.013428926997591921,0.004052137502532586,0.8074238578680203,0.007057314269165113,0.13034638459197506,0.007624611688624103,0.992375388311376,5.76,0,0,0.615927254534339
88650510a5fffff,Sepang,2.827880390530014,101.68547868852417,644.8669201520912,1.9,0.026857853995183843,0.006415884379009927,0.8074238578680203,0.013433005101891361,0.9060465303062006,0.05299919124749767,0.9470008087525024,1.21,2,2,1.1187614912217765
8865058dedfffff,Sepang,2.6950135943192097,101.69573841080845,0.0,0.0,0.0,0.0,0.8074238578680203,0.0,0.10010945610612557,0.005855902574957647,0.9941440974250424,5.68,0,0,0.0
88650511cdfffff,Sepang,2.8316810089288103,101.7353361467499,1612.1673003802282,11.6,0.06714463498795961,0.039170662524481654,0.8074238578680203,0.04292075383394083,0.11180504280837279,0.006540035912099404,0.9934599640879006,4.51,0,2,3.750003651035217
8865058d55fffff,Sepang,2.6694079101074526,101.72486755499503,0.0,0.0,0.0,0.0,0.8074238578680203,0.0,0.008016015629133509,0.0004688968294242026,0.9995311031705758,9.49,0,0,0.0
8865051647fffff,Sepang,2.6859713573116917,101.61391590202378,0.0,0.0,0.0,0.0,0.8074238578680203,0.0,0.0049461734824600805,0.000289326414893517,0.9997106735851065,10.22,0,0,0.0
886505024dfffff,Sepang,2.836660976040389,101.6727837800218,0.0,0.0,0.0,0.0,0.8074238578680203,0.0,0.35082828922637205,0.020521700568134356,0.9794782994318656,2.91,0,2,0.0
8865050065fffff,Sepang,2.9240238222293566,101.64930857843468,5158.93536121673,52.4,0.21486283196147074,0.17694333761058956,0.8074238578680203,0.1581768244861823,6.771374200094385,0.39609152977815654,0.6039084702218435,0.26,12,22,8.40094135471705
88650511cbfffff,Sepang,2.8250352725972037,101.72122215365482,3224.3346007604564,17.7,0.13428926997591922,0.05976902816235563,0.8074238578680203,0.07834364986705417,0.31875041476344335,0.018645305320641462,0.9813546946793585,2.86,0,2,6.761511399059526
88650512ebfffff,Sepang,2.7398526596205013,101.71786778530215,322.4334600760456,6.5,0.013428926997591921,0.02194907813871817,0.8074238578680203,0.014282522695417067,0.44086204052219713,0.025788224796249287,0.9742117752037507,3.62,0,6,1.2236924399364189
8865058cc5fffff,Sepang,2.6288258437479666,101.64915456963048,0.0,0.0,0.0,0.0,0.8074238578680203,0.0,0.0005378066278553696,3.145899837422895e-05,0.9999685410016258,13.49,0,0,0.0
8865051183fffff,Sepang,2.849954536226023,101.70101530945895,967.3003802281368,2.9,0.04028678099277576,0.009792665631120414,0.8074238578680203,0.020217669996480926,0.35592219336584074,0.020819668487721092,0.9791803315122789,2.99,0,2,1.7410360526111712
88650512adfffff,Sepang,2.76333948074002,101.71553382531368,0.0,0.0,0.0,0.0,0.8074238578680203,0.0,0.5120123805456301,0.029950163893297674,0.9700498361067024,3.36,0,6,0.0
8865058c45fffff,Sepang,2.623873291069503,101.71167273642625,644.8669201520912,3.5,0.026857853995183843,0.011818734382386707,0.8074238578680203,0.015614200098495724,0.00045078319213473153,2.636856255388126e-05,0.9999736314374461,13.78,0,0,1.373163554883517
8865051741fffff,Sepang,2.729398254341275,101.65390980266302,0.0,0.0,0.0,0.0,0.8074238578680203,0.0,0.3592211553687667,0.02101264126810602,0.978987358731894,3.82,0,4,0.0
886505018dfffff,Sepang,2.9665352414282355,101.60367716857773,322.4334600760456,18.0,0.013428926997591921,0.06078206253798878,0.8074238578680203,0.02995986173351093,0.8444642175294313,0.049396933898511186,0.9506030661014888,1.16,1,4,2.50468430880898
8865058d93fffff,Sepang,2.684554909855351,101.63178511525189,0.0,0.0,0.0,0.0,0.8074238578680203,0.0,0.011622545011055642,0.0006798607634592609,0.9993201392365407,8.91,0,0,0.0
8865058ca9fffff,Sepang,2.653010985888728,101.63788285297102,0.0,0.0,0.0,0.0,0.8074238578680203,0.0,0.002094733082249763,0.00012253141039135845,0.9998774685896087,11.45,0,0,0.0
88650512e3fffff,Sepang,2.7479179529347277,101.71411205964469,322.4334600760456,18.7,0.013428926997591921,0.06314580941446613,0.8074238578680203,0.030914134544525337,0.6336211225857725,0.03706366718608657,0.9629363328139134,3.16,0,6,2.6179939933641565
8865051289fffff,Sepang,2.733207008610207,101.70375725432913,0.0,2.0,0.0,0.006753562504220975,0.8074238578680203,0.002726493745755454,0.9133000727786347,0.053423487210077496,0.9465765127899225,2.41,0,6,0.22697300607178916
8865058ce3fffff,Sepang,2.6449488917167034,101.64164032310173,0.0,0.0,0.0,0.0,0.8074238578680203,0.0,0.0013686914876423501,8.006160774973013e-05,0.9999199383922502,12.09,0,0,0.0
8865058c87fffff,Sepang,2.6463640341368597,101.62377388914902,0.0,0.0,0.0,0.0,0.8074238578680203,0.0,0.0008206434874001647,4.800354030386945e-05,0.9999519964596961,12.87,0,0,0.0
88650510a7fffff,Sepang,2.8285915572444673,101.67654205504526,0.0,0.0,0.0,0.0,0.8074238578680203,0.0,0.5153297306941578,0.030144212288248554,0.9698557877117514,2.18,0,2,0.0
8865058c47fffff,Sepang,2.6245809193490555,101.7027424883253,644.8669201520912,1.0,0.026857853995183843,0.0033767812521104876,0.8074238578680203,0.012206082916301406,0.0005331358897097664,3.118578354919987e-05,0.9999688142164508,13.52,0,0,1.0734374709880563
8865058d95fffff,Sepang,2.691201916648867,101.64589550399154,0.0,0.0,0.0,0.0,0.8074238578680203,0.0,0.03247145285026456,0.0018994176150243318,0.9981005823849757,7.35,0,0,0.0
8865058cadfffff,Sepang,2.6603655816395917,101.6430585904219,0.0,0.0,0.0,0.0,0.8074238578680203,0.0,0.004045602047828929,0.00023664748936425153,0.9997633525106357,10.46,0,0,0.0
8865058d59fffff,Sepang,2.6539928282675045,101.72344580258878,0.0,0.0,0.0,0.0,0.8074238578680203,0.0,0.0029622736069181135,0.00017327819286213695,0.9998267218071378,10.98,0,0,0.0
88650501c1fffff,Sepang,2.9503847049032235,101.61120157656758,5481.368821292776,16.0,0.2282917589590627,0.0540285000337678,0.8074238578680203,0.11397605633514493,1.2546463374487906,0.07339053675747616,0.9266094632425238,1.86,1,8,9.288045553490745
886505128dfffff,Sepang,2.7405624367498573,101.70893458632017,0.0,0.0,0.0,0.0,0.8074238578680203,0.0,0.8303413732514174,0.048570818130929,0.951429181869071,2.63,0,6,0.0
8865058da1fffff,Sepang,2.712559357657153,101.67035905464769,0.0,0.0,0.0,0.0,0.8074238578680203,0.0,0.31567032789628147,0.01846513564119194,0.9815348643588081,3.92,0,4,0.0
8865051059fffff,Sepang,2.7619189713655095,101.73340072647389,322.4334600760456,37.2,0.013428926997591921,0.12561626257851016,0.8074238578680203,0.0561342016927633,0.15515263373979382,0.009075653217665677,0.9909243467823343,5.35,0,0,4.891950223517218
88650512c9fffff,Sepang,2.716368452429559,101.72020139353067,322.4334600760456,2.0,0.013428926997591921,0.006753562504220975,0.8074238578680203,0.008147911767467294,0.16333445621361428,0.009554248918370516,0.9904457510816295,5.0,0,2,0.7097264491577565
8865058d81fffff,Sepang,2.689784889015181,101.6637629629026,0.0,0.0,0.0,0.0,0.8074238578680203,0.0,0.055014347791211456,0.0032180642410907898,0.9967819357589092,6.54,0,0,0.0
8865051ad9fffff,Sepang,2.869892650856634,101.7433618533369,0.0,0.0,0.0,0.0,0.8074238578680203,0.0,0.07319527953763866,0.004281557832706835,0.9957184421672932,6.96,0,0,0.0
88650512d9fffff,Sepang,2.710432142673893,101.69715917404523,0.0,0.0,0.0,0.0,0.8074238578680203,0.0,0.294705009893529,0.017238769377180125,0.9827612306228198,4.07,0,4,0.0
88650510c7fffff,Sepang,2.788960580241109,101.68639471429873,0.0,0.0,0.0,0.0,0.8074238578680203,0.0,0.6562516363201027,0.0383874390734195,0.9616125609265805,2.57,0,8,0.0
8865050359fffff,Sepang,2.874877837205379,101.68080402908943,0.0,0.0,0.0,0.0,0.8074238578680203,0.0,0.9788616414790248,0.057258511131932414,0.9427414888680676,2.29,0,7,0.0
8865050101fffff,Sepang,2.962255580804767,101.65732885869838,967.3003802281368,2.8,0.04028678099277576,0.009454987505909365,0.8074238578680203,0.020081345309193154,3.0136307243884612,0.17628232741779964,0.8237176725822004,0.88,3,18,1.4547392862188173
8865058ce5fffff,Sepang,2.651595433985326,101.6557487486176,0.0,0.0,0.0,0.0,0.8074238578680203,0.0,0.0031154383124134613,0.0001822375622183346,0.9998177624377816,10.85,0,0,0.0
8865051235fffff,Sepang,2.76049828859979,101.75126639327867,0.0,0.0,0.0,0.0,0.8074238578680203,0.0,0.04484752275067568,0.0026233558164350454,0.997376644183565,7.34,0,0,0.0
8865051761fffff,Sepang,2.7521767061279063,101.66050622370862,0.0,0.0,0.0,0.0,0.8074238578680203,0.0,0.8697483022711519,0.0508759264203318,0.9491240735796682,2.8,0,6,0.0
8865058ce7fffff,Sepang,2.652303230475989,101.64681595295188,0.0,0.0,0.0,0.0,0.8074238578680203,0.0,0.0026224597529170574,0.0001534007816759093,0.9998465992183241,11.11,0,0,0.0
8865051ae3fffff,Sepang,2.907396419115166,101.76032558303963,644.8669201520912,1.4,0.026857853995183843,0.004727493752954682,0.8074238578680203,0.012751381665452496,0.37606183202365784,0.021997736638945536,0.9780022633610544,2.89,0,2,1.096758690513461
8865050005fffff,Sepang,2.9180880375844667,101.62624761458882,322.4334600760456,4.7,0.013428926997591921,0.015870871884919292,0.8074238578680203,0.011828678324237157,2.925582471982418,0.1711319449460531,0.8288680550539469,1.07,1,17,0.862254765132947
886505121dfffff,Sepang,2.7296585265399638,101.74842000545252,0.0,0.0,0.0,0.0,0.8074238578680203,0.0,0.04211511781970755,0.002463523791634901,0.997536476208365,7.17,0,0,0.0
8865058c13fffff,Sepang,2.6281184572613063,101.65808665280821,0.0,0.0,0.0,0.0,0.8074238578680203,0.0,0.0006059382729213796,3.544435891155121e-05,0.9999645556410884,13.31,0,0,0.0
8865051ac3fffff,Sepang,2.8846086548828485,101.75372134947509,0.0,0.0,0.0,0.0,0.8074238578680203,0.0,0.1030286375967169,0.006026660094501064,0.993973339905499,5.52,0,0,0.0
8865050181fffff,Sepang,2.967248347355771,101.5947341577489,4514.068441064639,12.2,0.18800497796628693,0.041196731275747946,0.8074238578680203,0.09253146415307403,1.1113731834136418,0.06500977369801733,0.9349902263019827,0.18,1,2,7.608700420735698
88650512dbfffff,Sepang,2.7111412566737245,101.68822610714436,0.0,0.0,0.0,0.0,0.8074238578680203,0.0,0.35435064156929924,0.02072774056632383,0.9792722594336761,3.77,0,4,0.0
88650511dbfffff,Sepang,2.8191003761187448,101.69817237879703,5803.802281368821,100.2,0.24172068595665458,0.3383534814614709,0.8074238578680203,0.23418286105316136,1.529818340240967,0.08948672289596384,0.9105132771040362,0.35,2,2,18.752335748233588
8865058db3fffff,Sepang,2.707330294678925,101.63837959037544,0.0,0.0,0.0,0.0,0.8074238578680203,0.0,0.054523162124869344,0.003189332335832351,0.9968106676641677,6.61,0,0,0.0
8865051a85fffff,Sepang,2.9081095231381275,101.75138920706274,0.0,0.0,0.0,0.0,0.8074238578680203,0.0,0.40691874371494136,0.023802711669842457,0.9761972883301575,3.16,0,2,0.0
8865058c81fffff,Sepang,2.6383020746439065,101.62753180542259,0.0,0.0,0.0,0.0,0.8074238578680203,0.0,0.0005596594693301649,3.273728032320624e-05,0.9999672627196768,13.43,0,0,0.0
8865050049fffff,Sepang,2.885797265904167,101.6412899480762,0.0,0.0,0.0,0.0,0.8074238578680203,0.0,1.2835581965066691,0.07508173593574723,0.9249182640642528,2.91,0,12,0.0
8865050225fffff,Sepang,2.8843732886297424,101.65916827634366,322.4334600760456,2.0,0.013428926997591921,0.006753562504220975,0.8074238578680203,0.008147911767467294,1.7112180525130634,0.10009769895665334,0.8999023010433467,2.31,0,13,0.6448454789279523
8865050151fffff,Sepang,2.939458498005546,101.65072837342582,322.4334600760456,5.2,0.013428926997591921,0.017559262510974536,0.8074238578680203,0.012510301760676022,5.328877890846837,0.3117127090328428,0.6882872909671571,0.68,8,25,0.7572713309924075
88650518b9fffff,Sepang,2.9660485603661613,101.70721108069637,967.3003802281368,5.6,0.04028678099277576,0.01890997501181873,0.8074238578680203,0.023898436553250788,5.06521963707686,0.2962900196365114,0.7037099803634885,0.8,7,18,1.479030670944658
8865058d37fffff,Sepang,2.7097229864117214,101.7060919341564,0.0,0.0,0.0,0.0,0.8074238578680203,0.0,0.21499052511584948,0.012575870637862405,0.9874241293621376,4.55,0,4,0.0
886505123dfffff,Sepang,2.7524328586668814,101.7550208791118,0.0,0.0,0.0,0.0,0.8074238578680203,0.0,0.034425653972906374,0.0020137286085226084,0.9979862713914774,7.73,0,0,0.0
8865051133fffff,Sepang,2.8618225861828703,101.74711788305812,0.0,0.0,0.0,0.0,0.8074238578680203,0.0,0.05096940458477114,0.0029814552906531704,0.9970185447093468,7.13,0,0,0.0
8865050021fffff,Sepang,2.933522954632947,101.62766641064152,2579.467680608365,8.4,0.10743141598073537,0.028364962517728097,0.8074238578680203,0.05482261790586762,3.9160209439208606,0.22906764276877412,0.7709323572312259,0.8,7,19,3.716978284795757
8865050143fffff,Sepang,2.9461064691930012,101.66484919467375,1934.6007604562733,6.0,0.08057356198555152,0.020260687512662925,0.8074238578680203,0.040707989367537396,3.827591487605253,0.22389496177456597,0.776105038225434,1.16,3,26,2.77852388663646
8865058d9dfffff,Sepang,2.683138294688793,101.64965311380872,0.0,0.0,0.0,0.0,0.8074238578680203,0.0,0.02265934766300831,0.00132545852797368,0.9986745414720263,7.88,0,0,0.0
8865051769fffff,Sepang,2.744110677145981,101.66426398879192,0.0,0.0,0.0,0.0,0.8074238578680203,0.0,1.0772018795316047,0.06301092329790776,0.9369890767020922,2.26,0,6,0.0
8865051a83fffff,Sepang,2.9014637889677934,101.73727237581508,0.0,0.0,0.0,0.0,0.8074238578680203,0.0,0.33416909340781453,0.019547220918707458,0.9804527790812926,4.68,0,2,0.0
8865051281fffff,Sepang,2.7412721709390753,101.70000107993889,0.0,0.0,0.0,0.0,0.8074238578680203,0.0,1.5456181973667238,0.09041093552907013,0.9095890644709299,1.64,4,6,0.0
8865058d03fffff,Sepang,2.6855328020731513,101.7173580018868,0.0,0.0,0.0,0.0,0.8074238578680203,0.0,0.02990594847464896,0.0017493484381095525,0.9982506515618904,7.51,0,0,0.0
8865050185fffff,Sepang,2.9746110590062202,101.59991461737674,644.8669201520912,10.7,0.026857853995183843,0.03613155939758222,0.8074238578680203,0.02542957758321536,0.6917164586762315,0.040461953835896194,0.9595380461641038,1.15,1,2,2.145928882335197
886505174bfffff,Sepang,2.7220421774267507,101.64873292290106,0.0,0.0,0.0,0.0,0.8074238578680203,0.0,0.19449813092791474,0.011377168052115048,0.9886228319478849,4.72,0,4,0.0
8865058d99fffff,Sepang,2.6757832573392353,101.6444769840468,0.0,0.0,0.0,0.0,0.8074238578680203,0.0,0.01168167551360431,0.0006833196021704234,0.9993166803978296,8.88,0,0,0.0
88650511b7fffff,Sepang,2.874165806247771,101.68974178345916,0.0,0.0,0.0,0.0,0.8074238578680203,0.0,0.784058142960316,0.0458634806027768,0.9541365193972232,2.4,0,3,0.0
8865058c43fffff,Sepang,2.6172281733169536,101.69756701290143,0.0,0.5,0.0,0.0016883906260552438,0.8074238578680203,0.0006816234364388635,0.0003245901208964991,1.8986898927396307e-05,0.9999810131010726,14.26,0,0,0.05994462504919445
88650510d1fffff,Sepang,2.7749569048563703,101.6671034133675,0.0,0.0,0.0,0.0,0.8074238578680203,0.0,0.7980277633784374,0.04668063354076637,0.9533193664592337,2.13,0,6,0.0
88650510e1fffff,Sepang,2.8036747391126777,101.69675110330503,322.4334600760456,20.5,0.013428926997591921,0.069224015668265,0.8074238578680203,0.03336797891570524,0.668486621875623,0.03910312454616034,0.9608968754538396,1.86,1,4,2.8198153034263376
8865051043fffff,Sepang,2.776630279561267,101.74375672546799,0.0,0.0,0.0,0.0,0.8074238578680203,0.0,0.06696926783426434,0.003917367281847621,0.9960826327181523,6.59,0,0,0.0
8865051a95fffff,Sepang,2.902176630792496,101.72833541296416,1289.7338403041824,3.9,0.053715707990367685,0.013169446883230903,0.8074238578680203,0.027002334891070495,0.44022537633121805,0.025750983124779355,0.9742490168752207,4.2,0,2,2.313584014911022
8865051663fffff,Sepang,2.7013915085638907,101.61533317675026,0.0,0.0,0.0,0.0,0.8074238578680203,0.0,0.010794252306739385,0.0006314097822164668,0.9993685902177836,9.08,0,0,0.0
8865051195fffff,Sepang,2.8506662035604364,101.69207857561884,0.0,0.5,0.0,0.0016883906260552438,0.8074238578680203,0.0006816234364388635,0.3848135659874495,0.022509669311914837,0.9774903306880851,3.03,0,2,0.058596403926309194
8865058c03fffff,Sepang,2.6340568952566024,101.68112542114284,0.0,0.0,0.0,0.0,0.8074238578680203,0.0,0.0011734349043416932,6.864007402652588e-05,0.9999313599259735,12.32,0,0,0.0
88650512bdfffff,Sepang,2.7574036263745163,101.69248803600317,0.0,0.0,0.0,0.0,0.8074238578680203,0.0,2.2799680536585285,0.13336672993294993,0.86663327006705,1.23,6,6,0.0
886505002bfffff,Sepang,2.926161652697533,101.62248645235596,0.0,0.2,0.0,0.0006753562504220976,0.8074238578680203,0.0002726493745755454,2.7722439363352303,0.1621624073952277,0.8378375926047723,1.53,4,17,0.020089925581711604
886505034dfffff,Sepang,2.888171413351284,101.70903840337344,644.8669201520912,2.0,0.026857853995183843,0.006753562504220975,0.8074238578680203,0.013569329789179132,0.6446191206874861,0.037706995078458004,0.962293004921542,2.66,0,4,1.1483643615350598
886505164bfffff,Sepang,2.670552188764233,101.612498753554,0.0,0.0,0.0,0.0,0.8074238578680203,0.0,0.002073947413779131,0.00012131555272662041,0.9998786844472733,11.5,0,0,0.0
88650512a1fffff,Sepang,2.7640496702617336,101.70659991289625,0.0,1.6,0.0,0.0054028500033767805,0.8074238578680203,0.0021811949966043633,0.8953720349697262,0.05237478664918511,0.9476252133508148,2.36,0,6,0.1817795733551143
8865050245fffff,Sepang,2.8447307674917055,101.66902527330309,0.0,1.0,0.0,0.0033767812521104876,0.8074238578680203,0.001363246872877727,0.2775898229355837,0.0162376165263279,0.9837623834736721,3.76,0,2,0.11794477383516204
8865050139fffff,Sepang,2.9710442051152532,101.6446268160307,644.8669201520912,29.1,0.026857853995183843,0.0982643344364152,0.8074238578680203,0.05051332004416555,2.293353209295483,0.13414969460391524,0.8658503053960848,1.12,3,11,3.8464731742143714
8865051a91fffff,Sepang,2.894817751913653,101.72315544068103,644.8669201520912,1.0,0.026857853995183843,0.0033767812521104876,0.8074238578680203,0.012206082916301406,0.4052648270198969,0.023705965813756603,0.9762940341862434,4.1,0,2,1.0480232824248483
88650511e1fffff,Sepang,2.85517697472231,101.7330029207122,322.4334600760456,3.4000000000000004,0.013428926997591921,0.01148105625717566,0.8074238578680203,0.010056457389496112,0.09255825930199287,0.005414195322423419,0.9945858046775766,5.44,0,0,0.8796324732597597
8865051ab3fffff,Sepang,2.918320847922122,101.72082080003602,0.0,0.0,0.0,0.0,0.8074238578680203,0.0,1.0694669968459285,0.06255847133984267,0.9374415286601573,2.25,0,5,0.0
8865058debfffff,Sepang,2.6883676937362413,101.6816292010879,0.0,0.4,0.0,0.0013507125008441951,0.8074238578680203,0.0005452987491510908,0.06556995965026022,0.0038355147504625505,0.9961644852495375,6.29,0,0,0.047772672299386296
886505166dfffff,Sepang,2.6999744896877456,101.63320313776906,0.0,0.0,0.0,0.0,0.8074238578680203,0.0,0.028537439986155263,0.0016692975348949132,0.9983307024651051,7.58,0,0,0.0
8865050155fffff,Sepang,2.946819629148987,101.65590868681221,967.3003802281368,3.4,0.04028678099277576,0.011481056257175657,0.8074238578680203,0.02089929343291979,3.958747649182492,0.23156694136745798,0.7684330586325421,1.34,3,25,1.4123802094462123
8865050a69fffff,Sepang,3.011643998115765,101.72041921808295,9350.570342205325,157.7,0.3894388829301658,0.5325184034578239,0.8074238578680203,0.37220515448246094,2.2984510894730903,0.1344478951018505,0.8655521048981495,0.82,1,20,28.332805454664925
88650501c5fffff,Sepang,2.957746753205103,101.61638185737394,967.3003802281368,15.7,0.04028678099277576,0.053015465658134656,0.8074238578680203,0.03766722996931583,1.2326271405064262,0.07210252384552306,0.9278974761544769,2.17,0,11,3.0738145115448883
88650512b1fffff,Sepang,2.7581135628159026,101.68355354272255,0.0,0.0,0.0,0.0,0.8074238578680203,0.0,2.7171486823052495,0.15893961054374856,0.8410603894562514,0.7,6,6,0.0
8865051701fffff,Sepang,2.7462391031158604,101.63745796325472,0.0,0.0,0.0,0.0,0.8074238578680203,0.0,0.16506311456785938,0.009655366787766538,0.9903446332122334,5.24,0,0,0.0
8865051215fffff,Sepang,2.7377230711660197,101.74466553366814,0.0,0.0,0.0,0.0,0.8074238578680203,0.0,0.06398077811821526,0.003742555577697573,0.9962574444223025,6.6,0,0,0.0
8865050183fffff,Sepang,2.9679614043156572,101.58579084447642,322.4334600760456,12.4,0.013428926997591921,0.04187208752617005,0.8074238578680203,0.022325679245395653,0.7010282811127506,0.04100664888374217,0.9589933511162578,0.84,1,1,1.8829303540512274
8865050023fffff,Sepang,2.9342356358883275,101.61872505860077,644.8669201520912,1.4,0.026857853995183843,0.004727493752954682,0.8074238578680203,0.012751381665452496,2.4619260595229218,0.1440103633769864,0.8559896366230136,0.87,3,15,0.9599303683913486
886505102dfffff,Sepang,2.814832894346212,101.75178183773696,0.0,0.0,0.0,0.0,0.8074238578680203,0.0,0.03896813752697914,0.0022794411812969385,0.997720558818703,6.31,0,0,0.0
88650518a3fffff,Sepang,2.9807701953620875,101.71757325418581,322.4334600760456,13.5,0.013428926997591921,0.045586546903491586,0.8074238578680203,0.023825250805561155,5.518302278317891,0.3227930884644882,0.6772069115355118,0.31,10,19,1.4189687873172503
8865050107fffff,Sepang,2.9703306876084885,101.6535683430345,2257.0342205323195,14.4,0.09400248898314346,0.04862565003039102,0.8074238578680203,0.05758068112142216,3.5017767587024906,0.20483642940257688,0.7951635705974232,0.14,3,14,4.0266812514014605
8865051749fffff,Sepang,2.7213331108651677,101.65766755199768,0.0,0.0,0.0,0.0,0.8074238578680203,0.0,0.31297088209824125,0.01830723156085267,0.9816927684391473,3.97,0,4,0.0
8865058c1dfffff,Sepang,2.6267035630213402,101.67594990434453,0.0,0.0,0.0,0.0,0.8074238578680203,0.0,0.0006662458234964089,3.897204904631055e-05,0.9999610279509537,13.17,0,0,0.0
88650510cdfffff,Sepang,2.7801828925377303,101.69908683897526,0.0,0.0,0.0,0.0,0.8074238578680203,0.0,0.7568378145814268,0.04427122751055991,0.9557287724894401,2.2,0,8,0.0
886505100dfffff,Sepang,2.7920528754057345,101.74517986318261,644.8669201520912,2.8,0.026857853995183843,0.009454987505909365,0.8074238578680203,0.014659927287481314,0.056514590630245144,0.003305820945061351,0.9966941790549386,6.37,0,0,1.2850135810620453
8865058c23fffff,Sepang,2.6568255733386144,101.6877212138034,0.0,0.0,0.0,0.0,0.8074238578680203,0.0,0.006364685601182499,0.00037230228042843094,0.9996276977195716,9.79,0,0,0.0
8865050313fffff,Sepang,2.9005174566792826,101.65164893042159,322.4334600760456,2.0,0.013428926997591921,0.006753562504220975,0.8074238578680203,0.008147911767467294,3.9534063061163556,0.23125449950800403,0.768745500491996,0.91,4,22,0.5508620878774612
886505129dfffff,Sepang,2.734626102344906,101.68589000095521,322.4334600760456,2.2,0.013428926997591921,0.007428918754643073,0.8074238578680203,0.008420561142042841,2.0355369127332454,0.11906873049095097,0.880931269509049,1.14,4,6,0.652374593353719
8865051a99fffff,Sepang,2.886746449125436,101.72691250778742,322.4334600760456,2.3,0.013428926997591921,0.007766596879854122,0.8074238578680203,0.008556885829330613,0.2566520852606754,0.015012863573576805,0.9849871364264232,4.62,0,1,0.7412424379691092
886505172bfffff,Sepang,2.7616625916691917,101.63887649111182,0.0,0.0,0.0,0.0,0.8074238578680203,0.0,0.17762016990518062,0.01038989173220089,0.9896101082677992,4.92,0,1,0.0
88650501cdfffff,Sepang,2.9496717864831803,101.62014360667496,9350.570342205325,292.8,0.3894388829301658,0.9887215506179509,0.8074238578680203,0.556379807008242,1.9354055352334516,0.11321154562408384,0.8867884543759161,1.18,1,13,43.39157050980733
886505012bfffff,Sepang,2.97769247590673,101.65874915715446,2257.0342205323195,82.6,0.09400248898314346,0.27892213142432626,0.8074238578680203,0.15055411785168313,2.8034449665215897,0.16398751163728795,0.836012488362712,0.54,4,6,11.069280252503301
8865050235fffff,Sepang,2.8784372959120614,101.63611067072017,0.0,0.0,0.0,0.0,0.8074238578680203,0.0,0.7281998261354582,0.042596048393568446,0.9574039516064315,3.68,0,8,0.0
8865058d83fffff,Sepang,2.6904934238162768,101.6548293858284,0.0,0.0,0.0,0.0,0.8074238578680203,0.0,0.0439102259548868,0.0025685286409268585,0.9974314713590732,6.89,0,0,0.0
8865058c05fffff,Sepang,2.6407024841371913,101.69523231416858,0.0,0.0,0.0,0.0,0.8074238578680203,0.0,0.0018653871360017563,0.00010911581940297006,0.999890884180597,11.64,0,0,0.0
8865058d17fffff,Sepang,2.6869503312696748,101.69949421519848,0.0,0.0,0.0,0.0,0.8074238578680203,0.0,0.052603607202234254,0.003077047971782713,0.9969229520282172,6.65,0,0,0.0
8865058c67fffff,Sepang,2.6473477955993605,101.70933910855364,0.0,0.5,0.0,0.0016883906260552438,0.8074238578680203,0.0006816234364388635,0.0025557669674922006,0.00014949958723243432,0.9998505004127676,11.18,0,0,0.05993680136648236
8865050165fffff,Sepang,2.975551126655319,101.68557200725498,322.4334600760456,2.1,0.013428926997591921,0.007091240629432024,0.8074238578680203,0.008284236454755067,2.147911103279523,0.12564205869963815,0.8743579413003618,1.28,1,15,0.6370238972957867
8865051293fffff,Sepang,2.736045024480277,101.66802152236086,0.0,0.0,0.0,0.0,0.8074238578680203,0.0,1.111033379172812,0.06498989684915354,0.9350101031508464,2.08,0,6,0.0
8865058d07fffff,Sepang,2.692886866737022,101.72253465007104,0.0,0.0,0.0,0.0,0.8074238578680203,0.0,0.03919073400206462,0.002292461961973718,0.9977075380380263,7.11,0,0,0.0
8865058c01fffff,Sepang,2.6333492233377642,101.69005662224176,0.0,0.0,0.0,0.0,0.8074238578680203,0.0,0.001111245880389345,6.500232710768736e-05,0.9999349976728923,12.41,0,0,0.0
8865051199fffff,Sepang,2.8352383546076143,101.69065742047997,967.3003802281368,2.0,0.04028678099277576,0.006753562504220975,0.8074238578680203,0.01899074781089097,0.7742622541167755,0.04529047009074209,0.954709529909258,1.4,2,2,1.5945102076706699
8865051027fffff,Sepang,2.823612443794688,101.73909203908552,2579.467680608365,8.7,0.10743141598073537,0.029377996893361243,0.8074238578680203,0.05523159196773095,0.092556586739477,0.0054140974858800555,0.9945859025141199,4.84,0,2,4.831075670296288
8865058dbdfffff,Sepang,2.7059127777292717,101.65624840572791,0.0,0.0,0.0,0.0,0.8074238578680203,0.0,0.12285554626415715,0.007186435105125751,0.9928135648948743,5.35,0,0,0.0
88650510e5fffff,Sepang,2.8110319474112044,101.70192951022962,644.8669201520912,3.1,0.026857853995183843,0.010468021881542512,0.8074238578680203,0.015068901349344632,0.8641253373178523,0.050547011088756956,0.9494529889112431,1.27,2,2,1.2582560732203694
8865050345fffff,Sepang,2.8962429589843195,101.70528065487407,322.4334600760456,8.0,0.013428926997591921,0.0270142500168839,0.8074238578680203,0.016327393004733654,1.0141919929280274,0.05932516001877732,0.9406748399812227,2.12,0,6,1.3507356246830706
88650518b7fffff,Sepang,2.9821984403955164,101.69969343588326,322.4334600760456,3.1,0.013428926997591921,0.010468021881542512,0.8074238578680203,0.009647483327632794,2.7379365884933757,0.16015559910377009,0.8398444008962299,2.01,0,16,0.712568873376633
886505018bfffff,Sepang,2.959885717226124,101.5895538415279,967.3003802281368,1.0,0.04028678099277576,0.0033767812521104876,0.8074238578680203,0.017627500938013244,0.7729744240817868,0.0452151384736169,0.9547848615263831,0.86,1,2,1.4801654084399511
8865058d31fffff,Sepang,2.701659212642233,101.70984752179452,0.0,0.0,0.0,0.0,0.8074238578680203,0.0,0.11145736958704039,0.0065196987672258375,0.9934803012327742,5.54,0,0,0.0
886505174dfffff,Sepang,2.7286890228644203,101.66284446613902,0.0,0.0,0.0,0.0,0.8074238578680203,0.0,0.5957296069573338,0.034847203002099814,0.9651527969979001,3.01,0,6,0.0
88650512c3fffff,Sepang,2.72514222373682,101.70751319698654,0.0,1.0,0.0,0.0033767812521104876,0.8074238578680203,0.001363246872877727,0.5030888076698967,0.02942817950327728,0.9705718204967227,3.29,0,4,0.11636333710490067
88650501b9fffff,Sepang,2.976037457107778,101.58202761606273,2901.9011406844106,26.2,0.12086034297832729,0.08847166880529478,0.8074238578680203,0.08450983026480301,0.419229114102441,0.02452280677828477,0.9754771932217152,1.62,1,1,7.250005382325935
8865058db7fffff,Sepang,2.7146861907322704,101.64355618544566,0.0,0.0,0.0,0.0,0.8074238578680203,0.0,0.10350403760381285,0.006054468617631354,0.9939455313823686,5.66,0,0,0.0
88650511e5fffff,Sepang,2.862534771592075,101.7381823165459,0.0,0.0,0.0,0.0,0.8074238578680203,0.0,0.07615056072228865,0.004454427003832587,0.9955455729961674,6.41,0,0,0.0
8865050157fffff,Sepang,2.947532740914216,101.64696787366171,0.0,0.0,0.0,0.0,0.8074238578680203,0.0,3.901556599883487,0.22822155097297275,0.7717784490270272,1.07,4,22,0.0
886505108bfffff,Sepang,2.790381473941764,101.66852331532046,0.0,0.0,0.0,0.0,0.8074238578680203,0.0,0.42734202803077004,0.024997371673662366,0.9750026283263377,3.31,0,4,0.0
8865058d1dfffff,Sepang,2.6781788274902625,101.71218149485031,0.0,0.0,0.0,0.0,0.8074238578680203,0.0,0.02132643590868117,0.0012474898557027893,0.9987525101442972,8.02,0,0,0.0
8865058d29fffff,Sepang,2.6995318624246356,101.73664293598942,0.0,0.0,0.0,0.0,0.8074238578680203,0.0,0.028802861031060386,0.001684823338757639,0.9983151766612424,7.6,0,0,0.0
8865051a97fffff,Sepang,2.90288942584242,101.7193981414992,322.4334600760456,2.5,0.013428926997591921,0.008441953130276219,0.8074238578680203,0.008829535203906159,0.6302846873546916,0.03686850240924317,0.9631314975907568,3.7,0,6,0.7478894517622661
8865051addfffff,Sepang,2.87725061209417,101.74854153100628,0.0,0.0,0.0,0.0,0.8074238578680203,0.0,0.08138988815028352,0.004760901458594548,0.9952390985414055,6.46,0,0,0.0
8865058c27fffff,Sepang,2.664179440007336,101.69289726367927,0.0,0.0,0.0,0.0,0.8074238578680203,0.0,0.010722018659911535,0.000627184475088543,0.9993728155249114,9.02,0,0,0.0
88650512edfffff,Sepang,2.746498023162312,101.73197821483728,0.0,0.0,0.0,0.0,0.8074238578680203,0.0,0.17555641074935346,0.010269172141617067,0.989730827858383,5.13,0,0,0.0
8865050349fffff,Sepang,2.8808125299546727,101.70385874645919,0.0,0.7,0.0,0.002363746876477341,0.8074238578680203,0.0009542728110144088,0.6320649160302504,0.036972636884553545,0.9630273631154465,2.55,0,4,0.08082117441516762
8865051025fffff,Sepang,2.8229009621366545,101.74802651855194,0.0,0.0,0.0,0.0,0.8074238578680203,0.0,0.05016570242536885,0.002934442733320388,0.9970655572666796,5.83,0,0,0.0
886505119dfffff,Sepang,2.842596403313518,101.69583629415116,644.8669201520912,15.7,0.026857853995183843,0.053015465658134656,0.8074238578680203,0.032245811947603994,0.5212826813531714,0.03049243013348146,0.9695075698665185,2.11,0,2,2.7494036244806894
8865051285fffff,Sepang,2.7486278532068433,101.7051785203546,322.4334600760456,4.7,0.013428926997591921,0.015870871884919292,0.8074238578680203,0.011828678324237157,1.1869473368969807,0.06943048376075285,0.9305695162392471,2.19,0,6,0.9680527494964548
8865051085fffff,Sepang,2.8050962978492633,101.67887956983941,0.0,1.0,0.0,0.0033767812521104876,0.8074238578680203,0.001363246872877727,0.5011744320611651,0.029316198103191318,0.9706838018968087,2.49,0,4,0.11637676272589285
8865051765fffff,Sepang,2.759533305200396,101.66568363786303,0.0,0.0,0.0,0.0,0.8074238578680203,0.0,1.149546768642494,0.06724273754311132,0.9327572624568887,2.01,0,6,0.0
8865051ab7fffff,Sepang,2.925680305865487,101.72600113111011,644.8669201520912,1.0,0.026857853995183843,0.0033767812521104876,0.8074238578680203,0.012206082916301406,1.2412819630158365,0.07260878768302638,0.9273912123169736,2.17,0,10,0.9955275238719565
88650518a7fffff,Sepang,2.9881311301709674,101.72275455306688,322.4334600760456,4.3,0.013428926997591921,0.014520159384075098,0.8074238578680203,0.011283379575086067,4.2553031742001295,0.2489139566257143,0.7510860433742856,0.72,4,18,0.7453201620553188
8865051747fffff,Sepang,2.737463774557195,101.65015182189616,0.0,0.0,0.0,0.0,0.8074238578680203,0.0,0.3572374963192071,0.02089660713319033,0.9791033928668097,3.91,0,5,0.0
8865050001fffff,Sepang,2.910727067642662,101.62106790673862,0.0,0.0,0.0,0.0,0.8074238578680203,0.0,2.080982598044738,0.12172707582602267,0.8782729241739773,1.01,2,16,0.0
886505003dfffff,Sepang,2.9268741672495473,101.61354513575075,0.0,0.6,0.0,0.0020260687512662925,0.8074238578680203,0.0008179481237266361,1.7214552793975373,0.10069652553712807,0.899303474462872,1.87,1,11,0.06469131978608786
886505026bfffff,Sepang,2.852800931199828,101.66526653490004,0.0,0.0,0.0,0.0,0.8074238578680203,0.0,0.2959114788275146,0.017309341776750885,0.9826906582232491,4.67,0,3,0.0
8865051037fffff,Sepang,2.817678061156838,101.71604343107087,0.0,0.6,0.0,0.0020260687512662925,0.8074238578680203,0.0008179481237266361,0.4585108312665698,0.026820590800268926,0.9731794091997311,2.33,0,2,0.07000557893694097
8865058de7fffff,Sepang,2.703786184925913,101.68304934127465,0.0,0.0,0.0,0.0,0.8074238578680203,0.0,0.20645711787634108,0.012076708986499264,0.9879232910135007,4.57,0,4,0.0
8865050167fffff,Sepang,2.9762649585707353,101.6766313634012,1612.1673003802282,20.4,0.06714463498795961,0.06888633754305394,0.8074238578680203,0.054917326315264824,2.324233672541645,0.13595604728300067,0.8640439527169993,0.4,1,14,4.1731039194539665
8865058d09fffff,Sepang,2.6767614632872614,101.73004398593493,0.0,0.0,0.0,0.0,0.8074238578680203,0.0,0.010648200328407636,0.000622866471831443,0.9993771335281686,9.07,0,0,0.0
8865051035fffff,Sepang,2.816966836478397,101.72497849560052,1289.7338403041824,7.6,0.053715707990367685,0.025663537516039708,0.8074238578680203,0.032046348320718086,0.24633969789806345,0.014409640480978415,0.9855903595190216,3.32,0,2,2.7777232581579367
8865058e37fffff,Sepang,2.601815826494055,101.69614663517204,644.8669201520912,1.0,0.026857853995183843,0.0033767812521104876,0.8074238578680203,0.012206082916301406,0.00010489921267712854,6.136079382709182e-06,0.9999938639206173,15.95,0,0,1.0734643611177355
8865051117fffff,Sepang,2.8463955162485335,101.74569436180981,0.0,0.0,0.0,0.0,0.8074238578680203,0.0,0.0493571631892714,0.00288714723118922,0.9971128527688108,6.12,0,0,0.0
8865058cebfffff,Sepang,2.6368871775376705,101.64539756199187,0.0,0.0,0.0,0.0,0.8074238578680203,0.0,0.000868662505728295,5.0812412752207834e-05,0.9999491875872478,12.77,0,0,0.0
88650512cdfffff,Sepang,2.7237232056763623,101.72537854112942,322.4334600760456,11.0,0.013428926997591921,0.03714459377321536,0.8074238578680203,0.020417133623366834,0.16579995430663264,0.009698468227844679,0.9903015317721553,5.01,0,0,1.7781819662867189
8865058c65fffff,Sepang,2.6466397131605035,101.7182697622951,322.4334600760456,96.7,0.013428926997591921,0.3265347470790842,0.8074238578680203,0.13724739062898805,0.0020275186262249424,0.00011859970082645112,0.9998814002991735,11.54,0,0,12.06886878609851
8865051ac7fffff,Sepang,2.891966778800787,101.75890130866442,322.4334600760456,1.6,0.013428926997591921,0.0054028500033767805,0.8074238578680203,0.007602613018316203,0.14433024784794585,0.008442597761405136,0.9915574022385949,4.6,0,1,0.662971295886095
8865058dd7fffff,Sepang,2.675075051294559,101.65341049228405,0.0,0.0,0.0,0.0,0.8074238578680203,0.0,0.015009638615728892,0.0008779888018355978,0.9991220111981644,8.5,0,0,0.0
8865051885fffff,Sepang,2.9646207966084295,101.72508953580451,3546.7680608365017,32.9,0.14771819697351113,0.11109610319443504,0.8074238578680203,0.10448642035650745,5.8584657097787005,0.34269094818401474,0.6573090518159852,0.4,9,22,6.040090465438058
8865058dd1fffff,Sepang,2.66701218686291,101.65716763940658,0.0,0.0,0.0,0.0,0.8074238578680203,0.0,0.009532683960608019,0.00055761434256525,0.9994423856574347,9.17,0,0,0.0
8865058dadfffff,Sepang,2.7118503283539104,101.67929273387232,0.0,0.0,0.0,0.0,0.8074238578680203,0.0,0.3630016041019492,0.021233778614488864,0.9787662213855112,3.71,0,4,0.0
8865058c07fffff,Sepang,2.641410320517776,101.68630107963975,0.0,0.0,0.0,0.0,0.8074238578680203,0.0,0.002034366667772137,0.00011900027701265199,0.9998809997229874,11.5,0,0,0.0
8865051605fffff,Sepang,2.702099954415767,101.6063977416441,0.0,0.0,0.0,0.0,0.8074238578680203,0.0,0.006359343610835912,0.00037198980070630744,0.9996280101992937,9.9,0,0,0.0
88650518e9fffff,Sepang,2.955118934535858,101.74672386673579,967.3003802281368,3.5,0.04028678099277576,0.011818734382386707,0.8074238578680203,0.02103561812020756,3.952771495824579,0.23121736628036685,0.7687826337196332,0.57,4,21,1.4222397809167324
8865050249fffff,Sepang,2.8293026787358753,101.66760511552587,0.0,0.0,0.0,0.0,0.8074238578680203,0.0,0.2978240084076402,0.017421215193394634,0.9825787848066053,3.16,0,2,0.0
88650518adfffff,Sepang,2.97934175539317,101.73545183946752,967.3003802281368,25.3,0.04028678099277576,0.08543256567839534,0.8074238578680203,0.050754399948942014,5.54065755893456,0.3241007605907684,0.6758992394092316,0.23,5,20,3.0169605748431922
8865051a81fffff,Sepang,2.9007509004264147,101.74620902963308,0.0,0.0,0.0,0.0,0.8074238578680203,0.0,0.2781776833829009,0.016272003422841564,0.9837279965771585,4.15,0,1,0.0
886505022dfffff,Sepang,2.8763017600781677,101.66292760178769,322.4334600760456,5.9,0.013428926997591921,0.019923009387451878,0.8074238578680203,0.013464574571690431,1.0724886855457623,0.06273522501852932,0.9372647749814706,2.69,0,8,1.1098618179831796
8865058dd5fffff,Sepang,2.6743668036490655,101.6623436958539,0.0,0.0,0.0,0.0,0.8074238578680203,0.0,0.01804441618058387,0.0010555081136738185,0.9989444918863262,8.22,0,0,0.0
886505101bfffff,Sepang,2.7794724576036254,101.70802143196924,0.0,0.0,0.0,0.0,0.8074238578680203,0.0,0.5231741995766147,0.030603074490828674,0.9693969255091713,2.93,0,7,0.0
8865050361fffff,Sepang,2.911674339886419,101.70670268991901,0.0,0.0,0.0,0.0,0.8074238578680203,0.0,1.3985464201752764,0.08180797201035918,0.9181920279896408,2.53,0,9,0.0
8865058db9fffff,Sepang,2.6985573016298487,101.65107188373582,0.0,0.0,0.0,0.0,0.8074238578680203,0.0,0.06316941636098976,0.0036950949721947105,0.9963049050278053,6.35,0,0,0.0
8865051767fffff,Sepang,2.760243111028534,101.65674822712188,0.0,0.0,0.0,0.0,0.8074238578680203,0.0,0.6285365909325722,0.03676624751007849,0.9632337524899215,2.96,0,6,0.0
8865050205fffff,Sepang,2.8615830715396586,101.65256926666733,0.0,0.0,0.0,0.0,0.8074238578680203,0.0,0.37152468711886344,0.021732336350457546,0.9782676636495424,4.69,0,2,0.0
8865051721fffff,Sepang,2.7690197751211767,101.64405394408483,0.0,0.0,0.0,0.0,0.8074238578680203,0.0,0.22687363911694014,0.013270973384237671,0.9867290266157623,4.37,0,2,0.0
88650511a5fffff,Sepang,2.879387901506732,101.72173278547932,0.0,0.4,0.0,0.0013507125008441951,0.8074238578680203,0.0005452987491510908,0.24945785445313828,0.014592037046799598,0.9854079629532004,4.33,0,1,0.04725682594835398
8865058c95fffff,Sepang,2.639716808452903,101.60966483532391,0.0,0.0,0.0,0.0,0.8074238578680203,0.0,0.00030694751780663894,1.7954894870223666e-05,0.9999820451051298,14.35,0,0,0.0
8865058d85fffff,Sepang,2.697139944847971,101.66893941129891,0.0,0.0,0.0,0.0,0.8074238578680203,0.0,0.1044539149410821,0.006110031691905899,0.9938899683080941,5.58,0,0,0.0
88650512e9fffff,Sepang,2.739142839608452,101.72680067646633,0.0,0.0,0.0,0.0,0.8074238578680203,0.0,0.2324914810160864,0.013599589042762886,0.9864004109572371,4.61,0,4,0.0
8865058c69fffff,Sepang,2.631225965256465,101.71684838599234,0.0,0.0,0.0,0.0,0.8074238578680203,0.0,0.000699386042153019,4.0910586116776444e-05,0.9999590894138832,13.13,0,0,0.0
8865051a9dfffff,Sepang,2.894105078419773,101.73209237125899,644.8669201520912,1.4,0.026857853995183843,0.004727493752954682,0.8074238578680203,0.012751381665452496,0.27963062449117937,0.016356993212099935,0.9836430067879001,5.1,0,0,1.1030843756433588
88650511ddfffff,Sepang,2.8257466196261047,101.71228674852769,322.4334600760456,16.3,0.013428926997591921,0.055041534409400954,0.8074238578680203,0.027642342049618795,0.5898867949826906,0.03450542771914317,0.9654945722808568,1.88,2,2,2.3471381523511745
88650510c1fffff,Sepang,2.7808932835260545,101.69015193897079,0.0,0.0,0.0,0.0,0.8074238578680203,0.0,0.94664933771289,0.05537425244242901,0.944625747557571,1.75,2,8,0.0
886505004bfffff,Sepang,2.88650918441042,101.63235032700163,0.0,0.0,0.0,0.0,0.8074238578680203,0.0,1.0461945642251869,0.061197150407633655,0.9388028495923664,2.73,0,10,0.0
886505035bfffff,Sepang,2.8755898218348266,101.6718659683925,644.8669201520912,7.2,0.026857853995183843,0.02431282501519551,0.8074238578680203,0.020658213528143315,1.0772794889123893,0.06301546305859027,0.9369845369414097,2.29,0,9,1.7023120188906462
88650510e3fffff,Sepang,2.804385540773071,101.68781548983506,322.4334600760456,4.8,0.013428926997591921,0.01620855001013034,0.8074238578680203,0.01196500301152493,0.6487624367858016,0.03794935835114693,0.962050641648853,1.96,1,4,1.0123361030191487
8865051ad1fffff,Sepang,2.8779630880530997,101.73960559145614,0.0,0.0,0.0,0.0,0.8074238578680203,0.0,0.11173624886808302,0.006536011810603365,0.9934639881893966,6.24,0,0,0.0
886505035dfffff,Sepang,2.8822369729329123,101.68598347774748,0.0,0.0,0.0,0.0,0.8074238578680203,0.0,1.4150265449556125,0.08277197689951259,0.9172280231004875,1.47,2,8,0.0
8865058d39fffff,Sepang,2.693595817730507,101.71360287770825,0.0,0.0,0.0,0.0,0.8074238578680203,0.0,0.057745331025195856,0.003377813103726723,0.9966221868962732,6.52,0,0,0.0
8865058cabfffff,Sepang,2.6537187001665115,101.6289494490938,0.0,0.0,0.0,0.0,0.8074238578680203,0.0,0.0015949111510835052,9.32943268272045e-05,0.9999067056731727,11.87,0,0,0.0
8865058d4bfffff,Sepang,2.6606375807662426,101.73755239456483,0.0,0.0,0.0,0.0,0.8074238578680203,0.0,0.002877875658614624,0.00016834133492668257,0.9998316586650733,11.03,0,0,0.0
8865058d5dfffff,Sepang,2.6613460345917437,101.72862198390317,0.0,0.0,0.0,0.0,0.8074238578680203,0.0,0.004149331682768881,0.00024271515429792522,0.999757284845702,10.48,0,0,0.0
8865051a35fffff,Hulu Langat,2.919972957802019,101.79749387367212,1059.8396051819866,1.8,0.044140917272632994,0.006078206253798878,0.9081177520071365,0.022802438782296007,0.2899804652984771,0.016962407143922786,0.9830375928560772,3.85,0,2,1.9713575670222365
8865054259fffff,Hulu Langat,3.184028003275036,101.8984620841915,0.0,0.0,0.0,0.0,0.9081177520071365,0.0,0.0003680786167933316,2.1530758468829916e-05,0.9999784692415312,13.93,0,0,0.0
8865054641fffff,Hulu Langat,3.1565514405337556,101.75630325091022,21233.88648982107,82.1,0.8843632775572007,0.277233740798271,0.9081177520071365,0.5274334365235818,6.572911791008971,0.38448247127759333,0.6155175287224066,0.48,4,57,28.55104859242543
8865051853fffff,Hulu Langat,2.930185870950539,101.76693058370994,2119.679210363973,20.5,0.08828183454526599,0.069224015668265,0.9081177520071365,0.07151692931194226,1.6346154643702153,0.09561683060912592,0.904383169390874,0.35,1,6,5.688205922144911
8865051a29fffff,Hulu Langat,2.9104743317991204,101.81911784461877,0.0,0.0,0.0,0.0,0.9081177520071365,0.0,0.40523217926650806,0.02370405608344168,0.9762959439165583,2.17,0,2,0.0
8865054211fffff,Hulu Langat,3.2089933787676497,101.87825887740925,0.0,1.0,0.0,0.0033767812521104876,0.9081177520071365,0.00153325749984321,0.0009257688924218014,5.415285080763513e-05,0.9999458471491923,13.23,0,0,0.134835906213746
886505cd8dfffff,Hulu Langat,3.049564721469307,101.92650918029601,0.0,0.0,0.0,0.0,0.9081177520071365,0.0,0.00039138541667191014,2.289408971376552e-05,0.9999771059102862,14.82,0,0,0.0
886505575dfffff,Hulu Langat,3.083305094165103,101.89362938158806,0.0,0.0,0.0,0.0,0.9081177520071365,0.0,0.0022189347127796995,0.0001297965846948046,0.9998702034153052,12.28,0,0,0.0
886505545dfffff,Hulu Langat,3.0883248581175406,101.8310653358897,0.0,0.0,0.0,0.0,0.9081177520071365,0.0,0.11581275499247001,0.0067744670339073675,0.9932255329660926,6.18,0,0,0.0
8865055767fffff,Hulu Langat,3.1208246873333634,101.91061249883907,0.0,0.0,0.0,0.0,0.9081177520071365,0.0,0.0003613285970567128,2.113591606837997e-05,0.9999788640839317,14.58,0,0,0.0
8865055695fffff,Hulu Langat,3.061744678957954,101.77457530138487,4239.358420727946,19.6,0.17656366909053198,0.06618491254136556,0.9081177520071365,0.11022214812723984,4.358826572290639,0.2549695577350034,0.7450304422649966,0.13,6,19,7.221989769744697
88650550bdfffff,Hulu Langat,3.1745085393101644,101.92009295144952,0.0,0.0,0.0,0.0,0.9081177520071365,0.0,9.262168057006007e-05,5.417905149461018e-06,0.9999945820948506,15.92,0,0,0.0
8865054299fffff,Hulu Langat,3.2059452890307103,101.8194246153744,0.0,0.0,0.0,0.0,0.9081177520071365,0.0,0.05210456116829511,0.0030478562743263943,0.9969521437256736,6.93,0,0,0.0
8865051b05fffff,Hulu Langat,2.954621066090093,101.85020397311389,3179.51881554596,9.7,0.13242275181789898,0.03275477814547173,0.9081177520071365,0.07500032359621382,0.18654446480518655,0.010911918357030674,0.9890880816429694,3.48,0,2,6.523971955416767
88650542e7fffff,Hulu Langat,3.233962675542996,101.85805118763913,0.0,0.0,0.0,0.0,0.9081177520071365,0.0,0.001883077223939079,0.00011015060108626657,0.9998898493989138,11.66,0,0,0.0
8865051981fffff,Hulu Langat,3.0087846020099343,101.75617813939016,9008.636644046886,68.1,0.37519779681738047,0.2299588032687242,0.9081177520071365,0.2747767256412375,3.9621445881424497,0.23176564530988578,0.7682343546901143,1.72,2,24,18.56468770946351
8865055663fffff,Hulu Langat,3.061941791119313,101.86914233700625,0.0,0.0,0.0,0.0,0.9081177520071365,0.0,0.017633118534657405,0.001031449258121736,0.9989685507418783,9.18,0,0,0.0
886505553bfffff,Hulu Langat,3.1728972382160183,101.84339219063855,0.0,0.0,0.0,0.0,0.9081177520071365,0.0,0.02064331129537559,0.0012075304818567024,0.9987924695181433,7.83,0,0,0.0
886505cc9bfffff,Hulu Langat,2.985484225660348,101.8530608687743,0.0,0.0,0.0,0.0,0.9081177520071365,0.0,0.09912015440568628,0.005798033372583089,0.9942019666274169,4.93,0,1,0.0
8865054291fffff,Hulu Langat,3.2140285651949156,101.81566735685544,0.0,0.0,0.0,0.0,0.9081177520071365,0.0,0.0540916798867974,0.0031640927825748104,0.9968359072174252,6.58,0,0,0.0
88650554bbfffff,Hulu Langat,3.126378498877633,101.74451047762146,7948.7970388649,97.6,0.3310568795447475,0.32957385020598357,0.9081177520071365,0.299965246604034,8.596136111755444,0.5028309767076539,0.49716902329234614,0.7,4,70,13.115624738904323
88650554c7fffff,Hulu Langat,3.108067343753744,101.77885269107955,0.0,0.7,0.0,0.002363746876477341,0.9081177520071365,0.0010732802498902468,1.3430728555498341,0.07856304588082515,0.9214369541191748,2.15,0,9,0.0869746606350664
8865055737fffff,Hulu Langat,3.1317761103353203,101.87110744446834,1059.8396051819866,1.4,0.044140917272632994,0.004727493752954682,0.9081177520071365,0.022189135782358725,0.004605619397406777,0.0002694057038923316,0.9997305942961077,10.08,0,0,1.950910517903301
886505ccb7fffff,Hulu Langat,3.023710472930433,101.86110077996088,529.9198025909933,3.0,0.022070458636316497,0.010130343756331463,0.9081177520071365,0.014621060140818742,0.04873199142013877,0.0028505778089283136,0.9971494221910717,7.12,0,0,1.2821920653412981
88650542a9fffff,Hulu Langat,3.234682457121879,101.84910913942713,0.0,0.0,0.0,0.0,0.9081177520071365,0.0,0.003310218872281091,0.00019363125095110909,0.9998063687490489,10.73,0,0,0.0
8865051b03fffff,Hulu Langat,2.9479774906007266,101.83608791702434,1059.8396051819866,4.6,0.044140917272632994,0.015533193759708243,0.9081177520071365,0.027095559781856994,0.3141858754535551,0.018378302596443918,0.9816216974035561,2.78,0,2,2.339140221162011
88650552dbfffff,Hulu Langat,3.071641430772299,101.94205960812171,0.0,0.0,0.0,0.0,0.9081177520071365,0.0,9.507084569092432e-05,5.56116906173881e-06,0.9999944388309383,17.34,0,0,0.0
8865054201fffff,Hulu Langat,3.2149170665983684,101.90132502754355,0.0,0.0,0.0,0.0,0.9081177520071365,0.0,0.00016586227007322048,9.702113388573905e-06,0.9999902978866114,15.73,0,0,0.0
8865055193fffff,Hulu Langat,3.2046754160172473,101.93189642413661,0.0,0.0,0.0,0.0,0.9081177520071365,0.0,2.4405525836980618e-05,1.427601219214149e-06,0.9999985723987808,18.23,0,0,0.0
8865055459fffff,Hulu Langat,3.08096356286731,101.82588194575844,0.0,0.0,0.0,0.0,0.9081177520071365,0.0,0.19625169887841556,0.011479743008329126,0.9885202569916709,5.23,0,0,0.0
886505190dfffff,Hulu Langat,3.0030634501562465,101.82768106925452,1059.8396051819866,1.8,0.044140917272632994,0.006078206253798878,0.9081177520071365,0.022802438782296007,0.5177719350950993,0.030287069033218636,0.9697129309667814,2.77,0,4,1.9446366427825448
88650554e1fffff,Hulu Langat,3.1227928415034585,101.78922002989394,1589.75940777298,2.0,0.06621137590894949,0.006753562504220975,0.9081177520071365,0.033130377923553764,0.9481773062149981,0.0554636309590445,0.9445363690409555,2.19,0,4,2.752067327817959
886505191bfffff,Hulu Langat,2.9904893756919617,101.7905060677375,5829.117828500926,513.8,0.24277504499948147,1.0,0.9081177520071365,0.5642930400577485,2.6298409778263556,0.153832546422557,0.846167453577443,0.37,2,11,41.99281514945007
8865055707fffff,Hulu Langat,3.1148998423341205,101.88755352455584,0.0,0.0,0.0,0.0,0.9081177520071365,0.0,0.0018701198203143516,0.00010939265776900022,0.999890607342231,12.19,0,0,0.0
8865051a55fffff,Hulu Langat,2.8803318196908387,101.80733065764572,529.9198025909933,2.5,0.022070458636316497,0.008441953130276219,0.9081177520071365,0.01385443139089714,0.06552703610349946,0.0038330039376204927,0.9961669960623795,5.06,0,0,1.2137656284287128
88650556a3fffff,Hulu Langat,3.0838301944705995,101.79012426978584,2119.679210363973,5.6,0.08828183454526599,0.01890997501181873,0.9081177520071365,0.04867139256427843,1.078017136704796,0.0630586117657652,0.9369413882342348,3.02,0,7,4.01051528261022
886505cca3fffff,Hulu Langat,3.022278468936394,101.87897229978296,0.0,0.0,0.0,0.0,0.9081177520071365,0.0,0.014476846456368011,0.0008468231247929501,0.9991531768752071,8.74,0,0,0.0
88650540c9fffff,Hulu Langat,3.2515710113184584,101.8326529081631,0.0,0.0,0.0,0.0,0.9081177520071365,0.0,0.005198546086507129,0.00030408895021606636,0.999695911049784,9.85,0,0,0.0
886505544bfffff,Hulu Langat,3.087607900981051,101.84000400143628,0.0,0.0,0.0,0.0,0.9081177520071365,0.0,0.0685492502630112,0.0040097883530706875,0.9959902116469294,6.95,0,0,0.0
8865054203fffff,Hulu Langat,3.2156368220824936,101.89238493242928,0.0,0.0,0.0,0.0,0.9081177520071365,0.0,0.0003018946028397675,1.765932461226345e-05,0.9999823406753877,14.94,0,0,0.0
8865051b5dfffff,Hulu Langat,2.923761671653717,101.84734758548106,5829.117828500926,14.5,0.24277504499948147,0.04896332815560207,0.9081177520071365,0.1324663978019068,1.1275540088337992,0.06595627107127638,0.9340437289287236,0.44,2,2,10.881453615137021
886505571bfffff,Hulu Langat,3.0935346824637,101.86306400605538,0.0,0.0,0.0,0.0,0.9081177520071365,0.0,0.013778752677237282,0.0008059881296008883,0.9991940118703991,9.51,0,0,0.0
8865051939fffff,Hulu Langat,3.012569299235249,101.80605189138625,1059.8396051819866,20.0,0.044140917272632994,0.06753562504220975,0.9081177520071365,0.05070772527944243,1.7425712343455781,0.10193170330916429,0.8980682966908358,1.34,1,13,4.004953459884478
8865051b27fffff,Hulu Langat,2.978125599336945,101.8478789997674,0.0,0.0,0.0,0.0,0.9081177520071365,0.0,0.13441958525414674,0.0078628735589178,0.9921371264410822,4.46,0,1,0.0
8865051a3bfffff,Hulu Langat,2.9052568267462684,101.78713284853004,529.9198025909933,6.9,0.022070458636316497,0.023299790639562366,0.9081177520071365,0.020600764390207263,0.19735125306206622,0.011544061429643088,0.988455938570357,3.91,0,1,1.7908311075085517
8865051b01fffff,Hulu Langat,2.947263084581806,101.84502260325785,2119.679210363973,370.0,0.08828183454526599,1.0,0.9081177520071365,0.49414402656872475,0.30391169738911006,0.01777731455671891,0.9822226854432811,2.59,0,2,42.68521662028416
886505cdd7fffff,Hulu Langat,3.0355637857178746,101.90720821074798,0.0,0.0,0.0,0.0,0.9081177520071365,0.0,0.0017944145592614055,0.00010496427856905908,0.9998950357214309,12.21,0,0,0.0
8865054237fffff,Hulu Langat,3.2398866376248585,101.88112034135015,0.0,0.0,0.0,0.0,0.9081177520071365,0.0,0.0003431449621078445,2.007226435293875e-05,0.999979927735647,14.31,0,0,0.0
88650556abfffff,Hulu Langat,3.0757518731770372,101.7938809972272,0.0,0.0,0.0,0.0,0.9081177520071365,0.0,1.3088284991981176,0.07655992227654543,0.9234400777234546,2.47,0,9,0.0
8865055611fffff,Hulu Langat,3.0493706597692722,101.83196439577415,0.0,0.0,0.0,0.0,0.9081177520071365,0.0,0.2719823375336631,0.015909606671101695,0.9840903933288982,5.05,0,0,0.0
88650555d7fffff,Hulu Langat,3.1536804777628262,101.79207325817165,0.0,0.0,0.0,0.0,0.9081177520071365,0.0,0.8990081775178638,0.0525874828053602,0.9474125171946398,1.92,1,4,0.0
8865051aedfffff,Hulu Langat,2.90597007086108,101.77819740419181,0.0,0.9,0.0,0.003039103126899439,0.9081177520071365,0.001379931749858889,0.25569726848291835,0.014957011566733886,0.9850429884332661,3.32,0,1,0.11954372123770754
886505193dfffff,Hulu Langat,3.019929423672638,101.81123411264416,1589.75940777298,3.7,0.06621137590894949,0.012494090632808805,0.9081177520071365,0.03573691567328722,1.274476052866435,0.07455047594895235,0.9254495240510476,1.82,1,12,2.9085985503518463
88650554edfffff,Hulu Langat,3.1220755542239726,101.79816100634507,0.0,0.0,0.0,0.0,0.9081177520071365,0.0,0.5593919810076574,0.0327216335939414,0.9672783664060586,2.82,0,4,0.0
8865055643fffff,Hulu Langat,3.039145644312595,101.86252992208541,0.0,1.0,0.0,0.0033767812521104876,0.9081177520071365,0.00153325749984321,0.03818840027731488,0.002233830451344926,0.997766169548655,7.87,0,0,0.13454199149290372
8865054207fffff,Hulu Langat,3.2229998567133356,101.89757074199524,0.0,0.0,0.0,0.0,0.9081177520071365,0.0,0.0001777111357572414,1.0395212779662694e-05,0.9999896047872203,15.73,0,0,0.0
886505542dfffff,Hulu Langat,3.13392994137263,101.8442899832489,0.0,0.0,0.0,0.0,0.9081177520071365,0.0,0.028265448012464795,0.0016533873645568251,0.9983466126354432,7.09,0,0,0.0
886505cc27fffff,Hulu Langat,3.02462277055916,101.94669553793644,0.0,0.0,0.0,0.0,0.9081177520071365,0.0,0.00013837423071152202,8.094200542577953e-06,0.9999919057994574,15.89,0,0,0.0
8865051b2bfffff,Hulu Langat,2.9626938718502376,101.8464507380103,2119.679210363973,7.2,0.08828183454526599,0.02431282501519551,0.9081177520071365,0.051124604564027565,0.15928523825275667,0.00931738991617582,0.9906826100838242,4.31,0,2,4.454289922192694
8865055743fffff,Hulu Langat,3.090665248980731,101.89881311034593,0.0,0.0,0.0,0.0,0.9081177520071365,0.0,0.0013548240473079199,7.925043183567486e-05,0.9999207495681643,13.06,0,0,0.0
886505cdb5fffff,Hulu Langat,3.0745106833713782,101.90631833396975,0.0,0.0,0.0,0.0,0.9081177520071365,0.0,0.0010902710278646833,6.377540312182217e-05,0.9999362245968781,13.45,0,0,0.0
886505cc97fffff,Hulu Langat,3.0009172119165637,101.8544895071528,0.0,0.0,0.0,0.0,0.9081177520071365,0.0,0.0880072182154262,0.005147982176790985,0.994852017823209,5.32,0,0,0.0
886505cc11fffff,Hulu Langat,2.9878342078903657,101.92078245552452,0.0,0.0,0.0,0.0,0.9081177520071365,0.0,0.0015299341973395155,8.949349995687403e-05,0.9999105065000431,11.14,0,0,0.0
8865055661fffff,Hulu Langat,3.0612250497651488,101.87807902713726,0.0,0.0,0.0,0.0,0.9081177520071365,0.0,0.009636667849104075,0.0005636968800605357,0.9994363031199395,10.16,0,0,0.0
88650556e1fffff,Hulu Langat,3.0662411870539117,101.81551558467343,0.0,0.0,0.0,0.0,0.9081177520071365,0.0,0.583517110060563,0.03413283300343905,0.9658671669965609,3.44,0,6,0.0
8865055535fffff,Hulu Langat,3.187623285010719,101.8537621672703,0.0,0.0,0.0,0.0,0.9081177520071365,0.0,0.007766922379812156,0.0004543261199543684,0.9995456738800457,9.65,0,0,0.0
886505cda3fffff,Hulu Langat,3.0737934452820297,101.91525412950419,0.0,0.0,0.0,0.0,0.9081177520071365,0.0,0.0005941783351647961,3.47564613595246e-05,0.9999652435386405,14.42,0,0,0.0
8865051927fffff,Hulu Langat,3.0346498948967198,101.82159897474779,0.0,0.0,0.0,0.0,0.9081177520071365,0.0,0.617977509553649,0.036148594051143755,0.9638514059488562,3.51,0,6,0.0
8865055699fffff,Hulu Langat,3.046305642895646,101.77314975867425,5829.117828500926,134.7,0.24277504499948147,0.45485243465928266,0.9081177520071365,0.3167639492830606,5.024969333586046,0.2939355781579281,0.706064421842072,1.19,10,21,19.669533353669983
8865055653fffff,Hulu Langat,3.033218039568868,101.83947369808435,0.0,0.0,0.0,0.0,0.9081177520071365,0.0,0.19376846641740317,0.011334486327009776,0.9886655136729903,5.24,0,0,0.0
886505cc3bfffff,Hulu Langat,3.003265438568069,101.92221394589097,0.0,0.0,0.0,0.0,0.9081177520071365,0.0,0.001010302598415751,5.909764988911164e-05,0.9999409023501109,12.42,0,0,0.0
886505cdc3fffff,Hulu Langat,3.0341306975414475,101.92507730826155,0.0,0.0,0.0,0.0,0.9081177520071365,0.0,0.0005303051812119776,3.102020125731744e-05,0.9999689797987427,13.95,0,0,0.0
8865055411fffff,Hulu Langat,3.10591635932436,101.80567450080814,529.9198025909933,1.7000000000000002,0.022070458636316497,0.00574052812858783,0.9081177520071365,0.01262782539102257,0.3301455023320057,0.019311860961138336,0.9806881390388617,4.74,0,2,1.089114325317661
88650519c7fffff,Hulu Langat,2.999994121934646,101.76887389189261,529.9198025909933,82.6,0.022070458636316497,0.27892213142432626,0.9081177520071365,0.13666835712833825,3.6178476961193438,0.21162599881724387,0.7883740011827561,1.07,3,25,9.475764248514517
8865055507fffff,Hulu Langat,3.1714599804688897,101.86127299085582,0.0,0.4,0.0,0.0013507125008441951,0.9081177520071365,0.0006133029999372839,0.0060816373890065795,0.0003557453754267594,0.9996442546245733,9.57,0,0,0.053918095404043846
88650550bbfffff,Hulu Langat,3.167865914834111,101.90596946504397,0.0,0.5,0.0,0.0016883906260552438,0.9081177520071365,0.000766628749921605,0.0002750416261842659,1.6088559758886052e-05,0.9999839114402411,14.23,0,0,0.06742051946243745
8865051ac5fffff,Hulu Langat,2.891253919408942,101.76783700162775,0.0,0.0,0.0,0.0,0.9081177520071365,0.0,0.12234606959668798,0.007156633267767341,0.9928433667322326,4.64,0,1,0.0
886505c59bfffff,Hulu Langat,2.877479677775267,101.84306395631828,0.0,0.0,0.0,0.0,0.9081177520071365,0.0,0.10136634564383386,0.005929424327712959,0.9940705756722871,4.05,0,1,0.0
8865054353fffff,Hulu Langat,3.244368885003784,101.92206920625196,0.0,0.0,0.0,0.0,0.9081177520071365,0.0,1.932279003124541e-05,1.1302865913024604e-06,0.9999988697134087,18.83,0,0,0.0
8865050b5dfffff,Hulu Langat,3.041806188317295,101.73220663018897,6359.03763109192,59.2,0.26484550363579795,0.19990545012494088,0.9081177520071365,0.21102429568618739,2.4723019640978174,0.14461730190887925,0.8553826980911208,1.71,1,15,15.874750214455323
88650555e1fffff,Hulu Langat,3.174334284676098,101.8255101322783,0.0,0.0,0.0,0.0,0.9081177520071365,0.0,0.06828405794621248,0.003994275928658408,0.9960057240713416,6.23,0,0,0.0
88650555adfffff,Hulu Langat,3.1904985543934057,101.81799656030019,0.0,0.0,0.0,0.0,0.9081177520071365,0.0,0.08126796677041162,0.004753769667551979,0.995246230332448,6.92,0,0,0.0
8865054041fffff,Hulu Langat,3.2546142038629235,101.89149276550106,0.0,0.0,0.0,0.0,0.9081177520071365,0.0,0.00011006828696537407,6.438444380103591e-06,0.9999935615556199,15.9,0,0,0.0
886505ccebfffff,Hulu Langat,2.997339177107484,101.89916393685344,0.0,0.0,0.0,0.0,0.9081177520071365,0.0,0.004930143390335163,0.00028838873466427277,0.9997116112653357,10.11,0,0,0.0
886505cdd3fffff,Hulu Langat,3.0282049914461435,101.90202531414114,0.0,0.0,0.0,0.0,0.9081177520071365,0.0,0.002792055446595901,0.00016332128167605763,0.9998366787183239,11.34,0,0,0.0
886505cc8bfffff,Hulu Langat,2.991412105172086,101.87611290868293,1059.8396051819866,1.0,0.044140917272632994,0.0033767812521104876,0.9081177520071365,0.02157583278242144,0.022784556924841146,0.0013327826436695855,0.9986672173563305,7.5,0,0,1.894970008931833
886505cdabfffff,Hulu Langat,3.0657168363663096,101.91900604657127,0.0,0.0,0.0,0.0,0.9081177520071365,0.0,0.0005219376209728698,3.0530740826143385e-05,0.9999694692591738,14.73,0,0,0.0
8865054055fffff,Hulu Langat,3.2560549801120664,101.87360944648393,0.0,0.0,0.0,0.0,0.9081177520071365,0.0,0.0003355956698006561,1.963066850395214e-05,0.999980369331496,14.12,0,0,0.0
8865055463fffff,Hulu Langat,3.1184883420511005,101.84286119553292,0.0,0.0,0.0,0.0,0.9081177520071365,0.0,0.03340765459467627,0.0019541807355028668,0.9980458192644971,7.32,0,0,0.0
88650554c9fffff,Hulu Langat,3.0919088802651378,101.78636730960699,0.0,0.0,0.0,0.0,0.9081177520071365,0.0,0.9923549126413003,0.05804780002048663,0.9419521999795134,2.96,0,8,0.0
88650555e9fffff,Hulu Langat,3.166252691670721,101.82926656866213,0.0,0.6,0.0,0.0020260687512662925,0.9081177520071365,0.0009199544999059259,0.060811421627889134,0.003557164071694537,0.9964428359283055,6.09,0,0,0.08061812936508476
8865051823fffff,Hulu Langat,2.9757698056950868,101.78014288620004,18547.193090684767,83.5,0.7724660522710775,0.28196123455122574,0.9081177520071365,0.4787720686820271,1.976149293787535,0.11559485175629755,0.8844051482437024,1.96,1,15,37.23866022488495
886505431bfffff,Hulu Langat,3.2531732092831556,101.90937481670719,0.0,0.0,0.0,0.0,0.9081177520071365,0.0,3.527912514319949e-05,2.063652404117636e-06,0.9999979363475959,17.73,0,0,0.0
8865055409fffff,Hulu Langat,3.1037649125715645,101.83249349682094,0.0,0.0,0.0,0.0,0.9081177520071365,0.0,0.07461144250600603,0.0043643962846931375,0.9956356037153069,7.05,0,0,0.0
8865051903fffff,Hulu Langat,3.004494031903548,101.80980720925851,529.9198025909933,7.1,0.022070458636316497,0.02397514688998446,0.9081177520071365,0.020907415890175904,1.431340432179023,0.08372625772287322,0.9162737422771268,1.96,1,9,1.6847659592634516
8865050b6dfffff,Hulu Langat,3.070538770052887,101.76187756355,10598.396051819867,114.0,0.44140917272633,0.3849530627405956,0.9081177520071365,0.37521710780790823,2.655247971506233,0.15531872850264145,0.8446812714973586,1.34,2,19,27.873369763677278
8865055419fffff,Hulu Langat,3.09783730746246,101.80943089875468,0.0,0.0,0.0,0.0,0.9081177520071365,0.0,0.30076937414909566,0.017593504360676665,0.9824064956393234,5.37,0,0,0.0
886505186bfffff,Hulu Langat,2.950834640161084,101.80034603864148,0.0,0.0,0.0,0.0,0.9081177520071365,0.0,0.5478512063755825,0.032046555988751634,0.9679534440112484,3.92,0,6,0.0
8865051a4dfffff,Hulu Langat,2.8781927818768795,101.83413110153937,0.0,0.6000000000000001,0.0,0.002026068751266293,0.9081177520071365,0.0009199544999059261,0.10631959235711082,0.006219164491238873,0.9937808355087612,3.97,0,1,0.08040275775875191
88650555d9fffff,Hulu Langat,3.1375186215724433,101.79958793006598,0.0,0.0,0.0,0.0,0.9081177520071365,0.0,0.6222791429608994,0.036400218094723984,0.9635997819052761,2.12,0,2,0.0
886505435bfffff,Hulu Langat,3.2362854998971433,101.92582281293126,0.0,0.0,0.0,0.0,0.9081177520071365,0.0,1.849408922388842e-05,1.0818117380725433e-06,0.9999989181882619,19.06,0,0,0.0
886505cdb1fffff,Hulu Langat,3.0671510152185646,101.90113482732592,0.0,0.0,0.0,0.0,0.9081177520071365,0.0,0.0017694520121144732,0.00010350409438865298,0.9998964959056114,12.77,0,0,0.0
8865055745fffff,Hulu Langat,3.097307814305549,101.91293348952694,0.0,0.0,0.0,0.0,0.9081177520071365,0.0,0.00045833635009665815,2.681038452433947e-05,0.9999731896154757,14.79,0,0,0.0
8865055425fffff,Hulu Langat,3.142010084886003,101.84053447926566,0.0,0.5,0.0,0.0016883906260552438,0.9081177520071365,0.000766628749921605,0.035421730596161216,0.0020719941100032046,0.9979280058899967,6.64,0,0,0.06728190701219956
886505198bfffff,Hulu Langat,3.001423775280981,101.75099635303239,2119.679210363973,30.9,0.08828183454526599,0.10434254069021406,0.9081177520071365,0.08746280731031164,3.5021664103078676,0.20485922207299997,0.795140777927,1.12,1,25,6.116196343304588
886505c581fffff,Hulu Langat,2.8907655881449843,101.8712895002811,1059.8396051819866,1.0,0.044140917272632994,0.0033767812521104876,0.9081177520071365,0.02157583278242144,0.0926072535268367,0.005417061239576309,0.9945829387604237,4.45,0,2,1.8872200945330673
88650542d3fffff,Hulu Langat,3.1978623728158757,101.82318164081065,0.0,0.0,0.0,0.0,0.9081177520071365,0.0,0.049142565045360964,0.0028745943128897335,0.9971254056871103,7.39,0,0,0.0
88650555c3fffff,Hulu Langat,3.1522446805756483,101.80995639096223,0.0,0.0,0.0,0.0,0.9081177520071365,0.0,0.28015226315403574,0.01638750646537123,0.9836124935346288,3.49,0,1,0.0
8865051835fffff,Hulu Langat,2.9764842925182244,101.77120529755476,3709.438618136953,228.0,0.1544932104542155,0.7699061254811912,0.9081177520071365,0.41973172345327564,2.5456880402337108,0.14891002038848672,0.8510899796115132,1.56,1,17,31.416749661908092
8865055421fffff,Hulu Langat,3.1346477813898748,101.8353501999441,529.9198025909933,1.9,0.022070458636316497,0.006415884379009927,0.9081177520071365,0.012934476890991213,0.05207227341084165,0.003045967601973496,0.9969540323980265,6.1,0,0,1.1340650935647825
8865055087fffff,Hulu Langat,3.1664279213192974,101.9238458353907,0.0,0.0,0.0,0.0,0.9081177520071365,0.0,7.950774808479459e-05,4.650805676591262e-06,0.9999953491943234,16.14,0,0,0.0
8865051aa5fffff,Hulu Langat,2.9308994352564945,101.75799380330632,6888.957433682914,21.3,0.28691596227211447,0.07192544066995339,0.9081177520071365,0.16293512408341887,1.6237276199130226,0.09497994615412475,0.9050200538458752,0.84,1,6,12.968414940366909
88650555ebfffff,Hulu Langat,3.166971015127525,101.82032541194901,0.0,0.0,0.0,0.0,0.9081177520071365,0.0,0.11053937576370008,0.006466000719079467,0.9935339992809206,5.28,0,0,0.0
8865055551fffff,Hulu Langat,3.1405740063772924,101.8584137892878,0.0,0.0,0.0,0.0,0.9081177520071365,0.0,0.010290498735534063,0.000601942717370583,0.9993980572826294,8.62,0,0,0.0
8865051a51fffff,Hulu Langat,2.8729747907462513,101.80215065380158,0.0,0.0,0.0,0.0,0.9081177520071365,0.0,0.03846982267591519,0.0022502922543824666,0.9977497077456176,6.05,0,0,0.0
886505c585fffff,Hulu Langat,2.898121833243361,101.8764700968508,1059.8396051819866,1.8,0.044140917272632994,0.006078206253798878,0.9081177520071365,0.022802438782296007,0.0931967278443806,0.0054515425394279175,0.9945484574605721,4.56,0,2,1.994441150199469
886505cce5fffff,Hulu Langat,3.0120555689321895,101.90952887070978,0.0,0.0,0.0,0.0,0.9081177520071365,0.0,0.0020273948203538145,0.00011859245880209365,0.9998814075411979,11.54,0,0,0.0
88650552ddfffff,Hulu Langat,3.0782828600750287,101.95617790787588,0.0,0.0,0.0,0.0,0.9081177520071365,0.0,3.187700573799147e-05,1.8646454315480187e-06,0.9999981353545685,18.99,0,0,0.0
886505562dfffff,Hulu Langat,3.077379133753739,101.87057198299684,0.0,0.0,0.0,0.0,0.9081177520071365,0.0,0.011914776290730903,0.0006969548319888053,0.9993030451680112,9.64,0,0,0.0
8865051b53fffff,Hulu Langat,2.925189600272151,101.82947932962975,0.0,0.0,0.0,0.0,0.9081177520071365,0.0,0.7388563527081407,0.04321940190905375,0.9567805980909463,1.55,2,2,0.0
886505c587fffff,Hulu Langat,2.898835540549968,101.86753778515647,529.9198025909933,5.6,0.022070458636316497,0.01890997501181873,0.9081177520071365,0.018607529640411086,0.1661212888636918,0.00971726469256736,0.9902827353074326,3.63,0,2,1.6205480276434283
886505cedbfffff,Hulu Langat,2.9121204602272948,101.89576375775322,0.0,0.0,0.0,0.0,0.9081177520071365,0.0,0.03360784660106377,0.00196589096679658,0.9980341090332034,5.97,0,0,0.0
886505c5abfffff,Hulu Langat,2.9061920343452403,101.87271849231774,1059.8396051819866,1.8,0.044140917272632994,0.006078206253798878,0.9081177520071365,0.022802438782296007,0.15477479553501627,0.009053551572103557,0.9909464484278965,3.82,0,2,1.9872177766330348
88650542adfffff,Hulu Langat,3.2420466694572307,101.8542950578081,0.0,0.0,0.0,0.0,0.9081177520071365,0.0,0.0018673295674475334,0.00010922944192922719,0.9998907705580707,11.55,0,0,0.0
8865055603fffff,Hulu Langat,3.0560147324428475,101.84608492213853,529.9198025909933,2.9,0.022070458636316497,0.009792665631120414,0.9081177520071365,0.014467734390834423,0.09453425976169985,0.005529781468130264,0.9944702185318698,6.58,0,0,1.265337235727864
8865051a09fffff,Hulu Langat,2.887688928672386,101.81251080132438,0.0,0.0,0.0,0.0,0.9081177520071365,0.0,0.11482391545335724,0.006716624865659326,0.9932833751343406,4.07,0,1,0.0
88650555cbfffff,Hulu Langat,3.1441638118691295,101.81371315771149,529.9198025909933,1.4,0.022070458636316497,0.004727493752954682,0.9081177520071365,0.012167848141069608,0.2304645820308296,0.013481025587834494,0.9865189744121655,3.68,0,1,1.055682210527944
8865055639fffff,Hulu Langat,3.0640917149091473,101.84233037508996,0.0,0.0,0.0,0.0,0.9081177520071365,0.0,0.10526908693634511,0.006157715177280483,0.9938422848227195,6.25,0,0,0.0
8865055725fffff,Hulu Langat,3.136982901737955,101.90310654137645,0.0,0.0,0.0,0.0,0.9081177520071365,0.0,0.00048663944581777124,2.8465974091591123e-05,0.9999715340259084,13.59,0,0,0.0
886505ccadfffff,Hulu Langat,3.020846268950122,101.89684255593369,0.0,0.0,0.0,0.0,0.9081177520071365,0.0,0.004309825328230197,0.0002521032299930418,0.999747896770007,10.49,0,0,0.0
886505570bfffff,Hulu Langat,3.099460638468466,101.88612300247675,0.0,0.0,0.0,0.0,0.9081177520071365,0.0,0.002685668264895309,0.0001570981635462123,0.9998429018364537,12.1,0,0,0.0
88650550c7fffff,Hulu Langat,3.1495489468997726,101.9402879199231,0.0,0.0,0.0,0.0,0.9081177520071365,0.0,3.1335257838137137e-05,1.8329558884705714e-06,0.9999981670441115,17.74,0,0,0.0
886505ce99fffff,Hulu Langat,2.9282619786827624,101.88826144616255,0.0,0.0,0.0,0.0,0.9081177520071365,0.0,0.058540259790388585,0.0034243124613704727,0.9965756875386296,5.01,0,0,0.0
8865055527fffff,Hulu Langat,3.1942672837206763,101.86788800834803,0.0,0.0,0.0,0.0,0.9081177520071365,0.0,0.0025801074181700154,0.00015092338188025208,0.9998490766181197,11.37,0,0,0.0
8865055727fffff,Hulu Langat,3.137701226242481,101.89416862382843,0.0,0.0,0.0,0.0,0.9081177520071365,0.0,0.0008935814879492537,5.227004860229519e-05,0.9999477299513977,12.59,0,0,0.0
8865055645fffff,Hulu Langat,3.0457889288547637,101.87664913619763,0.0,0.0,0.0,0.0,0.9081177520071365,0.0,0.013302833021898077,0.0007781492096469193,0.9992218507903531,9.59,0,0,0.0
8865055563fffff,Hulu Langat,3.170022511909174,101.87915252958031,0.0,0.0,0.0,0.0,0.9081177520071365,0.0,0.0017685877705062515,0.00010345354057629778,0.9998965464594237,11.4,0,0,0.0
8865051a03fffff,Hulu Langat,2.896472591382374,101.79982243940499,0.0,0.8,0.0,0.0027014250016883902,0.9081177520071365,0.0012266059998745679,0.12263386304349624,0.00717346774526599,0.992826532254734,4.69,0,1,0.10710073196165369
8865051957fffff,Hulu Langat,2.989059575121512,101.80838043282625,6888.957433682914,62.2,0.28691596227211447,0.21003579388127236,0.9081177520071365,0.22564535582700615,1.8208404929564002,0.10651006354471744,0.8934899364552825,0.24,2,7,17.730869945412362
8865055619fffff,Hulu Langat,3.0412941661377584,101.83571916340179,0.0,0.0,0.0,0.0,0.9081177520071365,0.0,0.23135990711119805,0.013533397627874307,0.9864666023721257,5.24,0,0,0.0
8865051a65fffff,Hulu Langat,2.9090470849384302,101.83698598322255,2119.679210363973,4.0,0.08828183454526599,0.01350712500844195,0.9081177520071365,0.046218180564529296,1.0153065944513133,0.059390358634214234,0.9406096413657857,0.53,2,2,3.8232812811438524
8865051a0dfffff,Hulu Langat,2.8950461172690636,101.81769108475854,0.0,0.0,0.0,0.0,0.9081177520071365,0.0,0.20611507934514398,0.012056701442821786,0.9879432985571782,3.09,0,2,0.0
8865051923fffff,Hulu Langat,3.027289622367319,101.81641647379105,1589.75940777298,2.0,0.06621137590894949,0.006753562504220975,0.9081177520071365,0.033130377923553764,0.8943034800329805,0.05231228152880029,0.9476877184711997,2.61,0,12,2.761249320263966
88650552a7fffff,Hulu Langat,3.1326718717150945,101.95672736933959,0.0,0.0,0.0,0.0,0.9081177520071365,0.0,1.2659276270849597e-05,7.405043578798585e-07,0.9999992594956422,19.56,0,0,0.0
88650550e7fffff,Hulu Langat,3.17235078806763,101.9469061544515,0.0,0.0,0.0,0.0,0.9081177520071365,0.0,1.4395356963805063e-05,8.420563969742963e-07,0.9999991579436031,18.78,0,0,0.0
8865054319fffff,Hulu Langat,3.2524526302685146,101.91831536583466,0.0,0.0,0.0,0.0,0.9081177520071365,0.0,1.98291121129985e-05,1.1599039011712973e-06,0.9999988400960989,18.66,0,0,0.0
88650554a1fffff,Hulu Langat,3.1396712041731276,101.77276294589677,13247.995064774834,108.9,0.5517614659079124,0.36773147835483216,0.9081177520071365,0.41750393276515346,2.7855246841373806,0.1629392647299587,0.8370607352700413,0.89,2,13,30.73487993520383
8865051b63fffff,Hulu Langat,2.9539064415556973,101.85913837394186,0.0,0.4,0.0,0.0013507125008441951,0.9081177520071365,0.0006133029999372839,0.14251006861404117,0.008336126378208254,0.9916638736217918,3.75,0,1,0.05348765533271048
886505560dfffff,Hulu Langat,3.054581744945404,101.86395919131016,0.0,0.0,0.0,0.0,0.9081177520071365,0.0,0.028370868811828265,0.0016595539541524394,0.9983404460458476,8.57,0,0,0.0
8865055683fffff,Hulu Langat,3.0610286115651215,101.7835150971893,8478.716841455893,30.1,0.35312733818106395,0.10164111568852569,0.9081177520071365,0.20649165300590644,3.7943937242432004,0.22195305862658968,0.7780469413734104,0.8,6,13,14.129353155773359
886505cc37fffff,Hulu Langat,3.0186976025129293,101.92364556346493,0.0,0.0,0.0,0.0,0.9081177520071365,0.0,0.0007186261700606379,4.203603738720689e-05,0.9999579639626128,13.25,0,0,0.0
8865055465fffff,Hulu Langat,3.1251323908886692,101.8569843792653,0.0,0.0,0.0,0.0,0.9081177520071365,0.0,0.012609781247196802,0.0007376091465009381,0.9992623908534991,8.63,0,0,0.0
886505cce1fffff,Hulu Langat,3.0046973366800915,101.90434633461095,0.0,0.0,0.0,0.0,0.9081177520071365,0.0,0.003158189994937435,0.0001847383218619642,0.9998152616781381,10.8,0,0,0.0
88650519c5fffff,Hulu Langat,2.9992792217844033,101.77781219547573,3709.438618136953,18.6,0.1544932104542155,0.06280813128925508,0.9081177520071365,0.09866760298610752,3.421831763691557,0.20016004696730305,0.799839953032697,1.16,4,21,6.940514264123429
8865051995fffff,Hulu Langat,3.0102143987716565,101.73829929730783,7418.877236273906,82.3,0.308986420908431,0.27790909704869315,0.9081177520071365,0.2664851192151438,3.2350602264679944,0.1892348460092955,0.8107651539907045,1.55,2,20,19.001243216898708
886505542bfffff,Hulu Langat,3.1272855468998717,101.83016606021145,1589.75940777298,2.0,0.06621137590894949,0.006753562504220975,0.9081177520071365,0.033130377923553764,0.07444425379318866,0.004354616581037039,0.9956453834189629,5.68,0,0,2.9009821321991907
8865055545fffff,Hulu Langat,3.1538611424888185,101.88666104351,0.0,0.0,0.0,0.0,0.9081177520071365,0.0,0.0012685751843492367,7.420530464857373e-05,0.9999257946953515,11.85,0,0,0.0
886505c595fffff,Hulu Langat,2.892192615185143,101.8534246185392,529.9198025909933,3.2,0.022070458636316497,0.010805700006753561,0.9081177520071365,0.014927711640787386,0.2310497084445206,0.013515252557052833,0.9864847474429471,2.91,0,2,1.2950829669761386
8865055681fffff,Hulu Langat,3.060312493791379,101.79245458148556,1059.8396051819866,51.9,0.044140917272632994,0.1752549469845343,0.9081177520071365,0.09961863952444082,2.825215953825963,0.16526100552661543,0.8347389944733845,0.89,4,13,7.313163579620169
8865054255fffff,Hulu Langat,3.1994720818684224,101.89989349221304,0.0,0.0,0.0,0.0,0.9081177520071365,0.0,0.0002528888591593583,1.4792733665034607e-05,0.999985207266335,14.76,0,0,0.0
88650519b3fffff,Hulu Langat,3.026367239109789,101.73078295776423,7948.7970388649,60.8,0.3310568795447475,0.20530830012831766,0.9081177520071365,0.2435413706098039,2.908583089274713,0.1701375660647493,0.8298624339352507,0.87,1,14,17.77431329385806
886505cd19fffff,Hulu Langat,3.0312639327953956,101.96081168271212,0.0,0.0,0.0,0.0,0.9081177520071365,0.0,4.758095563841588e-05,2.7832479715659564e-06,0.9999972167520285,17.6,0,0,0.0
8865055497fffff,Hulu Langat,3.1190148565283278,101.73932689468057,21233.88648982107,193.3,0.8843632775572007,0.6527318160329574,0.9081177520071365,0.6979316705061468,8.743674395129172,0.5114612285052179,0.4885387714947821,0.36,6,65,29.98650989798501
8865051915fffff,Hulu Langat,3.005209249477679,101.80086981009644,2119.679210363973,10.8,0.08828183454526599,0.03646923752279327,0.9081177520071365,0.05664433156346312,2.179374747272053,0.12748252453613304,0.8725174754638669,1.51,3,10,4.346548899624218
886505cde5fffff,Hulu Langat,3.0635651942386755,101.94581049029887,0.0,0.0,0.0,0.0,0.9081177520071365,0.0,8.291928247286453e-05,4.850363378577747e-06,0.9999951496366214,17.45,0,0,0.0
886505cda1fffff,Hulu Langat,3.0730761571130936,101.92418960731943,0.0,0.0,0.0,0.0,0.9081177520071365,0.0,0.0003230773413334389,1.8898408887761324e-05,0.9999811015911122,15.39,0,0,0.0
8865051b59fffff,Hulu Langat,2.916404339423312,101.84216671470605,0.0,0.6,0.0,0.0020260687512662925,0.9081177520071365,0.0009199544999059259,1.286551677731957,0.07525683961822721,0.9247431603817728,0.52,2,2,0.0748172007917362
886505401dfffff,Hulu Langat,3.264860116176301,101.8609111707298,0.0,0.0,0.0,0.0,0.9081177520071365,0.0,0.0005447317317902985,3.1864082324754156e-05,0.9999681359176752,13.3,0,0,0.0
8865051925fffff,Hulu Langat,3.033933991985314,101.83053649324924,0.0,0.0,0.0,0.0,0.9081177520071365,0.0,0.348009790126087,0.020356832464951593,0.9796431675350484,4.35,0,1,0.0
886505c5a7fffff,Hulu Langat,2.921619428215782,101.87414761137497,1059.8396051819866,1.0,0.044140917272632994,0.0033767812521104876,0.9081177520071365,0.02157583278242144,0.171298694781989,0.010020117048656652,0.9899798829513433,3.43,0,2,1.8784858009104757
8865051a07fffff,Hulu Langat,2.9038301988318977,101.8050028026388,0.0,0.0,0.0,0.0,0.9081177520071365,0.0,0.1819653735639901,0.010644064417619973,0.98935593558238,3.87,0,2,0.0
88650555d1fffff,Hulu Langat,3.145599368647653,101.79583071054807,0.0,0.0,0.0,0.0,0.9081177520071365,0.0,0.7974621651157189,0.046647548870727466,0.9533524511292726,1.76,1,3,0.0
886505c5b1fffff,Hulu Langat,2.907619652298543,101.85485286690296,529.9198025909933,6.8,0.022070458636316497,0.022962112514351315,0.9081177520071365,0.020447438640222942,0.5057212632012502,0.02958216498800684,0.9704178350119932,1.94,1,2,1.7450652198400936
88650555abfffff,Hulu Langat,3.183853313945752,101.8038694634862,0.0,0.0,0.0,0.0,0.9081177520071365,0.0,0.23372103696685664,0.013671511917366631,0.9863284880826334,5.45,0,0,0.0
88650556bbfffff,Hulu Langat,3.069822632657363,101.7708180124532,5299.198025909934,52.9,0.220704586363165,0.1786317282366448,0.9081177520071365,0.18132219815459696,3.0286812146046325,0.17716270583397867,0.8228372941660214,0.76,2,15,13.121362152026874
886505cc95fffff,Hulu Langat,3.000201701906076,101.86342502422053,0.0,0.0,0.0,0.0,0.9081177520071365,0.0,0.04851133664023184,0.00283767060770984,0.9971623293922902,6.26,0,0,0.0
8865051987fffff,Hulu Langat,3.016860597911801,101.75242076874375,19077.11289327576,76.1,0.794536510907394,0.2569730532856081,0.9081177520071365,0.4774472508244764,4.950271976187956,0.2895661562816739,0.7104338437183261,0.89,6,20,29.830670755361247
8865054645fffff,Hulu Langat,3.1639156081384616,101.7614875070879,5299.198025909934,14.9,0.220704586363165,0.05031404065644627,0.9081177520071365,0.12305841316055499,4.576631150280532,0.2677100363940472,0.7322899636059528,0.91,3,26,7.925166079975519
88650554b5fffff,Hulu Langat,3.1411059976220166,101.75487806666213,21233.88648982107,212.7,0.8843632775572007,0.7182413723239007,0.9081177520071365,0.7276768660031049,6.34788840643181,0.37131972853155165,0.6286802714684483,0.96,2,54,40.23299653391793
886505541bfffff,Hulu Langat,3.098554232928952,101.80049095030803,529.9198025909933,9.0,0.022070458636316497,0.03039103126899439,0.9081177520071365,0.023820605139878003,0.46567049506037794,0.027239395329598768,0.9727606046704013,4.38,0,1,2.0378524867500074
886505cc31fffff,Hulu Langat,3.0106233247772276,101.92739653588889,0.0,0.0,0.0,0.0,0.9081177520071365,0.0,0.0006329302108097153,3.7023252302159994e-05,0.9999629767476979,13.41,0,0,0.0
8865050b4bfffff,Hulu Langat,3.04109078368515,101.74114726232396,3179.51881554596,98.1,0.13242275181789898,0.3312622408320388,0.9081177520071365,0.21054028658235355,3.2893496646689626,0.19241050666433926,0.8075894933356608,1.51,4,21,14.95339651346561
8865051a6dfffff,Hulu Langat,2.900976385892948,101.84073896087644,529.9198025909933,10.2,0.022070458636316497,0.03444316877152697,0.9081177520071365,0.025660514139689852,0.5734163331365698,0.0335419880633209,0.9664580119366791,1.43,1,2,2.1810334385361707
8865051933fffff,Hulu Langat,3.0213603956094084,101.79335825660893,2649.599012954967,5.7,0.1103522931815825,0.01924765313702978,0.9081177520071365,0.058846005955551874,3.2412256583603467,0.18959549294414527,0.8104045070558548,0.47,3,21,4.194042418750845
8865051969fffff,Hulu Langat,3.001632673334152,101.84555367535715,0.0,0.0,0.0,0.0,0.9081177520071365,0.0,0.1603054549665844,0.009377067492240015,0.99062293250776,4.41,0,1,0.0
88650550d3fffff,Hulu Langat,3.136264525563503,101.91204414165318,0.0,0.0,0.0,0.0,0.9081177520071365,0.0,0.0002651149286010163,1.5507897589700414e-05,0.9999844921024102,14.58,0,0,0.0
8865054241fffff,Hulu Langat,3.1980330046309513,101.91777198593628,0.0,0.0,0.0,0.0,0.9081177520071365,0.0,7.44082635842658e-05,4.3525113337876565e-06,0.9999956474886662,16.5,0,0,0.0
8865051b3bfffff,Hulu Langat,2.9567646545229778,101.82339888567259,1589.75940777298,135.4,0.06621137590894949,0.45721618153576005,0.9081177520071365,0.237666928402638,0.31683435132260795,0.018533225190817605,0.9814667748091824,3.73,0,2,20.51437712848211
88650554c3fffff,Hulu Langat,3.100704701806302,101.77366923237936,0.0,0.0,0.0,0.0,0.9081177520071365,0.0,1.6900052822246487,0.09885685797133995,0.9011431420286601,1.4,1,12,0.0
886505576dfffff,Hulu Langat,3.112028120492473,101.92330169330918,0.0,0.0,0.0,0.0,0.9081177520071365,0.0,0.00017493404084686952,1.0232766614544097e-05,0.9999897672333855,16.14,0,0,0.0
88650540cdfffff,Hulu Langat,3.2589358757088807,101.83783901841784,0.0,0.0,0.0,0.0,0.9081177520071365,0.0,0.0028294189061958282,0.00016550685722297294,0.9998344931427771,10.77,0,0,0.0
88650519d5fffff,Hulu Langat,2.9933483927483295,101.754753600473,1589.75940777298,10.7,0.06621137590894949,0.03613155939758222,0.9081177520071365,0.04646971817218969,3.787239172992245,0.22153455315545095,0.7784654468445491,0.24,3,28,3.1814372284535755
88650519bbfffff,Hulu Langat,3.018290635821673,101.73454124369455,2649.599012954967,334.0,0.1103522931815825,1.0,0.9081177520071365,0.5041653142100139,3.2250435719943953,0.18864892181186274,0.8113510781881372,1.14,2,19,35.9745823585836
88650555c1fffff,Hulu Langat,3.15152670323875,101.81889748818018,0.0,0.0,0.0,0.0,0.9081177520071365,0.0,0.15167850405327443,0.008872434003733888,0.9911275659962661,4.4,0,1,0.0
8865051125fffff,Hulu Langat,2.874400248064773,101.78428218985074,0.0,0.0,0.0,0.0,0.9081177520071365,0.0,0.03686484451652601,0.002156409057910452,0.9978435909420895,6.83,0,0,0.0
8865055761fffff,Hulu Langat,3.1127461275554578,101.91436512733205,0.0,0.0,0.0,0.0,0.9081177520071365,0.0,0.00031786644131527424,1.859359729432035e-05,0.9999814064027057,15.15,0,0,0.0
8865055541fffff,Hulu Langat,3.146499397530477,101.88147637163159,0.0,0.0,0.0,0.0,0.9081177520071365,0.0,0.0019672178586131986,0.00011507240746112509,0.9998849275925389,11.2,0,0,0.0
886505cea9fffff,Hulu Langat,2.956974555066362,101.91791985635345,0.0,0.0,0.0,0.0,0.9081177520071365,0.0,0.004143385755625595,0.0002423673472932406,0.9997576326527068,9.05,0,0,0.0
8865055665fffff,Hulu Langat,3.068584994134569,101.88326233990442,0.0,0.0,0.0,0.0,0.9081177520071365,0.0,0.005940930376609037,0.00034751471882085515,0.9996524852811791,10.82,0,0,0.0
88650519e9fffff,Hulu Langat,3.006639537733981,101.78299407553693,1059.8396051819866,21.2,0.044140917272632994,0.07158776254474233,0.9081177520071365,0.05254763427925428,3.8667675115304267,0.22618656327060077,0.7738134367293992,0.44,4,20,3.5760486203286015
886505cc3dfffff,Hulu Langat,3.0099071299334277,101.93632989143758,0.0,0.0,0.0,0.0,0.9081177520071365,0.0,0.0003546559917537538,2.074560202518058e-05,0.9999792543979749,14.06,0,0,0.0
886505465dfffff,Hulu Langat,3.149904779969035,101.74217588853243,18547.193090684767,52.2,0.7724660522710775,0.17626798136016747,0.9081177520071365,0.43078110893693455,12.055726470872646,0.7051997126917608,0.29480028730823915,1.03,6,78,11.16859472337966
8865051b19fffff,Hulu Langat,2.9332614157633223,101.82572565371194,0.0,0.0,0.0,0.0,0.9081177520071365,0.0,0.4805582255358185,0.02811025311484123,0.9718897468851587,2.21,0,2,0.0
886505404bfffff,Hulu Langat,3.2472503891433706,101.8863064840039,0.0,0.0,0.0,0.0,0.9081177520071365,0.0,0.00019503681015915105,1.1408678093423522e-05,0.9999885913219065,15.09,0,0,0.0
88650556ebfffff,Hulu Langat,3.058880107336377,101.81033261387805,3709.438618136953,6.2,0.1544932104542155,0.020936043763085024,0.9081177520071365,0.07965520998805171,0.9866361431211962,0.05771328060083395,0.9422867193991661,2.65,0,8,6.601022857891674
8865054313fffff,Hulu Langat,3.261257435663415,101.90562039754059,0.0,0.0,0.0,0.0,0.9081177520071365,0.0,3.519815279654756e-05,2.0589159267487376e-06,0.9999979410840732,17.63,0,0,0.0
8865051861fffff,Hulu Langat,2.958193475252248,101.80552726076131,1059.8396051819866,22.4,0.044140917272632994,0.07563990004727492,0.9081177520071365,0.05438754327906613,0.556537746550424,0.032554675151075345,0.9674453248489246,3.21,0,3,4.627429934676409
886505cea5fffff,Hulu Langat,2.972403912662508,101.91935109235041,0.0,0.0,0.0,0.0,0.9081177520071365,0.0,0.0024975617920860857,0.00014609487553192123,0.999853905124468,10.01,0,0,0.0
8865055523fffff,Hulu Langat,3.186904334688534,101.86270278243174,0.0,0.0,0.0,0.0,0.9081177520071365,0.0,0.004251996046743976,0.0002487205062071477,0.9997512794937928,10.45,0,0,0.0
88650552b7fffff,Hulu Langat,3.1267486980912373,101.933670449567,0.0,0.0,0.0,0.0,0.9081177520071365,0.0,6.818998196535969e-05,3.98877295421478e-06,0.9999960112270457,17.05,0,0,0.0
886505528bfffff,Hulu Langat,3.094436673110504,101.94867635646439,0.0,0.0,0.0,0.0,0.9081177520071365,0.0,4.110660270241119e-05,2.404530700452797e-06,0.9999975954692996,18.51,0,0,0.0
88650556bdfffff,Hulu Langat,3.076468283253515,101.78494113992208,2119.679210363973,9.3,0.08828183454526599,0.03140406564462754,0.9081177520071365,0.054344445313698315,1.7425032739680626,0.10192772796692223,0.8980722720330778,2.02,0,10,4.292204718510044
88650542c3fffff,Hulu Langat,3.203788034810571,101.84625041065185,0.0,0.0,0.0,0.0,0.9081177520071365,0.0,0.00919169737777096,0.0005376683326064629,0.9994623316673935,9.91,0,0,0.0
8865054243fffff,Hulu Langat,3.198752569821362,101.90883289790432,0.0,0.0,0.0,0.0,0.9081177520071365,0.0,0.00013732405012297725,8.032770229680133e-06,0.9999919672297704,15.62,0,0,0.0
886505421bfffff,Hulu Langat,3.201630298554842,101.87307337336698,0.0,0.0,0.0,0.0,0.9081177520071365,0.0,0.001552091607409787,9.078959764566125e-05,0.9999092104023544,12.29,0,0,0.0
88650542bdfffff,Hulu Langat,3.2361218573275363,101.83122409865403,0.0,0.0,0.0,0.0,0.9081177520071365,0.0,0.010011601427537365,0.0005856286195063885,0.9994143713804936,8.92,0,0,0.0
8865051955fffff,Hulu Langat,2.988344602030519,101.81731714676961,1059.8396051819866,6.4,0.044140917272632994,0.021611400013507122,0.9081177520071365,0.029855423281574773,1.074765183369269,0.06286838875735162,0.9371316112426484,0.97,1,4,2.4605817589804144
886505cce9fffff,Hulu Langat,2.996623425011783,101.90809787401331,0.0,0.0,0.0,0.0,0.9081177520071365,0.0,0.002830054435969266,0.0001655440325366895,0.9998344559674633,10.81,0,0,0.0
886505cc1bfffff,Hulu Langat,2.9804767126040725,101.91560025289341,0.0,0.0,0.0,0.0,0.9081177520071365,0.0,0.002549328662935421,0.00014912297861124235,0.9998508770213888,10.18,0,0,0.0
88650556c7fffff,Hulu Langat,3.0515191003086435,101.80514978301964,7418.877236273906,90.6,0.308986420908431,0.30593638144121016,0.9081177520071365,0.2792111564638424,1.580648407338863,0.0924600276404057,0.9075399723595943,2.07,0,12,22.28499338518109
886505c5e7fffff,Hulu Langat,2.9047642315443616,101.8905828561261,0.0,0.0,0.0,0.0,0.9081177520071365,0.0,0.04340387088462015,0.0025389094013949414,0.9974610905986051,5.66,0,0,0.0
886505198dfffff,Hulu Langat,3.0080696297438396,101.76511709545497,20136.952498457747,89.9,0.838677428180027,0.3035726345647329,0.9081177520071365,0.518648779604891,4.086556838189893,0.23904313980188235,0.7609568601981176,1.14,3,21,34.70942159318196
88650519d9fffff,Hulu Langat,2.9779131209560856,101.7533291883746,3179.51881554596,36.6,0.13242275181789898,0.12359019382724386,0.9081177520071365,0.11624495034199617,3.821271660582604,0.22352528349666198,0.776474716503338,1.09,5,23,7.938078597785298
88650542d1fffff,Hulu Langat,3.1971434618063332,101.8321235432608,0.0,0.0,0.0,0.0,0.9081177520071365,0.0,0.02756638506558453,0.0016124956778978347,0.9983875043221022,8.39,0,0,0.0
886505194dfffff,Hulu Langat,2.986199392236758,101.84412540917491,0.0,0.0,0.0,0.0,0.9081177520071365,0.0,0.17543213742399966,0.010261902773524942,0.9897380972264751,3.94,0,1,0.0
8865051b07fffff,Hulu Langat,2.9553356431350473,101.84126925784769,529.9198025909933,17.2,0.022070458636316497,0.05808063753630039,0.9081177520071365,0.03639331663859233,0.22376570188614472,0.01308917459778409,0.9869108254022159,3.49,0,2,3.1587374421055587
886505cd9bfffff,Hulu Langat,3.03699667713601,101.8893378441625,0.0,0.0,0.0,0.0,0.9081177520071365,0.0,0.00610913423722488,0.000357353803546817,0.9996426461964532,10.55,0,0,0.0
88650554d9fffff,Hulu Langat,3.0859796338813617,101.76330273678867,6359.03763109192,66.1,0.26484550363579795,0.2232052407645032,0.9081177520071365,0.22160377243510554,2.250976860118133,0.13167089008417152,0.8683291099158285,1.62,1,15,16.922927325450477
88650555ddfffff,Hulu Langat,3.1448816164188482,101.80477209046317,0.0,0.0,0.0,0.0,0.9081177520071365,0.0,0.43029292213616716,0.02516998422258985,0.9748300157774101,2.71,0,1,0.0
8865054015fffff,Hulu Langat,3.272945304369587,101.8571547954569,0.0,0.0,0.0,0.0,0.9081177520071365,0.0,0.0004977582381807472,2.9116367844202733e-05,0.9999708836321558,13.42,0,0,0.0
8865055711fffff,Hulu Langat,3.100895600484948,101.86824776173744,0.0,0.0,0.0,0.0,0.9081177520071365,0.0,0.008464376173323237,0.0004951236791879922,0.999504876320812,10.4,0,0,0.0
886505573dfffff,Hulu Langat,3.122978770501012,101.88379986257308,0.0,0.0,0.0,0.0,0.9081177520071365,0.0,0.0021482344725614676,0.0001256609741855918,0.9998743390258145,11.61,0,0,0.0
88650554a5fffff,Hulu Langat,3.147034715905885,101.77794701439409,11658.235657001853,70.6,0.48555008999896293,0.2384007563990004,0.9081177520071365,0.32871630759729115,2.212895557003696,0.129443324281305,0.870556675718695,0.78,1,10,25.16704813041009
8865051a67fffff,Hulu Langat,2.9097607316202843,101.82805207057714,0.0,0.0,0.0,0.0,0.9081177520071365,0.0,0.6779957745994842,0.039659362429046184,0.9603406375709538,1.23,1,2,0.0
8865054051fffff,Hulu Langat,3.2486908148834512,101.86842322103601,0.0,0.0,0.0,0.0,0.9081177520071365,0.0,0.000600952150126866,3.5152695661673054e-05,0.9999648473043383,13.28,0,0,0.0
886505554bfffff,Hulu Langat,3.139137720004942,101.87629183859126,0.0,0.0,0.0,0.0,0.9081177520071365,0.0,0.003021531135246409,0.00017674446194620262,0.9998232555380538,10.61,0,0,0.0
8865051821fffff,Hulu Langat,2.9750552705470654,101.78908016365713,7418.877236273906,380.3,0.308986420908431,1.0,0.9081177520071365,0.5943569029816159,1.561590279652831,0.09134522247282796,0.908654777527172,1.9,1,12,47.496346580743754
8865055281fffff,Hulu Langat,3.1017960943472986,101.95386049509655,0.0,0.0,0.0,0.0,0.9081177520071365,0.0,2.5333722183489625e-05,1.481896063947161e-06,0.999998518103936,19.27,0,0,0.0
88650556a7fffff,Hulu Langat,3.091192177836719,101.79530753994086,529.9198025909933,3.5,0.022070458636316497,0.011818734382386707,0.9081177520071365,0.01538768889074035,0.6918830125431477,0.04047169640424168,0.9595283035957584,3.93,0,7,1.298509605237792
886505cdc9fffff,Hulu Langat,3.025339312454153,101.93776212970403,0.0,0.0,0.0,0.0,0.9081177520071365,0.0,0.00025103255176070846,1.46841489648626e-05,0.9999853158510351,14.96,0,0,0.0
8865055657fffff,Hulu Langat,3.040578041777476,101.84465639744455,0.0,0.0,0.0,0.0,0.9081177520071365,0.0,0.12755162777692147,0.007461132390401731,0.9925388676095983,6.08,0,0,0.0
886505cd31fffff,Hulu Langat,3.06213051760836,101.96367852448589,0.0,0.0,0.0,0.0,0.9081177520071365,0.0,2.4311836462102905e-05,1.4221208592868014e-06,0.9999985778791407,19.14,0,0,0.0
88650552bbfffff,Hulu Langat,3.1113100624596424,101.93223794111572,0.0,0.0,0.0,0.0,0.9081177520071365,0.0,9.599989185648752e-05,5.615513616636888e-06,0.9999943844863833,17.13,0,0,0.0
8865050a6dfffff,Hulu Langat,3.0190055804537805,101.72560101727429,1589.75940777298,4.7,0.06621137590894949,0.015870871884919292,0.9081177520071365,0.03727017317313042,2.411583306388459,0.1410655640625436,0.8589344359374564,1.47,2,16,2.8153695220740143
8865054351fffff,Hulu Langat,3.243648373346183,101.9310090919377,0.0,0.0,0.0,0.0,0.9081177520071365,0.0,1.073125700946715e-05,6.277248723402645e-07,0.9999993722751277,19.78,0,0,0.0
8865051827fffff,Hulu Langat,2.9831295525087134,101.78532440682655,11658.235657001853,48.6,0.48555008999896293,0.16411156885256972,0.9081177520071365,0.29498464260074053,2.146704123781564,0.12557145643462808,0.8744285435653719,1.32,2,15,22.684944008321402
88650550b3fffff,Hulu Langat,3.175946777729349,101.90221589138024,0.0,0.0,0.0,0.0,0.9081177520071365,0.0,0.0003201721845660738,1.8728471744394627e-05,0.9999812715282556,14.05,0,0,0.0
8865051b13fffff,Hulu Langat,2.9420477432453396,101.81303646141421,0.0,0.0,0.0,0.0,0.9081177520071365,0.0,0.33490681283794665,0.019590373816331108,0.9804096261836689,3.92,0,2,0.0
886505cdcdfffff,Hulu Langat,3.032697413077125,101.94294513336261,0.0,0.0,0.0,0.0,0.9081177520071365,0.0,0.00015819039018614517,9.253346779175243e-06,0.9999907466532209,15.75,0,0,0.0
886505182bfffff,Hulu Langat,2.967695770676987,101.78389875259835,12718.07526218384,88.7,0.5296910072715959,0.2995204970622003,0.9081177520071365,0.37651084362703147,1.5307343761172243,0.08954030641399675,0.9104596935860032,2.36,0,13,30.147561671747127
8865055461fffff,Hulu Langat,3.1177707448749112,101.85180029182506,0.0,0.0,0.0,0.0,0.9081177520071365,0.0,0.01888718151776559,0.001104805671567408,0.9988951943284325,8.28,0,0,0.0
88650554a3fffff,Hulu Langat,3.1403886270987926,101.76382066164538,21233.88648982107,128.1,0.8843632775572007,0.4325656783953535,0.9081177520071365,0.5979632815163693,4.153859997940586,0.2429800380911814,0.7570199619088186,1.18,3,25,39.81033459290242
88650552d5fffff,Hulu Langat,3.086359582971543,101.95242724901516,0.0,0.0,0.0,0.0,0.9081177520071365,0.0,3.627452781226225e-05,2.12187848264817e-06,0.9999978781215173,18.72,0,0,0.0
88650554c1fffff,Hulu Langat,3.0999879301598257,101.78261011670132,0.0,0.0,0.0,0.0,0.9081177520071365,0.0,1.0851199402455738,0.0634740902546281,0.9365259097453719,2.39,0,8,0.0
8865051b23fffff,Hulu Langat,2.970767048109598,101.84269727001013,529.9198025909933,5.9,0.022070458636316497,0.019923009387451878,0.9081177520071365,0.019067506890364055,0.17391060128075592,0.01017290051773737,0.9898270994822627,4.18,0,1,1.6598438410125709
8865055531fffff,Hulu Langat,3.180260228198147,101.8485771092497,0.0,0.0,0.0,0.0,0.9081177520071365,0.0,0.012720769435424158,0.0007441014005048102,0.9992558985994952,8.73,0,0,0.0
886505552bfffff,Hulu Langat,3.1788226226482172,101.86645796693291,0.0,0.0,0.0,0.0,0.9081177520071365,0.0,0.003773209768781291,0.00022071390316453544,0.9997792860968354,10.42,0,0,0.0
8865051931fffff,Hulu Langat,3.0206449342974193,101.80229634078373,1059.8396051819866,1.4,0.044140917272632994,0.004727493752954682,0.9081177520071365,0.022189135782358725,2.1459561723422853,0.12552770501563554,0.8744722949843644,0.88,1,15,1.7064769325192162
8865051a47fffff,Hulu Langat,2.8869757921763113,101.82144462531191,0.0,0.0,0.0,0.0,0.9081177520071365,0.0,0.149498415329586,0.008744909715147707,0.9912550902848523,3.51,0,2,0.0
88650552a3fffff,Hulu Langat,3.1253118321972084,101.95154273198062,0.0,0.0,0.0,0.0,0.9081177520071365,0.0,2.0283155831009787e-05,1.1864631881843744e-06,0.9999988135368119,19.04,0,0,0.0
8865055685fffff,Hulu Langat,3.0676739167851537,101.79763749192038,529.9198025909933,1.2000000000000002,0.022070458636316497,0.004052137502532586,0.9081177520071365,0.011861196641100967,1.5849826717233857,0.09271356043298194,0.907286439567018,1.88,1,9,0.9464265290243806
8865055429fffff,Hulu Langat,3.1265678799253847,101.8391058142814,0.0,0.0,0.0,0.0,0.9081177520071365,0.0,0.04109920852709886,0.0024040981781723323,0.9975959018218277,6.66,0,0,0.0
8865054265fffff,Hulu Langat,3.2282024753504,101.92957618586216,0.0,0.0,0.0,0.0,0.9081177520071365,0.0,1.740176396655387e-05,1.0179161727991117e-06,0.9999989820838272,19.18,0,0,0.0
886505183dfffff,Hulu Langat,2.9684101356734534,101.77496150593703,1589.75940777298,177.4,0.06621137590894949,0.5990409941244006,0.9081177520071365,0.30206374339605285,2.175335910450972,0.12724627277870337,0.8727537272212966,1.64,1,15,23.184850079293014
8865055567fffff,Hulu Langat,3.1773848056670095,101.88433756209245,0.0,0.0,0.0,0.0,0.9081177520071365,0.0,0.001103245895029727,6.453436796886887e-05,0.9999354656320312,12.21,0,0,0.0
886505cc9dfffff,Hulu Langat,2.992127540075333,101.86717805047061,529.9198025909933,7.7,0.022070458636316497,0.026001215641250755,0.9081177520071365,0.021827370390081834,0.03970032789274418,0.0023222706563037487,0.9976777293436963,6.52,0,0,1.9151627029369884
8865051945fffff,Hulu Langat,2.994273554624311,101.84037158566615,0.0,0.0,0.0,0.0,0.9081177520071365,0.0,0.2304753967974708,0.013481658197602693,0.9865183418023973,3.61,0,1,0.0
8865051911fffff,Hulu Langat,2.997849274822426,101.79568786885382,7418.877236273906,29.9,0.308986420908431,0.10096575943810358,0.9081177520071365,0.1861424262233596,2.574791146581746,0.15061240657688094,0.8493875934231191,0.74,3,10,13.904816536269683
8865050b4dfffff,Hulu Langat,3.0477370436401174,101.75526998067627,9008.636644046886,30.3,0.37519779681738047,0.10231647193894779,0.9081177520071365,0.2168195921471642,4.109089226274903,0.24036117182941705,0.7596388281705829,0.41,2,21,14.485038633423462
8865055721fffff,Hulu Langat,3.129621814061887,101.89792206385732,0.0,0.0,0.0,0.0,0.9081177520071365,0.0,0.0007595045382189178,4.442721750813745e-05,0.9999555727824918,13.06,0,0,0.0
8865054283fffff,Hulu Langat,3.2206736054725695,101.82979541632622,0.0,0.0,0.0,0.0,0.9081177520071365,0.0,0.017817347113441385,0.0010422257087273437,0.9989577742912726,8.26,0,0,0.0
8865055503fffff,Hulu Langat,3.1640974051797737,101.85608815397127,0.0,0.9,0.0,0.003039103126899439,0.9081177520071365,0.001379931749858889,0.009687644299032433,0.0005666787474685578,0.9994333212525315,8.76,0,0,0.12129011601972639
8865054047fffff,Hulu Langat,3.2626986723191393,101.88773765677323,0.0,0.0,0.0,0.0,0.9081177520071365,0.0,0.00010754803043554004,6.291021975900699e-06,0.9999937089780241,15.85,0,0,0.0
886505cc33fffff,Hulu Langat,3.0113394711297174,101.91846286217381,0.0,0.0,0.0,0.0,0.9081177520071365,0.0,0.001131135916822228,6.61657947769138e-05,0.9999338342052231,12.49,0,0,0.0
886505564bfffff,Hulu Langat,3.031069885876561,101.8662834264084,529.9198025909933,3.9,0.022070458636316497,0.013169446883230903,0.9081177520071365,0.016000991890677635,0.032017660903807615,0.0018728730553881753,0.9981271269446118,8.05,0,0,1.4045808520652066
886505c5d7fffff,Hulu Langat,2.8760533326751467,101.86092872359113,0.0,0.0,0.0,0.0,0.9081177520071365,0.0,0.06254006386107576,0.003658280998089252,0.9963417190019107,4.87,0,1,0.0
8865051a1dfffff,Hulu Langat,2.8891150634900837,101.79464221614303,1059.8396051819866,12.7,0.044140917272632994,0.04288512190180319,0.9081177520071365,0.039514945530586994,0.08211997544154531,0.004803607914259551,0.9951963920857404,5.57,0,0,3.458471172705419
886505ccdbfffff,Hulu Langat,2.9686222892400167,101.8695015882567,1589.75940777298,3.5,0.06621137590894949,0.011818734382386707,0.9081177520071365,0.03543026417331858,0.05078386439390888,0.00297060211729983,0.9970293978827002,5.74,0,0,3.1066786579447805
886505ce9bfffff,Hulu Langat,2.928976324473013,101.87932870670444,0.0,0.0,0.0,0.0,0.9081177520071365,0.0,0.11041595740448149,0.006458781362230909,0.9935412186377691,4.03,0,2,0.0
886505ccbbfffff,Hulu Langat,3.0082762329839876,101.85967176492139,0.0,0.0,0.0,0.0,0.9081177520071365,0.0,0.05986568482625733,0.003501843198049624,0.9964981568019504,6.14,0,0,0.0
886505421dfffff,Hulu Langat,3.208273851801783,101.88719926157972,0.0,0.0,0.0,0.0,0.9081177520071365,0.0,0.0005088108059763917,2.976288779078796e-05,0.9999702371122092,14.01,0,0,0.0
8865051b5bfffff,Hulu Langat,2.917118156530987,101.83323277280347,0.0,0.0,0.0,0.0,0.9081177520071365,0.0,1.0574220536984826,0.061853902397648305,0.9381460976023517,0.7,2,2,0.0
88650542e5fffff,Hulu Langat,3.233242839726171,101.86699292050945,0.0,0.0,0.0,0.0,0.9081177520071365,0.0,0.0010649329635100324,6.229325306257553e-05,0.9999377067469374,12.6,0,0,0.0
886505550dfffff,Hulu Langat,3.1626602846780854,101.87396763596443,0.0,0.4,0.0,0.0013507125008441951,0.9081177520071365,0.0006133029999372839,0.00280354104256333,0.00016399313160529199,0.9998360068683947,10.63,0,0,0.05392843799915053
8865055537fffff,Hulu Langat,3.188342182201666,101.84482123705756,0.0,0.0,0.0,0.0,0.9081177520071365,0.0,0.014110833808494134,0.0008254132151748261,0.9991745867848252,8.88,0,0,0.0
886505c5e3fffff,Hulu Langat,2.8974080799376227,101.88540209298309,0.0,0.4,0.0,0.0013507125008441951,0.9081177520071365,0.0006133029999372839,0.05091553770290074,0.0029783043474304305,0.9970216956525696,5.52,0,0,0.05377664169768674
88650555d5fffff,Hulu Langat,3.1529626054367332,101.80101498081967,0.0,0.0,0.0,0.0,0.9081177520071365,0.0,0.5099566376757578,0.02982991321535598,0.970170086784644,2.64,0,1,0.0
8865055651fffff,Hulu Langat,3.0325020377061063,101.84841058883475,0.0,0.0,0.0,0.0,0.9081177520071365,0.0,0.10698398425119102,0.006258028094685092,0.9937419719053149,6.16,0,0,0.0
886505cc8dfffff,Hulu Langat,2.9980548809033905,101.89022968287655,0.0,0.0,0.0,0.0,0.9081177520071365,0.0,0.008618832979377579,0.0005041586299656142,0.9994958413700343,9.14,0,0,0.0
8865055601fffff,Hulu Langat,3.0552982636493287,101.85502221415288,0.0,0.4,0.0,0.0013507125008441951,0.9081177520071365,0.0006133029999372839,0.051882929678033596,0.0030348919404363144,0.9969651080595637,7.57,0,0,0.053773589516649074
88650518e5fffff,Hulu Langat,2.970552941409529,101.74814790204358,1059.8396051819866,46.8,0.044140917272632994,0.15803336259877082,0.9081177520071365,0.09179902627524045,4.3680947233481024,0.25551169822555764,0.7444883017744424,1.17,6,21,6.01049073708164
886505ce93fffff,Hulu Langat,2.9370477675779454,101.87557685746792,0.0,0.6,0.0,0.0020260687512662925,0.9081177520071365,0.0009199544999059259,0.12012381276533689,0.007026642355748693,0.9929733576442513,3.86,0,2,0.08033742801519482
886505ced3fffff,Hulu Langat,2.920191032930383,101.89201271850915,0.0,0.0,0.0,0.0,0.9081177520071365,0.0,0.046337407024817305,0.0027105065961584504,0.9972894934038415,5.42,0,0,0.0
8865051a13fffff,Hulu Langat,2.8905410136878182,101.77677238414093,2119.679210363973,6.3,0.08828183454526599,0.02127372188829607,0.9081177520071365,0.04974467281416868,0.10223478269164585,0.0059802235523044875,0.9940197764476955,4.88,0,1,4.3486612973155845
8865055083fffff,Hulu Langat,3.159066566938557,101.91866080445523,0.0,0.0,0.0,0.0,0.9081177520071365,0.0,0.00012608151968837044,7.375138418642601e-06,0.9999926248615814,15.45,0,0,0.0
886505ce9dfffff,Hulu Langat,2.9356187797060485,101.89344270796724,0.0,0.0,0.0,0.0,0.9081177520071365,0.0,0.036238817926101105,0.002119789632878566,0.9978802103671214,5.71,0,0,0.0
88650556b9fffff,Hulu Langat,3.069106444608353,101.7797581504287,5829.117828500926,77.1,0.24277504499948147,0.2603498345377186,0.9081177520071365,0.22844831729209175,2.851344345328844,0.16678938577192434,0.8332106142280756,1.02,3,13,16.74004945892134
8865055717fffff,Hulu Langat,3.108974165987894,101.8644935341194,0.0,0.0,0.0,0.0,0.9081177520071365,0.0,0.009342559219810864,0.0005464929959662139,0.9994535070040338,9.94,0,0,0.0
886505ced1fffff,Hulu Langat,2.919476765564551,101.90094479778519,0.0,0.0,0.0,0.0,0.9081177520071365,0.0,0.02402069277308483,0.0014050904093720975,0.9985949095906279,6.41,0,0,0.0
886505c5a5fffff,Hulu Langat,2.9209052538335607,101.88308032289994,0.0,0.0,0.0,0.0,0.9081177520071365,0.0,0.089227162711794,0.005219342829375216,0.9947806571706248,4.42,0,1,0.0
886505ccb9fffff,Hulu Langat,3.00756055098369,101.86860731050146,1589.75940777298,3.9,0.06621137590894949,0.013169446883230903,0.9081177520071365,0.03604356717325586,0.03284312293468654,0.0019211584563899483,0.99807884154361,7.04,0,0,3.163782317307233
88650554b7fffff,Hulu Langat,3.141823315683694,101.74593516136653,6359.03763109192,42.8,0.26484550363579795,0.14452623759032887,0.9081177520071365,0.18587887268875877,9.502355679584516,0.5558402897849483,0.44415971021505174,1.57,4,79,7.260778205044681
8865054287fffff,Hulu Langat,3.228037862338579,101.83498102647218,0.0,0.0,0.0,0.0,0.9081177520071365,0.0,0.010206957746302118,0.0005970559872555053,0.9994029440127445,9.02,0,0,0.0
88650554e7fffff,Hulu Langat,3.130873103969498,101.78546259083372,5299.198025909934,17.2,0.220704586363165,0.05808063753630039,0.9081177520071365,0.12658490541019438,1.3963635031410084,0.08168028227974734,0.9183197177202527,1.2,1,6,10.223269518453778
88650519a3fffff,Hulu Langat,3.032298354760018,101.75384531128665,1059.8396051819866,29.7,0.044140917272632994,0.10029040318768148,0.9081177520071365,0.06558032302792156,6.118538224050772,0.35790388975056414,0.6420961102494358,0.55,9,23,3.70328870104828
88650550cdfffff,Hulu Langat,3.1407507863503077,101.9529761107832,0.0,0.0,0.0,0.0,0.9081177520071365,0.0,1.460318717160439e-05,8.542134248550181e-07,0.9999991457865751,19.12,0,0,0.0
886505404dfffff,Hulu Langat,3.2538937338345257,101.90043394978981,0.0,0.0,0.0,0.0,0.9081177520071365,0.0,6.247518233091701e-05,3.654485753021483e-06,0.999996345514247,16.81,0,0,0.0
88650550dbfffff,Hulu Langat,3.1281853588706365,101.91579689241169,0.0,0.0,0.0,0.0,0.9081177520071365,0.0,0.00022805765885644443,1.3340232618190692e-05,0.9999866597673818,15.05,0,0,0.0
88650552d1fffff,Hulu Langat,3.079000472553965,101.94724335972039,0.0,0.0,0.0,0.0,0.9081177520071365,0.0,5.879297512441587e-05,3.4390950446830106e-06,0.9999965609049554,18.02,0,0,0.0
8865055693fffff,Hulu Langat,3.0550988327644175,101.760452517206,12188.155459592846,112.8,0.5076205486352795,0.380900925238063,0.9081177520071365,0.4034410617319637,3.768210494100094,0.22042147059505363,0.7795785294049464,0.7,3,20,27.660112822749994
88650550cbfffff,Hulu Langat,3.134109087612795,101.93885503467583,0.0,0.0,0.0,0.0,0.9081177520071365,0.0,4.28168557697501e-05,2.5045719526022663e-06,0.9999974954280474,17.57,0,0,0.0
886505422bfffff,Hulu Langat,3.23036295527085,101.90275669019817,0.0,0.0,0.0,0.0,0.9081177520071365,0.0,0.00010381216563770418,6.072492566789245e-06,0.9999939275074332,16.42,0,0,0.0
8865055013fffff,Hulu Langat,3.1481111333293734,101.9581609975316,0.0,0.0,0.0,0.0,0.9081177520071365,0.0,9.160424781237226e-06,5.358390420909559e-07,0.9999994641609579,19.71,0,0,0.0
886505186dfffff,Hulu Langat,2.957479088749147,101.81446322959987,1059.8396051819866,50.0,0.044140917272632994,0.1688390626055244,0.9081177520071365,0.09670545027473873,0.4110418418192473,0.024043892290983904,0.9759561077090161,3.33,0,3,8.300327288154385
886505ccd3fffff,Hulu Langat,2.976695464920063,101.8657489175142,1589.75940777298,3.5,0.06621137590894949,0.011818734382386707,0.9081177520071365,0.03543026417331858,0.05083983460043184,0.0029738760944968616,0.9970261239055032,6.36,0,0,3.1066684564450995
8865055495fffff,Hulu Langat,3.1182980004045335,101.74826939455541,14837.754472547813,135.5,0.617972841816862,0.4575538596609711,0.9081177520071365,0.4883524451848502,6.139897500635925,0.3591533006216175,0.6408466993783826,1.04,4,43,27.523363000409574
8865051b43fffff,Hulu Langat,2.9311190812076555,101.85252859546847,2649.599012954967,25.4,0.1103522931815825,0.08577024380360639,0.9081177520071365,0.08905117870246311,0.6293445585659205,0.03681350957630719,0.9631864904236929,1.29,1,2,7.543346102460466
886505cc93fffff,Hulu Langat,2.9935582648600247,101.84930738854425,0.0,0.0,0.0,0.0,0.9081177520071365,0.0,0.1265590696790046,0.007403072705058671,0.9925969272949413,4.57,0,1,0.0
8865051a61fffff,Hulu Langat,2.9016899086210235,101.83180539110965,1589.75940777298,13.2,0.06621137590894949,0.04457351252785843,0.9081177520071365,0.05030286192179771,0.5333533642672241,0.031198504723308085,0.9688014952766919,1.52,1,2,4.285894480456793
8865055613fffff,Hulu Langat,3.0500868565674177,101.82302650472748,0.0,0.0,0.0,0.0,0.9081177520071365,0.0,0.4914097957761622,0.02874501570954954,0.9712549842904504,4.05,0,5,0.0
8865055199fffff,Hulu Langat,3.19587399079437,101.94458733989454,0.0,0.0,0.0,0.0,0.9081177520071365,0.0,1.1725803172483318e-05,6.859008495501164e-07,0.9999993140991504,19.2,0,0,0.0
88650555e3fffff,Hulu Langat,3.1750527285252437,101.81656863234174,0.0,0.0,0.0,0.0,0.9081177520071365,0.0,0.12232271987777342,0.007155267425973422,0.9928447325740266,5.52,0,0,0.0
8865051b57fffff,Hulu Langat,2.9325473512507374,101.83466028143665,0.0,0.6,0.0,0.0020260687512662925,0.9081177520071365,0.0009199544999059259,0.6901180552348943,0.040368455227552696,0.9596315447724473,1.35,1,2,0.07763987780313333
8865055701fffff,Hulu Langat,3.1068212790914616,101.89130695318588,0.0,0.0,0.0,0.0,0.9081177520071365,0.0,0.0016622012452061638,9.723046084259957e-05,0.9999027695391574,12.83,0,0,0.0
88650556e3fffff,Hulu Langat,3.066957577128621,101.80657669459866,0.0,0.0,0.0,0.0,0.9081177520071365,0.0,0.9894494683079432,0.05787784605594741,0.9421221539440526,2.59,0,7,0.0
8865051b4bfffff,Hulu Langat,2.923047637184155,101.85628124224789,2649.599012954967,25.1,0.1103522931815825,0.08475720942797325,0.9081177520071365,0.08859120145251015,0.6167526741280973,0.03607694730365984,0.9639230526963402,1.44,1,2,7.51012106233836
8865054235fffff,Hulu Langat,3.23916651838771,101.89006147021496,0.0,0.0,0.0,0.0,0.9081177520071365,0.0,0.00019295541448999997,1.1286926855003381e-05,0.999988713073145,15.24,0,0,0.0
8865055553fffff,Hulu Langat,3.141292071644192,101.84947429165727,0.0,0.0,0.0,0.0,0.9081177520071365,0.0,0.019064129928965563,0.00111515626877455,0.9988848437312254,7.63,0,0,0.0
8865055729fffff,Hulu Langat,3.1215427663773503,101.90167527045203,0.0,0.0,0.0,0.0,0.9081177520071365,0.0,0.0006558842228043606,3.836594722003626e-05,0.9999616340527799,13.59,0,0,0.0
8865051a39fffff,Hulu Langat,2.9045435360504848,101.79606798148512,3179.51881554596,7.1,0.13242275181789898,0.02397514688998446,0.9081177520071365,0.07101385409662146,0.16882151154524455,0.00987521421670723,0.9901247857832928,4.65,0,2,6.18367983308906
886505566dfffff,Hulu Langat,3.060508258463667,101.88701540131748,0.0,0.0,0.0,0.0,0.9081177520071365,0.0,0.005250225200274939,0.0003071119199449562,0.9996928880800551,11.15,0,0,0.0
88650542e3fffff,Hulu Langat,3.2265987022783573,101.85286537984892,0.0,0.0,0.0,0.0,0.9081177520071365,0.0,0.0032894067898276303,0.0001924138482004613,0.9998075861517995,10.9,0,0,0.0
886505429dfffff,Hulu Langat,3.213309414228772,101.82460994593386,0.0,0.0,0.0,0.0,0.9081177520071365,0.0,0.030693026522179794,0.0017953885680283728,0.9982046114319716,7.56,0,0,0.0
88650550c5fffff,Hulu Langat,3.148830065985444,101.94922461845623,0.0,0.0,0.0,0.0,0.9081177520071365,0.0,1.6941738480146096e-05,9.910069822472655e-07,0.9999990089930177,18.73,0,0,0.0
88650555a1fffff,Hulu Langat,3.1912172384657493,101.80905437407132,0.0,0.0,0.0,0.0,0.9081177520071365,0.0,0.14354327194445077,0.008396563606401626,0.9916034363935984,5.99,0,0,0.0
886505400bfffff,Hulu Langat,3.26413968978705,101.86985364883822,0.0,0.0,0.0,0.0,0.9081177520071365,0.0,0.000319837870233963,1.8708916027738076e-05,0.9999812910839723,14.13,0,0,0.0
88650519adfffff,Hulu Langat,3.0308675365803794,101.77172434286545,1059.8396051819866,33.8,0.044140917272632994,0.11413520632133448,0.9081177520071365,0.07186667877727872,5.957530323590747,0.34848573270960614,0.6515142672903939,0.53,6,23,4.117802236542744
88650542b5fffff,Hulu Langat,3.2442062112193435,101.82746693764108,0.0,0.0,0.0,0.0,0.9081177520071365,0.0,0.009487237815626569,0.0005549559703417845,0.9994450440296582,8.94,0,0,0.0
8865054019fffff,Hulu Langat,3.257495537553168,101.8557248630057,0.0,0.0,0.0,0.0,0.9081177520071365,0.0,0.0009936691055479866,5.8124673733775984e-05,0.9999418753262662,12.4,0,0,0.0
886505570dfffff,Hulu Langat,3.1061035480618995,101.90024412678025,0.0,0.0,0.0,0.0,0.9081177520071365,0.0,0.0009246207538837133,5.4085690444537455e-05,0.9999459143095555,13.81,0,0,0.0
88650542e9fffff,Hulu Langat,3.2177957665112267,101.86556274724336,0.0,0.0,0.0,0.0,0.9081177520071365,0.0,0.0017805332236269086,0.00010415228984943474,0.9998958477101506,12.13,0,0,0.0
88650556b7fffff,Hulu Langat,3.085263205080477,101.77224355895137,5829.117828500926,37.9,0.24277504499948147,0.12798000945498747,0.9081177520071365,0.1683446232982379,1.7995180048351664,0.10526280461483903,0.8947371953851609,2.09,0,13,13.246731133950263
886505543bfffff,Hulu Langat,3.121358215147376,101.80710167048362,4769.27822331894,25.5,0.1986341277268485,0.08610792192881744,0.9081177520071365,0.1292896550176039,0.321811393034042,0.01882435724274646,0.9811756427572536,3.62,0,1,11.156411243512148
8865054231fffff,Hulu Langat,3.2318030056169507,101.88487543854971,0.0,0.0,0.0,0.0,0.9081177520071365,0.0,0.00033541986563464594,1.962038483936669e-05,0.9999803796151606,14.5,0,0,0.0
88650519b9fffff,Hulu Langat,3.017575641621486,101.7434811609908,2649.599012954967,120.9,0.1103522931815825,0.408252853380158,0.9081177520071365,0.23547726993748969,4.219318635209467,0.24680904103901186,0.7531909589609882,1.21,6,21,15.59796961103458
886505ceb9fffff,Hulu Langat,2.95104746969209,101.89487282451556,0.0,0.0,0.0,0.0,0.9081177520071365,0.0,0.02235547969060126,0.0013076837711097605,0.9986923162288902,6.46,0,0,0.0
886505ccddfffff,Hulu Langat,2.9752651386898954,101.88361757442144,0.0,0.0,0.0,0.0,0.9081177520071365,0.0,0.019844795658954126,0.0011608213101825765,0.9988391786898174,7.24,0,0,0.0
8865051851fffff,Hulu Langat,2.9294722593660527,101.77586705363247,529.9198025909933,13.5,0.022070458636316497,0.045586546903491586,0.9081177520071365,0.03072026388917245,1.04288451912051,0.06100352932121845,0.9389964706787816,1.23,1,6,2.5368972721661613
8865051b0dfffff,Hulu Langat,2.946548631228107,101.85395697531033,0.0,0.9,0.0,0.003039103126899439,0.9081177520071365,0.001379931749858889,0.2527507058235881,0.014784652385741491,0.9852153476142586,2.76,0,2,0.11956463855616703
886505405dfffff,Hulu Langat,3.247970629257263,101.87736501065807,0.0,0.0,0.0,0.0,0.9081177520071365,0.0,0.0003433944275924193,2.0086856836309512e-05,0.9999799131431637,14.18,0,0,0.0
88650550adfffff,Hulu Langat,3.180431400682052,101.94315407251727,0.0,0.0,0.0,0.0,0.9081177520071365,0.0,1.6654951316524613e-05,9.742313672830256e-07,0.9999990257686328,18.57,0,0,0.0
88650556d1fffff,Hulu Langat,3.037513010317574,101.78584577244892,11658.235657001853,89.2,0.48555008999896293,0.30120888768825554,0.9081177520071365,0.35723489709437484,4.324066799193434,0.2529362848285051,0.747063715171495,0.77,6,20,23.470670683358748
8865051959fffff,Hulu Langat,2.9729113757381596,101.81589012471328,3709.438618136953,6.8,0.1544932104542155,0.022962112514351315,0.9081177520071365,0.08057516448795764,0.7060531123671394,0.04130057638495754,0.9586994236150425,1.75,1,3,6.793563616426643
886505ccc3fffff,Hulu Langat,2.982623077690086,101.88879955667946,0.0,0.0,0.0,0.0,0.9081177520071365,0.0,0.012288288243582256,0.0007188034134470943,0.9992811965865529,8.24,0,0,0.0
88650518edfffff,Hulu Langat,2.9624787888166275,101.75190490307979,3179.51881554596,71.0,0.13242275181789898,0.23975146889984464,0.9081177520071365,0.1689890083366026,4.734394219607472,0.2769383870398192,0.7230616129601808,0.19,5,20,10.746022427272077
886505ccb3fffff,Hulu Langat,3.016351132909667,101.8559182725837,0.0,0.0,0.0,0.0,0.9081177520071365,0.0,0.0733337440604519,0.004289657314885849,0.9957103426851142,6.18,0,0,0.0
8865051a31fffff,Hulu Langat,2.912614852735474,101.79231329104647,0.0,0.8,0.0,0.0027014250016883902,0.9081177520071365,0.0012266059998745679,0.24843837184809048,0.014532402412428043,0.985467597587572,3.75,0,1,0.1063068900731607
886505548dfffff,Hulu Langat,3.1161471206458238,101.77509503275235,1059.8396051819866,12.2,0.044140917272632994,0.041196731275747946,0.9081177520071365,0.038748316780665384,1.770831353096076,0.10358477893854555,0.8964152210614544,2.34,0,10,3.054752601639205
8865054057fffff,Hulu Langat,3.2567752862134585,101.86466731259301,0.0,0.0,0.0,0.0,0.9081177520071365,0.0,0.0005798839586655163,3.392031181476222e-05,0.9999660796881852,13.25,0,0,0.0
8865055439fffff,Hulu Langat,3.120640824332727,101.81604202189057,2649.599012954967,5.8,0.1103522931815825,0.019585331262240827,0.9081177520071365,0.0589993317055362,0.18326400496307707,0.010720027860531627,0.9892799721394684,4.5,0,1,5.133106664022268
886505cc89fffff,Hulu Langat,2.990696622006346,101.8850474511708,0.0,0.0,0.0,0.0,0.9081177520071365,0.0,0.013238184894005484,0.0007743676174445693,0.9992256323825555,8.49,0,0,0.0
8865055569fffff,Hulu Langat,3.1612229544568553,101.89184585414714,0.0,0.0,0.0,0.0,0.9081177520071365,0.0,0.0008097303720539413,4.736517762822957e-05,0.9999526348223717,12.54,0,0,0.0
8865051909fffff,Hulu Langat,2.9957039886039087,101.82249903817068,3709.438618136953,5.4,0.1544932104542155,0.018234618761396634,0.9081177520071365,0.07842860398817715,0.7549672003952237,0.044161805934858536,0.9558381940651415,1.82,1,4,6.592844684476009
886505ceb7fffff,Hulu Langat,2.9671922111950257,101.8873695575984,0.0,0.0,0.0,0.0,0.9081177520071365,0.0,0.02056750614553202,0.0012030962596620135,0.998796903740338,6.85,0,0,0.0
8865051907fffff,Hulu Langat,3.0118539105996893,101.81498932060498,3179.51881554596,8.5,0.13242275181789898,0.028702640642939148,0.9081177520071365,0.07316041459640196,1.050218175251877,0.06143251153222957,0.9385674884677704,2.3,0,7,6.038869489866645
886505551bfffff,Hulu Langat,3.1500905913742936,101.83677874216642,1059.8396051819866,1.9,0.044140917272632994,0.006415884379009927,0.9081177520071365,0.022955764532280327,0.04376741009028572,0.002560174627012572,0.9974398253729875,6.31,0,0,2.0136892214942224
8865055413fffff,Hulu Langat,3.106633405582079,101.79673420964176,0.0,0.8,0.0,0.0027014250016883902,0.9081177520071365,0.0012266059998745679,0.5287081603573311,0.030926783523381584,0.9690732164766184,4.02,0,2,0.10453835331472633
886505c591fffff,Hulu Langat,2.8848361070365494,101.84824421784641,0.0,0.4,0.0,0.0013507125008441951,0.9081177520071365,0.0006133029999372839,0.1612072936839326,0.009429820547471057,0.9905701794525289,3.38,0,2,0.05342866444041219
8865055089fffff,Hulu Langat,3.1502677760130613,101.93135090234992,0.0,0.0,0.0,0.0,0.9081177520071365,0.0,5.7970939609067875e-05,3.3910100777051666e-06,0.9999966089899223,16.75,0,0,0.0
8865055501fffff,Hulu Langat,3.1633788711735153,101.86502805273491,0.0,0.0,0.0,0.0,0.9081177520071365,0.0,0.0052146568501243344,0.0003050313493242037,0.9996949686506758,9.69,0,0,0.0
8865051919fffff,Hulu Langat,2.9897744996948323,101.79944340634272,2649.599012954967,98.0,0.1103522931815825,0.3309245627068278,0.9081177520071365,0.20036567319108015,2.16621671149694,0.12671284524135007,0.8732871547586499,0.68,2,8,15.388432064144899
886505cdd5fffff,Hulu Langat,3.034847266195049,101.91614291834757,0.0,0.0,0.0,0.0,0.9081177520071365,0.0,0.0009744454011382696,5.7000183155845474e-05,0.9999429998168442,13.07,0,0,0.0
88650554bdfffff,Hulu Langat,3.1330250138418325,101.75863676507011,18547.193090684767,281.5,0.7724660522710775,0.9505639224691023,0.9081177520071365,0.7823570536509825,5.436960728019869,0.3180350145285328,0.6819649854714672,0.23,2,34,46.922490928245345
8865055731fffff,Hulu Langat,3.123696695462409,101.87486168391749,0.0,0.0,0.0,0.0,0.9081177520071365,0.0,0.0038782440891937655,0.00022685788567414276,0.9997731421143259,10.61,0,0,0.0
8865051b39fffff,Hulu Langat,2.956050172632143,101.83233422856124,1059.8396051819866,1.2,0.044140917272632994,0.004052137502532585,0.9081177520071365,0.02188248428239008,0.26060657899139184,0.01524418168198614,0.9847558183180138,3.76,0,3,1.895130670486316
88650555c9fffff,Hulu Langat,3.1434459550576377,101.82265391187396,0.0,0.0,0.0,0.0,0.9081177520071365,0.0,0.12326644485476398,0.00721047061793715,0.9927895293820629,4.66,0,1,0.0
8865055529fffff,Hulu Langat,3.1781037405568497,101.87539792253743,0.0,0.0,0.0,0.0,0.9081177520071365,0.0,0.002042938193761565,0.00011950166842026883,0.9998804983315798,11.3,0,0,0.0
8865051a21fffff,Hulu Langat,2.9185456507149237,101.81536394870591,529.9198025909933,2.8,0.022070458636316497,0.009454987505909365,0.9081177520071365,0.014314408640850101,0.3689962363103442,0.02158443462192787,0.9784155653780722,2.62,0,2,1.231716456224539
886505c597fffff,Hulu Langat,2.8929060597929093,101.84449170575458,1059.8396051819866,1.0,0.044140917272632994,0.0033767812521104876,0.9081177520071365,0.02157583278242144,0.3062056896564088,0.017911501633020344,0.9820884983669796,2.4,0,2,1.863511906848045
8865054245fffff,Hulu Langat,3.205395209769846,101.92295762745907,0.0,0.0,0.0,0.0,0.9081177520071365,0.0,4.501348680330028e-05,2.633063883593901e-06,0.9999973669361164,17.35,0,0,0.0
88650554b9fffff,Hulu Langat,3.1256614714693556,101.75345300934708,14837.754472547813,201.2,0.617972841816862,0.6794083879246301,0.9081177520071365,0.589087462924549,6.112599505050453,0.35755650438619807,0.6424434956138019,0.27,4,39,33.28347753861674
88650542a5fffff,Hulu Langat,3.250131022434167,101.85053869463854,0.0,0.0,0.0,0.0,0.9081177520071365,0.0,0.0018010288420263563,0.00010535118103543262,0.9998946488189646,11.52,0,0,0.0
886505420dfffff,Hulu Langat,3.2141972575428444,101.91026480531978,0.0,0.0,0.0,0.0,0.9081177520071365,0.0,9.083931879336049e-05,5.313645898400693e-06,0.9999946863541016,16.54,0,0,0.0
8865055627fffff,Hulu Langat,3.0861738344726604,101.85788038947035,0.0,0.0,0.0,0.0,0.9081177520071365,0.0,0.022766125341908743,0.001331704488236996,0.998668295511763,8.63,0,0,0.0
8865054297fffff,Hulu Langat,3.2221122009064254,101.81190986526437,0.0,0.0,0.0,0.0,0.9081177520071365,0.0,0.05444277503816435,0.003184630093243698,0.9968153699067563,6.38,0,0,0.0
88650542d7fffff,Hulu Langat,3.2052262579492226,101.82836686116445,0.0,0.0,0.0,0.0,0.9081177520071365,0.0,0.029366691542357198,0.0017178046041781856,0.9982821953958219,7.92,0,0,0.0
88650542a7fffff,Hulu Langat,3.2508510442394285,101.84159595870103,0.0,0.0,0.0,0.0,0.9081177520071365,0.0,0.003076838685029083,0.00017997967703760836,0.9998200203229624,10.67,0,0,0.0
88650552d7fffff,Hulu Langat,3.0870773198457844,101.94349235551763,0.0,0.0,0.0,0.0,0.9081177520071365,0.0,6.674616917717876e-05,3.904317126035047e-06,0.999996095682874,17.77,0,0,0.0
8865055703fffff,Hulu Langat,3.10753895912837,101.88236946293216,0.0,0.0,0.0,0.0,0.9081177520071365,0.0,0.002972933916079115,0.0001739017676401237,0.9998260982323599,11.86,0,0,0.0
88650556b3fffff,Hulu Langat,3.0779009510987536,101.76706049091757,11128.31585441086,307.5,0.4634796313626464,1.0,0.9081177520071365,0.6645059164706396,2.2498615810229756,0.13160565183416842,0.8683943481658316,1.72,2,15,50.749272374032856
886505cc35fffff,Hulu Langat,3.0179812828800467,101.932579263853,0.0,0.0,0.0,0.0,0.9081177520071365,0.0,0.00039825146235948,2.329571905214684e-05,0.9999767042809479,14.18,0,0,0.0
88650550a5fffff,Hulu Langat,3.188512376479183,101.93940175681314,0.0,0.0,0.0,0.0,0.9081177520071365,0.0,1.9123727018970182e-05,1.1186424005186688e-06,0.9999988813575995,18.4,0,0,0.0
886505423dfffff,Hulu Langat,3.23108300744372,101.89381622288222,0.0,0.0,0.0,0.0,0.9081177520071365,0.0,0.00018697728237323103,1.093723602041416e-05,0.9999890627639796,15.46,0,0,0.0
8865054043fffff,Hulu Langat,3.2553346193086634,101.88255126425952,0.0,0.0,0.0,0.0,0.9081177520071365,0.0,0.00019281131401810425,1.1278497697986164e-05,0.999988721502302,15.01,0,0,0.0
88650519ddfffff,Hulu Langat,2.985273377840732,101.75851061551244,1059.8396051819866,8.200000000000001,0.044140917272632994,0.027689606267306002,0.9081177520071365,0.03261528678129255,3.487233646578119,0.20398573006757376,0.7960142699324262,0.91,3,26,2.2832635014297207
88650556d7fffff,Hulu Langat,3.0455898673875867,101.78208918139345,2119.679210363973,17.4,0.08828183454526599,0.058755993786722485,0.9081177520071365,0.06676383106242831,5.252275897618009,0.3072318754848107,0.6927681245151893,0.49,6,20,4.0676457741901215
886505464dfffff,Hulu Langat,3.155833778939377,101.76524621938722,7418.877236273906,17.0,0.308986420908431,0.057405281285878296,0.9081177520071365,0.16636340447538217,3.8874055970063655,0.22739378806815264,0.7726062119318473,1.33,2,18,11.303943403698545
8865051a1bfffff,Hulu Langat,2.882470444548795,101.78052740319396,1589.75940777298,6.5,0.06621137590894949,0.02194907813871817,0.9081177520071365,0.040030036672848206,0.06022976386914837,0.0035231400014454355,0.9964768599985545,5.85,0,0,3.5080613964595524
88650554dbfffff,Hulu Langat,3.0866960116010356,101.75436160402126,4769.27822331894,8.0,0.1986341277268485,0.0270142500168839,0.9081177520071365,0.10245764877034771,2.881608577337171,0.16855969200512178,0.8314403079948782,1.22,2,12,7.491856323945158
8865055757fffff,Hulu Langat,3.0921000670892838,101.88093919048934,0.0,0.0,0.0,0.0,0.9081177520071365,0.0,0.004383998438037973,0.0002564419860068146,0.9997435580139932,11.25,0,0,0.0
88650556cbfffff,Hulu Langat,3.0360815519695232,101.80372299841973,3179.51881554596,9.0,0.13242275181789898,0.03039103126899439,0.9081177520071365,0.07392704334632358,1.8225096839289725,0.10660770286965814,0.8933922971303419,2.28,0,14,5.80844017304443
8865055631fffff,Hulu Langat,3.0721690636105694,101.83857559502523,0.0,0.0,0.0,0.0,0.9081177520071365,0.0,0.11259269502341099,0.006586109627946224,0.9934138903720537,6.07,0,0,0.0
8865051941fffff,Hulu Langat,2.986914510529615,101.83518963536221,0.0,0.0,0.0,0.0,0.9081177520071365,0.0,0.3176235030627613,0.01857938662138514,0.9814206133786149,2.94,0,2,0.0
8865051831fffff,Hulu Langat,2.9691244524999707,101.76602394834495,4769.27822331894,9.4,0.1986341277268485,0.031741743769838585,0.9081177520071365,0.10460420927012822,3.0244818587282687,0.17691706451450637,0.8230829354854936,1.27,3,16,7.5719325774873525
8865055635fffff,Hulu Langat,3.07952994281632,101.84375890419551,0.0,0.0,0.0,0.0,0.9081177520071365,0.0,0.06677424684196004,0.003905959529019608,0.9960940404709804,6.9,0,0,0.0
886505424dfffff,Hulu Langat,3.1973133863566585,101.92671075589071,0.0,0.0,0.0,0.0,0.9081177520071365,0.0,4.0245632069049916e-05,2.3541682237700905e-06,0.9999976458317762,17.39,0,0,0.0
886505cd15fffff,Hulu Langat,3.0466967619456278,101.9622450399334,0.0,0.0,0.0,0.0,0.9081177520071365,0.0,3.3939821548354006e-05,1.9853098411394537e-06,0.9999980146901588,18.3,0,0,0.0
88650542cdfffff,Hulu Langat,3.202349597433869,101.86413270122252,0.0,0.0,0.0,0.0,0.9081177520071365,0.0,0.002820855106918012,0.00016500591778934718,0.9998349940822107,11.53,0,0,0.0
88650555e5fffff,Hulu Langat,3.1816976218420345,101.83069499239248,0.0,0.0,0.0,0.0,0.9081177520071365,0.0,0.0418655467979021,0.002448925134863896,0.9975510748651361,7.19,0,0,0.0
886505196dfffff,Hulu Langat,3.0089918662367485,101.85073590435604,0.0,0.0,0.0,0.0,0.9081177520071365,0.0,0.1091445712017827,0.006384411627065662,0.9936155883729343,5.28,0,0,0.0
886505572dfffff,Hulu Langat,3.1289036121943763,101.90685963685041,0.0,0.0,0.0,0.0,0.9081177520071365,0.0,0.00041636086094548055,2.4355028311586582e-05,0.9999756449716884,14.06,0,0,0.0
886505556bfffff,Hulu Langat,3.161941645752765,101.88290690324132,529.9198025909933,2.6,0.022070458636316497,0.008779631255487268,0.9081177520071365,0.014007757140881462,0.0015066192128610953,8.812968995377559e-05,0.9999118703100462,11.59,0,0,1.2318116501124288
886505426bfffff,Hulu Langat,3.213477394975447,101.91920426533966,0.0,0.0,0.0,0.0,0.9081177520071365,0.0,4.9611246381071615e-05,2.9020098273413662e-06,0.9999970979901727,17.38,0,0,0.0
8865055599fffff,Hulu Langat,3.154398297494748,101.78313122343735,4769.27822331894,8.8,0.1986341277268485,0.029715675018572293,0.9081177520071365,0.10368425477022228,1.491045988362604,0.0872187341960654,0.9127812658039346,1.56,1,8,8.323260896273503
88650556c9fffff,Hulu Langat,3.0353657482443586,101.81266114299842,529.9198025909933,1.2000000000000002,0.022070458636316497,0.004052137502532586,0.9081177520071365,0.011861196641100967,1.0779348118253553,0.06305379617199164,0.9369462038280083,2.79,0,11,0.97736580742317
8865051937fffff,Hulu Langat,3.028720936690172,101.79854055746152,0.0,0.0,0.0,0.0,0.9081177520071365,0.0,2.4367170934533338,0.14253576492184716,0.8574642350781528,1.31,1,18,0.0
8865051913fffff,Hulu Langat,2.9985642727274824,101.78675018793572,1589.75940777298,112.3,0.06621137590894949,0.37921253461200777,0.9081177520071365,0.20224868015625982,3.130119188715515,0.1830963200688287,0.8169036799311713,0.71,3,15,14.53016440167793
886505192dfffff,Hulu Langat,3.0258581104086186,101.83429113815903,0.0,0.0,0.0,0.0,0.9081177520071365,0.0,0.28912909034608064,0.016912605966592366,0.9830873940334076,4.46,0,1,0.0
886505cd87fffff,Hulu Langat,3.058357585464093,101.91382262397397,0.0,0.0,0.0,0.0,0.9081177520071365,0.0,0.0008383578443506249,4.90397416030749e-05,0.9999509602583969,13.95,0,0,0.0
886505c593fffff,Hulu Langat,2.8855493813002737,101.83931133399078,0.0,0.0,0.0,0.0,0.9081177520071365,0.0,0.18603315566903003,0.010882009329417497,0.9891179906705825,3.12,0,2,0.0
8865054217fffff,Hulu Langat,3.21707617209844,101.8745037918606,0.0,0.0,0.0,0.0,0.9081177520071365,0.0,0.0009894491629134493,5.787782819189667e-05,0.9999421221718081,13.11,0,0,0.0
88650556e5fffff,Hulu Langat,3.073602339038492,101.82069869532661,0.0,0.0,0.0,0.0,0.9081177520071365,0.0,0.3382060700676944,0.019783363866008794,0.9802166361339912,4.31,0,4,0.0
886505c583fffff,Hulu Langat,2.8914791246164464,101.86235721685391,0.0,1.0,0.0,0.0033767812521104876,0.9081177520071365,0.00153325749984321,0.15230345329403044,0.008908990409197539,0.9910910095908024,3.62,0,2,0.13364189150788475
88650542abfffff,Hulu Langat,3.2354021844032417,101.84016677629243,0.0,0.0,0.0,0.0,0.9081177520071365,0.0,0.005779811545756128,0.0003380900729066318,0.9996619099270934,9.82,0,0,0.0
8865051a33fffff,Hulu Langat,2.9133282663201863,101.78337781601725,0.0,0.0,0.0,0.0,0.9081177520071365,0.0,0.33550981986360284,0.01962564671193564,0.9803743532880643,2.96,0,2,0.0
8865055093fffff,Hulu Langat,3.153142573270031,101.89559965001438,0.0,0.0,0.0,0.0,0.9081177520071365,0.0,0.0006831215152283051,3.9959192624058503e-05,0.999960040807376,12.83,0,0,0.0
8865051917fffff,Hulu Langat,3.0059244181073463,101.79193209871637,1589.75940777298,26.1,0.06621137590894949,0.08813399068008373,0.9081177520071365,0.07008188366977512,3.1211280866638758,0.18257038555970417,0.8174296144402958,0.61,4,17,5.038138630837505
886505cd89fffff,Hulu Langat,3.0422059584576973,101.92132598027537,0.0,0.0,0.0,0.0,0.9081177520071365,0.0,0.0006196843712372351,3.624843692430263e-05,0.9999637515630757,13.94,0,0,0.0
8865055481fffff,Hulu Langat,3.1168641324042827,101.76615346401076,1059.8396051819866,89.3,0.044140917272632994,0.30154656581346656,0.9081177520071365,0.15696247001857686,2.78775659932931,0.16306982060777359,0.8369301793922264,1.84,2,12,11.553113301696426
8865055543fffff,Hulu Langat,3.147217740540406,101.87253747661313,0.0,0.0,0.0,0.0,0.9081177520071365,0.0,0.003646668603639721,0.0002133118777853833,0.9997866881222146,10.22,0,0,0.0
88650556e7fffff,Hulu Langat,3.0743189010106575,101.8117597753483,0.0,0.0,0.0,0.0,0.9081177520071365,0.0,0.562842887376573,0.032923494359923866,0.9670765056400761,3.53,0,6,0.0
886505cc81fffff,Hulu Langat,2.998770536340874,101.88129511250027,0.0,0.0,0.0,0.0,0.9081177520071365,0.0,0.015174692769538835,0.0008876436444638354,0.9991123563555362,8.17,0,0,0.0
886505cebdfffff,Hulu Langat,2.9584046688407533,101.90005447412956,0.0,0.0,0.0,0.0,0.9081177520071365,0.0,0.012811718429829557,0.0007494214618780715,0.9992505785381219,7.36,0,0,0.0
8865051a41fffff,Hulu Langat,2.878905840268732,101.82519793322241,0.0,0.0,0.0,0.0,0.9081177520071365,0.0,0.09749982471865765,0.005703252188511,0.994296747811489,4.13,0,1,0.0
886505cde3fffff,Hulu Langat,3.056923554807343,101.93169251833015,0.0,0.0,0.0,0.0,0.9081177520071365,0.0,0.0002455706750697528,1.4364656491097061e-05,0.9999856353435089,15.72,0,0,0.0
8865054311fffff,Hulu Langat,3.2605367352894223,101.91456129168976,0.0,0.0,0.0,0.0,0.9081177520071365,0.0,1.9967601434805682e-05,1.1680048339674469e-06,0.999998831995166,18.54,0,0,0.0
8865055519fffff,Hulu Langat,3.1493724569651347,101.84571889809689,0.0,0.0,0.0,0.0,0.9081177520071365,0.0,0.02347135825473657,0.0013729570870503927,0.9986270429129496,7.28,0,0,0.0
886505cd3bfffff,Hulu Langat,3.0547721370146634,101.95849497039046,0.0,0.0,0.0,0.0,0.9081177520071365,0.0,3.902159117214448e-05,2.282567952238864e-06,0.9999977174320478,18.27,0,0,0.0
8865055691fffff,Hulu Langat,3.054382986725151,101.76939259286966,19607.03269586676,115.4,0.8166069695437107,0.3896805564935503,0.9081177520071365,0.5477255582096038,4.407884091564291,0.25783917729552797,0.742160822704472,0.99,7,21,35.74991480785201
886505180dfffff,Hulu Langat,2.951548808630507,101.79140978777458,2649.599012954967,6.2,0.1103522931815825,0.020936043763085024,0.9081177520071365,0.059612634705473476,0.8255655913876143,0.048291458773666744,0.9517085412263333,2.93,0,9,4.989491226769503
8865054269fffff,Hulu Langat,3.2127574789557274,101.9281434071849,0.0,0.0,0.0,0.0,0.9081177520071365,0.0,2.702764667260188e-05,1.5809821759230438e-06,0.999998419017824,18.22,0,0,0.0
886505cc13fffff,Hulu Langat,2.98854988352012,101.9118491801109,0.0,0.0,0.0,0.0,0.9081177520071365,0.0,0.002641330242826977,0.00015450461097188576,0.9998454953890281,10.45,0,0,0.0
88650550e1fffff,Hulu Langat,3.1642705390368464,101.95065800260552,0.0,0.0,0.0,0.0,0.9081177520071365,0.0,1.238594720608147e-05,7.245159743999837e-07,0.9999992754840256,19.04,0,0,0.0
8865051965fffff,Hulu Langat,3.0170668892186074,101.84698206857203,0.0,0.0,0.0,0.0,0.9081177520071365,0.0,0.13328052826516576,0.007796244421029706,0.9922037555789703,5.42,0,0,0.0
8865055689fffff,Hulu Langat,3.052235147134169,101.79621095319575,4239.358420727946,20.6,0.17656366909053198,0.06956169379347606,0.9081177520071365,0.11175540562708305,2.807976892094148,0.1642526066209399,0.8357473933790601,1.08,4,13,8.214053922121407
8865051a63fffff,Hulu Langat,2.902403385058996,101.82287150786915,0.0,0.0,0.0,0.0,0.9081177520071365,0.0,0.37573394564473095,0.021978556925406626,0.9780214430745934,2.13,0,2,0.0
88650519a1fffff,Hulu Langat,3.0315829705506903,101.76278498231487,2649.599012954967,84.9,0.1103522931815825,0.2866887283041804,0.9081177520071365,0.1802799999431341,6.26385478647422,0.36640418198247243,0.6335958180175276,0.33,10,23,10.045552573773337
886505c58dfffff,Hulu Langat,2.890052005828918,101.88022146840326,0.0,0.0,0.0,0.0,0.9081177520071365,0.0,0.05359904270806853,0.003135275971100177,0.9968647240288998,5.33,0,0,0.0
88650554b3fffff,Hulu Langat,3.1344593592848957,101.7407513281588,21233.88648982107,319.4,0.8843632775572007,1.0,0.9081177520071365,0.8556118717900225,11.265778264628334,0.6589916928407151,0.3410083071592849,0.98,11,86,25.65994612514909
886505c5a9fffff,Hulu Langat,2.905478156021631,101.88165083213148,0.0,0.0,0.0,0.0,0.9081177520071365,0.0,0.08238268858260744,0.004818975319288604,0.9951810246807113,4.73,0,2,0.0
8865051b2dfffff,Hulu Langat,2.9693372566814205,101.86056713032121,0.0,1.0,0.0,0.0033767812521104876,0.9081177520071365,0.00153325749984321,0.07651709850321743,0.004475867631108443,0.9955241323688916,5.39,0,0,0.13423966800632672
8865051a3dfffff,Hulu Langat,2.9119013924149213,101.80124845443528,0.0,0.0,0.0,0.0,0.9081177520071365,0.0,0.22145178011888567,0.012953821745394417,0.9870461782546056,4.13,0,3,0.0
8865055749fffff,Hulu Langat,3.0818704213094814,101.91150197898115,0.0,0.0,0.0,0.0,0.9081177520071365,0.0,0.0006692580800985084,3.914825099444588e-05,0.9999608517490055,14.17,0,0,0.0
886505508bfffff,Hulu Langat,3.1509865532660184,101.9224135661545,0.0,0.0,0.0,0.0,0.9081177520071365,0.0,0.00010729164917772823,6.276024954378581e-06,0.9999937239750456,15.77,0,0,0.0
88650556d5fffff,Hulu Langat,3.044874041867275,101.79102829270077,7418.877236273906,131.6,0.308986420908431,0.44438441277774016,0.9081177520071365,0.342074713957414,3.8146642473541696,0.22313878286382285,0.7768612171361772,0.95,5,20,23.37105906263053
886505cd95fffff,Hulu Langat,3.0517151722024196,101.89970394300607,0.0,0.0,0.0,0.0,0.9081177520071365,0.0,0.002470138194767605,0.0001444907322232047,0.9998555092677768,12.23,0,0,0.0
886505192bfffff,Hulu Langat,3.0192138637937145,101.82017157177168,0.0,0.0,0.0,0.0,0.9081177520071365,0.0,0.7422285599482308,0.04341665916954272,0.9565833408304573,2.8,0,6,0.0
8865051a6bfffff,Hulu Langat,2.8943328108930224,101.82662493844641,0.0,0.8,0.0,0.0027014250016883902,0.9081177520071365,0.0012266059998745679,0.2806584045062456,0.016417113203465544,0.9835828867965345,2.51,0,2,0.10610357771324853
886505541dfffff,Hulu Langat,3.1051992616973667,101.81461447933938,529.9198025909933,6.9,0.022070458636316497,0.023299790639562366,0.9081177520071365,0.020600764390207263,0.20398821221628294,0.01193229035139315,0.9880677096486068,5.44,0,0,1.7901277353067413
8865051a19fffff,Hulu Langat,2.881757615576933,101.78946213293196,529.9198025909933,28.1,0.022070458636316497,0.09488755318430471,0.9081177520071365,0.053105823386883313,0.05481172588926765,0.003206211873057967,0.9967937881269421,6.28,0,0,4.655447669414433
8865051b45fffff,Hulu Langat,2.9377621911230474,101.86664345861716,2119.679210363973,5.800000000000001,0.08828183454526599,0.01958533126224083,0.9081177520071365,0.04897804406424708,0.20813077447289818,0.012174609528112274,0.9878253904718878,3.0,0,2,4.25496117813623
8865051805fffff,Hulu Langat,2.959622104855668,101.78765438646008,2649.599012954967,41.2,0.1103522931815825,0.1391233875869521,0.9081177520071365,0.11327664719998583,1.1502685168009603,0.06728495620120843,0.9327150437987916,2.47,0,9,9.291874753954032
8865051b6bfffff,Hulu Langat,2.945834130598008,101.86289103276395,9538.55644663788,53.1,0.397268255453697,0.17930708448706692,0.9081177520071365,0.26179915078487853,0.17972275085887585,0.010512882203827751,0.9894871177961723,3.25,0,2,22.78202675168404
8865051829fffff,Hulu Langat,2.966981357568979,101.79283568791024,6888.957433682914,182.5,0.28691596227211447,0.616262578510164,0.9081177520071365,0.4100962330581443,1.1123454058322821,0.0650666438478133,0.9349333561521866,2.74,0,11,33.71944472579699
8865051983fffff,Hulu Langat,3.0094995250387258,101.74723887320141,2649.599012954967,36.4,0.1103522931815825,0.12291483757682176,0.9081177520071365,0.10591701120073843,3.6885459951549855,0.2157614957769822,0.7842385042230178,1.77,2,22,7.3051284718388665
886505196bfffff,Hulu Langat,3.002348086100252,101.83661752925165,0.0,0.0,0.0,0.0,0.9081177520071365,0.0,0.2906873998646614,0.01700375928094825,0.9829962407190518,3.55,0,3,0.0
886505cdd1fffff,Hulu Langat,3.027488645103887,101.91095999459193,0.0,0.0,0.0,0.0,0.9081177520071365,0.0,0.0015220703096561043,8.90335018515437e-05,0.9999109664981485,12.22,0,0,0.0
88650556b1fffff,Hulu Langat,3.0771846425803697,101.77600097101251,16957.433682911786,63.6,0.7062546763621279,0.21476328763422703,0.9081177520071365,0.4181963815112798,2.085237619456768,0.12197597330097042,0.8780240266990296,1.66,2,13,32.292424331517104
8865051a57fffff,Hulu Langat,2.8810447406049233,101.79839655122194,2119.679210363973,6.5,0.08828183454526599,0.02194907813871817,0.9081177520071365,0.05005132431413732,0.05627502838979409,0.0032918077519496756,0.9967081922480503,5.73,0,0,4.387302508619209
8865054249fffff,Hulu Langat,3.1899514209847784,101.92152522577906,0.0,0.0,0.0,0.0,0.9081177520071365,0.0,6.586597736011227e-05,3.852830306223018e-06,0.9999961471696938,16.56,0,0,0.0
8865051b11fffff,Hulu Langat,2.9413336026057855,101.82197174506064,0.0,0.0,0.0,0.0,0.9081177520071365,0.0,0.3475498596886937,0.02032992883429179,0.9796700711657083,3.06,0,2,0.0
88650554c5fffff,Hulu Langat,3.107350400411537,101.78779360625921,0.0,0.0,0.0,0.0,0.9081177520071365,0.0,0.8423908413150683,0.04927565175809406,0.9507243482419059,3.06,0,4,0.0
886505569bfffff,Hulu Langat,3.0470213683327283,101.76421002496217,7418.877236273906,79.6,0.308986420908431,0.26879178766799483,0.9081177520071365,0.26234532396556715,4.694811918103352,0.27462302033704733,0.7253769796629527,0.65,5,20,16.73597722331684
88650550b1fffff,Hulu Langat,3.1752276848002605,101.91115458027629,0.0,0.0,0.0,0.0,0.9081177520071365,0.0,0.00017224238265693784,1.0075318070336472e-05,0.9999899246819297,14.98,0,0,0.0
8865055467fffff,Hulu Langat,3.1258501612352765,101.84804525410554,0.0,0.0,0.0,0.0,0.9081177520071365,0.0,0.022747072109038327,0.0013305899693916547,0.9986694100306084,7.65,0,0,0.0
88650542bbfffff,Hulu Langat,3.229476805589696,101.81709541611241,0.0,0.0,0.0,0.0,0.9081177520071365,0.0,0.030772023298285586,0.0018000094843993583,0.9981999905156006,7.19,0,0,0.0
886505cc19fffff,Hulu Langat,2.9797611618671187,101.92453318374436,0.0,0.0,0.0,0.0,0.9081177520071365,0.0,0.0014735027310811403,8.619254137189541e-05,0.9999138074586281,10.94,0,0,0.0
88650556b5fffff,Hulu Langat,3.0845467252572636,101.78118407009015,0.0,0.8,0.0,0.0027014250016883902,0.9081177520071365,0.0012266059998745679,1.4238259361592203,0.08328669728269637,0.9167133027173037,2.62,0,10,0.09889005030620755
88650542b1fffff,Hulu Langat,3.236841475835208,101.82228110693107,0.0,0.0,0.0,0.0,0.9081177520071365,0.0,0.01717295760516809,0.0010045321448269161,0.9989954678551731,8.05,0,0,0.0
886505c5b7fffff,Hulu Langat,2.9156904757161604,101.85110034262064,0.0,0.4,0.0,0.0013507125008441951,0.9081177520071365,0.0006133029999372839,0.8257935739635414,0.048304794614309025,0.951695205385691,1.26,2,2,0.0513318539492113
886505559dfffff,Hulu Langat,3.161761948516465,101.7883155729474,0.0,0.0,0.0,0.0,0.9081177520071365,0.0,0.9584415072502748,0.05606403539245428,0.9439359646075457,2.5,0,5,0.0
88650519c9fffff,Hulu Langat,2.983844209510492,101.77638678727585,11128.31585441086,520.9,0.4634796313626464,1.0,0.9081177520071365,0.6645059164706396,2.5787933489015824,0.15084651539918226,0.8491534846008177,0.99,1,16,49.62482951252079
88650519d1fffff,Hulu Langat,2.985987889052262,101.7495720641374,2119.679210363973,6.3,0.08828183454526599,0.02127372188829607,0.9081177520071365,0.04974467281416868,3.9173857041125073,0.22914747441536693,0.770852525584633,0.84,3,30,3.372343914451539
8865051859fffff,Hulu Langat,2.9214000773263997,101.77962255104784,529.9198025909933,4.4,0.022070458636316497,0.014857837509286147,0.9081177520071365,0.016767620640599237,0.5932896302477638,0.03470447656593517,0.9652955234340648,2.04,0,3,1.4234614542009034
886505cdb3fffff,Hulu Langat,3.0678680296980576,101.89219874192825,0.0,0.0,0.0,0.0,0.9081177520071365,0.0,0.0032471932343538026,0.00018994456629830761,0.9998100554337017,11.79,0,0,0.0
88650550a7fffff,Hulu Langat,3.1892319251372325,101.93046365062416,0.0,0.0,0.0,0.0,0.9081177520071365,0.0,3.5506597160660895e-05,2.0769583796427744e-06,0.9999979230416204,17.48,0,0,0.0
8865055509fffff,Hulu Langat,3.155298124396958,101.8687828813242,0.0,0.0,0.0,0.0,0.9081177520071365,0.0,0.004388259929909174,0.0002566912619712677,0.9997433087380287,9.91,0,0,0.0
8865055511fffff,Hulu Langat,3.1574532050467066,101.84196327137965,0.0,0.0,0.0,0.0,0.9081177520071365,0.0,0.028298626311763542,0.00165532812915443,0.9983446718708455,7.05,0,0,0.0
8865055095fffff,Hulu Langat,3.1597854149904445,101.90972280517228,0.0,0.0,0.0,0.0,0.9081177520071365,0.0,0.0002342161731826072,1.3700474910010351e-05,0.99998629952509,14.48,0,0,0.0
886505558dfffff,Hulu Langat,3.1676892857987964,101.81138394179573,0.0,0.0,0.0,0.0,0.9081177520071365,0.0,0.19830376867118749,0.011599778829628036,0.988400221170372,4.54,0,1,0.0
88650550e3fffff,Hulu Langat,3.1649897186532225,101.94172093253185,0.0,0.0,0.0,0.0,0.9081177520071365,0.0,2.3011464890685247e-05,1.3460556249957079e-06,0.999998653944375,18.07,0,0,0.0
886505c59dfffff,Hulu Langat,2.88412278696652,101.85717678748918,0.0,1.0,0.0,0.0033767812521104876,0.9081177520071365,0.00153325749984321,0.12035458807103443,0.007040141557117226,0.9929598584428828,3.88,0,2,0.13389389308303523
8865055633fffff,Hulu Langat,3.0728857265521663,101.82963730202513,0.0,0.0,0.0,0.0,0.9081177520071365,0.0,0.19707189990590868,0.011527720666940997,0.988472279333059,5.17,0,0,0.0
886505cdb9fffff,Hulu Langat,3.0590745262542547,101.9048872001537,0.0,0.0,0.0,0.0,0.9081177520071365,0.0,0.001547654808433505,9.053006709220147e-05,0.9999094699329077,13.04,0,0,0.0
8865051b37fffff,Hulu Langat,2.9721966478750947,101.82482615323211,3179.51881554596,29.0,0.13242275181789898,0.09792665631120415,0.9081177520071365,0.10459219334318777,0.4453678657276923,0.02605179303894553,0.9739482069610544,2.42,0,2,8.95878496307687
886505563dfffff,Hulu Langat,3.0714523502725792,101.8475135739084,0.0,0.0,0.0,0.0,0.9081177520071365,0.0,0.06347395422041299,0.0037129089140992408,0.9962870910859007,6.99,0,0,0.0
8865055445fffff,Hulu Langat,3.102330358676722,101.85037125873647,0.0,0.0,0.0,0.0,0.9081177520071365,0.0,0.025742022079065497,0.0015057795660942813,0.9984942204339057,8.82,0,0,0.0
886505ccd5fffff,Hulu Langat,2.983338436815246,101.87986535811278,0.0,1.0,0.0,0.0033767812521104876,0.9081177520071365,0.00153325749984321,0.02042825522677166,0.001194950777252544,0.9988050492227475,7.74,0,0,0.13468207736125615
8865054281fffff,Hulu Langat,3.2199542266547057,101.83873772108491,0.0,0.0,0.0,0.0,0.9081177520071365,0.0,0.010094786165972196,0.0005904945107313024,0.9994095054892687,9.22,0,0,0.0
8865055713fffff,Hulu Langat,3.1016130050884403,101.8593096678105,0.0,0.0,0.0,0.0,0.9081177520071365,0.0,0.014837987977713633,0.0008679480978677219,0.9991320519021323,9.6,0,0,0.0
886505566bfffff,Hulu Langat,3.0538651763899094,101.87289585319219,0.0,0.6,0.0,0.0020260687512662925,0.9081177520071365,0.0009199544999059259,0.015464684580506101,0.0009046067152726472,0.9990953932847274,9.54,0,0,0.0808327369716607
886505ce8bfffff,Hulu Langat,2.9349042154959895,101.90237515878079,0.0,1.6,0.0,0.0054028500033767805,0.9081177520071365,0.0024532119997491358,0.019421515280027262,0.001136061524670814,0.9988639384753292,6.66,0,0,0.2155040290832193
886505405bfffff,Hulu Langat,3.241326713219222,101.86323713472794,0.0,0.0,0.0,0.0,0.9081177520071365,0.0,0.0010681865670099286,6.24835725973529e-05,0.9999375164274027,12.45,0,0,0.0
8865055191fffff,Hulu Langat,3.203955569085826,101.94083490206086,0.0,0.0,0.0,0.0,0.9081177520071365,0.0,1.3209949803159396e-05,7.727160058224415e-07,0.9999992272839942,19.12,0,0,0.0
8865050b47fffff,Hulu Langat,3.056530373753839,101.7425714350609,21233.88648982107,122.9,0.8843632775572007,0.415006415884379,0.9081177520071365,0.5899903425171847,2.4012365887497387,0.14046033282046483,0.8595396671795352,1.97,1,23,44.598967668908074
88650555a9fffff,Hulu Langat,3.183134803105226,101.8128116197123,0.0,0.0,0.0,0.0,0.9081177520071365,0.0,0.1330744027228021,0.007784187107552623,0.9922158128924474,5.92,0,0,0.0
88650550c3fffff,Hulu Langat,3.1421882494993403,101.93510308534722,0.0,0.0,0.0,0.0,0.9081177520071365,0.0,4.965731726712242e-05,2.9047047437933093e-06,0.9999970952952562,17.14,0,0,0.0
886505ce87fffff,Hulu Langat,2.950332608586823,101.90380564688623,0.0,0.0,0.0,0.0,0.9081177520071365,0.0,0.012669689405691641,0.000741113474196206,0.9992588865258037,7.32,0,0,0.0
886505565dfffff,Hulu Langat,3.031785986455761,101.85734716508216,0.0,0.0,0.0,0.0,0.9081177520071365,0.0,0.05867531613323351,0.0034322125820642818,0.9965677874179357,7.1,0,0,0.0
8865051837fffff,Hulu Langat,2.9771987309580363,101.76226739814,2649.599012954967,7.6,0.1103522931815825,0.025663537516039708,0.9081177520071365,0.061759195205253976,3.1645033294022635,0.1851076203577024,0.8148923796422975,1.73,3,18,4.426045397517075
8865051aadfffff,Hulu Langat,2.9228270088222508,101.76174998418013,1589.75940777298,10.4,0.06621137590894949,0.03511852502194907,0.9081177520071365,0.046009740922236725,1.0423338450218538,0.06097131764014743,0.9390286823598526,1.19,1,6,3.799641524364572
8865055557fffff,Hulu Langat,3.1486542703169578,101.85465873942726,0.0,0.0,0.0,0.0,0.9081177520071365,0.0,0.012597876425523104,0.0007369127739642666,0.9992630872260357,8.25,0,0,0.0
8865050b61fffff,Hulu Langat,3.0712548567361155,101.75293680413829,6888.957433682914,82.0,0.28691596227211447,0.27689606267306,0.9081177520071365,0.2560038543239017,2.441830394677443,0.14283486747388835,0.8571651325261116,2.24,0,18,19.29856336388705
88650556d3fffff,Hulu Langat,3.0382286648230585,101.77690669189438,1589.75940777298,19.5,0.06621137590894949,0.06584723441615452,0.9081177520071365,0.05996238417080994,5.341892938320936,0.3124740242270436,0.6875259757729564,0.49,7,21,3.625617489947749
886505ccc7fffff,Hulu Langat,2.9899810906367144,101.89398167751654,0.0,0.0,0.0,0.0,0.9081177520071365,0.0,0.007741398058448441,0.00045283307479148814,0.9995471669252085,9.24,0,0,0.0
8865055417fffff,Hulu Langat,3.1139957750451885,101.8019178700014,0.0,0.0,0.0,0.0,0.9081177520071365,0.0,0.4095334953188722,0.02395566156334803,0.976044338436652,3.77,0,2,0.0
8865051b3dfffff,Hulu Langat,2.963408572400584,101.83751567958171,1589.75940777298,32.0,0.06621137590894949,0.1080570000675356,0.9081177520071365,0.07912810291885006,0.21560648235017693,0.012611901055915403,0.9873880989440846,4.13,0,2,6.871200504426639
8865051ae5fffff,Hulu Langat,2.91404163311088,101.77444202976602,0.0,0.0,0.0,0.0,0.9081177520071365,0.0,0.4659262896920853,0.027254358036427256,0.9727456419635727,2.33,0,3,0.0
8865051a23fffff,Hulu Langat,2.9192593276746917,101.80642906734697,529.9198025909933,3.0,0.022070458636316497,0.010130343756331463,0.9081177520071365,0.014621060140818742,0.27816603451780986,0.016271322022485043,0.983728677977515,3.61,0,3,1.264934900709155
886505c5bdfffff,Hulu Langat,2.90690586645696,101.8637858371024,2119.679210363973,15.2,0.08828183454526599,0.051327075032079415,0.9081177520071365,0.06339066456277324,0.28529286444639607,0.016688205934888393,0.9833117940651116,2.91,0,2,5.481892724420633
886505ced7fffff,Hulu Langat,2.9275475862170524,101.8971938694478,1059.8396051819866,3.4,0.044140917272632994,0.011481056257175657,0.9081177520071365,0.02525565078204514,0.03079413194614579,0.001801302729742697,0.9981986972702573,5.99,0,0,2.217121748359157
8865055561fffff,Hulu Langat,3.1693036987228913,101.88809182483634,0.0,0.4,0.0,0.0013507125008441951,0.9081177520071365,0.0006133029999372839,0.0009515630277146171,5.5661678736136516e-05,0.9999443383212638,12.34,0,0,0.053934281103418906
88650550a1fffff,Hulu Langat,3.181150826512796,101.93421631164908,0.0,0.0,0.0,0.0,0.9081177520071365,0.0,3.096965757627518e-05,1.8115701013719675e-06,0.9999981884298986,17.62,0,0,0.0
8865055539fffff,Hulu Langat,3.1721786357236867,101.85233274822446,529.9198025909933,1.6,0.022070458636316497,0.0054028500033767805,0.9081177520071365,0.012474499641038252,0.011230375593064116,0.000656920813588774,0.9993430791864112,8.69,0,0,1.0963563177791658
886505519bfffff,Hulu Langat,3.19659371505797,101.93564920734947,0.0,0.0,0.0,0.0,0.9081177520071365,0.0,2.1736238072636248e-05,1.271461233037851e-06,0.9999987285387669,18.29,0,0,0.0
88650554e5fffff,Hulu Langat,3.130155696459594,101.79440390984983,1059.8396051819866,1.0,0.044140917272632994,0.0033767812521104876,0.9081177520071365,0.02157583278242144,0.8071033582517809,0.0472115104574459,0.9527884895425541,1.91,1,4,1.8079151704990701
8865051a37fffff,Hulu Langat,2.920686541038662,101.78855836809964,529.9198025909933,3.9,0.022070458636316497,0.013169446883230903,0.9081177520071365,0.016000991890677635,0.3931847682676306,0.022999342784279297,0.9770006572157207,2.91,0,3,1.37485133760569
8865055291fffff,Hulu Langat,3.095872344793708,101.93080555997815,0.0,0.0,0.0,0.0,0.9081177520071365,0.0,0.00013805530779852022,8.075545146972963e-06,0.9999919244548531,16.63,0,0,0.0
886505cdd9fffff,Hulu Langat,3.0194138734413905,101.91471154507067,0.0,0.0,0.0,0.0,0.9081177520071365,0.0,0.0013006666163084522,7.60824929418038e-05,0.9999239175070582,12.32,0,0,0.0
8865051b55fffff,Hulu Langat,2.9318332397127396,101.8435945954948,1059.8396051819866,1.4,0.044140917272632994,0.004727493752954682,0.9081177520071365,0.022189135782358725,0.8338417161720584,0.04877557068797502,0.951224429312025,0.87,1,2,1.8562538294009072
88650550e9fffff,Hulu Langat,3.1561906539905267,101.95440961696899,0.0,0.0,0.0,0.0,0.9081177520071365,0.0,1.0642943807482497e-05,6.22558991643076e-07,0.9999993774410083,19.36,0,0,0.0
8865055437fffff,Hulu Langat,3.136800989628022,101.80852896719658,0.0,0.0,0.0,0.0,0.9081177520071365,0.0,0.3332824493095612,0.019495356672711267,0.9805046433272887,3.11,0,1,0.0
8865055709fffff,Hulu Langat,3.0987430811735446,101.89506014845271,0.0,1.0,0.0,0.0033767812521104876,0.9081177520071365,0.00153325749984321,0.0014974605568052947,8.759395437327798e-05,0.9999124060456267,12.98,0,0,0.13483139690805016
8865055747fffff,Hulu Langat,3.098025473099553,101.90399697760877,0.0,0.0,0.0,0.0,0.9081177520071365,0.0,0.0008303924028508554,4.857380310731755e-05,0.9999514261968927,13.88,0,0,0.0
8865054229fffff,Hulu Langat,3.229642849157944,101.91169684007906,0.0,0.0,0.0,0.0,0.9081177520071365,0.0,5.7426403344108684e-05,3.359157429212581e-06,0.9999966408425708,17.39,0,0,0.0
8865055449fffff,Hulu Langat,3.086890893079775,101.84894235276931,0.0,0.0,0.0,0.0,0.9081177520071365,0.0,0.03979871851142326,0.002328026015484441,0.9976719739845156,7.77,0,0,0.0
8865054357fffff,Hulu Langat,3.251731996850296,101.92725559675382,0.0,0.0,0.0,0.0,0.9081177520071365,0.0,1.1098013942024724e-05,6.491783188905156e-07,0.9999993508216811,19.59,0,0,0.0
8865051b51fffff,Hulu Langat,2.924475659369142,101.83841361446906,1059.8396051819866,2.1,0.044140917272632994,0.007091240629432024,0.9081177520071365,0.023262416032248972,1.1651188972629338,0.06815362919743552,0.9318463708025645,0.55,2,2,1.9063959916842093
8865055723fffff,Hulu Langat,3.130339964413996,101.88898417385049,0.0,0.0,0.0,0.0,0.9081177520071365,0.0,0.0013847647785355777,8.100181489090084e-05,0.9999189981851091,12.07,0,0,0.0
886505406bfffff,Hulu Langat,3.2700627878650304,101.89292418811975,0.0,0.0,0.0,0.0,0.9081177520071365,0.0,5.963140735522199e-05,3.488139137521755e-06,0.9999965118608625,16.72,0,0,0.0
886505190bfffff,Hulu Langat,2.996419132702088,101.81356229438983,2119.679210363973,92.6,0.08828183454526599,0.31268994394543115,0.9081177520071365,0.1820647950506377,1.2725563868044243,0.07443818508380501,0.925561814916195,1.19,1,7,14.819903821190943
88650542ddfffff,Hulu Langat,3.196424497332644,101.84106513165855,0.0,0.0,0.0,0.0,0.9081177520071365,0.0,0.01537310233716343,0.0008992496120031797,0.9991007503879968,9.13,0,0,0.0
88650519a5fffff,Hulu Langat,3.038944269471244,101.76796730018556,7948.7970388649,264.7,0.3310568795447475,0.8938339974336461,0.9081177520071365,0.5561725748278344,5.6159621646887,0.3285057034592459,0.6714942965407541,0.54,5,21,32.84474372450274
886505422dfffff,Hulu Langat,3.2370058356318236,101.91688295400056,0.0,0.0,0.0,0.0,0.9081177520071365,0.0,3.34251955414162e-05,1.9552067931719116e-06,0.9999980447932069,18.1,0,0,0.0
88650542c5fffff,Hulu Langat,3.210432272032411,101.86037716075714,0.0,0.6,0.0,0.0020260687512662925,0.9081177520071365,0.0009199544999059259,0.003028574356271117,0.00017715645515582366,0.9998228435448442,11.49,0,0,0.08089159200785766
8865054285fffff,Hulu Langat,3.2273183093798465,101.84392336049297,0.0,0.0,0.0,0.0,0.9081177520071365,0.0,0.005811907193569734,0.00033996750780626193,0.9996600324921937,9.95,0,0,0.0
886505cdddfffff,Hulu Langat,3.0267722497852927,101.91989435761437,0.0,0.0,0.0,0.0,0.9081177520071365,0.0,0.0008322224111572806,4.868084944210563e-05,0.9999513191505579,13.12,0,0,0.0
886505564dfffff,Hulu Langat,3.037713048913737,101.88040218601209,0.0,0.0,0.0,0.0,0.9081177520071365,0.0,0.011273683393181355,0.0006594541033306886,0.9993405458966693,9.74,0,0,0.0
886505420bfffff,Hulu Langat,3.207554271359575,101.89613932908837,0.0,0.0,0.0,0.0,0.9081177520071365,0.0,0.0002786764681143381,1.6301179835408187e-05,0.9999836988201646,14.82,0,0,0.0
8865054209fffff,Hulu Langat,3.2068346375005174,101.90507907951672,0.0,0.0,0.0,0.0,0.9081177520071365,0.0,0.00015216074508921706,8.900642692842469e-06,0.9999910993573071,15.64,0,0,0.0
88650551bbfffff,Hulu Langat,3.219399666511246,101.94226817471343,0.0,0.0,0.0,0.0,0.9081177520071365,0.0,8.783081038547218e-06,5.137663200883501e-07,0.99999948623368,19.96,0,0,0.0
88650542c9fffff,Hulu Langat,3.194986408230417,101.858947364621,0.0,0.0,0.0,0.0,0.9081177520071365,0.0,0.004701070331969286,0.0002749891062523861,0.9997250108937477,10.58,0,0,0.0
886505573bfffff,Hulu Langat,3.1163353962535325,101.86967753951483,0.0,0.0,0.0,0.0,0.9081177520071365,0.0,0.005985484412775133,0.00035012090713970096,0.9996498790928603,10.23,0,0,0.0
8865051a0bfffff,Hulu Langat,2.8884020191296784,101.8035766647954,0.0,0.0,0.0,0.0,0.9081177520071365,0.0,0.09086598768149715,0.005315205894996271,0.9946847941050038,4.78,0,1,0.0
88650551b3fffff,Hulu Langat,3.2274822077749756,101.93851538092785,0.0,0.0,0.0,0.0,0.9081177520071365,0.0,9.538246229821228e-06,5.579397074995447e-07,0.9999994420602925,20.0,0,0,0.0
886505ccbdfffff,Hulu Langat,3.01491947346794,101.87378973571533,0.0,0.0,0.0,0.0,0.9081177520071365,0.0,0.02193012213701945,0.0012828024812678012,0.9987171975187322,7.87,0,0,0.0
8865055517fffff,Hulu Langat,3.165534315487653,101.83820741151612,0.0,0.0,0.0,0.0,0.9081177520071365,0.0,0.03314628542489734,0.0019388919460732205,0.9980611080539268,6.95,0,0,0.0
88650542d5fffff,Hulu Langat,3.2045071731893673,101.83730879306329,0.0,0.6,0.0,0.0020260687512662925,0.9081177520071365,0.0009199544999059259,0.016470683347453628,0.0009634526125426033,0.9990365473874574,8.92,0,0,0.08082797598990875
886505571dfffff,Hulu Langat,3.1001781449252825,101.87718554009895,0.0,0.0,0.0,0.0,0.9081177520071365,0.0,0.004785882972442183,0.0002799502216060415,0.9997200497783939,11.24,0,0,0.0
8865055513fffff,Hulu Langat,3.158171460436309,101.83302277196171,0.0,0.0,0.0,0.0,0.9081177520071365,0.0,0.0525013016132813,0.003071063606418196,0.9969289363935818,6.12,0,0,0.0
886505529bfffff,Hulu Langat,3.0885126427241136,101.92562161173285,0.0,0.0,0.0,0.0,0.9081177520071365,0.0,0.00022461271225446408,1.3138720468771533e-05,0.9999868612795312,15.87,0,0,0.0
8865054289fffff,Hulu Langat,3.2118709506780325,101.84249418248167,529.9198025909933,1.4,0.022070458636316497,0.004727493752954682,0.9081177520071365,0.012167848141069608,0.009733710989718754,0.0005693734185126581,0.9994306265814873,9.52,0,0,1.069499077569756
8865055525fffff,Hulu Langat,3.1935481059844046,101.8768283363473,0.0,0.0,0.0,0.0,0.9081177520071365,0.0,0.0014100630710715278,8.24816384976364e-05,0.9999175183615023,12.18,0,0,0.0
886505429bfffff,Hulu Langat,3.2066642663744127,101.81048205611229,0.0,0.0,0.0,0.0,0.9081177520071365,0.0,0.09201142031887852,0.005382207976433727,0.9946177920235663,5.94,0,0,0.0
8865051a5dfffff,Hulu Langat,2.8722619934641553,101.81108441794534,529.9198025909933,1.7999999999999998,0.022070458636316497,0.006078206253798878,0.9081177520071365,0.012781151141006891,0.044969852657580696,0.002630511504266173,0.9973694884957338,5.51,0,0,1.1210888371536902
8865051949fffff,Hulu Langat,2.9788405944691156,101.83894356912393,0.0,0.0,0.0,0.0,0.9081177520071365,0.0,0.22894720372095662,0.013392266544507455,0.9866077334554926,3.48,0,1,0.0
88650552b5fffff,Hulu Langat,3.1260302907539534,101.94260675032538,0.0,0.0,0.0,0.0,0.9081177520071365,0.0,3.721512678052612e-05,2.176898818733303e-06,0.9999978231011812,18.04,0,0,0.0
8865055715fffff,Hulu Langat,3.1082565881135324,101.87343165643726,0.0,0.0,0.0,0.0,0.9081177520071365,0.0,0.005286920311696107,0.0003092584004655554,0.9996907415995344,10.9,0,0,0.0
88650552a1fffff,Hulu Langat,3.1245933224802127,101.96047839411509,0.0,0.0,0.0,0.0,0.9081177520071365,0.0,1.104017396052061e-05,6.457949692070811e-07,0.9999993542050308,20.03,0,0,0.0
8865054253fffff,Hulu Langat,3.1928288750810094,101.88576834820019,0.0,0.0,0.0,0.0,0.9081177520071365,0.0,0.0007678453428412187,4.4915112869522417e-05,0.9999550848871305,13.02,0,0,0.0
88650519c1fffff,Hulu Langat,2.9919189817235843,101.77263045583648,6359.03763109192,91.4,0.26484550363579795,0.3086378064428986,0.9081177520071365,0.2603951871811388,3.3475894741504586,0.19581724428507105,0.8041827557149289,0.3,2,25,18.416270646857935
8865055605fffff,Hulu Langat,3.062658482467277,101.86020533134256,0.0,0.0,0.0,0.0,0.9081177520071365,0.0,0.03214439455174031,0.001880286340048079,0.9981197136599519,8.2,0,0,0.0
8865051b33fffff,Hulu Langat,2.9648378301599108,101.8196446215642,1059.8396051819866,180.8,0.044140917272632994,0.6105220503815763,0.9081177520071365,0.29725553125423065,0.4365096415604164,0.025533631221587208,0.9744663687784128,2.74,0,2,25.474799778070267
886505563bfffff,Hulu Langat,3.064808255885331,101.83339242533766,0.0,0.0,0.0,0.0,0.9081177520071365,0.0,0.18858994671541077,0.011031568820143903,0.9889684311798561,5.29,0,0,0.0
88650519e3fffff,Hulu Langat,3.0154303621982756,101.77029905394329,1059.8396051819866,26.8,0.044140917272632994,0.09049773755656107,0.9081177520071365,0.061133876278376256,4.955865421274124,0.2898933448486386,0.7101066551513614,0.69,3,23,3.817855580644149
8865055741fffff,Hulu Langat,3.089947764048679,101.90774959501253,0.0,0.0,0.0,0.0,0.9081177520071365,0.0,0.000747198744182777,4.370739009336513e-05,0.9999562926099066,13.99,0,0,0.0
886505553dfffff,Hulu Langat,3.179541451881766,101.85751769569745,0.0,0.9,0.0,0.003039103126899439,0.9081177520071365,0.001379931749858889,0.006944297923606951,0.0004062067028814348,0.9995937932971186,9.56,0,0,0.12130959072853587
8865051921fffff,Hulu Langat,3.0265738910631073,101.82535396267949,0.0,0.0,0.0,0.0,0.9081177520071365,0.0,0.5125013865488487,0.029978768299163006,0.970021231700837,3.51,0,3,0.0
886505195dfffff,Hulu Langat,2.980270440288386,101.82107176638723,7948.7970388649,15.9,0.3310568795447475,0.05369082190855676,0.9081177520071365,0.17469810886684378,0.7149229643501802,0.04181941837139206,0.958180581628608,1.56,1,3,14.721414755319602
886505cce7fffff,Hulu Langat,3.0127716181259427,101.90059456191428,0.0,0.0,0.0,0.0,0.9081177520071365,0.0,0.0036493244029249436,0.00021346722876298144,0.999786532771237,10.6,0,0,0.0
88650550b5fffff,Hulu Langat,3.1825895203248935,101.91633983388112,0.0,0.0,0.0,0.0,0.9081177520071365,0.0,0.00010695028936710192,6.256057112460486e-06,0.9999937439428875,15.76,0,0,0.0
8865051997fffff,Hulu Langat,3.0109292231501876,101.7293594121286,4769.27822331894,13.5,0.1986341277268485,0.045586546903491586,0.9081177520071365,0.11089056501948538,2.8455357923653106,0.16644961446980205,0.833550385530198,0.74,1,21,8.129061938056823
8865054009fffff,Hulu Langat,3.2634192084814257,101.87879581099232,0.0,0.0,0.0,0.0,0.9081177520071365,0.0,0.00018617292896939847,1.0890185368538818e-05,0.9999891098146315,14.98,0,0,0.0
8865055521fffff,Hulu Langat,3.1861853312944923,101.87164308212317,0.0,0.0,0.0,0.0,0.9081177520071365,0.0,0.0023172894589342623,0.00013554984551219671,0.9998644501544878,11.29,0,0,0.0
886505cea3fffff,Hulu Langat,2.965761942657072,101.90523626211669,0.0,0.0,0.0,0.0,0.9081177520071365,0.0,0.0073879773104999005,0.00043215972835195356,0.999567840271648,8.29,0,0,0.0
886505cd37fffff,Hulu Langat,3.070206504820752,101.95992833303622,0.0,0.0,0.0,0.0,0.9081177520071365,0.0,2.788647303768943e-05,1.6312192236343634e-06,0.9999983687807764,19.18,0,0,0.0
8865054003fffff,Hulu Langat,3.2722247578798735,101.86609761773147,0.0,0.0,0.0,0.0,0.9081177520071365,0.0,0.0002969643935644175,1.7370932023655273e-05,0.9999826290679763,14.21,0,0,0.0
8865055559fffff,Hulu Langat,3.1324941057862032,101.86216860592958,0.0,0.0,0.0,0.0,0.9081177520071365,0.0,0.008412465787250311,0.0004920871811857531,0.9995079128188142,9.08,0,0,0.0
886505509dfffff,Hulu Langat,3.151705278599355,101.91347591175477,0.0,0.0,0.0,0.0,0.9081177520071365,0.0,0.00019869230849710716,1.1622506466512453e-05,0.9999883774935335,14.79,0,0,0.0
886505540bfffff,Hulu Langat,3.104482112760102,101.82355414481658,0.0,0.0,0.0,0.0,0.9081177520071365,0.0,0.12430442759958117,0.007271187417973432,0.9927288125820266,6.22,0,0,0.0
886505cc87fffff,Hulu Langat,3.006844820294497,101.87754254067829,0.0,0.0,0.0,0.0,0.9081177520071365,0.0,0.01809973332792465,0.0010587438901743797,0.9989412561098256,7.96,0,0,0.0
88650519cbfffff,Hulu Langat,2.984558817973986,101.76744885669822,529.9198025909933,140.5,0.022070458636316497,0.47443776592152354,0.9081177520071365,0.22544396636926012,3.098524975223879,0.18124821656956183,0.8187517834304382,0.73,2,21,16.233226755560178
8865054013fffff,Hulu Langat,3.266300803966907,101.84302526832593,0.0,0.0,0.0,0.0,0.9081177520071365,0.0,0.0015312916694487227,8.95729052870889e-05,0.9999104270947129,11.71,0,0,0.0
886505c5b3fffff,Hulu Langat,2.9083333918117744,101.84591958213711,0.0,0.0,0.0,0.0,0.9081177520071365,0.0,0.8234131182100612,0.04816554985643521,0.9518344501435648,1.02,2,2,0.0
8865050b43fffff,Hulu Langat,3.0491682436309473,101.73738896205973,7948.7970388649,176.39999999999998,0.3310568795447475,0.59566421287229,0.9081177520071365,0.4207859375916789,2.4351047824333456,0.1424414527896988,0.8575585472103012,2.37,0,17,31.73503465870262
88650519a9fffff,Hulu Langat,3.023506483082216,101.76654213438572,2119.679210363973,96.5,0.08828183454526599,0.32585939082866205,0.9081177520071365,0.1880444993000262,5.770919375471587,0.33756992541116443,0.6624300745888356,0.62,11,24,10.955057334570169
886505ce83fffff,Hulu Langat,2.9429756564814133,101.89862410823487,0.0,1.0,0.0,0.0033767812521104876,0.9081177520071365,0.00153325749984321,0.021640687696436147,0.0012658720138392654,0.9987341279861607,6.49,0,0,0.13467251411417405
88650542b9fffff,Hulu Langat,3.228757361095036,101.82603837820561,0.0,0.0,0.0,0.0,0.9081177520071365,0.0,0.017799544710466193,0.0010411843571759742,0.9989588156428241,8.09,0,0,0.0
886505543dfffff,Hulu Langat,3.12800316209964,101.82122599231447,0.0,0.0,0.0,0.0,0.9081177520071365,0.0,0.13524331430878336,0.007911057589475318,0.9920889424105247,4.7,0,1,0.0
886505cdebfffff,Hulu Langat,3.048847805600595,101.93544362354915,0.0,0.0,0.0,0.0,0.9081177520071365,0.0,0.00021198507143894068,1.2400066626832029e-05,0.9999875999333732,15.67,0,0,0.0
886505cd85fffff,Hulu Langat,3.0576405949621566,101.92275773017201,0.0,0.0,0.0,0.0,0.9081177520071365,0.0,0.00045378927982059477,2.6544403651265044e-05,0.9999734555963488,14.87,0,0,0.0
8865050b67fffff,Hulu Langat,3.0793334154746996,101.74917859884825,3709.438618136953,17.0,0.1544932104542155,0.057405281285878296,0.9081177520071365,0.09621439098635838,2.7425452797640224,0.16042518449688575,0.8395748155031142,1.4,2,12,7.10417117910914
88650554a9fffff,Hulu Langat,3.1315904594092214,101.77652096008553,3709.438618136953,101.1,0.1544932104542155,0.3413925845883703,0.9081177520071365,0.2251613467231723,2.1739302147676676,0.12716404661055056,0.8728359533894494,1.11,1,9,17.283848238050037
886505576bfffff,Hulu Langat,3.105385766098745,101.90918098329726,0.0,0.0,0.0,0.0,0.9081177520071365,0.0,0.0005120063103558482,2.9949808817550015e-05,0.9999700501911825,14.71,0,0,0.0
88650542e1fffff,Hulu Langat,3.2258790410936466,101.86180708412105,0.0,0.6,0.0,0.0020260687512662925,0.9081177520071365,0.0009199544999059259,0.0018517502352240877,0.00010831812890014947,0.9998916818710999,11.86,0,0,0.08089716143631985
886505cdbbfffff,Hulu Langat,3.0597914172737375,101.89595145912894,0.0,0.0,0.0,0.0,0.9081177520071365,0.0,0.002853262488380468,0.00016690158754858005,0.9998330984124514,12.13,0,0,0.0
886505569dfffff,Hulu Langat,3.053667090401184,101.77833235770186,4769.27822331894,75.3,0.1986341277268485,0.25427162828391975,0.9081177520071365,0.20564587850979574,4.981475185418626,0.2913913879869298,0.7086086120130701,0.69,6,19,12.815643434821014
8865055549fffff,Hulu Langat,3.138419499017877,101.8852303894273,0.0,0.0,0.0,0.0,0.9081177520071365,0.0,0.001642112884034634,9.605539216790479e-05,0.999903944607832,11.6,0,0,0.0
8865055623fffff,Hulu Langat,3.0788130569346794,101.8526969120616,0.0,0.0,0.0,0.0,0.9081177520071365,0.0,0.03798038347470957,0.00222166250860114,0.9977783374913989,7.79,0,0,0.0
8865051819fffff,Hulu Langat,2.938258545742474,101.76317451210107,1059.8396051819866,6.6,0.044140917272632994,0.022286756263929217,0.9081177520071365,0.03016207478154341,2.203488765698428,0.12889307402953845,0.8711069259704616,0.64,2,6,2.3107164635917696
8865055401fffff,Hulu Langat,3.1118439651960883,101.82873789498599,2649.599012954967,52.3,0.1103522931815825,0.1766056594853785,0.9081177520071365,0.13029580544824546,0.08472851905730294,0.004956194671500656,0.9950438053284993,6.21,0,0,11.40214644944327
886505575bfffff,Hulu Langat,3.0766620965722997,101.87950904522943,0.0,0.0,0.0,0.0,0.9081177520071365,0.0,0.006600317422616929,0.0003860855636820836,0.9996139144363179,10.58,0,0,0.0
8865055765fffff,Hulu Langat,3.120106557046803,101.9195494096338,0.0,0.0,0.0,0.0,0.9081177520071365,0.0,0.00019863343584319504,1.1619062710657132e-05,0.9999883809372894,15.58,0,0,0.0
886505cdc7fffff,Hulu Langat,3.041489216287383,101.93026039693291,0.0,0.0,0.0,0.0,0.9081177520071365,0.0,0.0003362131731789031,1.9666789363692786e-05,0.9999803332106363,14.8,0,0,0.0
88650556cdfffff,Hulu Langat,3.042726265820193,101.81784375396323,0.0,0.0,0.0,0.0,0.9081177520071365,0.0,0.7448912493884077,0.04357241318675079,0.9564275868132492,3.69,0,6,0.0
8865051857fffff,Hulu Langat,2.9375448120401884,101.77211132378184,1059.8396051819866,63.2,0.044140917272632994,0.21341257513338283,0.9081177520071365,0.1169444492726691,1.6417747122486768,0.0960356108094878,0.9039643891905123,0.92,2,6,9.297044608169612
8865055081fffff,Hulu Langat,3.1583476667533046,101.92759848569429,0.0,0.0,0.0,0.0,0.9081177520071365,0.0,6.791240289326233e-05,3.972535966558727e-06,0.9999960274640335,16.42,0,0,0.0
8865055585fffff,Hulu Langat,3.175771119374733,101.80762681912628,0.0,0.0,0.0,0.0,0.9081177520071365,0.0,0.2162995731591919,0.01265244340237354,0.9873475565976264,4.92,0,1,0.0
88650550d1fffff,Hulu Langat,3.1355460977783483,101.92098142424061,0.0,0.0,0.0,0.0,0.9081177520071365,0.0,0.00014442985763812004,8.448424436021705e-06,0.999991551575564,15.58,0,0,0.0
8865055629fffff,Hulu Langat,3.0700187726429906,101.8653885876503,0.0,0.0,0.0,0.0,0.9081177520071365,0.0,0.019646287490233286,0.0011492095749721664,0.9988507904250278,8.89,0,0,0.0
8865055451fffff,Hulu Langat,3.089041764430295,101.82212635654818,0.0,0.0,0.0,0.0,0.9081177520071365,0.0,0.1908211332104496,0.011162082072834615,0.9888379179271654,5.48,0,0,0.0
8865055697fffff,Hulu Langat,3.0624606959110983,101.76563519449134,4769.27822331894,33.8,0.1986341277268485,0.11413520632133448,0.9081177520071365,0.14201569226630253,3.603359374190142,0.2107785044346744,0.7892214955653256,0.64,3,22,9.857101307005388
886505cd1bfffff,Hulu Langat,3.0319806973840318,101.95187856771494,0.0,0.0,0.0,0.0,0.9081177520071365,0.0,8.668429682592721e-05,5.070597890904732e-06,0.9999949294021091,16.67,0,0,0.0
886505194bfffff,Hulu Langat,2.9795555414724295,101.83000782452449,529.9198025909933,1.7999999999999998,0.022070458636316497,0.006078206253798878,0.9081177520071365,0.012781151141006891,0.4020872737479103,0.023520094837015247,0.9764799051629848,2.5,0,2,1.097607991832807
88650552b3fffff,Hulu Langat,3.1193883755768232,101.92848600241834,0.0,0.0,0.0,0.0,0.9081177520071365,0.0,0.00010896297591755394,6.373789211023485e-06,0.999993626210789,16.57,0,0,0.0
88650555e7fffff,Hulu Langat,3.1824162390508803,101.82175346282077,0.0,0.0,0.0,0.0,0.9081177520071365,0.0,0.07500722949762355,0.00438754784453071,0.9956124521554693,6.51,0,0,0.0
88650556d9fffff,Hulu Langat,3.029436519591455,101.78960213085766,5299.198025909934,9.8,0.220704586363165,0.03309245627068278,0.9081177520071365,0.11523879991135462,3.5734444150805453,0.20902862891947896,0.7909713710805211,1.26,3,22,8.01629094391913
88650556c5fffff,Hulu Langat,3.05080300343347,101.81408830033645,1059.8396051819866,1.0,0.044140917272632994,0.0033767812521104876,0.9081177520071365,0.02157583278242144,0.8835331913316506,0.051682273497667894,0.9483177265023321,3.06,0,8,1.7994319022681484
88650556a1fffff,Hulu Langat,3.083113612779375,101.79906415761941,0.0,0.0,0.0,0.0,0.9081177520071365,0.0,0.7671080689601355,0.044871986034290115,0.9551280139657099,3.44,0,7,0.0
886505ce91fffff,Hulu Langat,2.936333297086159,101.8845099407238,0.0,0.0,0.0,0.0,0.9081177520071365,0.0,0.06670669597391998,0.003902008141034071,0.996097991858966,4.77,0,1,0.0
88650555c7fffff,Hulu Langat,3.1596078136196177,101.8151408314839,0.0,0.0,0.0,0.0,0.9081177520071365,0.0,0.17728339609419114,0.010370192148328804,0.9896298078516712,4.36,0,1,0.0
88650550ebfffff,Hulu Langat,3.1569097102199613,101.94547289236901,0.0,0.0,0.0,0.0,0.9081177520071365,0.0,1.9733306640753915e-05,1.1542997601297422e-06,0.9999988457002399,18.38,0,0,0.0
886505ccd7fffff,Hulu Langat,2.9840537478910476,101.87093084366116,1059.8396051819866,3.7,0.044140917272632994,0.012494090632808805,0.9081177520071365,0.025715628031998106,0.034047095887743885,0.0019915848535578024,0.9980084151464422,6.92,0,0,2.2570715054216053
8865051943fffff,Hulu Langat,2.9876295804803794,101.82625354775436,0.0,0.0,0.0,0.0,0.9081177520071365,0.0,0.5833996391808394,0.03412596154439999,0.9658740384556,1.95,1,4,0.0
886505551dfffff,Hulu Langat,3.156734897204117,101.85090345635852,0.0,0.0,0.0,0.0,0.9081177520071365,0.0,0.015213510936293584,0.0008899143131049005,0.9991100856868951,7.99,0,0,0.0
886505195bfffff,Hulu Langat,2.9736260555101484,101.80695378333225,6359.03763109192,12.4,0.26484550363579795,0.04187208752617005,0.9081177520071365,0.13926784469352518,1.0031219712611232,0.05867761910800321,0.9413223808919968,1.49,1,5,11.529307398983217
886505cda5fffff,Hulu Langat,3.0804355472817804,101.92937330613913,0.0,0.0,0.0,0.0,0.9081177520071365,0.0,0.0001992049935625406,1.1652495979107861e-05,0.9999883475040209,16.09,0,0,0.0
8865055427fffff,Hulu Langat,3.1427280460435387,101.83159435253164,0.0,0.8,0.0,0.0027014250016883902,0.9081177520071365,0.0012266059998745679,0.06600200634767311,0.003860787321768902,0.9961392126782311,5.65,0,0,0.10745808592690868
88650556c3fffff,Hulu Langat,3.0441581663934505,101.79996709217735,7418.877236273906,16.4,0.308986420908431,0.055379212534612,0.9081177520071365,0.16544344997547625,2.283049705929975,0.13354699118072214,0.8664530088192779,1.87,4,15,12.606907651573211
886505ceb1fffff,Hulu Langat,2.959119654729507,101.89112130763327,0.0,0.0,0.0,0.0,0.9081177520071365,0.0,0.02174229968317781,0.0012718158069428486,0.9987281841930572,6.58,0,0,0.0
8865051b0bfffff,Hulu Langat,2.939905179494647,101.8398413726724,1589.75940777298,2.4,0.06621137590894949,0.00810427500506517,0.9081177520071365,0.033743680923491046,0.488265662082041,0.028561099610995403,0.9714389003890046,1.81,1,2,2.8828492028457493
886505568bfffff,Hulu Langat,3.052951143851268,101.78727181128353,4239.358420727946,512.1,0.17656366909053198,1.0,0.9081177520071365,0.5342291771338812,4.782367074481712,0.27974455915694996,0.72025544084305,0.2,5,17,33.83982673320606
886505cda9fffff,Hulu Langat,3.064999672111401,101.92794117958347,0.0,0.0,0.0,0.0,0.9081177520071365,0.0,0.00028285490282350126,1.654559737121761e-05,0.9999834544026288,15.67,0,0,0.0
8865051b35fffff,Hulu Langat,2.9714818719794183,101.83376186847046,529.9198025909933,12.4,0.022070458636316497,0.04187208752617005,0.9081177520071365,0.029033680639344916,0.2745756219625016,0.01606130084221311,0.9839386991577869,3.27,0,2,2.512372997625527
88650519d3fffff,Hulu Langat,2.9867023515501168,101.74063320299206,529.9198025909933,1.9,0.022070458636316497,0.006415884379009927,0.9081177520071365,0.012934476890991213,4.317150509371997,0.25253171645954325,0.7474682835404567,0.74,5,27,0.8502675764007404
886505529dfffff,Hulu Langat,3.095154534193992,101.93974111767571,0.0,0.0,0.0,0.0,0.9081177520071365,0.0,7.54231385595933e-05,4.411876444861481e-06,0.9999955881235552,17.57,0,0,0.0
8865051833fffff,Hulu Langat,2.969838721098129,101.75708608024085,2119.679210363973,6.3,0.08828183454526599,0.02127372188829607,0.9081177520071365,0.04974467281416868,3.84456592541909,0.22488788150431788,0.7751121184956822,0.89,5,21,3.3909788825613245
886505c5d5fffff,Hulu Langat,2.8753400917928325,101.86986063524986,529.9198025909933,1.3,0.022070458636316497,0.004389815627743634,0.9081177520071365,0.012014522391085287,0.04245650971216502,0.002483493510179691,0.9975165064898203,5.5,0,0,1.0539999290282134
8865054263fffff,Hulu Langat,3.2215599415720058,101.91545066954286,0.0,0.0,0.0,0.0,0.9081177520071365,0.0,5.3823398335381596e-05,3.1483996533854556e-06,0.9999968516003466,17.45,0,0,0.0
886505cca5fffff,Hulu Langat,3.0289212887532937,101.89309031667962,0.0,0.0,0.0,0.0,0.9081177520071365,0.0,0.005134219264593264,0.0003003261528067495,0.9996996738471933,10.47,0,0,0.0
8865055769fffff,Hulu Langat,3.104667933261093,101.91811752231892,0.0,0.0,0.0,0.0,0.9081177520071365,0.0,0.0002823895400327844,1.6518375975053404e-05,0.999983481624025,15.6,0,0,0.0
8865051a69fffff,Hulu Langat,2.893619458381588,101.83555847891772,0.0,0.0,0.0,0.0,0.9081177520071365,0.0,0.3293687973928996,0.019266427606190607,0.9807335723938094,2.25,0,2,0.0
886505cdcbfffff,Hulu Langat,3.0260558055491242,101.92882840279088,0.0,0.0,0.0,0.0,0.9081177520071365,0.0,0.0004564345671745091,2.6699139733447614e-05,0.9999733008602666,14.03,0,0,0.0
886505ceabfffff,Hulu Langat,2.957689635600214,101.9089873238421,0.0,0.0,0.0,0.0,0.9081177520071365,0.0,0.007357596533226171,0.0004303826048035262,0.9995696173951965,8.19,0,0,0.0
886505c5b5fffff,Hulu Langat,2.9149765654677826,101.86003365612937,1059.8396051819866,12.9,0.044140917272632994,0.043560478152225295,0.9081177520071365,0.03982159703055564,0.45203710260291075,0.026441910045966254,0.9735580899540337,2.11,0,2,3.4095300525627565
886505185dfffff,Hulu Langat,2.9287586005612787,101.7848032126553,529.9198025909933,11.4,0.022070458636316497,0.03849530627405956,0.9081177520071365,0.02750042313950171,0.6416102981159094,0.03753099400393605,0.962469005996064,2.21,0,5,2.3277702251911707
886505ccedfffff,Hulu Langat,3.00398141182188,101.91328029899685,0.0,0.0,0.0,0.0,0.9081177520071365,0.0,0.0017843822063242617,0.0001043774360900107,0.99989562256391,11.77,0,0,0.0
8865051b6dfffff,Hulu Langat,2.9524770502522477,101.87700623061177,21233.88648982107,237.2,0.8843632775572007,0.8009725130006077,0.9081177520071365,0.7652416747492636,0.06334294969128632,0.0037052458042464535,0.9962947541957535,4.89,0,1,67.05025543530915
8865051809fffff,Hulu Langat,2.9441898807999483,101.7862287361312,4239.358420727946,23.1,0.17656366909053198,0.07800364692375228,0.9081177520071365,0.11558854937669108,0.9217170229063061,0.05391583670275349,0.9460841632972465,2.64,0,6,9.617419631166042
8865055099fffff,Hulu Langat,3.144344056724792,101.90829115736872,0.0,0.0,0.0,0.0,0.9081177520071365,0.0,0.00031149648966106357,1.8220986976123193e-05,0.9999817790130239,14.16,0,0,0.0
8865055547fffff,Hulu Langat,3.1545796595508824,101.8777221204738,0.0,0.0,0.0,0.0,0.9081177520071365,0.0,0.0023582961627640993,0.00013794853262815815,0.9998620514673718,10.88,0,0,0.0
8865055505fffff,Hulu Langat,3.1707412725109494,101.87021291811396,0.0,0.4,0.0,0.0013507125008441951,0.9081177520071365,0.0006133029999372839,0.0032830175972210305,0.00019204011238276568,0.9998079598876173,10.48,0,0,0.05392692522120141
886505568dfffff,Hulu Langat,3.0595963256955327,101.80139375385475,6359.03763109192,11.4,0.26484550363579795,0.03849530627405956,0.9081177520071365,0.13773458719368195,1.7185947314751684,0.1005291977881227,0.8994708022118773,1.71,1,11,10.895422140090561
886505546bfffff,Hulu Langat,3.110409168167947,101.84661634368814,0.0,0.0,0.0,0.0,0.9081177520071365,0.0,0.028561154188673138,0.0016706846971569905,0.998329315302843,8.04,0,0,0.0
886505431dfffff,Hulu Langat,3.259815980297645,101.92350186779124,0.0,0.0,0.0,0.0,0.9081177520071365,0.0,1.127212959870294e-05,6.593632141236045e-07,0.9999993406367859,19.45,0,0,0.0
88650552bdfffff,Hulu Langat,3.1179518593232434,101.94635823228559,0.0,0.0,0.0,0.0,0.9081177520071365,0.0,3.259015999193003e-05,1.9063613892049425e-06,0.9999980936386108,18.56,0,0,0.0
8865054017fffff,Hulu Langat,3.2736657956688027,101.84821165780805,0.0,0.0,0.0,0.0,0.9081177520071365,0.0,0.0008247598281313297,4.824432565247307e-05,0.9999517556743476,12.66,0,0,0.0
88650552d9fffff,Hulu Langat,3.0709239927183782,101.95099413027364,0.0,0.0,0.0,0.0,0.9081177520071365,0.0,5.150013482610555e-05,3.0125003558020954e-06,0.9999969874996442,18.31,0,0,0.0
886505cdadfffff,Hulu Langat,3.072358818923529,101.9331247669978,0.0,0.0,0.0,0.0,0.9081177520071365,0.0,0.00017536556636752485,1.0258008699616327e-05,0.9999897419913004,16.36,0,0,0.0
886505184dfffff,Hulu Langat,2.9346894034790263,101.80785545893504,1589.75940777298,2.4,0.06621137590894949,0.00810427500506517,0.9081177520071365,0.033743680923491046,0.3331284592127422,0.01948634902209009,0.9805136509779099,4.12,0,3,2.9097794992244235
886505425dfffff,Hulu Langat,3.191390254010565,101.90364742179288,0.0,0.0,0.0,0.0,0.9081177520071365,0.0,0.00022577645732268408,1.3206793735839925e-05,0.9999867932062642,14.77,0,0,0.0
8865054247fffff,Hulu Langat,3.2061149502841064,101.91401851244639,0.0,0.0,0.0,0.0,0.9081177520071365,0.0,8.285719237229893e-05,4.846731418182358e-06,0.9999951532685818,16.49,0,0,0.0
88650556c1fffff,Hulu Langat,3.0434422410248403,101.80890557940442,5829.117828500926,10.0,0.24277504499948147,0.033767812521104876,0.9081177520071365,0.12556673905261234,1.315231796122377,0.07693448312629411,0.9230655168737059,2.75,0,13,10.193448255006464
88650519abfffff,Hulu Langat,3.0242217465566634,101.75760280514125,5299.198025909934,33.4,0.220704586363165,0.11278449382049029,0.9081177520071365,0.15142367690765438,6.288366039367922,0.3678379677058062,0.6321620322941939,0.5,8,24,8.418528290895233
886505464bfffff,Hulu Langat,3.1491873429077315,101.75111913564338,21233.88648982107,225.7,0.8843632775572007,0.762139528601337,0.9081177520071365,0.7476092135010666,7.927866996448812,0.4637405752081164,0.5362594247918836,1.18,5,68,35.25847810725969
88650554abfffff,Hulu Langat,3.1323077627196914,101.76757901802453,11128.31585441086,499.9,0.4634796313626464,1.0,0.9081177520071365,0.6645059164706396,3.3284681885933383,0.1946987446978618,0.8053012553021381,1.22,3,20,47.0620897462064
8865051b49fffff,Hulu Langat,2.92233355601875,101.86521458435176,1589.75940777298,7.5,0.06621137590894949,0.025325859390828657,0.9081177520071365,0.04156329417269142,0.3270164427274683,0.019128826621445372,0.9808711733785547,2.43,0,2,3.5853859469428127
88650519dbfffff,Hulu Langat,2.978627462453937,101.74439066867743,529.9198025909933,24.7,0.022070458636316497,0.08340649692712905,0.9081177520071365,0.047892747887416404,4.798086446084254,0.280664063789424,0.719335936210576,0.26,4,21,3.029810682089258
886505184bfffff,Hulu Langat,2.9280448945944695,101.79373906035997,1589.75940777298,5.4,0.06621137590894949,0.018234618761396634,0.9081177520071365,0.038343453423020674,0.4155454484822631,0.024307330760039148,0.9756926692399609,3.2,0,3,3.2901693081488927
8865054251fffff,Hulu Langat,3.192109591069924,101.8947080434882,0.0,0.0,0.0,0.0,0.9081177520071365,0.0,0.00041687591948156086,2.4385156660346057e-05,0.9999756148433396,13.89,0,0,0.0
8865051963fffff,Hulu Langat,3.010422986265107,101.832863239942,0.0,0.0,0.0,0.0,0.9081177520071365,0.0,0.3535605375121522,0.020681523429974324,0.9793184765700257,3.75,0,3,0.0
8865051b47fffff,Hulu Langat,2.938476567663105,101.85770974458913,1059.8396051819866,3.6,0.044140917272632994,0.012156412507597756,0.9081177520071365,0.025562302282013782,0.33455834553346514,0.01956999022156421,0.9804300097784358,2.26,0,2,2.204096179502867
8865055649fffff,Hulu Langat,3.0303537360272585,101.87521937239538,0.0,0.0,0.0,0.0,0.9081177520071365,0.0,0.017412749732769975,0.001018558785187342,0.9989814412148127,8.83,0,0,0.0
8865051803fffff,Hulu Langat,2.952977002456041,101.77353635144408,10068.476249228874,19.9,0.4193387140900135,0.06719794691699871,0.9081177520071365,0.2209162894313731,2.1958466696869627,0.12844604962792575,0.8715539503720743,0.99,2,11,16.93308137021974
886505423bfffff,Hulu Langat,3.2244395567126958,101.87968954573847,0.0,0.0,0.0,0.0,0.9081177520071365,0.0,0.0005784822826054075,3.383832077446582e-05,0.9999661616792256,13.79,0,0,0.0
8865055533fffff,Hulu Langat,3.18097895153801,101.83963620800844,0.0,0.0,0.0,0.0,0.9081177520071365,0.0,0.02316303757085659,0.0013549218688315315,0.9986450781311684,7.93,0,0,0.0
8865055423fffff,Hulu Langat,3.1353655694776115,101.82641010255458,0.0,0.0,0.0,0.0,0.9081177520071365,0.0,0.09631596426205163,0.005634002271811019,0.994365997728189,5.1,0,0,0.0
8865055705fffff,Hulu Langat,3.1141819885353956,101.8964910425374,0.0,0.0,0.0,0.0,0.9081177520071365,0.0,0.0010395374998706153,6.080774543220087e-05,0.9999391922545678,13.18,0,0,0.0
886505cea1fffff,Hulu Langat,2.9650467370994846,101.91416913902322,0.0,0.0,0.0,0.0,0.9081177520071365,0.0,0.004273862690974968,0.00024999959554834045,0.9997500004044516,9.09,0,0,0.0
88650542ebfffff,Hulu Langat,3.2185153071145356,101.85662138696243,0.0,0.0,0.0,0.0,0.9081177520071365,0.0,0.003190060325945834,0.00018660257685520871,0.9998133974231448,11.16,0,0,0.0
88650552b9fffff,Hulu Langat,3.110591953516097,101.94117387033391,0.0,0.0,0.0,0.0,0.9081177520071365,0.0,5.254724710100591e-05,3.0737511876951233e-06,0.9999969262488123,18.12,0,0,0.0
8865055283fffff,Hulu Langat,3.102514130092026,101.94492523023386,0.0,0.0,0.0,0.0,0.9081177520071365,0.0,4.646752422357109e-05,2.718117801621607e-06,0.9999972818821984,18.34,0,0,0.0
8865055759fffff,Hulu Langat,3.0759450090754608,101.88844579141447,0.0,0.0,0.0,0.0,0.9081177520071365,0.0,0.003636531523609162,0.0002127189092950683,0.9997872810907049,11.53,0,0,0.0
886505cd17fffff,Hulu Langat,3.0474138257798744,101.95331155378518,0.0,0.0,0.0,0.0,0.9081177520071365,0.0,6.24164848952294e-05,3.6510522465560994e-06,0.9999963489477535,17.41,0,0,0.0
886505426dfffff,Hulu Langat,3.220119811765236,101.93332932503432,0.0,0.0,0.0,0.0,0.9081177520071365,0.0,1.6111801941754907e-05,9.424598449312431e-07,0.9999990575401551,19.11,0,0,0.0
8865055641fffff,Hulu Langat,3.038429371325528,101.87146621184708,0.0,1.0,0.0,0.0033767812521104876,0.9081177520071365,0.00153325749984321,0.02077528032514318,0.001215250010173902,0.9987847499898261,8.8,0,0,0.13467934014756183
886505191dfffff,Hulu Langat,2.9971342281277784,101.80462523781138,2119.679210363973,9.5,0.08828183454526599,0.032079421895049635,0.9081177520071365,0.05465109681366695,1.8716220887808666,0.10948053296204908,0.8905194670379509,1.23,2,8,4.280123295091167
8865051825fffff,Hulu Langat,2.9824148470271323,101.79426171493161,7948.7970388649,66.3,0.3310568795447475,0.22388059701492533,0.9081177520071365,0.2519742868589416,1.8713934919544386,0.10946716119082413,0.8905328388091759,1.02,2,10,19.734228075442115
88650519edfffff,Hulu Langat,3.0139999291498247,101.78817609594103,1059.8396051819866,11.8,0.044140917272632994,0.039846018774903756,0.9081177520071365,0.03813501378072811,3.6795503100816864,0.2152352931840084,0.7847647068159915,0.85,4,21,2.6319482785102335
88650555dbfffff,Hulu Langat,3.138236201350843,101.79064658052634,4239.358420727946,9.3,0.17656366909053198,0.03140406564462754,0.9081177520071365,0.09442959587885476,1.161216473589854,0.06792535692701644,0.9320746430729836,1.13,1,5,7.740567530340408
8865051b25fffff,Hulu Langat,2.977410556134422,101.85681411603682,0.0,0.0,0.0,0.0,0.9081177520071365,0.0,0.08167449735795962,0.004777549674027068,0.9952224503259729,5.45,0,0,0.0
8865051a2dfffff,Hulu Langat,2.9178319269809405,101.82429851733076,0.0,0.0,0.0,0.0,0.9081177520071365,0.0,0.6058249634115004,0.035437730871838706,0.9645622691281613,1.64,1,2,0.0
886505546dfffff,Hulu Langat,3.1170530962560234,101.86073907329185,0.0,0.0,0.0,0.0,0.9081177520071365,0.0,0.010649754903397403,0.0006229574066945381,0.9993770425933055,9.26,0,0,0.0
88650542c7fffff,Hulu Langat,3.2111516382123506,101.85143582911293,0.0,0.0,0.0,0.0,0.9081177520071365,0.0,0.005442097622279644,0.00031833549715518106,0.9996816645028448,10.5,0,0,0.0
8865051855fffff,Hulu Langat,2.936831030904411,101.78104782472415,1059.8396051819866,20.9,0.044140917272632994,0.07057472816910919,0.9081177520071365,0.052087657029301314,1.014045881064098,0.0593166132053843,0.9406833867946157,1.8,1,6,4.309156592487118
8865051a2bfffff,Hulu Langat,2.9111878854167386,101.81018330576546,0.0,0.0,0.0,0.0,0.9081177520071365,0.0,0.2656977277396808,0.015541988424967472,0.9844580115750325,3.15,0,2,0.0
8865054045fffff,Hulu Langat,3.2619780813598958,101.89667918576221,0.0,0.0,0.0,0.0,0.9081177520071365,0.0,6.171147683407676e-05,3.6098128004413075e-06,0.9999963901871995,16.74,0,0,0.0
8865055637fffff,Hulu Langat,3.080246778146835,101.83482058195496,0.0,0.0,0.0,0.0,0.9081177520071365,0.0,0.11565949051286055,0.006765501828264424,0.9932344981717356,6.04,0,0,0.0
886505180bfffff,Hulu Langat,2.9449038316690443,101.77729220431685,7418.877236273906,30.0,0.308986420908431,0.10130343756331463,0.9081177520071365,0.18629575197334391,1.5122366587908016,0.08845828245006863,0.9115417175499314,1.87,2,6,14.934596068192167
88650555a5fffff,Hulu Langat,3.1985812303018806,101.81423942472715,0.0,0.0,0.0,0.0,0.9081177520071365,0.0,0.0871112688800463,0.005095573620954653,0.9949044263790453,6.4,0,0,0.0
8865051a25fffff,Hulu Langat,2.92590349430446,101.82054473138108,0.0,0.0,0.0,0.0,0.9081177520071365,0.0,0.45820842663283023,0.026802901641399486,0.9731970983586005,2.41,0,2,0.0
8865055453fffff,Hulu Langat,3.089758619860366,101.81318706383036,0.0,0.4,0.0,0.0013507125008441951,0.9081177520071365,0.0006133029999372839,0.3045713681594077,0.017815901998032298,0.9821840980019677,4.88,0,1,0.05297634198907448
886505560bfffff,Hulu Langat,3.0479381166118436,101.84983923616048,529.9198025909933,18.8,0.022070458636316497,0.06348348753967717,0.9081177520071365,0.03884652863834146,0.08221578428792646,0.004809212252671223,0.9951907877473288,6.96,0,0,3.399950096767188
8865055621fffff,Hulu Langat,3.0780961205608435,101.86163460513482,0.0,0.0,0.0,0.0,0.9081177520071365,0.0,0.02136380791807265,0.0012496759313697563,0.9987503240686303,8.71,0,0,0.0
8865055457fffff,Hulu Langat,3.0971203308405433,101.81837053440496,0.0,0.0,0.0,0.0,0.9081177520071365,0.0,0.1898315022633817,0.011104193611178712,0.9888958063888212,5.88,0,0,0.0
886505ccd1fffff,Hulu Langat,2.9759803257523822,101.87468340378167,0.0,1.0,0.0,0.0033767812521104876,0.9081177520071365,0.00153325749984321,0.03187957711563807,0.0018647958442819161,0.9981352041557181,6.74,0,0,0.1345917533033152
8865051a15fffff,Hulu Langat,2.8971857590033627,101.79088764857552,1059.8396051819866,6.3,0.044140917272632994,0.02127372188829607,0.9081177520071365,0.029702097531590452,0.12358586674551555,0.007229155201245315,0.9927708447987547,4.88,0,1,2.5932841992678775
886505c589fffff,Hulu Langat,2.882696009640062,101.87504098246582,0.0,0.0,0.0,0.0,0.9081177520071365,0.0,0.05038378867037924,0.0029471996880916273,0.9970528003119083,5.32,0,0,0.0
88650542cbfffff,Hulu Langat,3.195705479454207,101.85000640558492,0.0,0.0,0.0,0.0,0.9081177520071365,0.0,0.008524094431242071,0.0004986168986491804,0.9995013831013508,9.83,0,0,0.0
8865051a27fffff,Hulu Langat,2.9266173414077987,101.81160982014111,0.0,0.0,0.0,0.0,0.9081177520071365,0.0,0.3291807617594426,0.01925542846192418,0.9807445715380758,3.31,0,2,0.0
8865051863fffff,Hulu Langat,2.958907813973881,101.79659097957526,2119.679210363973,5.6,0.08828183454526599,0.01890997501181873,0.9081177520071365,0.04867139256427843,0.7805379354182387,0.04565756606471175,0.9543424339352883,3.39,0,8,4.084999301134575
8865055487fffff,Hulu Langat,3.1249443919687696,101.76239523085657,12188.155459592846,105.1,0.5076205486352795,0.3548997095968123,0.9081177520071365,0.391634978983171,3.931747852099999,0.22998758825329169,0.7700124117467083,0.99,2,28,26.521200519091078
8865055433fffff,Hulu Langat,3.1294382369385927,101.80334491671472,0.0,1.0,0.0,0.0033767812521104876,0.9081177520071365,0.00153325749984321,0.44805764597524,0.02620913173291453,0.9737908682670855,2.8,0,1,0.13130908494674984
8865055735fffff,Hulu Langat,3.1310580631915306,101.88004596724808,0.0,0.0,0.0,0.0,0.9081177520071365,0.0,0.0025246963092953613,0.00014768210909982298,0.9998523178909001,11.07,0,0,0.0
8865051901fffff,Hulu Langat,3.0037787654435406,101.81874429578401,1059.8396051819866,1.0,0.044140917272632994,0.0033767812521104876,0.9081177520071365,0.02157583278242144,0.8872143277709426,0.0518976015714791,0.9481023984285208,2.19,0,6,1.7990233174714696
886505cccdfffff,Hulu Langat,2.981192215525935,101.90666700448732,0.0,0.0,0.0,0.0,0.9081177520071365,0.0,0.004355834942691606,0.0002547945623634,0.9997452054376366,9.48,0,0,0.0
886505c58bfffff,Hulu Langat,2.8834094211483148,101.8661090425015,0.0,0.0,0.0,0.0,0.9081177520071365,0.0,0.08074207916610195,0.004723007872452915,0.995276992127547,4.55,0,1,0.0
886505cd33fffff,Hulu Langat,3.0628478807387443,101.9547446671671,0.0,0.0,0.0,0.0,0.9081177520071365,0.0,4.489102260416633e-05,2.6259003403389225e-06,0.9999973740996596,18.29,0,0,0.0
886505540dfffff,Hulu Langat,3.1111265923555314,101.83767727641164,529.9198025909933,6.0,0.022070458636316497,0.020260687512662925,0.9081177520071365,0.019220832640348375,0.0493776873585623,0.0028883477924595965,0.9971116522075404,7.12,0,0,1.6855047013487225
886505cde7fffff,Hulu Langat,3.0642824580492087,101.9368759942985,0.0,0.0,0.0,0.0,0.9081177520071365,0.0,0.00015317151373559341,8.959767604206756e-06,0.9999910402323958,16.59,0,0,0.0
88650555d3fffff,Hulu Langat,3.1463170684963764,101.78688901838531,0.0,0.4,0.0,0.0013507125008441951,0.9081177520071365,0.0006133029999372839,1.4315743383075479,0.08373994006172115,0.9162600599382789,0.93,1,5,0.04942057846890828
8865055415fffff,Hulu Langat,3.113278556599952,101.81085819136206,3179.51881554596,10.8,0.13242275181789898,0.03646923752279327,0.9081177520071365,0.07668690684604135,0.2441722065839555,0.014282853077858097,0.9857171469221419,4.51,0,1,6.6479464396215535
8865051b29fffff,Hulu Langat,2.961979123597358,101.8553854821614,1059.8396051819866,1.0,0.044140917272632994,0.0033767812521104876,0.9081177520071365,0.02157583278242144,0.11759286297016194,0.00687859444899609,0.9931214055510039,4.42,0,1,1.884446836784365
88650550d5fffff,Hulu Langat,3.142906903633495,101.92616609424648,0.0,0.0,0.0,0.0,0.9081177520071365,0.0,9.155631181893653e-05,5.355586405002251e-06,0.999994644413595,16.14,0,0,0.0
88650519b7fffff,Hulu Langat,3.0337289736611446,101.7359650394738,1589.75940777298,58.6,0.06621137590894949,0.19787938137367458,0.9081177520071365,0.11991275241467945,3.361419905553209,0.19662625536168987,0.8033737446383101,0.72,5,16,8.472215334428226
88650550d9fffff,Hulu Langat,3.127467054149865,101.92473383012317,0.0,0.0,0.0,0.0,0.9081177520071365,0.0,0.00012478154422802446,7.299096354868407e-06,0.9999927009036451,16.05,0,0,0.0
88650550a3fffff,Hulu Langat,3.1818701997468812,101.92527823196437,0.0,0.0,0.0,0.0,0.9081177520071365,0.0,5.7567815459917066e-05,3.36742933084208e-06,0.9999966325706692,16.69,0,0,0.0
886505425bfffff,Hulu Langat,3.1847471655283517,101.88952273342154,0.0,0.0,0.0,0.0,0.9081177520071365,0.0,0.0006813064405654794,3.985301983274383e-05,0.9999601469801672,13.03,0,0,0.0
88650542a3fffff,Hulu Langat,3.243486418516879,101.8364099588456,0.0,0.0,0.0,0.0,0.9081177520071365,0.0,0.0055738645671057074,0.0003260432045138472,0.9996739567954862,9.78,0,0,0.0
8865055435fffff,Hulu Langat,3.136083305576701,101.81746969149911,0.0,0.0,0.0,0.0,0.9081177520071365,0.0,0.1788637532877918,0.010462635141421768,0.9895373648585782,4.1,0,1,0.0
886505544dfffff,Hulu Langat,3.0942519139781015,101.85412594066739,0.0,0.0,0.0,0.0,0.9081177520071365,0.0,0.024060944312057984,0.0014074449231202197,0.9985925550768798,8.67,0,0,0.0
8865051b69fffff,Hulu Langat,2.9451195827498933,101.87182477520088,21233.88648982107,133.7,0.8843632775572007,0.45147565340717216,0.9081177520071365,0.6065495235154913,0.11448154821576928,0.006696598094301712,0.9933034019056983,3.93,0,1,52.98612605157237
886505c5b9fffff,Hulu Langat,2.8995492017992284,101.85860515831756,0.0,2.0,0.0,0.006753562504220975,0.9081177520071365,0.00306651499968642,0.28268859645217354,0.016535869280126424,0.9834641307198736,2.73,0,2,0.2652269173823434
8865051a45fffff,Hulu Langat,2.8862626096995676,101.83037813634002,529.9198025909933,1.6,0.022070458636316497,0.0054028500033767805,0.9081177520071365,0.012474499641038252,0.1800703242237093,0.01053321350759547,0.9894667864924045,3.17,0,2,1.0855212641155874
8865054267fffff,Hulu Langat,3.2289226891645937,101.92063667210648,0.0,0.0,0.0,0.0,0.9081177520071365,0.0,3.166038354425925e-05,1.8519741164554193e-06,0.9999981480258835,18.36,0,0,0.0
8865055667fffff,Hulu Langat,3.069301908469181,101.87432562167241,0.0,0.0,0.0,0.0,0.9081177520071365,0.0,0.01082849840240347,0.0006334130075618225,0.9993665869924382,9.85,0,0,0.0
88650555cdfffff,Hulu Langat,3.1508086734852356,101.82783827205456,0.0,0.0,0.0,0.0,0.9081177520071365,0.0,0.08158254960848979,0.0047721711904769116,0.9952278288095231,5.35,0,0,0.0
8865051817fffff,Hulu Langat,2.9544050050748383,101.75566167177526,529.9198025909933,61.5,0.022070458636316497,0.207672047004795,0.9081177520071365,0.10431662388164652,4.164318612023964,0.24359181471572341,0.7564081852842766,0.58,5,18,6.939428771891428
88650550a9fffff,Hulu Langat,3.1730700908844596,101.93796873895509,0.0,0.0,0.0,0.0,0.9081177520071365,0.0,2.6772943515785318e-05,1.5660833149176378e-06,0.9999984339166851,17.82,0,0,0.0
886505cd83fffff,Hulu Langat,3.050998404829089,101.90863933960685,0.0,0.0,0.0,0.0,0.9081177520071365,0.0,0.0013367256021709537,7.819176329822984e-05,0.9999218082367017,13.15,0,0,0.0
88650550ddfffff,Hulu Langat,3.1348276184417037,101.92991838872078,0.0,0.0,0.0,0.0,0.9081177520071365,0.0,7.865917057259845e-05,4.601168135523686e-06,0.9999953988318645,16.57,0,0,0.0
88650550c9fffff,Hulu Langat,3.1333905053508437,101.94779136168799,0.0,0.0,0.0,0.0,0.9081177520071365,0.0,2.3290748428497653e-05,1.362392315372741e-06,0.9999986376076846,18.56,0,0,0.0
8865051b15fffff,Hulu Langat,2.948691849226488,101.82715291702785,1589.75940777298,2.4,0.06621137590894949,0.00810427500506517,0.9081177520071365,0.033743680923491046,0.30867155472549124,0.018055742408759155,0.9819442575912408,3.28,0,3,2.914024977898559
8865051811fffff,Hulu Langat,2.946331590583662,101.75941820811927,1589.75940777298,19.5,0.06621137590894949,0.06584723441615452,0.9081177520071365,0.05996238417080994,3.161626532055527,0.18493934209862836,0.8150606579013716,0.31,6,11,4.298162223373801
8865054261fffff,Hulu Langat,3.2208399034720157,101.92439015650474,0.0,0.0,0.0,0.0,0.9081177520071365,0.0,2.9486765067757413e-05,1.7248283049745416e-06,0.999998275171695,18.27,0,0,0.0
88650542dbfffff,Hulu Langat,3.18977981695237,101.82693843315356,0.0,0.0,0.0,0.0,0.9081177520071365,0.0,0.0456703945570471,0.0026714897022558034,0.9973285102977442,7.5,0,0,0.0
886505cca1fffff,Hulu Langat,3.0215623934129243,101.88790758602617,0.0,0.0,0.0,0.0,0.9081177520071365,0.0,0.007889103183895931,0.0004614730860160569,0.9995385269139839,9.6,0,0,0.0
8865054223fffff,Hulu Langat,3.238446344936737,101.89900228222399,0.0,0.0,0.0,0.0,0.9081177520071365,0.0,0.00010800292534894932,6.3176310535880714e-06,0.9999936823689464,16.19,0,0,0.0
8865055555fffff,Hulu Langat,3.147936031488975,101.86359826573887,0.0,0.0,0.0,0.0,0.9081177520071365,0.0,0.006771919191656874,0.00039612340905927784,0.9996038765909407,9.23,0,0,0.0
8865055485fffff,Hulu Langat,3.124227260434901,101.77133714173044,3709.438618136953,86.7,0.1544932104542155,0.2927669345579793,0.9081177520071365,0.2030824387254301,2.442545740651324,0.14287671163620197,0.857123288363798,1.88,2,13,15.308394472979058
886505ccc1fffff,Hulu Langat,2.981907670574127,101.89773343894349,0.0,0.0,0.0,0.0,0.9081177520071365,0.0,0.0073528381356552175,0.0004301042623404638,0.9995698957376595,8.82,0,0,0.0
8865055299fffff,Hulu Langat,3.0877950064496527,101.93455714295101,0.0,0.0,0.0,0.0,0.9081177520071365,0.0,0.00012258524248019888,7.170623685445036e-06,0.9999928293763145,16.81,0,0,0.0
8865054295fffff,Hulu Langat,3.2213929302429705,101.82085279757965,0.0,0.0,0.0,0.0,0.9081177520071365,0.0,0.03125844000170562,0.0018284624291745272,0.9981715375708254,7.31,0,0,0.0
88650554e9fffff,Hulu Langat,3.1147129419072628,101.79297723616683,0.0,0.0,0.0,0.0,0.9081177520071365,0.0,0.6784576812063503,0.03968638165573811,0.9603136183442619,3.18,0,4,0.0
8865051a17fffff,Hulu Langat,2.897898880256396,101.78195254620185,529.9198025909933,6.5,0.022070458636316497,0.02194907813871817,0.9081177520071365,0.019987461390269978,0.14569040840636707,0.008522160352455187,0.9914778396475448,4.31,0,1,1.7428284035767314
8865051947fffff,Hulu Langat,2.9949887958917936,101.83143546873555,1059.8396051819866,1.0,0.044140917272632994,0.0033767812521104876,0.9081177520071365,0.02157583278242144,0.4205359386427106,0.02459924947898499,0.975400750521015,2.68,0,3,1.8508219122480922
8865055607fffff,Hulu Langat,3.063375123750176,101.85126801056437,0.0,0.0,0.0,0.0,0.9081177520071365,0.0,0.05833351847940099,0.003412219128508101,0.9965877808714919,7.22,0,0,0.0
886505199dfffff,Hulu Langat,3.002138528360013,101.74205711859325,1059.8396051819866,125.4,0.044140917272632994,0.4234483690146552,0.9081177520071365,0.21231306576291675,3.2593238398381095,0.19065414605884534,0.8093458539411547,1.92,2,29,15.112100995353375
8865051869fffff,Hulu Langat,2.950120424065032,101.80928197741821,1059.8396051819866,1.4,0.044140917272632994,0.004727493752954682,0.9081177520071365,0.022189135782358725,0.39832891059455366,0.023300249386611082,0.9766997506133889,4.09,0,4,1.905967294765834
8865051a53fffff,Hulu Langat,2.8736875422991375,101.79321657763067,3179.51881554596,5.0,0.13242275181789898,0.016883906260552438,0.9081177520071365,0.06779401334695073,0.03560100371449222,0.002082480690952584,0.9979175193090474,6.7,0,0,5.949767172954873
886505ceb3fffff,Hulu Langat,2.9598345932080075,101.88218782477067,0.0,0.0,0.0,0.0,0.9081177520071365,0.0,0.03567147691597593,0.002086603020831157,0.9979133969791688,5.87,0,0,0.0
886505565bfffff,Hulu Langat,3.025142280462546,101.84322799981128,0.0,0.0,0.0,0.0,0.9081177520071365,0.0,0.16114582105017566,0.009426224705796269,0.9905737752942038,5.42,0,0,0.0
886505555bfffff,Hulu Langat,3.133212049485028,101.85322945205027,0.0,0.0,0.0,0.0,0.9081177520071365,0.0,0.0153979255727917,0.000900701647156385,0.9990992983528436,8.09,0,0,0.0
886505c5a1fffff,Hulu Langat,2.9135486055804085,101.87789933825863,1059.8396051819866,1.0,0.044140917272632994,0.0033767812521104876,0.9081177520071365,0.02157583278242144,0.12469735212303826,0.007294171537737675,0.9927058284622623,4.01,0,2,1.883658279689591
8865051985fffff,Hulu Langat,3.0161455047512,101.76136006653428,3709.438618136953,48.8,0.1544932104542155,0.16478692510299178,0.9081177520071365,0.14497197948137244,4.901539316865932,0.28671553940382527,0.7132844605961748,1.46,9,24,9.094122734888002
8865051807fffff,Hulu Langat,2.9603363478392115,101.77871748183432,6888.957433682914,100.7,0.28691596227211447,0.3400418720875261,0.9081177520071365,0.28467576957096974,1.7870910815656924,0.10453589174563543,0.8954641082543646,1.5,1,11,22.418815670411707
8865051999fffff,Hulu Langat,2.994777608298214,101.73687550499828,529.9198025909933,9.0,0.022070458636316497,0.03039103126899439,0.9081177520071365,0.023820605139878003,3.5161165261199567,0.20567523408907137,0.7943247659109286,1.72,3,25,1.664044258913189
8865051a01fffff,Hulu Langat,2.895759377451562,101.80875691827205,0.0,0.0,0.0,0.0,0.9081177520071365,0.0,0.14934411146730592,0.008735883710816069,0.991264116289184,3.85,0,2,0.0
886505552dfffff,Hulu Langat,3.1854662748879674,101.88058306592595,0.0,0.0,0.0,0.0,0.9081177520071365,0.0,0.0012583030916805105,7.360443859407005e-05,0.999926395561406,12.15,0,0,0.0
8865051b67fffff,Hulu Langat,2.9612643277003885,101.86431991161703,0.0,0.0,0.0,0.0,0.9081177520071365,0.0,0.08345113682623624,0.00488147419865962,0.9951185258013404,4.75,0,1,0.0
88650542a1fffff,Hulu Langat,3.242766571242977,101.84535266570765,0.0,0.0,0.0,0.0,0.9081177520071365,0.0,0.003240296059804593,0.0001895411160771833,0.9998104588839228,10.66,0,0,0.0
8865051867fffff,Hulu Langat,2.9662668964078525,101.80177231145416,1059.8396051819866,5.5,0.044140917272632994,0.01857229688660768,0.9081177520071365,0.028475491531715885,0.834309232921693,0.048802918079964834,0.9511970819200352,2.42,0,6,2.382076574566666
88650519d7fffff,Hulu Langat,2.994063024986871,101.74581470754003,5829.117828500926,26.1,0.24277504499948147,0.08813399068008373,0.9081177520071365,0.15025218480008803,3.5686260486593464,0.20874677857855736,0.7912532214214426,1.24,3,30,10.455631451273529
8865051953fffff,Hulu Langat,2.981700093124229,101.80319871117241,10598.396051819867,94.8,0.44140917272633,0.3201188627000742,0.9081177520071365,0.3457785638109186,1.5950953736409865,0.09330510292559403,0.906694897074406,0.84,2,7,27.57231409476611
8865055195fffff,Hulu Langat,3.211317486797492,101.94602073467888,0.0,0.0,0.0,0.0,0.9081177520071365,0.0,7.97182591935942e-06,4.6631195237743903e-07,0.9999995336880476,19.96,0,0,0.0
88650554adfffff,Hulu Langat,3.1389537289041076,101.78170491899688,3709.438618136953,198.2,0.1544932104542155,0.6692780441682986,0.9081177520071365,0.374040649957948,2.1200097440984997,0.12400996871105842,0.8759900312889416,0.21,1,7,28.81588395298404
8865055441fffff,Hulu Langat,3.0949690946319732,101.84518756038986,0.0,0.0,0.0,0.0,0.9081177520071365,0.0,0.04146368100398507,0.002425417995489455,0.9975745820045105,7.88,0,0,0.0
886505cebbfffff,Hulu Langat,2.951762283600042,101.88593968561824,0.0,0.0,0.0,0.0,0.9081177520071365,0.0,0.03837657374610975,0.0022448376582893574,0.9977551623417107,5.64,0,0,0.0
886505550bfffff,Hulu Langat,3.1560165369677877,101.85984332647958,0.0,0.0,0.0,0.0,0.9081177520071365,0.0,0.008170673779849078,0.00047794355785766245,0.9995220564421423,8.95,0,0,0.0
886505562bfffff,Hulu Langat,3.07073558659709,101.8564512382562,0.0,0.0,0.0,0.0,0.9081177520071365,0.0,0.035441621811548966,0.0020731576466353954,0.9979268423533646,7.94,0,0,0.0
886505183bfffff,Hulu Langat,2.9617646898780694,101.76084273972545,2119.679210363973,55.8,0.08828183454526599,0.18842439386776522,0.9081177520071365,0.1256409190564076,4.051592641043722,0.23699790911076224,0.7630020908892378,0.4,5,15,8.430839317529172
8865051929fffff,Hulu Langat,3.0184982547192933,101.82910871774776,0.0,0.0,0.0,0.0,0.9081177520071365,0.0,0.42538059175596077,0.02488263745994239,0.9751173625400577,3.79,0,4,0.0
8865051b1dfffff,Hulu Langat,2.940619414669443,101.83090671561939,0.0,0.0,0.0,0.0,0.9081177520071365,0.0,0.4173300938093385,0.024411723587377337,0.9755882764126227,2.31,0,2,0.0
886505cc17fffff,Hulu Langat,2.9959076246749254,101.91703149393857,0.0,0.0,0.0,0.0,0.9081177520071365,0.0,0.0016247251533484768,9.503829687183406e-05,0.9999049617031281,11.44,0,0,0.0
886505574dfffff,Hulu Langat,3.08923022861013,101.91668576228078,0.0,0.0,0.0,0.0,0.9081177520071365,0.0,0.0004103804599499698,2.4005204758936716e-05,0.999975994795241,14.92,0,0,0.0
8865055763fffff,Hulu Langat,3.1134640835894736,101.90542824360216,0.0,0.0,0.0,0.0,0.9081177520071365,0.0,0.0005757958422810566,3.368117744930222e-05,0.9999663188225507,14.17,0,0,0.0
886505cddbfffff,Hulu Langat,3.020130095606701,101.90577720908774,0.0,0.0,0.0,0.0,0.9081177520071365,0.0,0.002362925098104721,0.00013821930219813487,0.9998617806978018,11.4,0,0,0.0
8865051b17fffff,Hulu Langat,2.949406160400708,101.81821760368642,1589.75940777298,2.4,0.06621137590894949,0.00810427500506517,0.9081177520071365,0.033743680923491046,0.32747643583723185,0.019155733918125434,0.9808442660818746,3.97,0,3,2.910760635030836
8865051849fffff,Hulu Langat,2.927331141523888,101.802674596328,0.0,0.4,0.0,0.0013507125008441951,0.9081177520071365,0.0006133029999372839,0.3183205484223167,0.01862016028927477,0.9813798397107252,4.19,0,3,0.05293296248173865
8865051845fffff,Hulu Langat,2.9427618365297734,101.80410086509829,0.0,0.0,0.0,0.0,0.9081177520071365,0.0,0.40228329032155663,0.023531560826373265,0.9764684391736267,4.44,0,4,0.0
886505cc85fffff,Hulu Langat,3.0061290409750634,101.88647745503401,0.0,0.0,0.0,0.0,0.9081177520071365,0.0,0.010043476018618248,0.0005874931236925704,0.9994125068763074,8.9,0,0,0.0
886505ccb1fffff,Hulu Langat,3.0156353276398815,101.86485416177081,529.9198025909933,3.9,0.022070458636316497,0.013169446883230903,0.9081177520071365,0.016000991890677635,0.0401292955905438,0.002347363121529566,0.9976526368784704,7.01,0,0,1.403913141867371
886505cda7fffff,Hulu Langat,3.0811530094126405,101.92043780154842,0.0,0.0,0.0,0.0,0.9081177520071365,0.0,0.00036561475108194523,2.1386634645518336e-05,0.9999786133653544,15.13,0,0,0.0
8865055565fffff,Hulu Langat,3.176665818038055,101.89327688517953,0.0,0.0,0.0,0.0,0.9081177520071365,0.0,0.0005946953522347532,3.4786704272722025e-05,0.9999652132957273,13.12,0,0,0.0
886505ce95fffff,Hulu Langat,2.943690345633199,101.88969131335392,0.0,0.5,0.0,0.0016883906260552438,0.9081177520071365,0.000766628749921605,0.03891515132822628,0.002276341753632631,0.9977236582463673,5.59,0,0,0.06726812956625589
8865055615fffff,Hulu Langat,3.0567311512671416,101.83714731568547,0.0,0.0,0.0,0.0,0.9081177520071365,0.0,0.1715233803866865,0.010033260032968835,0.9899667399670312,5.59,0,0,0.0
886505cc39fffff,Hulu Langat,3.0025494169773337,101.9311472748759,0.0,0.0,0.0,0.0,0.9081177520071365,0.0,0.000572007093661639,3.345955460107902e-05,0.9999665404453989,13.08,0,0,0.0
886505cc99fffff,Hulu Langat,2.9847690108589306,101.86199601374238,1059.8396051819866,5.0,0.044140917272632994,0.016883906260552438,0.9081177520071365,0.02770886278179428,0.05746479188917558,0.0033614029671332727,0.9966385970328667,5.92,0,0,2.4286804879613944
8865051a43fffff,Hulu Langat,2.8796188528927518,101.81626445178522,0.0,0.9,0.0,0.003039103126899439,0.9081177520071365,0.001379931749858889,0.08106439034278033,0.004741861464539638,0.9952581385354604,4.51,0,1,0.12078342048998114
88650519b1fffff,Hulu Langat,3.02565212462906,101.73972321641133,5829.117828500926,115.4,0.24277504499948147,0.3896805564935503,0.9081177520071365,0.2871720795360867,4.3868884518408,0.2566110373624797,0.7433889626375203,0.27,6,17,18.77466953034477
88650554ddfffff,Hulu Langat,3.0933421317078444,101.76848591425603,4239.358420727946,10.0,0.17656366909053198,0.033767812521104876,0.9081177520071365,0.09550287612874502,2.041456033745138,0.11941496947099581,0.8805850305290042,1.13,1,12,7.396082192185179
8865055443fffff,Hulu Langat,3.0956862243663235,101.83624886564122,0.0,0.0,0.0,0.0,0.9081177520071365,0.0,0.07029975390287282,0.00411218406243576,0.9958878159375643,7.14,0,0,0.0
8865051815fffff,Hulu Langat,2.953691027695452,101.76459916681762,1059.8396051819866,4.0,0.044140917272632994,0.01350712500844195,0.9081177520071365,0.026175605281951068,3.451509110991802,0.2018960233798528,0.7981039766201472,0.38,5,13,1.8372581701280601
8865050b45fffff,Hulu Langat,3.0558146284602272,101.75151213113,7418.877236273906,126.9,0.308986420908431,0.4285135408928209,0.9081177520071365,0.33486840370815096,2.9906757006333633,0.1749395733169963,0.8250604266830037,1.1,1,21,24.298189149348882
886505cd93fffff,Hulu Langat,3.045072433698704,101.88558513839276,0.0,0.0,0.0,0.0,0.9081177520071365,0.0,0.007212322785041907,0.0004218848169905133,0.9995781151830095,10.51,0,0,0.0
88650554d1fffff,Hulu Langat,3.0940586806043044,101.75954475007727,7418.877236273906,85.3,0.308986420908431,0.2880394408050246,0.9081177520071365,0.2710848917146734,2.88026774101305,0.16848125978514553,0.8315187402148545,0.72,2,12,19.824002094835862
8865055097fffff,Hulu Langat,3.160504210849648,101.90078448826354,0.0,0.0,0.0,0.0,0.9081177520071365,0.0,0.00043536597206319703,2.546673227503247e-05,0.999974533267725,13.51,0,0,0.0
88650555c5fffff,Hulu Langat,3.158889663313689,101.8240819585235,0.0,0.0,0.0,0.0,0.9081177520071365,0.0,0.09690931636388787,0.005668710402652485,0.9943312895973475,5.22,0,0,0.0
8865055687fffff,Hulu Langat,3.06839020596467,101.78869797705744,4239.358420727946,18.4,0.17656366909053198,0.06213277503883297,0.9081177520071365,0.10838223912742798,2.275548048017767,0.13310818170564137,0.8668918182943586,1.54,2,11,8.262985730377387
886505c5c7fffff,Hulu Langat,2.8819825524999043,101.88397260696468,0.0,0.0,0.0,0.0,0.9081177520071365,0.0,0.02993967727823337,0.0017513214044550176,0.998248678595545,6.16,0,0,0.0
8865051ae7fffff,Hulu Langat,2.9147549530493517,101.76550593271122,0.0,0.0,0.0,0.0,0.9081177520071365,0.0,0.5879021759953342,0.03438933743266664,0.9656106625673334,2.01,0,4,0.0
8865051839fffff,Hulu Langat,2.9610505428661402,101.76978026611654,529.9198025909933,3.6,0.022070458636316497,0.012156412507597756,0.9081177520071365,0.01554101464072467,2.8449248808890104,0.16641387920336184,0.8335861207966382,0.65,4,13,1.13931502334075
886505428dfffff,Hulu Langat,3.219234793848858,101.84767971143665,0.0,0.0,0.0,0.0,0.9081177520071365,0.0,0.005688839851830601,0.00033276868372495436,0.999667231316275,10.19,0,0,0.0
88650550abfffff,Hulu Langat,3.173789341318433,101.92903100448179,0.0,0.0,0.0,0.0,0.9081177520071365,0.0,4.979750101837069e-05,2.9129047922386004e-06,0.9999970870952077,16.87,0,0,0.0
886505556dfffff,Hulu Langat,3.168584833011425,101.89703080346366,0.0,0.0,0.0,0.0,0.9081177520071365,0.0,0.0005116428889842895,2.9928550484638395e-05,0.9999700714495153,13.28,0,0,0.0
8865055447fffff,Hulu Langat,3.103047661190768,101.84143253493377,0.0,0.0,0.0,0.0,0.9081177520071365,0.0,0.04412488556643027,0.0025810851547755035,0.9974189148452245,7.92,0,0,0.0
8865051ae1fffff,Hulu Langat,2.9066832683367654,101.76926164888884,1059.8396051819866,2.0,0.044140917272632994,0.006753562504220975,0.9081177520071365,0.023109090282264648,0.3238513393170003,0.018943683899346087,0.9810563161006539,2.94,0,2,1.9938421233112464
8865055403fffff,Hulu Langat,3.1125612866305725,101.81979819982988,1059.8396051819866,49.0,0.044140917272632994,0.1654622813534139,0.9081177520071365,0.09517219277489551,0.14434857489379632,0.008443669801941181,0.9915563301980588,5.34,0,0,8.299299675836885
886505ccc9fffff,Hulu Langat,2.9738346211146265,101.90148496714703,0.0,0.0,0.0,0.0,0.9081177520071365,0.0,0.007307783945521701,0.0004274688175155933,0.9995725311824845,8.5,0,0,0.0
88650555edfffff,Hulu Langat,3.1736157878865914,101.83445131851688,0.0,0.0,0.0,0.0,0.9081177520071365,0.0,0.03770507330489474,0.0022055582403827452,0.9977944417596173,7.0,0,0,0.0
88650550d7fffff,Hulu Langat,3.143625506061731,101.917228784781,0.0,0.0,0.0,0.0,0.9081177520071365,0.0,0.00016883941890270037,9.876261707570882e-06,0.9999901237382924,15.15,0,0,0.0
886505cd97fffff,Hulu Langat,3.052431889959573,101.89076822945812,0.0,0.0,0.0,0.0,0.9081177520071365,0.0,0.0045605204743615225,0.00026676764241581575,0.9997332323575842,11.32,0,0,0.0
886505c5c3fffff,Hulu Langat,2.8746268054331483,101.87879223170013,0.0,0.0,0.0,0.0,0.9081177520071365,0.0,0.027018565671851777,0.0015804509827896064,0.9984195490172104,6.24,0,0,0.0
886505cdb7fffff,Hulu Langat,3.0752278713221735,101.89738222113388,0.0,0.0,0.0,0.0,0.9081177520071365,0.0,0.0019947669086401373,0.00011668388912594772,0.999883316110874,12.49,0,0,0.0
886505555dfffff,Hulu Langat,3.139855889144479,101.86735297173863,0.0,0.0,0.0,0.0,0.9081177520071365,0.0,0.0055697069273635,0.00032580000337961734,0.9996741999966203,9.61,0,0,0.0
886505182dfffff,Hulu Langat,2.9743406871326004,101.79801712950737,14307.83466995682,283.6,0.5959023831805454,0.9576551630985344,0.9081177520071365,0.7054065932703405,1.2649408697132967,0.07399271541612154,0.9260072845838785,1.83,2,8,57.447071882937315
886505cc07fffff,Hulu Langat,3.001833347108347,101.94008028553426,0.0,0.0,0.0,0.0,0.9081177520071365,0.0,0.0003232787601247132,1.8910190879836256e-05,0.9999810898091201,13.79,0,0,0.0
8865055407fffff,Hulu Langat,3.1199233818390852,101.82498206014698,1059.8396051819866,1.0,0.044140917272632994,0.0033767812521104876,0.9081177520071365,0.02157583278242144,0.10402544456911664,0.006084968317754453,0.9939150316822456,5.42,0,0,1.8859527415451005
886505181dfffff,Hulu Langat,2.9456177349497197,101.76835536150666,1589.75940777298,31.8,0.06621137590894949,0.10738164381711351,0.9081177520071365,0.07882145141888142,2.35557435936767,0.1377893207401145,0.8622106792598855,1.11,3,9,5.9768424086142975
886505548bfffff,Hulu Langat,3.1095010757404813,101.76096992700559,11128.31585441086,169.79999999999998,0.4634796313626464,0.5733774566083608,0.9081177520071365,0.4707941639404485,3.2007392677833213,0.18722724155159537,0.8127727584484046,1.02,1,15,33.65225639890117
886505cca9fffff,Hulu Langat,3.013487618652282,101.89165993620489,0.0,0.0,0.0,0.0,0.9081177520071365,0.0,0.006602617802718522,0.00038622012441474825,0.9996137798755853,9.68,0,0,0.0
8865050b69fffff,Hulu Langat,3.0631766623657644,101.75669477692779,20666.87230104874,56.9,0.8607478868163435,0.19213885324508675,0.9081177520071365,0.4780725697513542,2.8438115060929086,0.1663487523453308,0.8336512476546691,1.59,3,22,35.0503379756653
8865054219fffff,Hulu Langat,3.200910946294622,101.88201372952594,0.0,0.0,0.0,0.0,0.9081177520071365,0.0,0.00085058538936336,4.975499184126998e-05,0.9999502450081588,13.09,0,0,0.0
8865054359fffff,Hulu Langat,3.2355651101871645,101.9347623533325,0.0,0.0,0.0,0.0,0.9081177520071365,0.0,1.0199972873921235e-05,5.966474071497698e-07,0.9999994033525929,20.02,0,0,0.0
8865055469fffff,Hulu Langat,3.1096916926923845,101.8555550963969,1059.8396051819866,1.4,0.044140917272632994,0.004727493752954682,0.9081177520071365,0.022189135782358725,0.01639541895827406,0.0009590500221426312,0.9990409499778574,8.99,0,0,1.949564720983848
8865050b65fffff,Hulu Langat,3.07861720874981,101.7581197000564,3179.51881554596,47.9,0.13242275181789898,0.16174782197609236,0.9081177520071365,0.13357076009022445,2.398446802001184,0.14029714424627934,0.8597028557537206,2.06,0,13,10.098892430412869
8865051865fffff,Hulu Langat,2.9655523872520164,101.8107086228116,1059.8396051819866,4.6,0.044140917272632994,0.015533193759708243,0.9081177520071365,0.027095559781856994,0.6180308417196395,0.03615171371616142,0.9638482862838386,2.38,0,2,2.296787346396359
886505cc91fffff,Hulu Langat,2.9928429266575054,101.85824287695175,0.0,0.0,0.0,0.0,0.9081177520071365,0.0,0.07030766716661857,0.0041126469487938275,0.9958873530512061,5.54,0,0,0.0
8865055669fffff,Hulu Langat,3.053148558041684,101.88183219938085,0.0,0.0,0.0,0.0,0.9081177520071365,0.0,0.008407026832724143,0.0004917690295440031,0.999508230970456,10.42,0,0,0.0
886505cdbdfffff,Hulu Langat,3.06643395075501,101.91007059567951,0.0,0.0,0.0,0.0,0.9081177520071365,0.0,0.0009618855269898272,5.626549332505628e-05,0.999943734506675,13.75,0,0,0.0
886505cc83fffff,Hulu Langat,2.9994861433613087,101.87236022614233,529.9198025909933,3.4,0.022070458636316497,0.011481056257175657,0.9081177520071365,0.015234363140756027,0.026984327505803728,0.001578448221287136,0.9984215517787128,7.21,0,0,1.3376799888495425
886505545bfffff,Hulu Langat,3.081680296918828,101.81694299602454,0.0,0.0,0.0,0.0,0.9081177520071365,0.0,0.32348241592601956,0.01892210372581167,0.9810778962741883,4.5,0,1,0.0
8865055753fffff,Hulu Langat,3.0847395653767653,101.87575551730295,0.0,0.0,0.0,0.0,0.9081177520071365,0.0,0.007213615431589704,0.00042196043034955236,0.9995780395696504,10.43,0,0,0.0
88650519e5fffff,Hulu Langat,3.0220758075499607,101.78441986053846,2649.599012954967,18.8,0.1103522931815825,0.06348348753967717,0.9081177520071365,0.07893167920349792,4.213379904711484,0.24646165500208994,0.7535383449979101,0.94,6,24,5.230830877192981
886505428bfffff,Hulu Langat,3.212590209369992,101.8335522212823,0.0,0.0,0.0,0.0,0.9081177520071365,0.0,0.01732686271099417,0.0010135348239000165,0.9989864651761,8.54,0,0,0.0
88650542edfffff,Hulu Langat,3.225159325885243,101.8707484728905,0.0,0.0,0.0,0.0,0.9081177520071365,0.0,0.0010373341378614861,6.067885977279678e-05,0.9999393211402272,12.82,0,0,0.0
88650556a5fffff,Hulu Langat,3.0904754243488193,101.80424745815498,0.0,0.4,0.0,0.0013507125008441951,0.9081177520071365,0.0006133029999372839,0.4681016239275372,0.02738160421122689,0.9726183957887731,4.43,0,4,0.05246039399842514
886505cc15fffff,Hulu Langat,2.9951917761555444,101.92596479621179,0.0,0.0,0.0,0.0,0.9081177520071365,0.0,0.0009303484268262825,5.442073066988191e-05,0.9999455792693301,12.11,0,0,0.0
88650554cdfffff,Hulu Langat,3.099271107181063,101.79155068948391,0.0,1.0,0.0,0.0033767812521104876,0.9081177520071365,0.00153325749984321,0.7104635569350685,0.041558565337316486,0.9584414346626835,3.38,0,5,0.12923931807305586
88650542c1fffff,Hulu Langat,3.203068842872258,101.85519171351122,0.0,0.0,0.0,0.0,0.9081177520071365,0.0,0.005104141201348769,0.00029856673651528095,0.9997014332634847,10.8,0,0,0.0
8865055751fffff,Hulu Langat,3.084022355005922,101.884692607598,0.0,0.0,0.0,0.0,0.9081177520071365,0.0,0.004012703883191826,0.00023472311124351174,0.9997652768887565,11.35,0,0,0.0
886505cde9fffff,Hulu Langat,3.0481308403511584,101.94437774818466,0.0,0.0,0.0,0.0,0.9081177520071365,0.0,0.00011494947781303348,6.7239696358133706e-06,0.9999932760303641,16.53,0,0,0.0
886505cd99fffff,Hulu Langat,3.036280256051127,101.8982731858804,0.0,0.0,0.0,0.0,0.9081177520071365,0.0,0.0033096551865185275,0.00019359827815276562,0.9998064017218472,11.36,0,0,0.0
8865051b31fffff,Hulu Langat,2.964123225189953,101.82858030729363,5299.198025909934,365.2,0.220704586363165,1.0,0.9081177520071365,0.5542717524164594,0.3024165455489622,0.017689855650725127,0.9823101443492749,3.36,0,3,47.88344127532156
8865051841fffff,Hulu Langat,2.935403326565542,101.79891989271918,9008.636644046886,20.3,0.37519779681738047,0.06854865941784291,0.9081177520071365,0.2014870171487321,0.41293551834369535,0.024154662898147095,0.975845337101853,3.74,0,3,17.291873046171844
886505c5a3fffff,Hulu Langat,2.914262608736448,101.86896665481457,15367.674275138806,33.6,0.6400433004531785,0.11345985007091239,0.9081177520071365,0.34213479359211624,0.2387559018989239,0.013966026338551788,0.9860339736614482,3.04,0,2,29.669013115896945
8865055515fffff,Hulu Langat,3.1648158866375784,101.8471479400921,1059.8396051819866,2.8,0.044140917272632994,0.009454987505909365,0.9081177520071365,0.024335696282139215,0.017955115133281286,0.0010502844489653491,0.9989497155510346,7.85,0,0,2.1379689013028123
8865055755fffff,Hulu Langat,3.091382683347272,101.88987630869886,0.0,0.0,0.0,0.0,0.9081177520071365,0.0,0.0024443963210485048,0.0001429849613354265,0.9998570150386645,12.15,0,0,0.0
88650552d3fffff,Hulu Langat,3.079718034975883,101.93830849233564,0.0,0.0,0.0,0.0,0.9081177520071365,0.0,0.00010830859204286273,6.335511026665428e-06,0.9999936644889733,17.05,0,0,0.0
886505cde1fffff,Hulu Langat,3.0562064650585494,101.94062698803091,0.0,0.0,0.0,0.0,0.9081177520071365,0.0,0.00013292122302866453,7.775226861435807e-06,0.9999922247731385,16.55,0,0,0.0
88650550b7fffff,Hulu Langat,3.183308788187415,101.90740111781744,0.0,0.0,0.0,0.0,0.9081177520071365,0.0,0.00019852778086281532,1.1612882422643113e-05,0.9999883871175773,14.84,0,0,0.0
886505cd91fffff,Hulu Langat,3.044355889022142,101.8945208243159,0.0,0.0,0.0,0.0,0.9081177520071365,0.0,0.0039049949086854135,0.00022842267484428174,0.9997715773251558,11.44,0,0,0.0
8865055297fffff,Hulu Langat,3.1039500496080246,101.92705374342742,0.0,0.0,0.0,0.0,0.9081177520071365,0.0,0.00015520063362283197,9.07846097079524e-06,0.9999909215390292,16.51,0,0,0.0
88650542d9fffff,Hulu Langat,3.1890610262020074,101.83587999221233,0.0,0.0,0.0,0.0,0.9081177520071365,0.0,0.025475343567063616,0.0014901802066944838,0.9985098197933056,8.15,0,0,0.0
8865054233fffff,Hulu Langat,3.232522949730962,101.87593433761923,0.0,0.0,0.0,0.0,0.9081177520071365,0.0,0.0005990898470449207,3.5043760244010265e-05,0.999964956239756,13.55,0,0,0.0
8865051843fffff,Hulu Langat,2.9361172023934357,101.78998401450943,2649.599012954967,15.3,0.1103522931815825,0.051664753157290466,0.9081177520071365,0.0735652779540467,0.6215367516690051,0.03635679191654936,0.9636432080834506,2.76,0,5,6.234521465370129
88650519e1fffff,Hulu Langat,3.014715170311615,101.77923773055184,529.9198025909933,46.3,0.022070458636316497,0.15634497197271557,0.9081177520071365,0.08101110988402972,4.613098406874128,0.269843188546644,0.730156811453356,0.57,5,23,5.202052163521521
8865055091fffff,Hulu Langat,3.1524239519537853,101.9045379395687,0.0,0.0,0.0,0.0,0.9081177520071365,0.0,0.0003682436557244016,2.154041242100399e-05,0.999978459587579,13.8,0,0,0.0
886505ccd9fffff,Hulu Langat,2.9679072740583896,101.87843573082166,0.0,0.0,0.0,0.0,0.9081177520071365,0.0,0.03283884808920815,0.0019209083993062506,0.9980790916006937,6.24,0,0,0.0
886505cdc1fffff,Hulu Langat,3.033414079815873,101.93401138007236,0.0,0.0,0.0,0.0,0.9081177520071365,0.0,0.00028929272149464205,1.6922177570529442e-05,0.9999830778224295,14.85,0,0,0.0
886505cca7fffff,Hulu Langat,3.0296375369665838,101.88415500262509,0.0,0.4,0.0,0.0013507125008441951,0.9081177520071365,0.0006133029999372839,0.009454877100186245,0.0005530630303114883,0.9994469369696886,9.63,0,0,0.05390745262578372
8865051967fffff,Hulu Langat,3.017782596508039,101.83804555015398,0.0,0.0,0.0,0.0,0.9081177520071365,0.0,0.239806877140672,0.014027503134688262,0.9859724968653117,4.74,0,2,0.0
8865051ae9fffff,Hulu Langat,2.8986119550833447,101.77301713270232,2649.599012954967,5.0,0.1103522931815825,0.016883906260552438,0.9081177520071365,0.05777272570566162,0.17976627627400854,0.010515428222959863,0.9894845717770402,3.9,0,1,5.027428056875282
886505ce85fffff,Hulu Langat,2.9496177003426802,101.91273815231281,0.0,0.0,0.0,0.0,0.9081177520071365,0.0,0.007040847912833162,0.0004118543944433841,0.9995881456055566,8.21,0,0,0.0
886505cccbfffff,Hulu Langat,2.974549903791135,101.89255142901574,0.0,0.0,0.0,0.0,0.9081177520071365,0.0,0.012158217910334721,0.0007111949493816979,0.9992888050506183,7.83,0,0,0.0
88650556adfffff,Hulu Langat,3.0823969802424878,101.80800373317194,0.0,0.0,0.0,0.0,0.9081177520071365,0.0,0.51190158944649,0.02994368316801984,0.9700563168319801,3.88,0,6,0.0
88650519a7fffff,Hulu Langat,3.039659824203443,101.75902759774148,5829.117828500926,14.1,0.24277504499948147,0.04761261565475788,0.9081177520071365,0.1318530948019695,5.195347670607694,0.30390185887994486,0.6960981411200551,0.99,8,21,8.071881571049781
8865051b65fffff,Hulu Langat,2.9605494842177853,101.87325402595938,0.0,0.0,0.0,0.0,0.9081177520071365,0.0,0.056026311337435866,0.003277259048120974,0.9967227409518791,5.24,0,0,0.0
88650519e7fffff,Hulu Langat,3.022791170060438,101.7754811529911,1059.8396051819866,6.8,0.044140917272632994,0.022962112514351315,0.9081177520071365,0.030468726281512055,5.418524984241167,0.31695661570724143,0.6830433842927586,0.43,6,24,1.8302759291538198
886505508dfffff,Hulu Langat,3.1576287144939963,101.93653584847151,0.0,0.0,0.0,0.0,0.9081177520071365,0.0,3.659986601344072e-05,2.1409091405312123e-06,0.9999978590908595,17.4,0,0,0.0
886505ce81fffff,Hulu Langat,2.9422609203452055,101.90755658642885,0.0,1.6,0.0,0.0054028500033767805,0.9081177520071365,0.0024532119997491358,0.01182352460856389,0.0006916170648951099,0.9993083829351049,7.41,0,0,0.21559991759024816
8865055647fffff,Hulu Langat,3.0465053744315096,101.86771281814849,529.9198025909933,3.7,0.022070458636316497,0.012494090632808805,0.9081177520071365,0.015694340390708994,0.024484708991197937,0.0014322330377726567,0.9985677669622274,8.69,0,0,1.3782709116279717
8865054239fffff,Hulu Langat,3.223719733635539,101.88863030224624,0.0,0.0,0.0,0.0,0.9081177520071365,0.0,0.00032124932777286084,1.8791479235630374e-05,0.9999812085207643,14.76,0,0,0.0
8865054001fffff,Hulu Langat,3.2715041562593834,101.87504012421273,0.0,0.0,0.0,0.0,0.9081177520071365,0.0,0.00017538965472510903,1.0259417748078784e-05,0.9999897405822519,15.03,0,0,0.0
88650554d7fffff,Hulu Langat,3.1021380908665797,101.75578653079408,5829.117828500926,19.7,0.24277504499948147,0.0665225906665766,0.9081177520071365,0.1404393368010915,3.639147875899683,0.21287195282073504,0.787128047179265,0.62,2,16,9.721832563361483
886505cd1dfffff,Hulu Langat,3.0386217559310027,101.96599487578565,0.0,0.0,0.0,0.0,0.9081177520071365,0.0,2.9659619741131232e-05,1.7349394389899952e-06,0.999998265060561,18.39,0,0,0.0
886505561bfffff,Hulu Langat,3.0420102408382466,101.82678161543521,0.0,0.0,0.0,0.0,0.9081177520071365,0.0,0.4169222188156727,0.024387864939867193,0.9756121350601328,4.46,0,5,0.0
8865054225fffff,Hulu Langat,3.2450893424719687,101.91312900219732,0.0,0.0,0.0,0.0,0.9081177520071365,0.0,3.466465788467296e-05,2.0277091421982205e-06,0.9999979722908579,17.89,0,0,0.0
8865051905fffff,Hulu Langat,3.011138472923437,101.8239264369297,0.0,0.0,0.0,0.0,0.9081177520071365,0.0,0.6178905974327289,0.03614351012668259,0.9638564898733174,3.18,0,4,0.0
8865054227fffff,Hulu Langat,3.2458097456910693,101.9041884801921,0.0,0.0,0.0,0.0,0.9081177520071365,0.0,6.19370883604861e-05,3.62300994654347e-06,0.9999963769900535,16.95,0,0,0.0
886505ccc5fffff,Hulu Langat,2.98926551112177,101.90291558730242,0.0,0.0,0.0,0.0,0.9081177520071365,0.0,0.0045302882846201264,0.0002649992104950033,0.999735000789505,9.81,0,0,0.0
8865054049fffff,Hulu Langat,3.24653009460142,101.8952476406548,0.0,0.0,0.0,0.0,0.9081177520071365,0.0,0.00011017731962562302,6.4448222454995375e-06,0.9999935551777545,16.02,0,0,0.0
8865054215fffff,Hulu Langat,3.216356523935697,101.88344452039546,0.0,1.2,0.0,0.004052137502532585,0.9081177520071365,0.0018399089998118517,0.0005475844258575754,3.203095066251062e-05,0.9999679690493375,14.09,0,0,0.16180666704208385
886505c5ebfffff,Hulu Langat,2.889338377726426,101.88915312080297,0.0,0.0,0.0,0.0,0.9081177520071365,0.0,0.030065344834796268,0.0017586723281008835,0.9982413276718991,6.25,0,0,0.0
8865055659fffff,Hulu Langat,3.024426401283586,101.85216454721798,0.0,0.0,0.0,0.0,0.9081177520071365,0.0,0.08893812009237433,0.005202435281525412,0.9947975647184746,6.38,0,0,0.0
8865055655fffff,Hulu Langat,3.039861867816168,101.85359331714518,0.0,0.0,0.0,0.0,0.9081177520071365,0.0,0.06994773300062812,0.004091592599969833,0.9959084074000302,6.96,0,0,0.0
8865055455fffff,Hulu Langat,3.0964033031221736,101.82730985684006,0.0,0.0,0.0,0.0,0.9081177520071365,0.0,0.11686080446108173,0.00683577268694598,0.993164227313054,6.46,0,0,0.0
8865055197fffff,Hulu Langat,3.212037509543224,101.93708223043733,0.0,0.0,0.0,0.0,0.9081177520071365,0.0,1.4692393542109068e-05,8.594315514442505e-07,0.9999991405684485,19.09,0,0,0.0
8865051991fffff,Hulu Langat,3.002853232298265,101.73311757470685,2119.679210363973,31.2,0.08828183454526599,0.10535557506584722,0.9081177520071365,0.0879227845602646,3.1045915137372058,0.18160307873626477,0.8183969212637352,0.96,1,24,6.328188402155381
8865055609fffff,Hulu Langat,3.047221770370138,101.8587761846634,0.0,0.7,0.0,0.002363746876477341,0.9081177520071365,0.0010732802498902468,0.04494089425086367,0.0026288175822826083,0.9973711824177174,7.81,0,0,0.0941421111126356
88650550b9fffff,Hulu Langat,3.16714694425029,101.91490780915902,0.0,0.0,0.0,0.0,0.9081177520071365,0.0,0.00014786125165792372,8.649143827154559e-06,0.9999913508561729,15.18,0,0,0.0
886505424bfffff,Hulu Langat,3.1906708639623726,101.91258648269591,0.0,0.0,0.0,0.0,0.9081177520071365,0.0,0.00012204003783254359,7.1387319399070426e-06,0.9999928612680601,15.66,0,0,0.0
886505572bfffff,Hulu Langat,3.1222607941196117,101.89273772489067,0.0,0.0,0.0,0.0,0.9081177520071365,0.0,0.001188119355758897,6.949904100337856e-05,0.9999305009589966,12.6,0,0,0.0
8865055295fffff,Hulu Langat,3.103232115198637,101.93598964620496,0.0,0.0,0.0,0.0,0.9081177520071365,0.0,8.503579817427426e-05,4.974168963263819e-06,0.9999950258310367,17.42,0,0,0.0
886505cd13fffff,Hulu Langat,3.040055584326529,101.94812827474945,0.0,0.0,0.0,0.0,0.9081177520071365,0.0,9.950574479044021e-05,5.8205884819082834e-06,0.9999941794115181,16.57,0,0,0.0
88650554b1fffff,Hulu Langat,3.1337422127165913,101.74969420164167,21233.88648982107,296.9,0.8843632775572007,1.0,0.9081177520071365,0.8556118717900225,7.686791682305192,0.4496388748517005,0.5503611251482995,0.78,4,70,41.4131753514301
8865054649fffff,Hulu Langat,3.1484698531706945,101.76006207260369,12188.155459592846,310.4,0.5076205486352795,1.0,0.9081177520071365,0.684548491753218,5.0851973114136655,0.2974586136848753,0.7025413863151246,1.47,3,41,42.29510533088882
8865050b49fffff,Hulu Langat,3.040375328960973,101.75008758498123,14837.754472547813,105.8,0.617972841816862,0.3572634564732896,0.9081177520071365,0.44281469743950685,4.345936447368086,0.25421554988538037,0.7457844501146196,1.36,8,21,29.043525348096225
886505c5adfffff,Hulu Langat,2.9128345560579345,101.88683170604398,0.0,0.0,0.0,0.0,0.9081177520071365,0.0,0.06481603706398999,0.0037914140492303077,0.9962085859507697,4.98,0,1,0.0
8865051935fffff,Hulu Langat,3.0280053042625643,101.80747867191221,1589.75940777298,3.9,0.06621137590894949,0.013169446883230903,0.9081177520071365,0.03604356717325586,1.5198296187865776,0.08890243264047303,0.911097567359527,1.81,1,14,2.8880627992230195
886505cce3fffff,Hulu Langat,3.0054132130840423,101.89541205315079,0.0,0.0,0.0,0.0,0.9081177520071365,0.0,0.005614203481576936,0.0003284028292916768,0.9996715971707083,9.85,0,0,0.0
88650554ebfffff,Hulu Langat,3.115430057127146,101.78403629027746,0.0,0.0,0.0,0.0,0.9081177520071365,0.0,1.1051627951606404,0.06464649704087833,0.9353535029591217,2.82,0,5,0.0
886505cdedfffff,Hulu Langat,3.055489325774681,101.9495611388568,0.0,0.0,0.0,0.0,0.9081177520071365,0.0,7.198901531398228e-05,4.210997407666663e-06,0.9999957890025923,17.4,0,0,0.0
8865055617fffff,Hulu Langat,3.057447520063366,101.82820939521201,0.0,0.0,0.0,0.0,0.9081177520071365,0.0,0.3096533121460976,0.018113170308489406,0.9818868296915106,4.61,0,2,0.0
8865054011fffff,Hulu Langat,3.265580487589487,101.85196837708604,0.0,0.0,0.0,0.0,0.9081177520071365,0.0,0.0009185785717690347,5.373225300535888e-05,0.9999462677469947,12.49,0,0,0.0
886505ccabfffff,Hulu Langat,3.0142035704525107,101.88272499399932,0.0,0.0,0.0,0.0,0.9081177520071365,0.0,0.012008085394277869,0.0007024129479448886,0.9992975870520551,8.76,0,0,0.0
886505cdc5fffff,Hulu Langat,3.0407724248907106,101.93919449523007,0.0,0.0,0.0,0.0,0.9081177520071365,0.0,0.00018273567156380918,1.0689122998657948e-05,0.9999893108770014,15.68,0,0,0.0
88650554d5fffff,Hulu Langat,3.101421422061533,101.76472803693719,5829.117828500926,10.4,0.24277504499948147,0.03511852502194907,0.9081177520071365,0.12618004205254965,2.7044282241479363,0.15819552735145667,0.8418044726485433,0.42,1,13,9.341484042586316
886505193bfffff,Hulu Langat,3.0132846387714967,101.79711414969208,2649.599012954967,6.4,0.1103522931815825,0.021611400013507122,0.9081177520071365,0.05991928620544213,2.787704652610558,0.16306678198449132,0.8369332180155087,0.52,2,16,4.410333347571556
886505185bfffff,Hulu Langat,2.9221135666069995,101.77068642293516,529.9198025909933,10.1,0.022070458636316497,0.03410549064631593,0.9081177520071365,0.025507188389705532,0.8682342329634363,0.05078736093708397,0.9492126390629161,1.34,1,6,2.129315824546743
8865055293fffff,Hulu Langat,3.096590104850581,101.92186968378932,0.0,0.0,0.0,0.0,0.9081177520071365,0.0,0.0002519736580197087,1.4739198974919053e-05,0.9999852608010251,15.7,0,0,0.0
886505cea7fffff,Hulu Langat,2.9731192907189077,101.91041818839771,0.0,0.0,0.0,0.0,0.9081177520071365,0.0,0.004309527729523113,0.00025208582195684925,0.9997479141780431,9.23,0,0,0.0
8865055739fffff,Hulu Langat,3.115617644926535,101.87861569007559,0.0,0.0,0.0,0.0,0.9081177520071365,0.0,0.0033519251507492013,0.0001960708596851172,0.9998039291403149,11.21,0,0,0.0
8865055405fffff,Hulu Langat,3.1192058877255238,101.83392178483402,0.0,0.0,0.0,0.0,0.9081177520071365,0.0,0.0589832451364081,0.0034502248889205153,0.9965497751110794,6.36,0,0,0.0
8865055483fffff,Hulu Langat,3.11758109234352,101.75721158447197,9008.636644046886,215.0,0.37519779681738047,0.7260079692037549,0.9081177520071365,0.5000122523682051,4.233520436224127,0.2476397753808569,0.7523602246191431,1.22,3,26,33.08418597682548
8865055719fffff,Hulu Langat,3.0928174001477595,101.87200175613545,0.0,0.0,0.0,0.0,0.9081177520071365,0.0,0.007806248640481707,0.0004566265095486755,0.9995433734904513,10.37,0,0,0.0
886505ccb5fffff,Hulu Langat,3.022994495461802,101.87003669762188,0.0,0.0,0.0,0.0,0.9081177520071365,0.0,0.026583608513626227,0.0015550081640797622,0.9984449918359203,7.91,0,0,0.0
8865055085fffff,Hulu Langat,3.1657088461004927,101.93278354332095,0.0,0.0,0.0,0.0,0.9081177520071365,0.0,4.276634277248937e-05,2.50161719485776e-06,0.9999974983828052,17.11,0,0,0.0
8865055733fffff,Hulu Langat,3.1244145689446703,101.8659231893421,0.0,0.0,0.0,0.0,0.9081177520071365,0.0,0.006994248457277682,0.00040912855931858155,0.9995908714406814,9.62,0,0,0.0
88650556e9fffff,Hulu Langat,3.0581638387727197,101.8192711611367,0.0,0.0,0.0,0.0,0.9081177520071365,0.0,0.5554273481576177,0.03248972239775333,0.9675102776022466,3.63,0,4,0.0
8865051b21fffff,Hulu Langat,2.970052176324107,101.85163235743306,1059.8396051819866,1.0,0.044140917272632994,0.0033767812521104876,0.9081177520071365,0.02157583278242144,0.1143142804729563,0.006686813767786068,0.993313186232214,5.12,0,0,1.8848107404280108
88650519bdfffff,Hulu Langat,3.0249369604251486,101.74866316567675,14837.754472547813,99.3,0.617972841816862,0.33531437833457145,0.9081177520071365,0.43284852369052595,6.269555898448681,0.3667376685240033,0.6332623314759966,0.28,6,23,24.106467559117604
8865051989fffff,Hulu Langat,3.0007089731196825,101.7599352776052,1589.75940777298,35.0,0.06621137590894949,0.11818734382386707,0.9081177520071365,0.0837278754183797,3.658553576093478,0.21400708924194617,0.7859929107580539,0.89,2,27,5.787655594591224
886505ceb5fffff,Hulu Langat,2.966477100708423,101.89630306816926,0.0,0.0,0.0,0.0,0.9081177520071365,0.0,0.012492214761104759,0.0007307320949674118,0.9992692679050326,7.54,0,0,0.0
886505554dfffff,Hulu Langat,3.1457810025184045,101.89041495037586,0.0,0.0,0.0,0.0,0.9081177520071365,0.0,0.001062940900102981,6.217672731477339e-05,0.9999378232726852,12.19,0,0,0.0
88650519cdfffff,Hulu Langat,2.9912042030543833,101.78156841742918,5829.117828500926,135.7,0.24277504499948147,0.45822921591139315,0.9081177520071365,0.31829720678290385,2.791408866321568,0.16328345996329785,0.8367165400367021,1.25,3,15,23.422063882331248
886505cd9dfffff,Hulu Langat,3.0436392948839113,101.90345619354923,0.0,0.0,0.0,0.0,0.9081177520071365,0.0,0.0021131614766293346,0.00012360937930955203,0.9998763906206904,12.27,0,0,0.0
886505549dfffff,Hulu Langat,3.1102178642670655,101.75202807894989,6888.957433682914,140.5,0.28691596227211447,0.47443776592152354,0.9081177520071365,0.3456994180647295,4.473032782329365,0.2616500499228039,0.7383499500771962,1.49,3,28,22.44785652341775
88650556ddfffff,Hulu Langat,3.0367973060134967,101.79478454143032,10068.476249228874,153.1,0.4193387140900135,0.5169852096981157,0.9081177520071365,0.4251461884104886,2.92766678153779,0.17125386663224598,0.828746133367754,1.71,4,18,30.986589909587057
8865050b41fffff,Hulu Langat,3.0484526687590936,101.74632962623572,21196.79210363973,73.5,0.8828183454526598,0.24819342203012085,0.9081177520071365,0.5135459318900405,3.1123833799166993,0.18205886394376655,0.8179411360562334,1.38,1,22,36.941567819250416
886505561dfffff,Hulu Langat,3.048654413097817,101.84090197305795,0.0,0.0,0.0,0.0,0.9081177520071365,0.0,0.14984704084890393,0.008765302564691367,0.9912346974353087,6.04,0,0,0.0
88650519c3fffff,Hulu Langat,2.9926337116410657,101.76369218337813,8478.716841455893,65.8,0.35312733818106395,0.22219220638887008,0.9081177520071365,0.261228945750309,3.556441659258673,0.208034052727864,0.791965947272136,0.75,2,28,18.19456955709943
88650519ebfffff,Hulu Langat,3.0073546082990017,101.77405574097688,529.9198025909933,24.6,0.022070458636316497,0.083068818801918,0.9081177520071365,0.04773942213743208,4.212878791112164,0.24643234236239792,0.753567657637602,0.44,4,23,3.1638318084753387
8865051a11fffff,Hulu Langat,2.8898280616954968,101.78570745578546,3709.438618136953,11.4,0.1544932104542155,0.03849530627405956,0.9081177520071365,0.08762814898723639,0.08721676946244253,0.00510174487745872,0.9948982551225413,5.29,0,0,7.66719107892287
8865051a4bfffff,Hulu Langat,2.8715491505108943,101.82001786964393,0.0,0.0,0.0,0.0,0.9081177520071365,0.0,0.05307205324900497,0.003104449723007945,0.9968955502769921,5.1,0,0,0.0
8865054257fffff,Hulu Langat,3.2001915407126624,101.89095376928078,0.0,0.0,0.0,0.0,0.9081177520071365,0.0,0.0004645007544204447,2.71709713515666e-05,0.9999728290286485,13.91,0,0,0.0
88650552b1fffff,Hulu Langat,3.1186701429825807,101.93742227677484,0.0,0.0,0.0,0.0,0.9081177520071365,0.0,5.9649783297166005e-05,3.4892140382347623e-06,0.9999965107859617,17.56,0,0,0.0
886505509bfffff,Hulu Langat,3.14506255556343,101.89935321242763,0.0,0.0,0.0,0.0,0.9081177520071365,0.0,0.0005751131819574618,3.3641245234082483e-05,0.9999663587547659,13.18,0,0,0.0
8865055431fffff,Hulu Langat,3.1287207254655742,101.81228561100926,0.0,0.4,0.0,0.0013507125008441951,0.9081177520071365,0.0006133029999372839,0.24626157274033666,0.014405070549923987,0.985594929450076,3.74,0,1,0.05316031297132684
8865051b41fffff,Hulu Langat,2.930404875793785,101.86146228093979,3179.51881554596,43.2,0.13242275181789898,0.14587695009117307,0.9081177520071365,0.12636444984096135,0.3720220377992658,0.021761428878209744,0.9782385711217902,2.13,0,2,10.871354885956388
8865054213fffff,Hulu Langat,3.2097128521976863,101.8693181769955,0.0,0.5,0.0,0.0016883906260552438,0.9081177520071365,0.000766628749921605,0.0016779458593007106,9.815144203462833e-05,0.9999018485579654,12.48,0,0,0.06741498665127087
886505574bfffff,Hulu Langat,3.0825877829132966,101.90256583885508,0.0,0.0,0.0,0.0,0.9081177520071365,0.0,0.0012210642819746476,7.142615444263335e-05,0.9999285738455573,13.22,0,0,0.0
8865055489fffff,Hulu Langat,3.108784235549715,101.76991146452193,1589.75940777298,2.0,0.06621137590894949,0.006753562504220975,0.9081177520071365,0.033130377923553764,2.130145291857473,0.1246028475711479,0.8753971524288521,1.35,1,10,2.550618463226014
88650550c1fffff,Hulu Langat,3.1414695437185207,101.94403975766537,0.0,0.0,0.0,0.0,0.9081177520071365,0.0,2.6931620317516093e-05,1.5753651143398248e-06,0.9999984246348856,18.13,0,0,0.0
886505c5bbfffff,Hulu Langat,2.900262816932958,101.84967221675166,6888.957433682914,13.1,0.28691596227211447,0.04423583440264739,0.9081177520071365,0.15036241258470454,0.4409284340326384,0.025792108484602776,0.9742078915153972,1.94,1,2,12.882641109712287
8865051b1bfffff,Hulu Langat,2.933975433192184,101.8167907127387,0.0,0.0,0.0,0.0,0.9081177520071365,0.0,0.35670557740834913,0.02086549253681834,0.9791345074631816,3.15,0,2,0.0
8865054053fffff,Hulu Langat,3.249410945962299,101.85948111555652,0.0,0.0,0.0,0.0,0.9081177520071365,0.0,0.0010444826790859838,6.109701368744147e-05,0.9999389029863126,12.39,0,0,0.0
8865051801fffff,Hulu Langat,2.952262929414942,101.78247322523595,2119.679210363973,45.8,0.08828183454526599,0.15465658134666033,0.9081177520071365,0.11030834405797547,1.3250753310198493,0.07751028069422503,0.922489719305775,1.95,1,9,8.949193106974704
8865051b09fffff,Hulu Langat,2.9391908971397522,101.84877571580161,529.9198025909933,9.5,0.022070458636316497,0.032079421895049635,0.9081177520071365,0.02458723388979961,0.46037232324062405,0.02692947877217611,0.9730705212278239,1.79,1,2,2.104107711658405
88650554e3fffff,Hulu Langat,3.123510076926785,101.78027874154932,2649.599012954967,53.6,0.1103522931815825,0.18099547511312214,0.9081177520071365,0.13228904019804164,1.5403382552349039,0.09010208531723225,0.9098979146827677,1.9,1,6,10.585966487193906
886505ce97fffff,Hulu Langat,2.944404987742159,101.8807582022034,529.9198025909933,6.6,0.022070458636316497,0.022286756263929217,0.9081177520071365,0.0201407871402543,0.06814806437738677,0.003986320984931415,0.9960136790150685,4.73,0,1,1.7642321096261167
88650554cbfffff,Hulu Langat,3.0926255315751505,101.77742676757234,0.0,0.2,0.0,0.0006753562504220976,0.9081177520071365,0.00030665149996864197,1.41184109890931,0.08258564423494234,0.9174143557650577,2.01,0,12,0.024741419024989532
886505401bfffff,Hulu Langat,3.258215734071524,101.84678209814096,0.0,0.0,0.0,0.0,0.9081177520071365,0.0,0.0016863041457581061,9.864035999594669e-05,0.999901359640004,11.57,0,0,0.0
88650554a7fffff,Hulu Langat,3.147752310817034,101.76900469899375,10598.396051819867,244.2,0.44140917272633,0.824609981765381,0.9081177520071365,0.5748472342874941,3.232861136079296,0.18910621021832594,0.810893789781674,1.53,1,12,40.99495369195788
8865054205fffff,Hulu Langat,3.2222799260056343,101.90651086456691,0.0,0.0,0.0,0.0,0.9081177520071365,0.0,9.795920522885166e-05,5.730123651179609e-06,0.9999942698763489,16.66,0,0,0.0
886505cd8bfffff,Hulu Langat,3.0429226513428147,101.91239124567495,0.0,0.0,0.0,0.0,0.9081177520071365,0.0,0.0011438030838875671,6.690676070681259e-05,0.9999330932392931,13.09,0,0,0.0
88650519b5fffff,Hulu Langat,3.033013689149722,101.7449053301999,529.9198025909933,74.7,0.022070458636316497,0.25224555953265343,0.9081177520071365,0.1245556228795769,4.793843060438382,0.2804158469486107,0.7195841530513893,0.88,6,21,7.8824079543309145
886505cd11fffff,Hulu Langat,3.0393386946536736,101.95706173507372,0.0,0.0,0.0,0.0,0.9081177520071365,0.0,5.4282575654860395e-05,3.1752592304132996e-06,0.9999968247407696,17.48,0,0,0.0
8865055625fffff,Hulu Langat,3.085456725218669,101.86681811112099,0.0,0.0,0.0,0.0,0.9081177520071365,0.0,0.012873549607493784,0.0007530382765785007,0.9992469617234215,9.52,0,0,0.0
8865051a05fffff,Hulu Langat,2.903116815148679,101.81393731157284,529.9198025909933,1.3,0.022070458636316497,0.004389815627743634,0.9081177520071365,0.012014522391085287,0.24803763498744952,0.01450896131000491,0.9854910386899951,2.96,0,2,1.0412935305625393
8865054059fffff,Hulu Langat,3.240606702588568,101.87217889604824,0.0,0.0,0.0,0.0,0.9081177520071365,0.0,0.000607143996720673,3.551488772446859e-05,0.9999644851122755,13.37,0,0,0.0
88650556dbfffff,Hulu Langat,3.0301520529077464,101.78066339251934,7418.877236273906,140.9,0.308986420908431,0.47578847842236777,0.9081177520071365,0.35633400870595594,4.929848903054783,0.2883715086309833,0.7116284913690167,0.52,5,24,22.30101247939055
88650556edfffff,Hulu Langat,3.0655247466198694,101.82445416172598,0.0,0.0,0.0,0.0,0.9081177520071365,0.0,0.334409893432726,0.0195613065160204,0.9804386934839796,4.35,0,4,0.0
8865051961fffff,Hulu Langat,3.0097074506833366,101.84179972922354,0.0,0.0,0.0,0.0,0.9081177520071365,0.0,0.1978054677469071,0.01157063071736076,0.9884293692826392,4.47,0,1,0.0
8865051b4dfffff,Hulu Langat,2.9296906235294657,101.870395651491,529.9198025909933,7.6,0.022070458636316497,0.025663537516039708,0.9081177520071365,0.02167404464009751,0.20543801972555886,0.012017096840779744,0.9879829031592202,3.07,0,2,1.883230036612879
8865054221fffff,Hulu Langat,3.237726117331568,101.90794277695868,0.0,0.0,0.0,0.0,0.9081177520071365,0.0,6.019897561532015e-05,3.5213390425561974e-06,0.9999964786609574,17.14,0,0,0.0
886505cd81fffff,Hulu Langat,3.0502815878984317,101.91757441884272,0.0,0.0,0.0,0.0,0.9081177520071365,0.0,0.0007231910272111129,4.230305870348937e-05,0.9999576969412965,14.0,0,0,0.0
8865051aebfffff,Hulu Langat,2.899324983426072,101.76408140849533,1059.8396051819866,7.2,0.044140917272632994,0.02431282501519551,0.9081177520071365,0.03108202928144934,0.21484223828631804,0.012567196599857793,0.9874328034001422,3.73,0,1,2.699174085043841
8865051b61fffff,Hulu Langat,2.9531917695902727,101.86807245991375,20666.87230104874,38.0,0.8607478868163435,0.12831768758019854,0.9081177520071365,0.4490940030043175,0.09881593372571612,0.005780237984090476,0.9942197620159096,4.25,0,1,39.267533833899876
8865051951fffff,Hulu Langat,2.9809852908584813,101.81213539513043,6359.03763109192,39.5,0.26484550363579795,0.13338285945836426,0.9081177520071365,0.18081912293927616,1.218479032142384,0.07127493025524377,0.9287250697447562,0.76,1,5,14.76881011928201
886505c599fffff,Hulu Langat,2.8767665280219927,101.85199649714143,0.0,0.0,0.0,0.0,0.9081177520071365,0.0,0.084344598110111,0.00493373721592465,0.9950662627840754,4.37,0,1,0.0
8865051847fffff,Hulu Langat,2.9434758824007514,101.79516495653117,529.9198025909933,2.0,0.022070458636316497,0.006753562504220975,0.9081177520071365,0.013087802640975534,0.5788046712613795,0.03385717889870378,0.9661428211012962,3.52,0,4,1.112044196982967
886505501bfffff,Hulu Langat,3.1400319774539676,101.96191214428305,0.0,0.0,0.0,0.0,0.9081177520071365,0.0,7.915492821762702e-06,4.6301674786726505e-07,0.9999995369832522,20.11,0,0,0.0
88650556a9fffff,Hulu Langat,3.0750354124097976,101.8028205425089,0.0,0.0,0.0,0.0,0.9081177520071365,0.0,0.891513946034237,0.05214910773921484,0.9478508922607851,2.88,0,6,0.0
88650546a7fffff,WP Kuala Lumpur,3.209357629400781,101.68006883271178,4846.467971315284,39.0,0.2018489786004549,0.13169446883230904,0.9947234707836623,0.16589174784373348,4.669626764030401,0.2731498147646371,0.7268501852353628,0.87,4,26,10.604340589561483
88650546ddfffff,WP Kuala Lumpur,3.1549253595122178,101.67956450980107,807.7446618858806,24.2,0.03364149643340915,0.0817181063010738,0.9947234707836623,0.057375452210134674,17.09781589494623,1.0,0.0,0.82,17,118,0.0
8865057309fffff,WP Kuala Lumpur,3.17539369995993,101.61835754447237,5115.71619194391,30.8,0.2130628107449246,0.10400486256500302,0.9947234707836623,0.15769732823407578,8.99435047139659,0.526124525436314,0.47387547456368595,1.08,16,41,6.572075550917363
886505732dfffff,WP Kuala Lumpur,3.2055796211342167,101.63014548683135,269.2482206286269,43.1,0.011213832144469717,0.14553927196596203,0.9947234707836623,0.07796299588842072,4.01839446335728,0.23505598172688105,0.764944018273119,1.32,3,27,5.24483888635032
886505735dfffff,WP Kuala Lumpur,3.159943334778972,101.61693809833845,807.7446618858806,29.6,0.03364149643340915,0.09995272506247044,0.9947234707836623,0.06644465384151134,14.17503598309376,0.8291687213395711,0.1708312786604289,0.26,14,48,0.998254816548239
8865050b2dfffff,WP Kuala Lumpur,3.0874123381806298,101.74542016106842,5654.212633201165,260.9,0.23549047503386408,0.8810022286756262,0.9947234707836623,0.5553007486692696,3.8559199087522593,0.22555203275259006,0.7744479672474099,0.41,4,13,37.8211284678666
8865050931fffff,WP Kuala Lumpur,3.1387611369527186,101.68708759962308,538.4964412572538,52.7,0.022427664288939435,0.17795637198622272,0.9947234707836623,0.0996633520266343,20.324718090257782,1.0,0.0,0.26,14,132,0.0
8865054457fffff,WP Kuala Lumpur,3.2152877813312344,101.70314704683128,0.0,1.0,0.0,0.0033767812521104876,0.9947234707836623,0.0016794817835882726,3.0120804058225388,0.17619164153421474,0.8238083584657853,1.89,1,18,0.12167895499805566
886505095bfffff,WP Kuala Lumpur,3.0917092204202246,101.69176501295063,4577.219750686657,338.1,0.1906351464559852,1.0,0.9947234707836623,0.5921763626598558,6.868993176424594,0.40180175174011384,0.5981982482598862,0.72,4,46,31.153739531964835
886505734dfffff,WP Kuala Lumpur,3.165876212129003,101.64001656637073,5115.71619194391,23.1,0.2130628107449246,0.07800364692375228,0.9947234707836623,0.1447653185004461,10.389255142806089,0.6077194733548006,0.3922805266451994,1.21,9,62,4.99430728172002
886505086dfffff,WP Kuala Lumpur,3.0755503085842446,101.69928575047429,5384.964412572537,52.1,0.22427664288939433,0.17593030323495643,0.9947234707836623,0.19904762124027217,4.772182870704716,0.27914883416311537,0.7208511658368846,0.83,3,28,12.618756981324594
88650509e1fffff,WP Kuala Lumpur,3.1328293916608567,101.66401380162115,10231.43238388782,44.8,0.4261256214898492,0.15127980009454983,0.9947234707836623,0.2871793625038686,15.724883250293079,0.9198270363059655,0.08017296369403448,0.73,16,85,2.0248606694037883
886505445bfffff,WP Kuala Lumpur,3.1998372629793477,101.70172384870733,4307.97153005803,26.0,0.17942131431151548,0.08779631255487268,0.9947234707836623,0.1329038226255536,5.798054813431713,0.33915721283838657,0.6608427871616134,0.37,3,44,7.724130563905022
8865050b15fffff,WP Kuala Lumpur,3.066755735104811,101.71198804373496,9423.68772200194,152.29999999999998,0.39248412505644004,0.5142837846964272,0.9947234707836623,0.4509916611923094,3.1168399173343273,0.18231954909734105,0.817680450902659,1.5,1,20,32.43143057824991
88650546e5fffff,WP Kuala Lumpur,3.1917534041199525,101.70548519919056,6192.709074458418,85.39999999999999,0.2579181393228035,0.28837711893023565,0.9947234707836623,0.2717063576810601,7.805507596218806,0.4565831621649611,0.5434168378350389,0.74,4,69,12.985147019897934
8865050855fffff,WP Kuala Lumpur,3.0548910266656963,101.6658525485151,4038.7233094294033,23.0,0.16820748216704576,0.07766596879854122,0.9947234707836623,0.12228804625902265,6.421476288404385,0.3756242516434549,0.6243757483565451,0.49,9,17,6.714969001807736
88650546ebfffff,WP Kuala Lumpur,3.177021974089097,101.6951164975455,12116.16992828821,197.1,0.5046224465011373,0.6655635847909771,0.9947234707836623,0.5820057552547256,13.549253015734447,0.7925635470387609,0.20743645296123914,0.41,7,99,10.617599424444348
8865050961fffff,WP Kuala Lumpur,3.1278123971811533,101.72662448520012,7269.701956972925,226.4,0.3027734679006823,0.7645032754778145,0.9947234707836623,0.5308226132300713,17.53577289970497,1.0,0.0,0.22,17,96,0.0
8865050985fffff,WP Kuala Lumpur,3.134262345399022,101.64612227443187,269.2482206286269,5.3,0.011213832144469717,0.017896940636185583,0.9947234707836623,0.014478584468784002,13.18710024268793,0.771379420796351,0.22862057920364898,0.45,7,80,0.29110884717390356
8865050923fffff,WP Kuala Lumpur,3.1454091170010603,101.70121599489266,12385.418148916837,617.2,0.515836278645607,1.0,0.9947234707836623,0.7539189621170744,29.764617799253152,1.0,0.0,0.27,46,115,0.0
886505096dfffff,WP Kuala Lumpur,3.1270954741345727,101.73556763609926,5654.212633201165,404.9,0.23549047503386408,1.0,0.9947234707836623,0.6144856867229205,12.532304786491206,0.7330771609783763,0.2669228390216237,0.18,12,81,14.42485599508595
8865050907fffff,WP Kuala Lumpur,3.1299628524686636,101.69979318043893,538.4964412572538,16.6,0.022427664288939435,0.0560545687850341,0.9947234707836623,0.039034059639097646,19.306039255337623,1.0,0.0,1.11,19,120,0.0
8865050821fffff,WP Kuala Lumpur,3.0931411027113724,101.673877501118,5654.212633201165,129.5,0.23549047503386408,0.43729317214830815,0.9947234707836623,0.3346168423057706,9.426730782141224,0.5514166114543056,0.44858338854569435,0.3,7,51,13.200943228382165
88650509e3fffff,WP Kuala Lumpur,3.133545894900576,101.65506819082457,269.2482206286269,7.7,0.011213832144469717,0.026001215641250755,0.9947234707836623,0.01850934074939586,13.865938612399784,0.8110880708259905,0.18891192917400945,0.76,14,81,0.30751358994695044
8865050b3dfffff,WP Kuala Lumpur,3.0814817295040036,101.72235343733568,2423.233985657642,247.7,0.10092448930022745,0.8364287161477678,0.9947234707836623,0.4662036169367106,3.4450988013207313,0.20152105231948358,0.7984789476805164,1.03,1,20,32.73807115982509
88650544c9fffff,WP Kuala Lumpur,3.2100756224380165,101.67112165556085,4307.97153005803,58.1,0.17942131431151548,0.19619099074761934,0.9947234707836623,0.18681518787873716,5.0835517034407545,0.2973623538474857,0.7026376461525143,0.38,4,26,11.544033421425718
886505090bfffff,WP Kuala Lumpur,3.114517507177072,101.69837049278264,269.2482206286269,106.7,0.011213832144469717,0.36030255960018903,0.9947234707836623,0.18477803732463483,11.920959164840115,0.6973164992061198,0.3026835007938802,1.06,5,97,4.918731062935446
8865050b07fffff,WP Kuala Lumpur,3.0734028119239354,101.72611266704516,1884.737544400388,13.6,0.07849682501128802,0.04592422502870263,0.9947234707836623,0.061882269367163616,2.7943855835192837,0.16345758303399505,0.836542416966005,1.06,1,12,4.552691035349746
8865054469fffff,WP Kuala Lumpur,3.2278644112279884,101.7403551686001,3230.9786475435226,16.6,0.1345659857336366,0.0560545687850341,0.9947234707836623,0.09480736979675922,1.614852853475901,0.09446081669670171,0.9055391833032983,1.14,1,8,7.5502846505636265
88650509a7fffff,WP Kuala Lumpur,3.157793094140869,101.64377982045848,13193.162810802718,50.7,0.5494777750790162,0.17120280948200173,0.9947234707836623,0.3584389462004672,11.70347957853997,0.684595030935773,0.315404969064227,0.68,9,65,9.942548142792358
88650509a9fffff,WP Kuala Lumpur,3.1416279351243004,101.6513056326964,807.7446618858806,10.7,0.03364149643340915,0.03613155939758222,0.9947234707836623,0.03470244813169299,13.65887578147072,0.7989759306548351,0.20102406934516492,0.57,13,85,0.6135107169995807
88650546b3fffff,WP Kuala Lumpur,3.1960597990678683,101.65180530719704,1884.737544400388,10.6,0.07849682501128802,0.03579388127237117,0.9947234707836623,0.05684382401639879,6.413699137970685,0.3751693272334945,0.6248306727665055,0.62,3,34,3.1236301535773063
8865050869fffff,WP Kuala Lumpur,3.0681870086541836,101.69410319044657,2961.730426914896,109.0,0.1233521535891669,0.3680691564800432,0.9947234707836623,0.2444141555845495,5.9726052570008905,0.3493675409304019,0.6506324590695981,0.04,4,23,13.985437617508873
8865054639fffff,WP Kuala Lumpur,3.182234242255924,101.72713647182225,25309.332739090925,95.8,1.0,0.3234956439521847,0.9947234707836623,0.6582560902595876,9.334113849412025,0.545998984029793,0.45400101597020703,1.36,1,81,26.282440519497875
88650509c7fffff,WP Kuala Lumpur,3.1180991113631937,101.65364737475707,807.7446618858806,65.6,0.03364149643340915,0.221516850138448,0.9947234707836623,0.12690599805068917,12.843629509453685,0.7512881004615686,0.24871189953843142,1.23,14,66,2.7758288995647415
8865057367fffff,WP Kuala Lumpur,3.1974948304375617,101.63390956091271,2153.985765029015,120.8,0.08971065715575774,0.4079151752549469,0.9947234707836623,0.24750004758359262,6.065618372702934,0.3548083430776738,0.6451916569223262,0.38,7,42,14.043585709305452
886505469dfffff,WP Kuala Lumpur,3.171808268020471,101.66309409715888,11577.673487030956,89.2,0.48219478221219786,0.30120888768825554,0.9947234707836623,0.38963500877401874,13.15979436026511,0.7697821632203856,0.23021783677961438,0.21,12,58,7.888799526846528
88650546c3fffff,WP Kuala Lumpur,3.162290826410646,101.68474836364739,4577.219750686657,25.6,0.1906351464559852,0.08644560005402849,0.9947234707836623,0.13780936092788448,17.398538986729278,1.0,0.0,0.83,13,112,0.0
8865054607fffff,WP Kuala Lumpur,3.181516331070388,101.73608108567623,25578.580959719555,102.4,1.0,0.34578240021611395,0.9947234707836623,0.6693406700312702,7.68518268896544,0.4495447567872556,0.5504552432127444,1.7,4,65,32.402849712818586
8865050b05fffff,WP Kuala Lumpur,3.0726868777304404,101.73505435546646,1076.9928825145075,83.9,0.04485532857787887,0.28331194705206997,0.9947234707836623,0.16321784570612075,2.6739614024480893,0.15641337063437513,0.8435866293656249,1.02,1,14,12.109084465477741
8865050925fffff,WP Kuala Lumpur,3.1520567745073316,101.71534429049281,11846.921707659583,167.7,0.4934086143566676,0.5662862159789288,0.9947234707836623,0.5270516598014643,36.90658121179472,1.0,0.0,0.14,56,98,0.0
886505095dfffff,WP Kuala Lumpur,3.0983568947236892,101.70589126037949,4307.97153005803,133.6,0.17942131431151548,0.45113797528196115,0.9947234707836623,0.31361606253965174,6.292219089085273,0.36806335184671446,0.6319366481532855,1.89,2,60,17.4295357629615
8865050827fffff,WP Kuala Lumpur,3.10122133861898,101.6701161031422,3230.9786475435226,24.0,0.1345659857336366,0.0810427500506517,0.9947234707836623,0.10723553499531244,12.398333009484814,0.7252404819626426,0.27475951803735743,0.36,14,57,2.5912269283387466
8865050935fffff,WP Kuala Lumpur,3.1461261190528336,101.69227123653779,807.7446618858806,179.1,0.03364149643340915,0.6047815222529883,0.9947234707836623,0.3175271804879581,24.009904204186228,1.0,0.0,0.62,26,126,0.0
88650544c7fffff,WP Kuala Lumpur,3.226245828464328,101.66359574838926,3769.475088800776,26.2,0.15699365002257604,0.08847166880529478,0.9947234707836623,0.12208505695073896,3.7833743019160337,0.22130847752416322,0.7786915224758368,1.12,4,17,8.36068644726326
8865050b21fffff,WP Kuala Lumpur,3.088128613561271,101.7364784083496,1346.2411031431343,191.0,0.056069160722348584,0.6449652191531031,0.9947234707836623,0.34866767574419083,4.405484576888334,0.25769881768599523,0.7423011823140048,0.87,5,19,22.761758884382953
88650509e9fffff,WP Kuala Lumpur,3.124747828701223,101.66777578755183,3769.475088800776,97.8,0.15699365002257604,0.3302492064564057,0.9947234707836623,0.24233595265565927,16.852911235704585,0.9858110326368709,0.014188967363129135,0.52,18,83,0.3024005798718609
886505460bfffff,WP Kuala Lumpur,3.166068790887283,101.73465664523049,9154.439501373314,53.8,0.3812702929119704,0.18167083136354423,0.9947234707836623,0.27998537449309846,14.128355818753707,0.8264381651544633,0.17356183484553667,0.65,11,92,4.273695328530991
886505096bfffff,WP Kuala Lumpur,3.120448412728315,101.72144096673443,8346.694839487433,129.8,0.3476287964785612,0.43830620652394137,0.9947234707836623,0.3908939969985087,14.399432777338411,0.8422948116844879,0.15770518831551206,0.38,13,92,5.4214937553405305
8865050959fffff,WP Kuala Lumpur,3.0909932019171644,101.70070830820535,5115.71619194391,236.6,0.2130628107449246,0.7989464442493414,0.9947234707836623,0.5033346792965423,5.45448060377976,0.31905983965061235,0.6809401603493876,1.72,1,44,30.14253557429583
8865050b63fffff,WP Kuala Lumpur,3.0719708926482348,101.74399573463732,2692.4822062862686,196.3,0.11213832144469717,0.6628621597892888,0.9947234707836623,0.3854555842760395,2.480803149277509,0.14511457873087272,0.8548854212691273,1.71,1,14,28.979856615572313
8865050987fffff,WP Kuala Lumpur,3.134978743097228,101.63717605286364,269.2482206286269,1.9,0.011213832144469717,0.006415884379009927,0.9947234707836623,0.008768346404583877,12.210100802793423,0.7142298391449894,0.2857701608550106,0.76,12,77,0.22036801396394973
88650546bdfffff,WP Kuala Lumpur,3.194624550575861,101.66969983124815,8885.191280744688,199.5,0.3700564607675007,0.6736678597960423,0.9947234707836623,0.5191085393461435,8.220990996731848,0.48088686342907777,0.5191131365709223,0.36,7,39,23.69922650978788
88650546e1fffff,WP Kuala Lumpur,3.1843876540222227,101.7003007774392,22347.60231217603,147.0,0.9307480679909865,0.4963868440602417,0.9947234707836623,0.7098022964960672,10.251699163847531,0.5996731364480221,0.4003268635519779,0.87,3,84,24.9899918038122
88650509bdfffff,WP Kuala Lumpur,3.1430610167117248,101.63341281494924,81043.71440921669,368.7,1.0,1.0,0.9947234707836623,0.9947234707836623,11.34155150877749,0.6634240487118284,0.33657595128817164,0.8,10,67,29.444177480637745
88650544d7fffff,WP Kuala Lumpur,3.2203145467416463,101.64051442853975,7538.950177601552,422.1,0.3139873000451521,1.0,0.9947234707836623,0.6535270038332835,3.198436095763663,0.18709251750568515,0.8129074824943149,1.26,2,22,46.721700167166915
88650509adfffff,WP Kuala Lumpur,3.148993597919036,101.65648913358862,807.7446618858806,38.1,0.03364149643340915,0.12865536570540959,0.9947234707836623,0.08072024900201166,14.504306042789278,0.8484293732842125,0.15157062671578747,0.72,19,90,1.0759981355931374
8865054411fffff,WP Kuala Lumpur,3.2240909867143737,101.69043840302575,269.2482206286269,54.8,0.011213832144469717,0.18504761261565472,0.9947234707836623,0.0976129327564035,2.8431104138674614,0.16630774195602327,0.8336922580439767,1.3,2,17,7.156935599450166
886505092bfffff,WP Kuala Lumpur,3.137327421312657,101.70497674207648,10231.43238388782,97.3,0.4261256214898492,0.32856081583035046,0.9947234707836623,0.3753521561422529,26.25561631597251,1.0,0.0,0.49,36,114,0.0
8865050805fffff,WP Kuala Lumpur,3.077697345129893,101.67245606575793,2153.985765029015,80.2,0.08971065715575774,0.27081785641926115,0.9947234707836623,0.17931308716990876,6.2948406979047276,0.368216702853038,0.631783297146962,1.14,4,41,9.963091234355556
8865054619fffff,WP Kuala Lumpur,3.1594215580114167,101.72052827711343,8885.191280744688,146.8,0.3700564607675007,0.49571148780981966,0.9947234707836623,0.43059984935104173,30.305629286527143,1.0,0.0,0.03,45,100,0.0
8865057329fffff,WP Kuala Lumpur,3.1982122645535243,101.62496123048517,2423.233985657642,31.1,0.10092448930022745,0.10501789694063618,0.9947234707836623,0.10242786261149071,5.183284701284911,0.30319623549663494,0.6968037645033651,0.97,7,31,6.276861964699566
8865054611fffff,WP Kuala Lumpur,3.1675039803345206,101.71676785625596,5654.212633201165,61.2,0.23549047503386408,0.20665901262916186,0.9947234707836623,0.21990823648669164,24.057937073468636,1.0,0.0,0.38,28,97,0.0
8865050865fffff,WP Kuala Lumpur,3.0836295830799307,101.69552549780165,6192.709074458418,59.3,0.2579181393228035,0.20024312825015192,0.9947234707836623,0.22787188312940618,5.322580159381687,0.3113443232345615,0.6886556767654385,1.42,4,44,13.800882322438412
886505090dfffff,WP Kuala Lumpur,3.121165112686538,101.71249753950256,1346.2411031431343,108.4,0.056069160722348584,0.3660430877287769,0.9947234707836623,0.20994248041979957,16.24426234945518,0.9502081164003207,0.04979188359967934,0.29,11,100,0.9193330203076363
8865050b03fffff,WP Kuala Lumpur,3.0660400220241266,101.7209300083588,269.2482206286269,1.4,0.011213832144469717,0.004727493752954682,0.9947234707836623,0.007928605512789738,2.511279679128009,0.14689730332622086,0.8531026966737791,2.06,0,13,0.5948563533585653
8865057343fffff,WP Kuala Lumpur,3.167309991634409,101.62212170989238,538.4964412572538,5.5,0.022427664288939435,0.01857229688660768,0.9947234707836623,0.02039181184126782,11.86672598605156,0.6941441294453714,0.3058558705546286,0.34,14,50,0.5485126090066446
88650544cbfffff,WP Kuala Lumpur,3.210793560942986,101.6621741719144,269.2482206286269,190.2,0.011213832144469717,0.6422637941514148,0.9947234707836623,0.3250147662542556,4.6193358657743815,0.27020804870127785,0.7297919512987221,1.24,2,27,20.860088250668248
886505446bfffff,WP Kuala Lumpur,3.2285831922531654,101.73140943304439,1076.9928825145075,8.7,0.04485532857787887,0.029377996893361243,0.9947234707836623,0.03692081558028261,2.076990229139046,0.12149354220927583,0.8785064577907242,0.42,2,9,2.8525300215550677
8865050825fffff,WP Kuala Lumpur,3.100505305323903,101.67906035286991,5923.460853829792,76.0,0.2467043071783338,0.2566353751603971,0.9947234707836623,0.2503418978995642,11.430071053648017,0.6686019994360026,0.3313980005639974,0.32,13,53,7.29621131720006
88650509a3fffff,WP Kuala Lumpur,3.1504270189210684,101.63859624628155,538.4964412572538,1.0,0.022427664288939435,0.0033767812521104876,0.9947234707836623,0.012834143815120588,11.213416490626866,0.6559287909018664,0.3440712090981336,1.08,6,68,0.388355280535335
8865050b55fffff,WP Kuala Lumpur,3.049883768196971,101.72844798856765,538.4964412572538,3.3,0.022427664288939435,0.011143378131964608,0.9947234707836623,0.016696951917373616,2.1252022078199393,0.1243137018733335,0.8756862981266665,2.54,0,18,1.2858778944682252
8865050823fffff,WP Kuala Lumpur,3.093856966381816,101.66493328538024,4038.7233094294033,24.5,0.16820748216704576,0.08273114067670695,0.9947234707836623,0.12480726893440504,9.229772835730028,0.5398955564969696,0.46010444350303037,0.89,9,52,5.050219878634287
8865050b11fffff,WP Kuala Lumpur,3.0593928497315686,101.70680555924082,2692.4822062862686,182.4,0.11213832144469717,0.615924900384953,0.9947234707836623,0.3621107874841625,3.6826392223237203,0.2154159791037558,0.7845840208962442,0.5,5,17,24.98589446849212
8865054613fffff,WP Kuala Lumpur,3.168221495165041,101.70782299870748,12385.418148916837,162.5,0.515836278645607,0.5487269534679543,0.9947234707836623,0.5294730165583377,23.11536660603072,1.0,0.0,0.22,37,103,0.0
88650546edfffff,WP Kuala Lumpur,3.183669903791066,101.70924631728366,538.4964412572538,5.1,0.022427664288939435,0.017221584385763485,0.9947234707836623,0.019720019127832503,10.86763332986983,0.6357022051205237,0.36429779487947633,1.4,9,84,0.6317974283730213
8865054653fffff,WP Kuala Lumpur,3.151339495827941,101.72428846553734,14000.907472688596,80.0,0.5831192715124252,0.270142500168839,0.9947234707836623,0.42437975550690193,27.6575797935067,1.0,0.0,0.39,49,97,0.0
886505093dfffff,WP Kuala Lumpur,3.1380443054630303,101.69603232461746,3230.9786475435226,218.9,0.1345659857336366,0.7391774160869858,0.9947234707836623,0.43456653461666683,23.700338006303028,1.0,0.0,0.13,23,117,0.0
88650546e9fffff,WP Kuala Lumpur,3.176304395019822,101.70406200425329,807.7446618858806,64.5,0.03364149643340915,0.21780239076112645,0.9947234707836623,0.12505856808874205,15.240650073520666,0.891501816920741,0.10849818307925896,0.59,11,98,1.193300703886898
8865054621fffff,WP Kuala Lumpur,3.196246527664438,101.7464503311778,3500.2268681721494,170.4,0.14577981787810632,0.5754035253596271,0.9947234707836623,0.35868899912840174,4.588796641101548,0.26842165677233487,0.7315783432276651,0.41,4,20,23.07771881177746
8865050b29fffff,WP Kuala Lumpur,3.0800495712145852,101.74023718771245,2692.4822062862686,165.4,0.11213832144469717,0.5585196190990747,0.9947234707836623,0.33355959716316186,3.2297869144624727,0.18892638362669145,0.8110736163733085,0.96,3,11,23.792917273188284
886505082dfffff,WP Kuala Lumpur,3.092425187371236,101.68282141044817,9154.439501373314,246.9,0.3812702929119704,0.8337272911460795,0.9947234707836623,0.6042933069039939,8.542335101503948,0.4996838866452219,0.5003161133547781,0.28,5,48,26.58926018558079
8865054659fffff,WP Kuala Lumpur,3.142540581224742,101.73699194617821,12654.666369545464,91.9,0.5270501107900768,0.31032619706895387,0.9947234707836623,0.4164789336527717,14.657558668223103,0.8573938855171588,0.14260611448284122,1.44,12,89,5.223302347241651
8865050b01fffff,WP Kuala Lumpur,3.065324258151119,101.72987166440952,0.0,0.0,0.0,0.0,0.9947234707836623,0.0,2.274155811303521,0.13302674281987556,0.8669732571801244,1.77,1,17,0.0
8865054693fffff,WP Kuala Lumpur,3.173242602120035,101.64520039127657,4307.97153005803,17.9,0.17942131431151548,0.060444384412777726,0.9947234707836623,0.1193000201784886,10.043635021727514,0.5875024245793516,0.41249757542064835,1.01,9,57,4.327886840043714
8865054605fffff,WP Kuala Lumpur,3.1807983663518464,101.74502539002673,23424.595194690537,145.5,0.9756033965688653,0.49132167218207595,0.9947234707836623,0.7295923978837493,6.207449970585735,0.36310478231086457,0.6368952176891354,0.76,3,45,40.86601288186551
8865050919fffff,WP Kuala Lumpur,3.1078695820290334,101.68424334675697,6461.957295087045,54.2,0.2691319714672732,0.18302154386438846,0.9947234707836623,0.22488385704887218,12.242318509181446,0.716114413860857,0.28388558613914305,0.61,13,63,5.6145583980776
886505086bfffff,WP Kuala Lumpur,3.0689025690053846,101.68516030262157,2692.4822062862686,92.1,0.11213832144469717,0.3110015533193759,0.9947234707836623,0.21045358242614148,5.945747724148625,0.3477965095622975,0.6522034904377025,0.74,5,22,12.071282707718803
8865050969fffff,WP Kuala Lumpur,3.119731660655919,101.73038408526702,11577.673487030956,170.4,0.48219478221219786,0.5754035253596271,0.9947234707836623,0.5260089296013865,11.44297826985089,0.6693570070400576,0.3306429929599424,1.05,9,77,15.2955965557056
88650509b1fffff,WP Kuala Lumpur,3.1437774779243695,101.62446594897673,98119.43656148257,664.1,1.0,1.0,0.9947234707836623,0.9947234707836623,11.186551853404026,0.6543573439636096,0.34564265603639044,0.31,10,59,30.2373466382955
88650509b7fffff,WP Kuala Lumpur,3.151860227006103,101.62070213957237,98119.43656148257,831.0,1.0,1.0,0.9947234707836623,0.9947234707836623,11.65844188514242,0.681960551087463,0.318039448912537,1.01,16,56,27.82257598555306
8865050b31fffff,WP Kuala Lumpur,3.0821977319358935,101.71341109893383,15885.645017088986,98.6,0.6616160965237133,0.33295063145809406,0.9947234707836623,0.494659433792007,3.6235889342380267,0.21196183253755696,0.788038167462443,2.03,0,22,34.28210873091075
886505549bfffff,WP Kuala Lumpur,3.103571273890376,101.73790258808258,2961.730426914896,231.0,0.1233521535891669,0.7800364692375227,0.9947234707836623,0.44931093318231874,6.4282851277491,0.3760225346968452,0.6239774653031548,0.38,4,29,24.656411620300187
8865054603fffff,WP Kuala Lumpur,3.174151336716341,101.73089667478425,15347.148575831732,75.9,0.6391884322347738,0.25629769703518607,0.9947234707836623,0.44538053527302085,11.895179878548308,0.6958085398699235,0.3041914601300765,1.11,6,84,11.914950157468775
8865050807fffff,WP Kuala Lumpur,3.0784129214564797,101.66351222433539,8077.446618858807,80.5,0.3364149643340915,0.27183089079489425,0.9947234707836623,0.3025182140518407,6.217528876334361,0.3636943478965928,0.6363056521034072,0.42,4,44,16.928999350972234
88650546d1fffff,WP Kuala Lumpur,3.1556423730398317,101.67061879660054,2692.4822062862686,23.4,0.11213832144469717,0.07901668129938541,0.9947234707836623,0.09507318389362716,15.889872108052561,0.9294780594417704,0.07052194055822958,0.2,11,99,0.5896526735942261
886505734bfffff,WP Kuala Lumpur,3.1592266413827925,101.62588564345256,9423.68772200194,64.8,0.39248412505644004,0.2188154251367596,0.9947234707836623,0.3040370051283356,12.083579804021209,0.7068289933976006,0.29317100660239936,0.34,14,60,7.839014064640716
8865057347fffff,WP Kuala Lumpur,3.1746767212000395,101.6273054645768,538.4964412572538,1.5,0.022427664288939435,0.005065171878165731,0.9947234707836623,0.013673884706914725,9.131325196462175,0.5341368618969712,0.4658631381030288,1.2,11,47,0.5602272650040113
8865050845fffff,WP Kuala Lumpur,3.0608237837802337,101.68892077227838,11846.921707659583,49.6,0.4934086143566676,0.1674883501046802,0.9947234707836623,0.32870486115968933,5.3458254849872,0.312704058541931,0.687295941458069,0.92,7,20,19.868445333769113
886505444dfffff,WP Kuala Lumpur,3.2124141434354834,101.73893034734584,14270.155693317223,57.2,0.594333103656895,0.19315188762071991,0.9947234707836623,0.39166490185685554,3.0413774145839865,0.17790537004416535,0.8220946299558347,1.05,4,11,28.317208979532587
8865050909fffff,WP Kuala Lumpur,3.113801029873667,101.7073141952636,1346.2411031431343,172.9,0.056069160722348584,0.5838454784899033,0.9947234707836623,0.3182690554612431,12.269895310584108,0.7177275188423858,0.28227248115761416,0.18,6,94,7.900906739378467
8865050967fffff,WP Kuala Lumpur,3.135893495265955,101.72286465270822,5654.212633201165,74.3,0.23549047503386408,0.25089484703180925,0.9947234707836623,0.241909447851698,25.06831595020815,1.0,0.0,0.11,32,98,0.0
8865050839fffff,WP Kuala Lumpur,3.0791284464241544,101.65456807702117,8885.191280744688,51.1,0.3700564607675007,0.17255352198284593,0.9947234707836623,0.269873442661644,5.50089102939309,0.3217746174690621,0.6782253825309379,0.8,2,43,16.09711949278427
886505082bfffff,WP Kuala Lumpur,3.085776974614547,101.66869479158018,3230.9786475435226,136.2,0.1345659857336366,0.4599176065374484,0.9947234707836623,0.2956733911139166,7.328821130491528,0.4286993876378011,0.5713006123621989,0.72,6,47,14.855624433613897
8865054481fffff,WP Kuala Lumpur,3.23504975278554,101.65088394174289,2153.985765029015,33.6,0.08971065715575774,0.11345985007091239,0.9947234707836623,0.10104923605469522,3.9901080888794516,0.2334013702687453,0.7665986297312547,0.62,6,13,6.8126339227659525
8865054615fffff,WP Kuala Lumpur,3.174869076274254,101.72195209329274,538.4964412572538,21.5,0.022427664288939435,0.0726007969203755,0.9947234707836623,0.04726352037868019,15.02148496798726,0.8786817542038544,0.12131824579614559,0.38,16,88,0.5042735253702847
8865057345fffff,WP Kuala Lumpur,3.1739596885670385,101.6362530803185,538.4964412572538,5.2,0.022427664288939435,0.017559262510974536,0.9947234707836623,0.019887967306191336,9.073081075311295,0.5307298720651414,0.46927012793485856,1.31,7,58,0.8207809845633783
8865050953fffff,WP Kuala Lumpur,3.0997892202037542,101.68800429593209,10769.928825145074,252.6,0.44855328577878867,0.8529749442831092,0.9947234707836623,0.6473303391650439,9.452220615860487,0.5529076392624444,0.44709236073755565,0.43,5,46,25.452895295183048
8865054451fffff,WP Kuala Lumpur,3.2072033236884305,101.7069085209861,5654.212633201165,39.5,0.23549047503386408,0.13338285945836426,0.9947234707836623,0.18346348178282612,4.28122275968314,0.25043012276301596,0.7495698772369841,1.01,3,28,12.094160735577827
88650509e7fffff,WP Kuala Lumpur,3.140911314867499,101.66025158362977,15616.39679646036,94.6,0.6504022643792436,0.31944350644965214,0.9947234707836623,0.48236417564188777,15.760147402039443,0.9218898128412442,0.07811018715875584,0.28,14,82,3.313574229884205
88650546c5fffff,WP Kuala Lumpur,3.168938956654613,101.69887783301164,9692.935942630567,330.8,0.4036979572009098,1.0,0.9947234707836623,0.6981456519594128,19.432056418640336,1.0,0.0,0.8,20,103,0.0
8865050941fffff,WP Kuala Lumpur,3.105004250406266,101.72001740760074,5115.71619194391,28.4,0.2130628107449246,0.09590058755993784,0.9947234707836623,0.15366657195346395,7.374419715191704,0.43136667682252217,0.5686333231774778,1.65,4,55,7.684678259561144
88650544d5fffff,WP Kuala Lumpur,3.219596601697613,101.64946286401681,1076.9928825145075,267.2,0.04485532857787887,0.9022759505639223,0.9947234707836623,0.4710668566378511,3.96954341751688,0.23219843982971083,0.7678015601702892,0.67,2,23,31.808670619573885
8865050841fffff,WP Kuala Lumpur,3.053460634385304,101.68373849604872,3769.475088800776,20.7,0.15699365002257604,0.0698993719186871,0.9947234707836623,0.11284790714100346,5.405955886382036,0.316221386335501,0.683778613664499,0.66,10,17,6.786142922720098
8865050927fffff,WP Kuala Lumpur,3.152774000274548,101.70639980697685,11846.921707659583,215.2,0.4934086143566676,0.7266833254541769,0.9947234707836623,0.6068270445219073,34.75111769812008,1.0,0.0,0.05,61,107,0.0
88650546c7fffff,WP Kuala Lumpur,3.1696563647440863,101.68993235958855,6461.957295087045,137.0,0.2691319714672732,0.4626190315391368,0.9947234707836623,0.3639449487299812,16.571798943897768,0.9693673692960303,0.03063263070396971,0.35,11,104,0.980469234762159
8865050829fffff,WP Kuala Lumpur,3.0850612288722674,101.67763866703045,17501.134340860746,173.5,0.7288990893905316,0.5858715472411696,0.9947234707836623,0.6539166054773656,7.133815738450307,0.41729254734716703,0.582707452652833,0.79,4,42,33.510963758075405
886505092dfffff,WP Kuala Lumpur,3.143974954508622,101.71910458780218,4577.219750686657,184.9,0.1906351464559852,0.6243668535152292,0.9947234707836623,0.40535080905349635,31.958318864426992,1.0,0.0,0.13,52,97,0.0
8865050955fffff,WP Kuala Lumpur,3.106437019942906,101.70213099270595,6461.957295087045,38.6,0.2691319714672732,0.13034375633146483,0.9947234707836623,0.1986839412248951,8.871205271049199,0.518921147015763,0.481078852984237,1.17,3,77,8.406070204255581
8865050809fffff,WP Kuala Lumpur,3.062254514575812,101.67103475709175,9154.439501373314,91.9,0.3812702929119704,0.31032619706895387,0.9947234707836623,0.34397363044781165,6.637158116064212,0.38824056002321317,0.6117594399767868,0.68,10,23,18.506309000815193
886505441dfffff,WP Kuala Lumpur,3.2233725964844426,101.69938534026691,1884.737544400388,28.1,0.07849682501128802,0.09488755318430471,0.9947234707836623,0.08623475522919356,2.3946659425033285,0.14007598287221718,0.8599240171277829,2.15,0,13,6.521633565698788
88650546d9fffff,WP Kuala Lumpur,3.147559964472202,101.67438079812857,6192.709074458418,39.9,0.2579181393228035,0.13473357195920846,0.9947234707836623,0.1952899365277937,17.199180943032275,1.0,0.0,0.56,14,111,0.0
8865057305fffff,WP Kuala Lumpur,3.1908449793530944,101.61977711724961,2961.730426914896,25.0,0.1233521535891669,0.0844195313027622,0.9947234707836623,0.10333768576313457,6.332128440071523,0.37039784930874764,0.6296021506912524,0.29,6,31,5.72188221727009
88650509c9fffff,WP Kuala Lumpur,3.101937320030136,101.66117154716912,7538.950177601552,40.8,0.3139873000451521,0.13777267508610788,0.9947234707836623,0.22468812521185394,11.610458954143343,0.679153789567416,0.320846210432584,0.6,12,57,6.340025639650385
88650544dbfffff,WP Kuala Lumpur,3.2048620168910813,101.6390938524234,2153.985765029015,64.0,0.08971065715575774,0.2161140001350712,0.9947234707836623,0.15210548227577872,4.601368812151849,0.2691570659103909,0.7308429340896091,0.79,2,30,9.776488628876256
8865057365fffff,WP Kuala Lumpur,3.1967773419226106,101.64285758662363,269.2482206286269,110.3,0.011213832144469717,0.3724589721077868,0.9947234707836623,0.1908241717455526,6.2197552506755285,0.3638245796623456,0.6361754203376544,0.43,6,38,10.67638560431435
8865057341fffff,WP Kuala Lumpur,3.1665931287109297,101.63106929039425,0.0,0.0,0.0,0.0,0.9947234707836623,0.0,10.274976928442877,0.6010347692740824,0.3989652307259176,1.0,8,63,0.0
886505448dfffff,WP Kuala Lumpur,3.234331466211971,101.65983244651291,2692.4822062862686,17.8,0.11213832144469717,0.06010670628756668,0.9947234707836623,0.08566808590553283,3.5329548840109304,0.20666019382381692,0.793339806176183,1.37,5,14,5.977124318116177
88650546c1fffff,WP Kuala Lumpur,3.1615735891188885,101.6936938036378,14270.155693317223,212.0,0.594333103656895,0.7158776254474234,0.9947234707836623,0.6516486819563202,22.499505775287716,1.0,0.0,0.47,18,118,0.0
8865050861fffff,WP Kuala Lumpur,3.0762660386350107,101.6903428292474,4577.219750686657,22.5,0.1906351464559852,0.07597757817248597,0.9947234707836623,0.13260296739876082,5.736297958296287,0.33554474563423503,0.6644552543657649,0.67,4,32,7.748773429011595
8865050b09fffff,WP Kuala Lumpur,3.0572460685865104,101.73363042941799,2692.4822062862686,84.6,0.11213832144469717,0.28567569392854725,0.9947234707836623,0.19785746904922943,2.1284181478367463,0.12450181828269014,0.8754981817173099,2.67,0,20,15.234271016249737
8865054631fffff,WP Kuala Lumpur,3.19031750710382,101.72337603635532,7000.453736344299,61.0,0.29155963575621263,0.20598365637873975,0.9947234707836623,0.24745899520880474,7.313090506804703,0.4277792248146636,0.5722207751853364,1.2,2,63,12.453196647979622
8865050b17fffff,WP Kuala Lumpur,3.0674713973344105,101.70304577095764,5654.212633201165,39.1,0.23549047503386408,0.13203214695752008,0.9947234707836623,0.1827916890693908,4.199691296490709,0.2456609398724158,0.7543390601275842,1.01,4,21,12.1265432991494
88650546b7fffff,WP Kuala Lumpur,3.2034266448003916,101.65698966826189,8615.94306011606,223.5,0.35884262862303096,0.754710609846694,0.9947234707836623,0.5538387711364959,5.2464340533635845,0.3068901568086476,0.6931098431913524,1.47,1,32,33.75976392725173
8865057361fffff,WP Kuala Lumpur,3.1894103967677156,101.6376734030214,3230.9786475435226,34.8,0.1345659857336366,0.11751198757344497,0.9947234707836623,0.12537393825806578,7.581772045840841,0.4434957512796299,0.5565042487203701,0.45,6,43,6.136061900330386
8865050b39fffff,WP Kuala Lumpur,3.074118695169926,101.71717066979292,11577.673487030956,130.1,0.48219478221219786,0.4393192408995744,0.9947234707836623,0.45832581372277903,2.993815973068241,0.17512326355119334,0.8248767364488067,1.79,1,17,33.248905478971146
886505468bfffff,WP Kuala Lumpur,3.1710910204861515,101.67204049124179,1076.9928825145075,27.4,0.04485532857787887,0.09252380630782736,0.9947234707836623,0.0683271249333833,12.83099998992399,0.7505493367242447,0.24945066327575527,0.78,10,79,1.4989660252469112
8865050847fffff,WP Kuala Lumpur,3.061539174614014,101.67997791800313,1346.2411031431343,9.1,0.056069160722348584,0.03072870939420544,0.9947234707836623,0.04316993930948407,6.1941813734205,0.3623286357276327,0.6376713642723673,0.93,12,22,2.4209863028102228
88650509abfffff,WP Kuala Lumpur,3.1423445024253724,101.64235937632935,538.4964412572538,18.8,0.022427664288939435,0.06348348753967717,0.9947234707836623,0.042728919562991845,12.701204287297838,0.7429569371768816,0.2570430628231184,0.14,9,82,0.9659213788469612
886505081dfffff,WP Kuala Lumpur,3.063685041648695,101.65314751704071,2153.985765029015,41.4,0.08971065715575774,0.1397987438373742,0.9947234707836623,0.11414919396668376,4.000069916619021,0.23398408737640378,0.7660159126235963,1.12,2,25,7.689969550691663
88650544d1fffff,WP Kuala Lumpur,3.2122292741190006,101.64427828681777,7269.701956972925,725.1,0.3027734679006823,1.0,0.9947234707836623,0.6479496728175175,3.8220815685166043,0.22357265906077614,0.7764273409392238,1.64,3,26,44.24417226592499
8865050957fffff,WP Kuala Lumpur,3.1071533269467335,101.69318732340325,4038.7233094294033,54.9,0.16820748216704576,0.18538529074086577,0.9947234707836623,0.17586351515548854,10.017211038898509,0.5859567537195982,0.4140432462804018,1.11,5,69,6.403765707079522
8865050863fffff,WP Kuala Lumpur,3.0769817175031493,101.68139960086862,1346.2411031431343,17.9,0.056069160722348584,0.060444384412777726,0.9947234707836623,0.057949379005060864,6.0605603957221685,0.35451247671721386,0.6454875232827861,1.33,6,36,3.2896569998236522
88650546b1fffff,WP Kuala Lumpur,3.1953422019325477,101.66075272221212,3769.475088800776,77.3,0.15699365002257604,0.2610251907881407,0.9947234707836623,0.20790657609209967,7.100348107299117,0.4153348582830268,0.5846651417169733,0.96,6,38,10.690288049532171
88650544cdfffff,WP Kuala Lumpur,3.217442437608997,101.67630633581565,2692.4822062862686,15.4,0.11213832144469717,0.05200243128250151,0.9947234707836623,0.08163732962492098,4.322246595679973,0.25282981202507554,0.7471701879749244,0.62,4,23,5.364414221858605
88650544d3fffff,WP Kuala Lumpur,3.2129470486714933,101.6353298862092,9692.935942630567,319.5,0.4036979572009098,1.0,0.9947234707836623,0.6981456519594128,3.2649097074903937,0.19098089138381952,0.8090191086161804,1.74,1,20,49.672817763674004
8865050901fffff,WP Kuala Lumpur,3.1218817604716214,101.70355380399126,1346.2411031431343,14.5,0.056069160722348584,0.04896332815560207,0.9947234707836623,0.05223914094086075,15.69293613696312,0.9179582899308673,0.08204171006913274,0.61,6,110,0.37691611860309904
8865054691fffff,WP Kuala Lumpur,3.1725254619181404,101.65414739703027,22347.60231217603,116.1,0.9307480679909865,0.3920443033700276,0.9947234707836623,0.6579063093831895,11.923189661884583,0.6974469721293998,0.30255302787060023,0.68,12,65,17.505702133178502
8865054635fffff,WP Kuala Lumpur,3.1976829837354215,101.72856066530845,11577.673487030956,425.5,0.48219478221219786,1.0,0.9947234707836623,0.737186969069776,5.4465474083542285,0.3185957873889482,0.6814042126110518,1.07,5,35,44.177022715032734
8865055499fffff,WP Kuala Lumpur,3.102854708162505,101.7468447143694,6192.709074458418,130.7,0.2579181393228035,0.44134530965084073,0.9947234707836623,0.34778688247760886,4.818780765353419,0.28187457798267695,0.718125422017323,1.21,5,26,21.964811393871788
8865050903fffff,WP Kuala Lumpur,3.12259835602459,101.69460976062047,807.7446618858806,5.2,0.03364149643340915,0.017559262510974536,0.9947234707836623,0.02546529832195749,14.993345787506659,0.8770357528584984,0.12296424714150156,1.6,13,113,0.27538583829372426
8865050b27fffff,WP Kuala Lumpur,3.096208019287227,101.73271939655956,5115.71619194391,89.1,0.2130628107449246,0.3008712095630444,0.9947234707836623,0.25561111621727206,5.706625335654278,0.333809045590566,0.666190954409434,0.54,5,25,14.975883325883757
8865050803fffff,WP Kuala Lumpur,3.0710489436601986,101.65832979946259,7000.453736344299,309.3,0.29155963575621263,1.0,0.9947234707836623,0.6423723418017513,5.303486052537662,0.3102274134661585,0.6897725865338415,0.59,3,34,38.967876791422015
886505084bfffff,WP Kuala Lumpur,3.0460975608922713,101.67855636183653,269.2482206286269,2.7,0.011213832144469717,0.009117309380698317,0.9947234707836623,0.010111931831454495,5.140151588831245,0.30067316410949646,0.6993268358905036,0.78,7,16,0.6219110980230756
88650544e3fffff,WP Kuala Lumpur,3.2416990023001544,101.66501745165188,2961.730426914896,59.4,0.1233521535891669,0.20058080637536296,0.9947234707836623,0.16111185911857115,2.796136745679026,0.16356001726348013,0.8364399827365199,1.71,5,10,11.85158056387697
88650509edfffff,WP Kuala Lumpur,3.1321128357388264,101.67295910640121,33117.53113732111,392.1,1.0,1.0,0.9947234707836623,0.9947234707836623,17.413135006662976,1.0,0.0,0.26,20,100,0.0
886505461bfffff,WP Kuala Lumpur,3.1601389548601575,101.71158376079096,8077.446618858807,176.2,0.3364149643340915,0.594988856621868,0.9947234707836623,0.46324462074123834,32.327315020122974,1.0,0.0,0.23,50,99,0.0
8865050b0bfffff,WP Kuala Lumpur,3.057961712899509,101.72468911462065,269.2482206286269,1.2000000000000002,0.011213832144469717,0.004052137502532586,0.9947234707836623,0.007592709156072085,2.1872329926088776,0.12794219259240316,0.8720578074075969,2.27,0,16,0.5823123734133555
88650546e7fffff,WP Kuala Lumpur,3.1924712717698362,101.69653931827612,7000.453736344299,60.1,0.29155963575621263,0.20294455325184033,0.9947234707836623,0.24594746160357528,7.266874367381783,0.4250758117668055,0.5749241882331946,1.12,3,63,12.435604600130947
886505093bfffff,WP Kuala Lumpur,3.131396227193464,101.68190410474435,11039.177045773702,233.3,0.4597671179232584,0.7878030661173768,0.9947234707836623,0.6204936717575565,17.75727525474918,1.0,0.0,0.61,16,118,0.0
88650546d3fffff,WP Kuala Lumpur,3.1563593333598594,101.6616727770296,1346.2411031431343,14.2,0.056069160722348584,0.04795029377996892,0.9947234707836623,0.05173529640578426,14.724002428089277,0.8612805132107277,0.13871948678927226,0.75,18,79,0.6311584407375128
88650544c3fffff,WP Kuala Lumpur,3.2188786017879543,101.65841099400237,807.7446618858806,51.7,0.03364149643340915,0.17457959073411222,0.9947234707836623,0.10356120125881217,4.0916656968757605,0.2393419824876517,0.7606580175123483,1.15,4,25,6.927882386744132
886505463dfffff,WP Kuala Lumpur,3.189599477856085,101.73232099176535,21270.609429661523,140.8,0.8858927394131076,0.4754508002971567,0.9947234707836623,0.6770801853747552,6.469936211228543,0.3784589148000243,0.6215410851999756,1.37,3,48,37.01041251366219
88650544ebfffff,WP Kuala Lumpur,3.2336131244617734,101.66878064527475,1346.2411031431343,20.8,0.056069160722348584,0.07023705004389814,0.9947234707836623,0.06281987617746686,3.21805284329392,0.18823999914071624,0.8117600008592838,1.36,3,13,4.4847548005905455
8865054453fffff,WP Kuala Lumpur,3.2079214799666906,101.69796226584486,1076.9928825145075,11.0,0.04485532857787887,0.03714459377321536,0.9947234707836623,0.04078362368253564,4.05416906882916,0.237148617252528,0.762851382747472,1.3,1,27,2.7361489022680465
8865054643fffff,WP Kuala Lumpur,3.1572690492972986,101.74735997202464,5654.212633201165,122.9,0.23549047503386408,0.415006415884379,0.9947234707836623,0.32353226253408807,10.029196279482406,0.5866578303603736,0.41334216963962644,0.49,6,75,11.760919820139737
8865050b1dfffff,WP Kuala Lumpur,3.0586773066341015,101.71574749108841,4307.97153005803,21.2,0.17942131431151548,0.07158776254474233,0.9947234707836623,0.12484231006432991,2.6853853543836763,0.15708161469600382,0.8429183853039962,1.31,2,14,9.254677775085375
88650546dbfffff,WP Kuala Lumpur,3.1482768077217025,101.66543511891474,6731.205515715672,83.1,0.28034580361174294,0.2806105220503815,0.9947234707836623,0.2789982116103394,16.980942201551738,0.9933002039074037,0.0066997960925963,0.28,11,88,0.16439060137397474
8865050b13fffff,WP Kuala Lumpur,3.0601083421331814,101.69786331949757,3230.9786475435226,24.3,0.1345659857336366,0.08205578442628486,0.9947234707836623,0.10773937953038892,4.5465365512814335,0.265949652843623,0.7340503471563771,0.88,5,19,6.9552748738347425
8865050917fffff,WP Kuala Lumpur,3.124031390198346,101.6767207519806,8885.191280744688,141.2,0.3700564607675007,0.4768015127980008,0.9947234707836623,0.4211947513629473,18.117697799936366,1.0,0.0,0.25,19,92,0.0
886505469bfffff,WP Kuala Lumpur,3.1651592419477144,101.64896353740103,24232.33985657642,292.7,1.0,0.9883838724927397,0.9947234707836623,0.9889460534481185,12.912525413477407,0.7553181663261644,0.24468183367383556,0.35,9,67,21.28081752026427
88650544d9fffff,WP Kuala Lumpur,3.204144358093393,101.64804191304054,1615.4893237717613,171.9,0.0672829928668183,0.5804686972377928,0.9947234707836623,0.322166904693421,4.85961155563473,0.2842629750357228,0.7157370249642772,1.22,3,33,20.279086507302377
88650509ebfffff,WP Kuala Lumpur,3.125464214736172,101.6588305169442,269.2482206286269,43.7,0.011213832144469717,0.14756534071722832,0.9947234707836623,0.07897068495857368,14.11573690824555,0.8257000219918479,0.1742999780081521,1.27,17,73,1.2105346268933002
8865054419fffff,WP Kuala Lumpur,3.2160060546792972,101.69420045061403,1346.2411031431343,7.2,0.056069160722348584,0.02431282501519551,0.9947234707836623,0.039978923920666355,3.1421834744685446,0.1838020204567251,0.8161979795432749,2.26,0,19,2.869727075907625
886505736dfffff,WP Kuala Lumpur,3.1886930241690687,101.64662108879887,2423.233985657642,62.2,0.10092448930022745,0.21003579388127236,0.9947234707836623,0.15465974608108599,7.518403622548898,0.4397890153971283,0.5602109846028718,0.79,5,44,7.619788072754976
8865050929fffff,WP Kuala Lumpur,3.1366104845606197,101.71392085158007,2692.4822062862686,114.1,0.11213832144469717,0.3852907408658066,0.9947234707836623,0.24740218166508346,27.224691922205395,1.0,0.0,0.73,46,107,0.0
88650546a3fffff,WP Kuala Lumpur,3.201991054965412,101.67488426083415,5115.71619194391,222.6,0.2130628107449246,0.7516715067197945,0.9947234707836623,0.4798219343263065,6.107479446848774,0.35725700658475795,0.642742993415242,0.91,6,32,27.122606789577244
8865050b23fffff,WP Kuala Lumpur,3.0888448376841,101.72753634628425,1076.9928825145075,70.6,0.04485532857787887,0.2384007563990004,0.9947234707836623,0.14088073798439665,4.343576454859322,0.254077502124994,0.745922497875006,0.97,5,23,9.241858262334414
8865054697fffff,WP Kuala Lumpur,3.180609064033328,101.65038435893808,9692.935942630567,42.1,0.4036979572009098,0.14216249071385154,0.9947234707836623,0.27149009965664794,9.203394306261856,0.5383525444315309,0.4616474555684691,1.18,10,56,11.022457240049164
8865055491fffff,WP Kuala Lumpur,3.110934601070504,101.7430859207742,1346.2411031431343,119.4,0.056069160722348584,0.40318768150199225,0.9947234707836623,0.22841678003927054,6.148961751451644,0.3596835139676531,0.6403164860323469,1.31,5,32,12.862834097462509
8865050921fffff,WP Kuala Lumpur,3.1446920621333048,101.71016044545414,11846.921707659583,576.4,0.4934086143566676,1.0,0.9947234707836623,0.7427643000855422,34.63001932036177,1.0,0.0,0.17,55,109,0.0
8865054459fffff,WP Kuala Lumpur,3.1991192239587685,101.71066976272053,15347.148575831732,166.5,0.6391884322347738,0.5622340784763962,0.9947234707836623,0.5975415848661184,6.271055816915473,0.36682540625381976,0.6331745937461802,0.49,3,43,33.274044614422834
8865050913fffff,WP Kuala Lumpur,3.116666626390612,101.67153754141081,807.7446618858806,99.4,0.03364149643340915,0.3356520564597825,0.9947234707836623,0.1836724823359728,17.58521209800214,1.0,0.0,0.31,21,73,0.0
88650546d5fffff,WP Kuala Lumpur,3.1630080103985097,101.67580261660811,807.7446618858806,31.6,0.03364149643340915,0.10670628756669141,0.9947234707836623,0.06980361740868789,14.557389386443456,0.8515344834394643,0.14846551656053575,0.84,10,104,0.9114177929197634
886505080bfffff,WP Kuala Lumpur,3.0629698036069377,101.66209128996424,8077.446618858807,205.8,0.3364149643340915,0.6949415816843384,0.9947234707836623,0.5129572815354513,5.642070131248747,0.330032888947536,0.669967111052464,0.32,9,25,30.223771846988832
8865054699fffff,WP Kuala Lumpur,3.1644422182261396,101.65791020306445,5654.212633201165,65.5,0.23549047503386408,0.22117917201323695,0.9947234707836623,0.22713000815612117,14.112846008009875,0.8255309187842939,0.17446908121570615,0.08,14,70,3.4850336038077856
886505094bfffff,WP Kuala Lumpur,3.0976406544815047,101.7148342809248,10769.928825145074,242.7,0.44855328577878867,0.8195448098872153,0.9947234707836623,0.6307034695075201,5.657600054048233,0.3309413117723888,0.6690586882276113,2.11,0,39,37.11106470713348
886505084dfffff,WP Kuala Lumpur,3.052745362228836,101.69268100982816,1615.4893237717613,19.2,0.0672829928668183,0.06483420004052136,0.9947234707836623,0.06571003633949177,4.217908154127326,0.24672653494895697,0.7532734650510431,1.34,5,17,4.353097114726413
8865054627fffff,WP Kuala Lumpur,3.2043301562178694,101.74269045557591,6461.957295087045,51.2,0.2691319714672732,0.17289120010805697,0.9947234707836623,0.21984541169810734,4.0706241605437015,0.23811115783251274,0.7618888421674872,0.66,4,14,14.730686910750295
886505461dfffff,WP Kuala Lumpur,3.1667864122222134,101.72571240523693,10500.680604516449,60.0,0.437339453634319,0.20260687512662925,0.9947234707836623,0.31828481663017655,19.17160356222789,1.0,0.0,0.72,24,92,0.0
8865050965fffff,WP Kuala Lumpur,3.1351764534877025,101.73180814504106,14808.65213457448,84.9,0.6167607679458346,0.2866887283041804,0.9947234707836623,0.44934120929378313,17.257023755428293,1.0,0.0,0.88,18,92,0.0
886505462bfffff,WP Kuala Lumpur,3.1888813948609096,101.7412656378338,8346.694839487433,51.4,0.3476287964785612,0.17356655635847906,0.9947234707836623,0.2592226251651881,5.641606380166899,0.3300057618282811,0.6699942381717189,0.83,4,39,15.274181673174567
88650546a1fffff,WP Kuala Lumpur,3.201273178541941,101.68383109734376,1076.9928825145075,68.3,0.04485532857787887,0.23063415951914631,0.9947234707836623,0.13701792988214365,5.6143758719521415,0.3284129132665712,0.6715870867334288,1.4,3,31,8.092705162481662
88650546c9fffff,WP Kuala Lumpur,3.1534911730704946,101.69745501540946,3769.475088800776,357.9,0.15699365002257604,1.0,0.9947234707836623,0.5754443696125574,28.07049481903292,1.0,0.0,0.14,39,119,0.0
88650546adfffff,WP Kuala Lumpur,3.2005552478601658,101.69277762677497,6192.709074458418,38.1,0.2579181393228035,0.12865536570540959,0.9947234707836623,0.19226686931733483,5.359407559866492,0.31349854200385885,0.6865014579961412,1.35,1,36,11.608066789116183
8865054681fffff,WP Kuala Lumpur,3.178456971324729,101.67722456185503,3500.2268681721494,46.4,0.14577981787810632,0.15668265009792662,0.9947234707836623,0.15043325796345589,11.460379242889681,0.6703748769475377,0.3296251230524623,0.74,10,80,4.360920260812788
88650544c5fffff,WP Kuala Lumpur,3.225527602763672,101.67254360666634,1615.4893237717613,52.4,0.0672829928668183,0.17694333761058956,0.9947234707836623,0.12146883155462243,3.8156547514918646,0.22319672240276395,0.776803277597236,0.7,4,19,8.298314357632467
8865054657fffff,WP Kuala Lumpur,3.158704108095272,101.72947248470646,23155.34697406191,135.7,0.9643895644243957,0.45822921591139315,0.9947234707836623,0.7075561453888182,20.55225887154692,1.0,0.0,0.83,29,96,0.0
8865050949fffff,WP Kuala Lumpur,3.0969243626497267,101.72377699312474,1346.2411031431343,31.1,0.056069160722348584,0.10501789694063618,0.9947234707836623,0.08011853854842607,5.44443169113096,0.31847202851124057,0.6815279714887594,1.36,4,32,4.802094289634944
8865054637fffff,WP Kuala Lumpur,3.198401130857697,101.7196153683943,5923.460853829792,111.0,0.2467043071783338,0.37482271898426417,0.9947234707836623,0.3091237603251538,6.113250889607283,0.3575946071254596,0.6424053928745403,0.37,4,40,17.464475424596408
8865057349fffff,WP Kuala Lumpur,3.158509894483745,101.63483288429951,538.4964412572538,1.0,0.022427664288939435,0.0033767812521104876,0.9947234707836623,0.012834143815120588,10.665769565670248,0.6238941843545946,0.37610581564540535,1.27,7,65,0.4245129371004227
8865057363fffff,WP Kuala Lumpur,3.1901277151821112,101.62872541236466,5923.460853829792,94.4,0.2467043071783338,0.31876815019923005,0.9947234707836623,0.2812443627175884,7.287828409941374,0.42630151847377634,0.5736984815262236,0.36,7,40,14.189970942087632
8865055493fffff,WP Kuala Lumpur,3.111651286091834,101.7341434528981,5115.71619194391,82.0,0.2130628107449246,0.27689606267306,0.9947234707836623,0.24368679555379535,7.897530401050271,0.4619660360784517,0.5380339639215483,1.02,5,46,11.530699878038927
88650546cdfffff,WP Kuala Lumpur,3.1608562985823525,101.70263893615905,8885.191280744688,259.1,0.3700564607675007,0.8749240224218274,0.9947234707836623,0.6192056536480047,26.937700460670655,1.0,0.0,0.72,48,113,0.0
8865050945fffff,WP Kuala Lumpur,3.112367919272105,101.72520067574115,9423.68772200194,122.7,0.39248412505644004,0.4143310596339569,0.9947234707836623,0.40127900039809655,9.42635351508084,0.5513945432178345,0.44860545678216546,1.36,10,65,15.831605687715115
88650509b5fffff,WP Kuala Lumpur,3.151143649607716,101.62964934514186,98119.43656148257,902.9,1.0,1.0,0.9947234707836623,0.9947234707836623,10.973418235127154,0.6418900930901807,0.35810990690981925,1.11,12,62,31.328000756653996
88650509c5fffff,WP Kuala Lumpur,3.1173828950331597,101.66259261104435,4846.467971315284,88.1,0.2018489786004549,0.297494428310934,0.9947234707836623,0.24835430341791767,15.366214006202654,0.8988466790877554,0.1011533209122446,0.35,19,65,2.209356580349798
8865054441fffff,WP Kuala Lumpur,3.2131326344662527,101.72998498571077,5654.212633201165,59.2,0.23549047503386408,0.19990545012494088,0.9947234707836623,0.2165492729195151,3.194682307628896,0.18687293967099067,0.8131270603290093,1.3,2,11,15.48563874964166
8865054623fffff,WP Kuala Lumpur,3.1969647826512353,101.73750565304296,11039.177045773702,130.4,0.4597671179232584,0.44033227527520763,0.9947234707836623,0.44767499622632323,5.371452193397319,0.3142030928350293,0.6857969071649708,0.5,3,32,27.000533186134394
8865050801fffff,WP Kuala Lumpur,3.070333536567122,101.66727360670954,2692.4822062862686,15.2,0.11213832144469717,0.051327075032079415,0.9947234707836623,0.08130143326820331,6.12868391632562,0.35849736201410365,0.6415026379858964,0.7,5,31,4.586808704866739
8865050947fffff,WP Kuala Lumpur,3.1130845005523646,101.71625758972306,10769.928825145074,94.2,0.44855328577878867,0.31809279394880796,0.9947234707836623,0.38130042464466163,10.981191035137764,0.642344763022145,0.35765523697785495,0.94,9,79,11.993497725038514
8865050915fffff,WP Kuala Lumpur,3.1233148992864828,101.6856654098102,4846.467971315284,36.0,0.2018489786004549,0.12156412507597757,0.9947234707836623,0.16085330249296864,16.00671254521693,0.9363126407437076,0.06368735925629243,0.75,14,107,0.9009427670341027
88650546bbfffff,WP Kuala Lumpur,3.187975597445356,101.65556846927626,3500.2268681721494,133.6,0.14577981787810632,0.45113797528196115,0.9947234707836623,0.29688406949235324,8.386263476557613,0.49055447703748006,0.5094455229625199,0.39,7,42,13.301438902630535
8865054689fffff,WP Kuala Lumpur,3.1703737193743127,101.6809865788585,3230.9786475435226,35.0,0.1345659857336366,0.11818734382386707,0.9947234707836623,0.12570983461478344,13.588758350927892,0.7948744115972359,0.20512558840276407,1.26,11,100,2.267791245465971
88650509cdfffff,WP Kuala Lumpur,3.10930193619348,101.666354473114,18578.127223375253,218.2,0.7737544179684105,0.7368136692105084,0.9947234707836623,0.7512987652668259,15.724472865155759,0.9198030308276037,0.08019696917239627,0.15,18,65,5.298886415266343
8865057369fffff,WP Kuala Lumpur,3.1813263205275994,101.64143701314636,1884.737544400388,7.6,0.07849682501128802,0.025663537516039708,0.9947234707836623,0.05180537866563398,8.407370743878086,0.491789146626747,0.508210853373253,0.79,7,51,2.3154359270437554
8865054655fffff,WP Kuala Lumpur,3.1579866051708527,101.73841638315014,8885.191280744688,60.4,0.3700564607675007,0.20395758762747346,0.9947234707836623,0.2854926232490149,14.667221708868292,0.8579591250739105,0.14204087492608952,0.31,8,84,3.5663356050589177
886505091bfffff,WP Kuala Lumpur,3.108585785130912,101.67529906318717,8077.446618858807,54.8,0.3364149643340915,0.18504761261565472,0.9947234707836623,0.2593555322136221,14.406755215897494,0.8427231377236151,0.15727686227638493,0.87,20,66,3.587354801702206
88650509a1fffff,WP Kuala Lumpur,3.149710335005167,101.6475428425707,1615.4893237717613,13.3,0.0672829928668183,0.04491119065306949,0.9947234707836623,0.05580109381632097,12.609674521916025,0.737602903605703,0.262397096394297,0.83,14,82,1.287703027040425
8865054443fffff,WP Kuala Lumpur,3.213851071165365,101.7210393147999,10500.680604516449,44.9,0.437339453634319,0.1516174782197609,0.9947234707836623,0.29292464169799365,3.160274637986888,0.18486026305589318,0.8151397369441068,1.62,3,13,20.999161413515086
886505730dfffff,WP Kuala Lumpur,3.182760671548365,101.62354140685824,5115.71619194391,27.7,0.2130628107449246,0.0935368406834605,0.9947234707836623,0.15249093470495215,7.774016402170233,0.45474108478795444,0.5452589152120455,0.66,6,36,7.312414164569417
886505463bfffff,WP Kuala Lumpur,3.1829520998492296,101.71819154888472,807.7446618858806,13.7,0.03364149643340915,0.04626190315391368,0.9947234707836623,0.03974089348245781,10.64073397626481,0.6224297275673211,0.37757027243267893,1.32,7,82,1.3196215520917398
8865054651fffff,WP Kuala Lumpur,3.1506221642954726,101.73323233169049,30155.80071040621,140.4,1.0,0.4741000877963125,0.9947234707836623,0.7331609778076246,18.26454333947089,1.0,0.0,1.16,23,94,0.0
8865054683fffff,WP Kuala Lumpur,3.179174389372738,101.66827813371303,4307.97153005803,36.0,0.17942131431151548,0.12156412507597757,0.9947234707836623,0.14969864046143636,12.037363987691943,0.7041255992491057,0.29587440075089433,0.25,10,53,3.8952848975231866
88650546cbfffff,WP Kuala Lumpur,3.154208292836078,101.6885099162108,1346.2411031431343,29.9,0.056069160722348584,0.10096575943810358,0.9947234707836623,0.07810316040812014,21.764135933213574,1.0,0.0,0.46,22,126,0.0
8865050905fffff,WP Kuala Lumpur,3.1292460864072065,101.70873725695009,5115.71619194391,52.1,0.2130628107449246,0.17593030323495643,0.9947234707836623,0.193470290224506,20.725194808056806,1.0,0.0,0.55,27,113,0.0
886505441bfffff,WP Kuala Lumpur,3.2167242734583326,101.685253546802,538.4964412572538,17.9,0.022427664288939435,0.060444384412777726,0.9947234707836623,0.04121738595776239,3.6035398506446104,0.2107890614047704,0.7892109385952296,1.41,4,21,2.8608001544146315
88650546d7fffff,WP Kuala Lumpur,3.163725141023374,101.66685656294031,807.7446618858806,11.5,0.03364149643340915,0.03883298439927061,0.9947234707836623,0.03604603355856361,13.873314882853666,0.8115195457617717,0.18848045423822835,0.9,15,75,0.5974998244305897
8865054629fffff,WP Kuala Lumpur,3.1881632581775707,101.75020997414073,4038.7233094294033,14.8,0.16820748216704576,0.04997636253123522,0.9947234707836623,0.10851629563359881,4.404209197639052,0.2576242143775725,0.7423757856224276,1.22,3,30,7.084883893923347
8865054445fffff,WP Kuala Lumpur,3.2204984889147865,101.73517000649841,5654.212633201165,25.8,0.23549047503386408,0.08712095630445059,0.9947234707836623,0.16045458134766677,2.4355791027961238,0.1424691981590354,0.8575308018409646,0.71,2,9,12.100848669609436
886505445dfffff,WP Kuala Lumpur,3.2064851131151024,101.71585446795001,5923.460853829792,104.2,0.2467043071783338,0.35186060646991285,0.9947234707836623,0.2977032841967535,4.438074853075864,0.2596051858720617,0.7403948141279383,0.9,3,24,19.38478432789039
8865050b35fffff,WP Kuala Lumpur,3.0895610104902573,101.71859397529197,6731.205515715672,83.6,0.28034580361174294,0.28229891267643675,0.9947234707836623,0.27983795250213356,4.250588376448283,0.2486381645340444,0.7513618354659556,1.72,1,27,18.49139713386054
8865050b25fffff,WP Kuala Lumpur,3.0954916244528947,101.7416614908096,7808.19839823018,177.6,0.3252011321896218,0.5997163503748226,0.9947234707836623,0.4600185642224958,5.245920529908797,0.3068601182544674,0.6931398817455325,0.34,5,22,28.04208010796644
88650544c1fffff,WP Kuala Lumpur,3.218160547071976,101.66735881807556,5923.460853829792,114.4,0.2467043071783338,0.38630377524143983,0.9947234707836623,0.31483399838935394,4.426629026848316,0.2589356622737379,0.7410643377262621,0.43,2,23,20.51877922756934
88650546a5fffff,WP Kuala Lumpur,3.2086395818905773,101.6890157029466,3230.9786475435226,22.0,0.1345659857336366,0.07428918754643073,0.9947234707836623,0.10387657142813587,4.1545920900220805,0.24302286181704988,0.7569771381829501,1.83,1,26,6.915352932601781
8865050943fffff,WP Kuala Lumpur,3.105720661076447,101.71107435424507,5923.460853829792,86.9,0.2467043071783338,0.2934422908084014,0.9947234707836623,0.26864824934067644,8.165168317090512,0.47762151581689816,0.5223784841831018,1.12,4,71,12.341935579074603
8865054687fffff,WP Kuala Lumpur,3.1865405818594343,101.67346231264793,1076.9928825145075,205.9,0.04485532857787887,0.6952792598095494,0.9947234707836623,0.36811462330389,10.260556469541072,0.6001912445392599,0.39980875546074013,0.42,10,52,12.943429131761572
8865054449fffff,WP Kuala Lumpur,3.2050485293204938,101.73374543566501,28540.31138663445,293.2,1.0,0.9900722631187949,0.9947234707836623,0.9897857943399127,4.383179813459116,0.25639410056256473,0.7436058994374353,0.34,3,18,64.72886957755522
8865054489fffff,WP Kuala Lumpur,3.2269639992031913,101.65464758394154,2153.985765029015,27.1,0.08971065715575774,0.09151077193219423,0.9947234707836623,0.09013260446137146,4.164801172341373,0.2436200420812012,0.7563799579187989,0.48,5,17,5.995645031396388
8865050b37fffff,WP Kuala Lumpur,3.090277131920896,101.70965129579241,2961.730426914896,50.0,0.1233521535891669,0.1688390626055244,0.9947234707836623,0.14532473035284138,4.60883327069442,0.269593699408367,0.730406300591633,2.64,0,32,9.335079399481016
8865054633fffff,WP Kuala Lumpur,3.1910354825448635,101.71443077202369,5115.71619194391,77.3,0.2130628107449246,0.2610251907881407,0.9947234707836623,0.23579323117093046,7.985697419159336,0.46712336574992536,0.5328766342500746,0.7,3,70,11.050247133905616
8865054413fffff,WP Kuala Lumpur,3.2248093221605685,101.68149115835203,269.2482206286269,8.0,0.011213832144469717,0.0270142500168839,0.9947234707836623,0.01901318528447234,3.5171212530997007,0.20573400559314964,0.7942659944068504,0.86,4,20,1.328112392626207
88650546b5fffff,WP Kuala Lumpur,3.202708877071313,101.66593711766666,5115.71619194391,100.0,0.2130628107449246,0.3376781252110488,0.9947234707836623,0.27391746765838426,5.840605001359199,0.3416461860557154,0.6583538139442846,1.24,7,35,15.85963044737994
8865050939fffff,WP Kuala Lumpur,3.1306795660837485,101.69084879623031,8615.94306011606,218.8,0.35884262862303096,0.7388397379617747,0.9947234707836623,0.5459452067536311,18.271472823974626,1.0,0.0,0.73,10,119,0.0
8865054617fffff,WP Kuala Lumpur,3.175586762395144,101.71300720297575,2153.985765029015,18.8,0.08971065715575774,0.06348348753967717,0.9947234707836623,0.0761929056575888,16.342005407500555,0.9559255965221322,0.04407440347786784,0.77,14,93,0.2953350275741721
886505444bfffff,WP Kuala Lumpur,3.2057668483060144,101.72480010631635,9154.439501373314,80.8,0.3812702929119704,0.2728439251705274,0.9947234707836623,0.3253313826499818,4.285335595871382,0.2506707031133834,0.7493292968866165,1.25,3,19,21.439401192120364
886505094dfffff,WP Kuala Lumpur,3.1042877879912703,101.72896015235314,8615.94306011606,149.4,0.35884262862303096,0.5044911190653069,0.9947234707836623,0.429389170972605,6.943541207120455,0.4061624387510105,0.5938375612489895,0.66,3,38,22.425014424074448
88650546b9fffff,WP Kuala Lumpur,3.18725811665575,101.66451554403282,6192.709074458418,40.7,0.2579181393228035,0.13743499696089687,0.9947234707836623,0.19663352195466435,9.668318279448808,0.5655482719645908,0.4344517280354092,0.58,10,47,7.512994425068761
88650544ddfffff,WP Kuala Lumpur,3.2115114448564017,101.65322638219311,4307.97153005803,336.7,0.17942131431151548,1.0,0.9947234707836623,0.5865990316440897,4.2206083665926215,0.24688448387549689,0.7531155161245031,1.59,2,29,38.85231637554444
88650554d3fffff,WP Kuala Lumpur,3.094775178205622,101.75060327545533,3230.9786475435226,46.1,0.1345659857336366,0.1556696157222935,0.9947234707836623,0.14435208241261327,3.851263355216014,0.22527964765627687,0.7747203523437232,0.83,5,16,9.835172879208823
886505080dfffff,WP Kuala Lumpur,3.069618078329277,101.67621710790256,1076.9928825145075,18.2,0.04485532857787887,0.06145741878841088,0.9947234707836623,0.05287589252437119,6.295583437372082,0.368260149397736,0.631739850602264,0.33,10,29,2.9377170516994195
88650509a5fffff,WP Kuala Lumpur,3.157076240413225,101.65272645150873,538.4964412572538,62.2,0.022427664288939435,0.21003579388127236,0.9947234707836623,0.11561842897072289,13.718498329322518,0.8024635515557094,0.19753644844429064,0.33,12,82,2.008576071829061
8865054685fffff,WP Kuala Lumpur,3.185822993115614,101.68240877470099,3500.2268681721494,190.3,0.14577981787810632,0.6426014722766259,0.9947234707836623,0.39211068662180837,9.577101823910441,0.5602125654525169,0.43978743454748315,0.43,6,65,15.165805259459583
8865050963fffff,WP Kuala Lumpur,3.1285292679583714,101.7176810253438,1615.4893237717613,59.0,0.0672829928668183,0.1992300938745188,0.9947234707836623,0.13255341132630505,20.56285141906426,1.0,0.0,0.49,25,100,0.0
8865050911fffff,WP Kuala Lumpur,3.115950305494472,101.68048216543615,3230.9786475435226,47.4,0.1345659857336366,0.1600594313500371,0.9947234707836623,0.14653540873127802,15.847853889377518,0.9270202037655446,0.07297979623445539,0.32,20,80,0.9405008795575883
8865050951fffff,WP Kuala Lumpur,3.0990730833173923,101.69694793190861,8615.94306011606,142.6,0.35884262862303096,0.48152900655095554,0.9947234707836623,0.41796869484420474,7.415336697214874,0.4337601156614564,0.5662398843385437,1.4,3,54,20.814126571876344
886505468dfffff,WP Kuala Lumpur,3.1777394995437884,101.68617068327264,4846.467971315284,177.1,0.2018489786004549,0.5980279597487673,0.9947234707836623,0.3978281821572739,12.002018586533378,0.7020580700295089,0.29794192997049107,0.6,6,97,10.424161987375635
886505083dfffff,WP Kuala Lumpur,3.0864926688425123,101.65975060998025,6461.957295087045,50.3,0.2691319714672732,0.16985209698115752,0.9947234707836623,0.2183338780928779,6.944137145529156,0.40619729816787054,0.5938027018321295,1.2,4,49,11.401901313602378
8865050937fffff,WP Kuala Lumpur,3.1468430682295594,101.68332617080969,269.2482206286269,20.9,0.011213832144469717,0.07057472816910919,0.9947234707836623,0.04067850029276106,19.056375341036684,1.0,0.0,1.21,22,132,0.0
886505465bfffff,WP Kuala Lumpur,3.143257794186077,101.72804842151683,10500.680604516449,56.4,0.437339453634319,0.1904504626190315,0.9947234707836623,0.3122386822092587,22.89392099186491,1.0,0.0,0.64,32,99,0.0
886505448bfffff,WP Kuala Lumpur,3.227682114920922,101.64569911374397,538.4964412572538,8.9,0.022427664288939435,0.03005335314378334,0.9947234707836623,0.026102049905467946,3.784004102932948,0.22134531773427032,0.7786546822657296,0.54,4,18,1.7874483228461782
8865054447fffff,WP Kuala Lumpur,3.2212170976859373,101.72622430319107,16424.14145834624,78.6,0.6840437608126527,0.26541500641588434,0.9947234707836623,0.47222446015177383,2.5764637037939853,0.15071024281000894,0.8492897571899911,0.63,1,9,35.271046435410135
88650546e3fffff,WP Kuala Lumpur,3.1851053504834708,101.69135492977153,5654.212633201165,194.9,0.23549047503386408,0.6581346660363341,0.9947234707836623,0.4444549509524437,9.534379587073092,0.5577135282343086,0.44228647176569136,1.01,3,77,17.288025070710066
886505462dfffff,WP Kuala Lumpur,3.1955282188343244,101.75539469929309,4307.97153005803,26.4,0.17942131431151548,0.08914702505571687,0.9947234707836623,0.13357561533898893,3.2000717261550773,0.18718819370445114,0.8128118062955488,1.11,3,15,9.548412360126271
8865054455fffff,WP Kuala Lumpur,3.214569453473476,101.71209333503332,2153.985765029015,149.9,0.08971065715575774,0.5061795096913622,0.9947234707836623,0.2963729674860114,3.077668615838242,0.18002822383979292,0.8199717761602071,1.85,3,17,21.372310359069285
88650546abfffff,WP Kuala Lumpur,3.193906845057029,101.67864663388451,5384.964412572537,252.3,0.22427664288939433,0.8519619099074761,0.9947234707836623,0.5352798743146444,7.907504845197256,0.46254949118285443,0.5374505088171455,0.5,6,46,25.300748689536796
88650509e5fffff,WP Kuala Lumpur,3.1401946417139674,101.66919722870895,8077.446618858807,69.0,0.3364149643340915,0.23299790639562365,0.9947234707836623,0.28320417354057553,17.286800637770796,1.0,0.0,0.36,15,96,0.0
8865050b2bfffff,WP Kuala Lumpur,3.0807656759106274,101.73129546706842,5115.71619194391,312.7,0.2130628107449246,1.0,0.9947234707836623,0.6033310246913881,3.7587952245803224,0.21987072441013478,0.7801292755898652,0.06,3,17,41.39388737341543
8865054695fffff,WP Kuala Lumpur,3.1798917536286586,101.65933139926719,18578.127223375253,109.8,0.7737544179684105,0.37077058148173153,0.9947234707836623,0.5692429399258573,10.801781427205011,0.6318501981135933,0.36814980188640667,0.62,12,54,18.430461223998144
886505098dfffff,WP Kuala Lumpur,3.1261805482442533,101.64988494057812,538.4964412572538,33.6,0.022427664288939435,0.11345985007091239,0.9947234707836623,0.06758524996009828,12.85203560308118,0.7517798149032733,0.24822018509672672,0.83,11,72,1.4753769666277072
8865050867fffff,WP Kuala Lumpur,3.084345431674463,101.68658223591096,20193.616547147016,112.3,0.8410374108352288,0.37921253461200777,0.9947234707836623,0.6069056304794248,6.376549675049333,0.37299626942216424,0.6270037305778358,0.91,5,42,33.46611283485805
88650546a9fffff,WP Kuala Lumpur,3.1931890854352756,101.68759312970064,5115.71619194391,49.4,0.2130628107449246,0.1668129938542581,0.9947234707836623,0.18893568940881766,7.1705285976137665,0.4194400660219409,0.5805599339780592,1.36,5,50,9.646617151837386
8865050b0dfffff,WP Kuala Lumpur,3.0646084435445466,101.73881301146756,538.4964412572538,101.9,0.022427664288939435,0.3440940095900587,0.9947234707836623,0.1822938557791773,2.2453644301719278,0.13134259099783036,0.8686574090021697,2.01,0,20,13.926261272076573
886505091dfffff,WP Kuala Lumpur,3.1152339324036484,101.68942648270014,2153.985765029015,15.0,0.08971065715575774,0.050651718781657314,0.9947234707836623,0.06981087487995336,12.960941831465545,0.7581502846673769,0.24184971533262312,1.27,10,92,1.4848501964949827
8865050b6bfffff,WP Kuala Lumpur,3.0638925782631716,101.74775404911342,2961.730426914896,186.3,0.1233521535891669,0.6290943472681839,0.9947234707836623,0.374238097455923,2.415113358175475,0.14127205443971044,0.8587279455602895,2.05,0,24,28.26295535772057
8865050933fffff,WP Kuala Lumpur,3.1394779157226993,101.67814256751349,7000.453736344299,32.7,0.29155963575621263,0.11042074694401297,0.9947234707836623,0.19992966073325663,17.69079141443968,1.0,0.0,0.96,16,124,0.0
886505736bfffff,WP Kuala Lumpur,3.182043523052324,101.6324893623128,2423.233985657642,15.6,0.10092448930022745,0.05267778753292361,0.9947234707836623,0.07639589496587247,8.453911965375081,0.49451157535033335,0.5054884246496667,0.37,5,42,3.3962153261443375
8865050b3bfffff,WP Kuala Lumpur,3.0748345274096236,101.7082283641294,1884.737544400388,122.3,0.07849682501128802,0.41298034713311266,0.9947234707836623,0.24444193924320887,3.6300173449937345,0.2123378624208612,0.7876621375791388,1.71,3,25,16.932834737665548
8865050843fffff,WP Kuala Lumpur,3.0541758558838175,101.67479567547106,7538.950177601552,60.3,0.3139873000451521,0.20361990950226241,0.9947234707836623,0.25743801999182525,7.373919982786271,0.43133744497576576,0.5686625550242342,0.24,9,17,12.874823916391362
8865050b33fffff,WP Kuala Lumpur,3.08291368314747,101.70446845228257,8346.694839487433,112.3,0.3476287964785612,0.37921253461200777,0.9947234707836623,0.36150306578571395,4.295974153144825,0.25129300551472045,0.7487069944852796,1.81,1,30,23.80333751615368
8865050301fffff,WP Putrajaya,2.905740137132386,101.68364597787895,1111.0072009725989,10.7,0.04627197993701145,0.03613155939758222,1.0123309466984884,0.04170982649294767,3.2853693008072407,0.19217767528263224,0.8078223247173677,1.17,4,18,2.963249459269804
88650518c3fffff,WP Putrajaya,2.941113005051259,101.72742416636781,1111.0072009725989,6.0,0.04627197993701145,0.020260687512662925,1.0123309466984884,0.03367653911285228,2.1808250560038642,0.12756736034453153,0.8724326396554685,2.23,0,21,2.583885935603759
886505188bfffff,WP Putrajaya,2.949900152011722,101.71472779718277,555.5036004862994,1.3,0.023135989968505726,0.004389815627743634,1.0123309466984884,0.013932612418944832,3.422258575469084,0.20018501332197383,0.7998149866780262,1.79,3,20,0.9800225596600369
88650518d5fffff,WP Putrajaya,2.9418265007120183,101.71848580727635,3333.0216029177964,12.7,0.13881593981103435,0.04288512190180319,1.0123309466984884,0.09197080390993864,2.5850645038419966,0.1512133466036651,0.8487866533963349,1.38,1,19,6.865347176645919
8865050367fffff,WP Putrajaya,2.919746875869558,101.70294458599697,7221.546806321892,14.9,0.30076786959057444,0.05031404065644627,1.0123309466984884,0.17770554128454014,2.0105028029739778,0.1176043602555792,0.8823956397444208,1.74,1,13,13.790445724242916
8865050169fffff,WP Putrajaya,2.96011509414928,101.68415058673784,2222.0144019451977,4.0,0.0925439598740229,0.01350712500844195,1.0123309466984884,0.053679397578733704,2.4710499318942762,0.14454406428588315,0.8554559357141168,1.85,1,21,4.03849227900293
8865050309fffff,WP Putrajaya,2.8976679791117617,101.68740463899259,1111.0072009725989,3.0,0.04627197993701145,0.010130343756331463,1.0123309466984884,0.02854890887023821,2.802920930676665,0.16395685816085298,0.836043141839147,0.28,3,16,2.099095427126487
886505030dfffff,WP Putrajaya,2.905027529762536,101.6925844796098,0.0,0.0,0.0,0.0,1.0123309466984884,0.0,2.295776617885384,0.13429145188792976,0.8657085481120702,1.27,3,18,0.0
8865050339fffff,WP Putrajaya,2.9145253457573617,101.67094793663246,1666.5108014588982,4.6000000000000005,0.06940796990551718,0.015533193759708245,1.0123309466984884,0.042994284313444445,5.250994775334181,0.3071569362375856,0.6928430637624143,1.35,11,24,2.619748359570639
8865050321fffff,WP Putrajaya,2.928532845206667,101.69024734126756,1111.0072009725989,20.9,0.04627197993701145,0.07057472816910919,1.0123309466984884,0.05914376931783552,3.3160702305715968,0.19397352615080699,0.806026473849193,1.17,3,19,4.192492411879061
8865051893fffff,WP Putrajaya,2.952040713376703,101.6879098505066,1111.0072009725989,1.0,0.04627197993701145,0.0033767812521104876,1.0123309466984884,0.02513048870849549,2.8058032225393905,0.16412545782163648,0.8358745421783635,1.65,2,21,1.8473790413946538
8865050335fffff,WP Putrajaya,2.9299588295752113,101.67236860343957,1111.0072009725989,13.9,0.04627197993701145,0.04693725940433578,1.0123309466984884,0.047179298751736015,5.710807422476941,0.3340536767567524,0.6659463232432477,0.29,6,26,2.7631514308874507
88650518bbfffff,WP Putrajaya,2.9667623696389422,101.69827139132255,1111.0072009725989,1.4,0.04627197993701145,0.004727493752954682,1.0123309466984884,0.025814172740844035,3.3073248693298476,0.19346196625020975,0.8065380337497903,1.72,4,18,1.8310366768990631
8865050307fffff,WP Putrajaya,2.9138126651494165,101.67988708490829,555.5036004862994,10.4,0.023135989968505726,0.03511852502194907,1.0123309466984884,0.029486424154874194,4.063258412671058,0.23768029841511487,0.7623197015848852,0.73,2,22,1.9768477919436334
8865050327fffff,WP Putrajaya,2.9366062406884113,101.68648843301804,1111.0072009725989,9.8,0.04627197993701145,0.03309245627068278,1.0123309466984884,0.040171537420163446,3.5182545619386207,0.20580029849300335,0.7941997015069966,0.94,5,28,2.805835154058725
8865050163fffff,WP Putrajaya,2.9689035063328566,101.67145048095513,1666.5108014588982,4.1,0.06940796990551718,0.013844803133653,1.0123309466984884,0.04213967927300877,2.620538693761758,0.15328840932177085,0.8467115906782292,0.6,4,17,3.137911640796598
8865050145fffff,WP Putrajaya,2.9527541375667012,101.67896992077773,1666.5108014588982,3.3,0.06940796990551718,0.011143378131964608,1.0123309466984884,0.040772311208311686,2.724462633369094,0.15936744010684675,0.8406325598931532,2.37,0,26,3.014293363428745
8865050161fffff,WP Putrajaya,2.9681898426806193,101.6803910910324,0.0,1.4,0.0,0.004727493752954682,1.0123309466984884,0.0023928941132199018,2.3745766131896615,0.13890085756604867,0.8610991424339514,0.9,1,18,0.1812135288116417
8865051899fffff,WP Putrajaya,2.943253348626019,101.7006081648371,1111.0072009725989,5.1,0.04627197993701145,0.017221584385763485,1.0123309466984884,0.03213825004006806,3.710383323050241,0.21703887025913363,0.7829611297408664,0.07,3,19,2.212974485805427
8865050353fffff,WP Putrajaya,2.883661229977515,101.66810698269737,1111.0072009725989,2.7,0.04627197993701145,0.009117309380698317,1.0123309466984884,0.0280361458459768,1.78386974163945,0.10434745946857962,0.8956525405314204,1.69,1,12,2.208370068489088
8865050305fffff,WP Putrajaya,2.913099937262868,101.68882592682756,3888.525203404096,20.8,0.1619519297795401,0.07023705004389814,1.0123309466984884,0.11752604487880873,2.99957712202489,0.17546026195596132,0.8245397380440387,0.84,2,18,8.522356387384361
8865050147fffff,WP Putrajaya,2.953467513527083,101.67002968466294,2777.5180024314973,4.4,0.11567994984252863,0.014857837509286147,1.0123309466984884,0.06607372092489432,2.900484890197228,0.16966386191456304,0.8303361380854369,2.14,0,21,4.8249929602708175
886505010dfffff,WP Putrajaya,2.9615421337349987,101.66626974065571,3333.0216029177964,12.7,0.13881593981103435,0.04288512190180319,1.0123309466984884,0.09197080390993864,2.7427503162604747,0.1604371781066229,0.839562821893377,1.58,4,18,6.790740907434096
8865051883fffff,WP Putrajaya,2.957974172029665,101.71096955498582,1111.0072009725989,1.0,0.04627197993701145,0.0033767812521104876,1.0123309466984884,0.02513048870849549,4.447190500494174,0.2601384056623351,0.739861594337665,1.3,7,18,1.635179364776705
8865050319fffff,WP Putrajaya,2.89173300875511,101.66434776526852,1666.5108014588982,4.2,0.06940796990551718,0.014182481258864049,1.0123309466984884,0.04231060028109591,2.8045059277535467,0.1640495725639157,0.8359504274360843,1.31,3,17,3.110596583459936
88650518d3fffff,WP Putrajaya,2.9351798249815766,101.70436662423377,7221.546806321892,35.5,0.30076786959057444,0.11987573444992232,1.0123309466984884,0.21291526895049012,3.165698625055362,0.18517753917621435,0.8148224608237856,0.47,3,17,15.257514063739869
886505016bfffff,WP Putrajaya,2.9608286381637416,101.67521031680876,5555.036004862995,11.1,0.23135989968505727,0.037482271898426414,1.0123309466984884,0.13607862503579274,2.5115776772883,0.1469147347284286,0.8530852652715715,1.42,1,21,10.209308627816997
88650518cbfffff,WP Putrajaya,2.93303984392072,101.73118160339608,0.0,0.0,0.0,0.0,1.0123309466984884,0.0,1.5160923284170718,0.08868381984254758,0.9113161801574524,2.52,0,18,0.0
8865051889fffff,WP Putrajaya,2.9491865354859854,101.72366649717353,1666.5108014588982,42.2,0.06940796990551718,0.1425001688390626,1.0123309466984884,0.10726058335420754,3.1216248220744554,0.18259944209724846,0.8174005579027516,1.72,1,21,7.71061580127087
8865051895fffff,WP Putrajaya,2.9586878610239373,101.70203020624584,0.0,0.7,0.0,0.002363746876477341,1.0123309466984884,0.0011964470566099509,3.581811956689848,0.20951808826090257,0.7904819117390974,1.72,5,18,0.08317626253994434
88650518d7fffff,WP Putrajaya,2.942539948589691,101.70954713995972,1111.0072009725989,27.6,0.04627197993701145,0.09319916255824946,1.0123309466984884,0.07059547685967363,3.1202487646627435,0.1825189496197747,0.8174810503802253,0.92,3,17,5.075379836693353
886505189bfffff,WP Putrajaya,2.943966700762751,101.69166888232778,555.5036004862994,1.9,0.023135989968505726,0.006415884379009927,1.0123309466984884,0.014958138467467649,3.3428108767050393,0.19553772023036384,0.8044622797696361,0.75,2,19,1.0582717770268297
886505031dfffff,WP Putrajaya,2.89909281183154,101.66952739639011,1111.0072009725989,11.7,0.04627197993701145,0.039508340649692705,1.0123309466984884,0.04341903657381903,4.111573085403808,0.24050646516767443,0.7594935348323255,0.32,6,18,2.9001351931157697
8865050363fffff,WP Putrajaya,2.91238716215583,101.69776446197089,2777.5180024314973,5.6,0.11567994984252863,0.01890997501181873,1.0123309466984884,0.06812477302193995,2.0451244057197577,0.11962955088745367,0.8803704491125464,1.69,1,17,5.274538956518393
8865051891fffff,WP Putrajaya,2.9513272410153575,101.69684947343002,0.0,0.4,0.0,0.0013507125008441951,1.0123309466984884,0.0006836840323485435,3.1930421667539495,0.1867769996314932,0.8132230003685068,0.95,2,19,0.048896645941214796
88650518d1fffff,WP Putrajaya,2.9344665455698205,101.7133052587286,6110.539605349293,17.6,0.25449588965356296,0.05943135003714459,1.0123309466984884,0.15889912987526864,2.5361051085287154,0.14834946680414363,0.8516505331958564,0.53,2,15,11.901369016859842
8865050329fffff,WP Putrajaya,2.920459818895987,101.6940060175888,10554.56840923969,21.0,0.43958380940160885,0.07091240629432025,1.0123309466984884,0.25839555866072783,2.731709475096687,0.1597913441093611,0.8402086558906389,1.12,2,18,19.093527699580903
88650518b3fffff,WP Putrajaya,2.9748372459860883,101.69451234436951,0.0,0.4,0.0,0.0013507125008441951,1.0123309466984884,0.0006836840323485435,2.6435853359474093,0.15463652264261452,0.8453634773573855,2.17,0,19,0.05082915587144896
886505016dfffff,WP Putrajaya,2.9674761304298714,101.68933139462806,0.0,2.0,0.0,0.006753562504220975,1.0123309466984884,0.003418420161742717,2.4846167318894468,0.1453376542434735,0.8546623457565266,1.81,1,20,0.25694134389219225
88650518ddfffff,WP Putrajaya,2.9337532185301267,101.72224358525574,1111.0072009725989,1.4,0.04627197993701145,0.004727493752954682,1.0123309466984884,0.025814172740844035,1.8512014554239233,0.1082860280260676,0.8917139719739324,1.52,1,18,2.02440668593955
8865050311fffff,WP Putrajaya,2.899805157768438,101.66058831611687,1666.5108014588982,2.0,0.06940796990551718,0.006753562504220975,1.0123309466984884,0.03855033810317891,4.26725882927437,0.24961330266212,0.75038669733788,0.95,6,20,2.5440596932761728
8865050149fffff,WP Putrajaya,2.9373193768670656,101.67754887713583,11032.301505657906,30.9,0.4594807607745237,0.10434254069021406,1.0123309466984884,0.2853878882712326,4.084449456371122,0.2389198685036557,0.7610801314963442,1.06,4,27,19.102046679582557
8865050315fffff,WP Putrajaya,2.9071652106182997,101.66576805528129,1111.0072009725989,4.2,0.04627197993701145,0.014182481258864049,1.0123309466984884,0.03059996096728384,5.358022620434001,0.31341752997258493,0.686582470027415,0.82,8,22,1.8476834245144027
886505032bfffff,WP Putrajaya,2.921172714546689,101.68506714214722,1111.0072009725989,34.8,0.04627197993701145,0.11751198757344497,1.0123309466984884,0.08290178944194741,3.8468677917289713,0.22502252917273546,0.7749774708272645,0.28,1,21,5.650240866223584
8865050357fffff,WP Putrajaya,2.8910207830676673,101.67328650573502,555.5036004862994,1.7000000000000002,0.023135989968505726,0.00574052812858783,1.0123309466984884,0.014616296451293377,2.8265295761082143,0.1653378458612288,0.8346621541387712,0.7,3,14,1.0729069148323844
886505189dfffff,WP Putrajaya,2.95061372054094,101.70578878912852,0.0,2.0,0.0,0.006753562504220975,1.0123309466984884,0.003418420161742717,3.465340697680113,0.20270510203489978,0.7972948979651002,1.03,3,18,0.23969468595250412
886505014dfffff,WP Putrajaya,2.9446800049416546,101.68272929285114,5555.036004862995,12.6,0.23135989968505727,0.04254744377659214,1.0123309466984884,0.13864244015709978,3.1717479232017585,0.185531392867664,0.8144686071323359,1.54,2,29,9.930806563413098
886505014bfffff,WP Putrajaya,2.938032465184943,101.66860901496332,3888.525203404096,11.2,0.1619519297795401,0.03781995002363746,1.0123309466984884,0.1011176281024437,4.9945585834455075,0.2921567013466747,0.7078432986533253,0.77,5,28,6.294742633716829
8865050325fffff,WP Putrajaya,2.93589305670718,101.69542768219048,555.5036004862994,21.0,0.023135989968505726,0.07091240629432025,1.0123309466984884,0.0476040510121106,3.5573769886357063,0.20808876481921323,0.7919112351807868,0.25,3,22,3.3153882654874587
886505032dfffff,WP Putrajaya,2.9278197816096108,101.69918625008384,3333.0216029177964,13.5,0.13881593981103435,0.045586546903491586,1.0123309466984884,0.09333817197463574,2.767646772241443,0.1618934962843155,0.8381065037156845,1.23,4,17,6.879747218969234
886505030bfffff,WP Putrajaya,2.8983804189266342,101.67846617082182,1111.0072009725989,1.9,0.04627197993701145,0.006415884379009927,1.0123309466984884,0.026668777781279712,3.618945185741425,0.21169019647203008,0.7883098035279699,0.35,3,16,1.8489025426977446
8865050355fffff,WP Putrajaya,2.8903085106255464,101.68222494019807,1111.0072009725989,1.9,0.04627197993701145,0.006415884379009927,1.0123309466984884,0.026668777781279712,2.5242098611353008,0.14765365431499164,0.8523463456850083,0.73,3,14,1.9990939079323888
886505033dfffff,WP Putrajaya,2.9218855627635136,101.67612796009152,555.5036004862994,2.8,0.023135989968505726,0.009454987505909365,1.0123309466984884,0.016496427540251872,4.854886915907326,0.2839866072376985,0.7160133927623016,0.94,5,24,1.0387834672758223
8865051897fffff,WP Putrajaya,2.95940150174991,101.69309055002337,0.0,0.7,0.0,0.002363746876477341,1.0123309466984884,0.0011964470566099509,2.8185482844600664,0.16487098021105157,0.8351290197889485,1.94,1,22,0.08787413041731756
8865050323fffff,WP Putrajaya,2.9292458612145906,101.68130812557966,3888.525203404096,24.6,0.1619519297795401,0.083068818801918,1.0123309466984884,0.12402104318611991,4.119626437253785,0.2409775459793145,0.7590224540206855,1.19,4,22,8.278735041178143
8865050141fffff,WP Putrajaya,2.9453932611044804,101.6737893968266,1666.5108014588982,9.3,0.06940796990551718,0.03140406564462754,1.0123309466984884,0.05102757169353984,3.4636562505900237,0.20260657030337406,0.797393429696626,1.62,3,25,3.578421825281134
8865050303fffff,WP Putrajaya,2.9064526974369995,101.67470716962964,0.0,0.0,0.0,0.0,1.0123309466984884,0.0,4.30507641755746,0.2518254424660849,0.7481745575339152,0.69,5,22,0.0
8865050351fffff,WP Putrajaya,2.8829491247259154,101.6770453833051,1111.0072009725989,1.0,0.04627197993701145,0.0033767812521104876,1.0123309466984884,0.02513048870849549,1.7137098495933398,0.1002434566253714,0.8997565433746286,1.37,2,10,1.9885656240422993
