h3_index,district,res_poi,total_poi,inhabited,weight,pop_est,district_population,district_income_median,poi_community,poi_education,poi_entertainment,poi_exercise,poi_food_drink,poi_healthcare,poi_other,poi_residential,poi_shopping,poi_transport,poi_work,activity_score
88650542b7fffff,Gombak,0,0,False,0.0,0.0,966200,10180,0,0,0,0,0,0,0,0,0,0,0,0.0
8865054e59fffff,Gombak,0,0,False,0.0,0.0,966200,10180,0,0,0,0,0,0,0,0,0,0,0,0.0
8865057853fffff,Gombak,2,20,True,3.0,2507.439446366782,966200,10180,2,0,0,1,1,0,6,2,3,1,4,11.6
8865057851fffff,Gombak,2,2,True,3.0,2507.439446366782,966200,10180,0,0,0,0,0,0,0,1,0,0,0,1.0
8865057a5dfffff,Gombak,0,0,False,0.0,0.0,966200,10180,0,0,0,0,0,0,0,0,0,0,0,0.0
8865054c51fffff,Gombak,0,0,False,0.0,0.0,966200,10180,0,0,0,0,0,0,0,0,0,0,0,0.0
8865054e19fffff,Gombak,0,0,False,0.0,0.0,966200,10180,0,0,0,0,0,0,0,0,0,0,0,0.0
8865054739fffff,Gombak,0,0,False,0.0,0.0,966200,10180,0,0,0,0,0,0,0,0,0,0,0,0.0
8865057a99fffff,Gombak,2,25,True,3.0,2507.439446366782,966200,10180,1,0,0,3,9,2,1,2,5,0,2,14.8
8865056063fffff,Gombak,0,0,False,0.0,0.0,966200,10180,0,0,0,0,0,0,0,0,0,0,0,0.0
8865057a3dfffff,Gombak,0,0,False,0.0,0.0,966200,10180,0,0,0,0,0,0,0,0,0,0,0,0.0
88650578cdfffff,Gombak,1,4,True,2.0,1671.6262975778548,966200,10180,0,0,0,0,1,0,0,1,0,1,1,3.1
88650571a3fffff,Gombak,0,0,False,0.0,0.0,966200,10180,0,0,0,0,0,0,0,0,0,0,0,0.0
8865057159fffff,Gombak,7,18,True,8.0,6686.505190311419,966200,10180,0,1,0,6,1,0,0,7,1,2,0,12.3
886505454dfffff,Gombak,0,0,False,0.0,0.0,966200,10180,0,0,0,0,0,0,0,0,0,0,0,0.0
8865056145fffff,Gombak,0,0,False,0.0,0.0,966200,10180,0,0,0,0,0,0,0,0,0,0,0,0.0
88650545c9fffff,Gombak,0,0,False,0.0,0.0,966200,10180,0,0,0,0,0,0,0,0,0,0,0,0.0
8865057aabfffff,Gombak,1,17,True,2.0,1671.6262975778548,966200,10180,0,0,0,2,1,0,0,1,2,1,10,14.3
8865054569fffff,Gombak,0,0,False,0.0,0.0,966200,10180,0,0,0,0,0,0,0,0,0,0,0,0.0
8865057b45fffff,Gombak,0,0,False,0.0,0.0,966200,10180,0,0,0,0,0,0,0,0,0,0,0,0.0
886505718dfffff,Gombak,0,1,False,0.0,0.0,966200,10180,1,0,0,0,0,0,0,0,0,0,0,0.4
8865054ccbfffff,Gombak,0,0,False,0.0,0.0,966200,10180,0,0,0,0,0,0,0,0,0,0,0,0.0
8865055591fffff,Gombak,1,1,True,2.0,1671.6262975778548,966200,10180,0,0,0,0,0,0,0,1,0,0,0,1.0
8865057325fffff,Gombak,20,321,True,21.0,17552.076124567473,966200,10180,2,1,0,3,2,0,1,20,126,1,165,277.5
8865057a2dfffff,Gombak,0,0,False,0.0,0.0,966200,10180,0,0,0,0,0,0,0,0,0,0,0,0.0
8865056105fffff,Gombak,0,0,False,0.0,0.0,966200,10180,0,0,0,0,0,0,0,0,0,0,0,0.0
88650545a1fffff,Gombak,0,0,False,0.0,0.0,966200,10180,0,0,0,0,0,0,0,0,0,0,0,0.0
8865054403fffff,Gombak,4,36,True,5.0,4179.065743944637,966200,10180,5,1,0,3,3,0,2,4,2,4,12,25.4
8865057addfffff,Gombak,0,0,False,0.0,0.0,966200,10180,0,0,0,0,0,0,0,0,0,0,0,0.0
886505449dfffff,Gombak,11,34,True,12.0,10029.757785467127,966200,10180,2,2,0,4,4,0,1,11,8,2,0,23.4
8865054ee9fffff,Gombak,0,0,False,0.0,0.0,966200,10180,0,0,0,0,0,0,0,0,0,0,0,0.0
8865056155fffff,Gombak,0,0,False,0.0,0.0,966200,10180,0,0,0,0,0,0,0,0,0,0,0,0.0
88650540a7fffff,Gombak,0,0,False,0.0,0.0,966200,10180,0,0,0,0,0,0,0,0,0,0,0,0.0
8865056141fffff,Gombak,0,0,False,0.0,0.0,966200,10180,0,0,0,0,0,0,0,0,0,0,0,0.0
8865057b49fffff,Gombak,0,0,False,0.0,0.0,966200,10180,0,0,0,0,0,0,0,0,0,0,0,0.0
8865057a85fffff,Gombak,0,1,False,0.0,0.0,966200,10180,0,0,0,0,0,0,0,0,0,0,1,1.0
886505452dfffff,Gombak,0,0,False,0.0,0.0,966200,10180,0,0,0,0,0,0,0,0,0,0,0,0.0
8865056117fffff,Gombak,0,0,False,0.0,0.0,966200,10180,0,0,0,0,0,0,0,0,0,0,0,0.0
8865056111fffff,Gombak,0,0,False,0.0,0.0,966200,10180,0,0,0,0,0,0,0,0,0,0,0,0.0
8865057aa5fffff,Gombak,2,19,True,3.0,2507.439446366782,966200,10180,3,0,0,0,3,0,1,2,10,0,0,11.9
8865054521fffff,Gombak,0,0,False,0.0,0.0,966200,10180,0,0,0,0,0,0,0,0,0,0,0,0.0
88650544e5fffff,Gombak,7,10,True,8.0,6686.505190311419,966200,10180,2,0,0,1,0,0,0,7,0,0,0,8.2
886505443dfffff,Gombak,8,46,True,9.0,7522.318339100346,966200,10180,1,2,0,9,9,4,1,8,10,2,0,27.9
8865057a9bfffff,Gombak,2,2,True,3.0,2507.439446366782,966200,10180,0,0,0,0,0,0,0,2,0,0,0,2.0
88650571c1fffff,Gombak,0,0,False,0.0,0.0,966200,10180,0,0,0,0,0,0,0,0,0,0,0,0.0
8865057ad3fffff,Gombak,0,4,True,1.0,835.8131487889274,966200,10180,0,1,1,1,0,0,0,0,0,1,0,2.2
8865057a17fffff,Gombak,0,0,False,0.0,0.0,966200,10180,0,0,0,0,0,0,0,0,0,0,0,0.0
8865054e47fffff,Gombak,0,0,False,0.0,0.0,966200,10180,0,0,0,0,0,0,0,0,0,0,0,0.0
886505452bfffff,Gombak,0,0,False,0.0,0.0,966200,10180,0,0,0,0,0,0,0,0,0,0,0,0.0
8865057a45fffff,Gombak,2,3,True,3.0,2507.439446366782,966200,10180,0,0,0,0,0,0,0,2,0,1,0,2.6
8865056151fffff,Gombak,0,0,False,0.0,0.0,966200,10180,0,0,0,0,0,0,0,0,0,0,0,0.0
88650544a1fffff,Gombak,1,134,True,2.0,1671.6262975778548,966200,10180,2,1,0,3,8,2,3,1,12,4,98,117.9
886505714bfffff,Gombak,0,16,True,1.0,835.8131487889274,966200,10180,1,0,0,0,1,0,0,0,0,2,12,14.1
8865054597fffff,Gombak,0,0,False,0.0,0.0,966200,10180,0,0,0,0,0,0,0,0,0,0,0,0.0
8865057101fffff,Gombak,0,0,False,0.0,0.0,966200,10180,0,0,0,0,0,0,0,0,0,0,0,0.0
88650540edfffff,Gombak,0,0,False,0.0,0.0,966200,10180,0,0,0,0,0,0,0,0,0,0,0,0.0
88650545c7fffff,Gombak,0,0,False,0.0,0.0,966200,10180,0,0,0,0,0,0,0,0,0,0,0,0.0
8865054431fffff,Gombak,0,17,True,1.0,835.8131487889274,966200,10180,2,1,0,5,2,0,0,0,6,0,1,9.5
886505719dfffff,Gombak,0,0,False,0.0,0.0,966200,10180,0,0,0,0,0,0,0,0,0,0,0,0.0
886505615dfffff,Gombak,0,0,False,0.0,0.0,966200,10180,0,0,0,0,0,0,0,0,0,0,0,0.0
8865054eabfffff,Gombak,0,0,False,0.0,0.0,966200,10180,0,0,0,0,0,0,0,0,0,0,0,0.0
88650571e1fffff,Gombak,0,1,False,0.0,0.0,966200,10180,1,0,0,0,0,0,0,0,0,0,0,0.4
8865057ad7fffff,Gombak,0,1,False,0.0,0.0,966200,10180,0,1,0,0,0,0,0,0,0,0,0,0.5
886505710dfffff,Gombak,0,0,False,0.0,0.0,966200,10180,0,0,0,0,0,0,0,0,0,0,0,0.0
8865054425fffff,Gombak,0,1,False,0.0,0.0,966200,10180,0,1,0,0,0,0,0,0,0,0,0,0.5
8865054485fffff,Gombak,9,32,True,10.0,8358.131487889274,966200,10180,4,1,1,4,1,0,1,9,1,2,8,24.0
886505475bfffff,Gombak,9,22,True,10.0,8358.131487889274,966200,10180,2,1,0,3,0,0,0,9,0,1,6,18.1
8865054293fffff,Gombak,0,0,False,0.0,0.0,966200,10180,0,0,0,0,0,0,0,0,0,0,0,0.0
8865054745fffff,Gombak,0,0,False,0.0,0.0,966200,10180,0,0,0,0,0,0,0,0,0,0,0,0.0
8865054433fffff,Gombak,6,11,True,7.0,5850.692041522491,966200,10180,2,0,0,0,0,0,0,6,2,0,1,9.2
8865056327fffff,Gombak,0,0,False,0.0,0.0,966200,10180,0,0,0,0,0,0,0,0,0,0,0,0.0
886505459bfffff,Gombak,1,1,True,2.0,1671.6262975778548,966200,10180,0,0,0,0,0,0,0,1,0,0,0,1.0
8865057ae3fffff,Gombak,0,1,False,0.0,0.0,966200,10180,0,0,0,0,0,0,0,0,0,0,1,1.0
8865054e97fffff,Gombak,0,0,False,0.0,0.0,966200,10180,0,0,0,0,0,0,0,0,0,0,0,0.0
88650540d1fffff,Gombak,0,0,False,0.0,0.0,966200,10180,0,0,0,0,0,0,0,0,0,0,0,0.0
88650540a1fffff,Gombak,0,0,False,0.0,0.0,966200,10180,0,0,0,0,0,0,0,0,0,0,0,0.0
8865056021fffff,Gombak,0,0,False,0.0,0.0,966200,10180,0,0,0,0,0,0,0,0,0,0,0,0.0
8865054763fffff,Gombak,0,0,False,0.0,0.0,966200,10180,0,0,0,0,0,0,0,0,0,0,0,0.0
8865057123fffff,Gombak,1,3,True,2.0,1671.6262975778548,966200,10180,1,0,0,1,0,0,0,1,0,0,0,1.8
8865054557fffff,Gombak,0,0,False,0.0,0.0,966200,10180,0,0,0,0,0,0,0,0,0,0,0,0.0
88650545e3fffff,Gombak,0,0,False,0.0,0.0,966200,10180,0,0,0,0,0,0,0,0,0,0,0,0.0
886505440bfffff,Gombak,0,2,False,0.0,0.0,966200,10180,0,0,0,0,0,0,2,0,0,0,0,0.4
8865056303fffff,Gombak,0,3,True,1.0,835.8131487889274,966200,10180,0,0,0,3,0,0,0,0,0,0,0,1.2000000000000002
8865054e43fffff,Gombak,0,0,False,0.0,0.0,966200,10180,0,0,0,0,0,0,0,0,0,0,0,0.0
8865057a69fffff,Gombak,0,0,False,0.0,0.0,966200,10180,0,0,0,0,0,0,0,0,0,0,0,0.0
8865054715fffff,Gombak,2,2,True,3.0,2507.439446366782,966200,10180,0,0,0,0,0,0,0,2,0,0,0,2.0
8865057a33fffff,Gombak,3,5,True,4.0,3343.252595155709,966200,10180,0,1,0,1,0,0,0,3,0,0,0,3.9
8865054e49fffff,Gombak,0,0,False,0.0,0.0,966200,10180,0,0,0,0,0,0,0,0,0,0,0,0.0
8865055587fffff,Gombak,0,0,False,0.0,0.0,966200,10180,0,0,0,0,0,0,0,0,0,0,0,0.0
8865057a5bfffff,Gombak,0,0,False,0.0,0.0,966200,10180,0,0,0,0,0,0,0,0,0,0,0,0.0
886505459dfffff,Gombak,0,0,False,0.0,0.0,966200,10180,0,0,0,0,0,0,0,0,0,0,0,0.0
8865057125fffff,Gombak,0,0,False,0.0,0.0,966200,10180,0,0,0,0,0,0,0,0,0,0,0,0.0
886505409bfffff,Gombak,0,0,False,0.0,0.0,966200,10180,0,0,0,0,0,0,0,0,0,0,0,0.0
8865054407fffff,Gombak,6,16,True,7.0,5850.692041522491,966200,10180,2,2,0,0,1,0,2,6,2,0,1,11.1
8865054519fffff,Gombak,1,1,True,2.0,1671.6262975778548,966200,10180,0,0,0,0,0,0,0,1,0,0,0,1.0
8865056367fffff,Gombak,0,3,True,1.0,835.8131487889274,966200,10180,1,0,0,0,0,0,1,0,0,0,1,1.6
8865054c1bfffff,Gombak,0,0,False,0.0,0.0,966200,10180,0,0,0,0,0,0,0,0,0,0,0,0.0
8865057a51fffff,Gombak,0,0,False,0.0,0.0,966200,10180,0,0,0,0,0,0,0,0,0,0,0,0.0
886505789bfffff,Gombak,0,2,False,0.0,0.0,966200,10180,0,0,1,0,0,0,1,0,0,0,0,0.8999999999999999
8865054e9bfffff,Gombak,0,0,False,0.0,0.0,966200,10180,0,0,0,0,0,0,0,0,0,0,0,0.0
886505453bfffff,Gombak,6,15,True,7.0,5850.692041522491,966200,10180,1,1,0,1,1,1,0,6,0,4,0,10.7
8865054541fffff,Gombak,0,0,False,0.0,0.0,966200,10180,0,0,0,0,0,0,0,0,0,0,0,0.0
8865054567fffff,Gombak,0,0,False,0.0,0.0,966200,10180,0,0,0,0,0,0,0,0,0,0,0,0.0
8865057143fffff,Gombak,7,24,True,8.0,6686.505190311419,966200,10180,1,1,0,1,0,1,1,7,0,11,0,15.6
88650570a5fffff,Gombak,0,2,False,0.0,0.0,966200,10180,0,1,0,1,0,0,0,0,0,0,0,0.9
8865054591fffff,Gombak,0,0,False,0.0,0.0,966200,10180,0,0,0,0,0,0,0,0,0,0,0,0.0
8865056313fffff,Gombak,0,1,False,0.0,0.0,966200,10180,0,0,0,0,0,0,0,0,0,0,1,1.0
8865054c59fffff,Gombak,0,0,False,0.0,0.0,966200,10180,0,0,0,0,0,0,0,0,0,0,0,0.0
8865054711fffff,Gombak,11,16,True,12.0,10029.757785467127,966200,10180,0,2,0,0,0,0,0,11,0,2,1,14.2
8865057a39fffff,Gombak,0,0,False,0.0,0.0,966200,10180,0,0,0,0,0,0,0,0,0,0,0,0.0
886505788bfffff,Gombak,0,0,False,0.0,0.0,966200,10180,0,0,0,0,0,0,0,0,0,0,0,0.0
8865056109fffff,Gombak,0,0,False,0.0,0.0,966200,10180,0,0,0,0,0,0,0,0,0,0,0,0.0
8865054753fffff,Gombak,3,47,True,4.0,3343.252595155709,966200,10180,1,3,0,2,5,1,5,3,18,5,4,29.3
8865057a29fffff,Gombak,0,0,False,0.0,0.0,966200,10180,0,0,0,0,0,0,0,0,0,0,0,0.0
886505451bfffff,Gombak,0,0,False,0.0,0.0,966200,10180,0,0,0,0,0,0,0,0,0,0,0,0.0
88650545e9fffff,Gombak,0,0,False,0.0,0.0,966200,10180,0,0,0,0,0,0,0,0,0,0,0,0.0
8865057a11fffff,Gombak,0,0,False,0.0,0.0,966200,10180,0,0,0,0,0,0,0,0,0,0,0,0.0
88650571a9fffff,Gombak,0,1,False,0.0,0.0,966200,10180,0,0,0,0,0,0,0,0,0,0,1,1.0
8865057129fffff,Gombak,0,0,False,0.0,0.0,966200,10180,0,0,0,0,0,0,0,0,0,0,0,0.0
88650544b9fffff,Gombak,3,8,True,4.0,3343.252595155709,966200,10180,3,0,0,1,0,0,0,3,1,0,0,5.3
8865057859fffff,Gombak,0,5,True,1.0,835.8131487889274,966200,10180,0,0,1,0,0,1,0,0,2,0,1,3.5999999999999996
8865054eb9fffff,Gombak,0,0,False,0.0,0.0,966200,10180,0,0,0,0,0,0,0,0,0,0,0,0.0
8865054e1bfffff,Gombak,0,0,False,0.0,0.0,966200,10180,0,0,0,0,0,0,0,0,0,0,0,0.0
8865057a65fffff,Gombak,0,0,False,0.0,0.0,966200,10180,0,0,0,0,0,0,0,0,0,0,0,0.0
886505614bfffff,Gombak,0,0,False,0.0,0.0,966200,10180,0,0,0,0,0,0,0,0,0,0,0,0.0
8865054e09fffff,Gombak,0,0,False,0.0,0.0,966200,10180,0,0,0,0,0,0,0,0,0,0,0,0.0
88650545c5fffff,Gombak,0,0,False,0.0,0.0,966200,10180,0,0,0,0,0,0,0,0,0,0,0,0.0
8865057b5dfffff,Gombak,0,0,False,0.0,0.0,966200,10180,0,0,0,0,0,0,0,0,0,0,0,0.0
8865054c5dfffff,Gombak,0,0,False,0.0,0.0,966200,10180,0,0,0,0,0,0,0,0,0,0,0,0.0
8865057a47fffff,Gombak,1,1,True,2.0,1671.6262975778548,966200,10180,0,0,0,0,0,0,0,1,0,0,0,1.0
88650545cbfffff,Gombak,0,0,False,0.0,0.0,966200,10180,0,0,0,0,0,0,0,0,0,0,0,0.0
8865057b59fffff,Gombak,0,0,False,0.0,0.0,966200,10180,0,0,0,0,0,0,0,0,0,0,0,0.0
8865054e87fffff,Gombak,0,0,False,0.0,0.0,966200,10180,0,0,0,0,0,0,0,0,0,0,0,0.0
8865057a4dfffff,Gombak,164,166,True,25.5,21313.235294117647,966200,10180,0,0,0,0,0,0,0,164,1,1,0,165.3
8865054499fffff,Gombak,5,34,True,6.0,5014.878892733564,966200,10180,1,1,0,7,1,0,0,5,16,3,0,22.2
88650540b5fffff,Gombak,0,0,False,0.0,0.0,966200,10180,0,0,0,0,0,0,0,0,0,0,0,0.0
88650540ddfffff,Gombak,0,0,False,0.0,0.0,966200,10180,0,0,0,0,0,0,0,0,0,0,0,0.0
88650578c7fffff,Gombak,1,1,True,2.0,1671.6262975778548,966200,10180,0,0,0,0,0,0,0,1,0,0,0,1.0
8865054465fffff,Gombak,0,3,True,1.0,835.8131487889274,966200,10180,0,0,0,2,1,0,0,0,0,0,0,1.3
8865057147fffff,Gombak,0,0,False,0.0,0.0,966200,10180,0,0,0,0,0,0,0,0,0,0,0,0.0
88650571bbfffff,Gombak,0,0,False,0.0,0.0,966200,10180,0,0,0,0,0,0,0,0,0,0,0,0.0
8865054599fffff,Gombak,0,0,False,0.0,0.0,966200,10180,0,0,0,0,0,0,0,0,0,0,0,0.0
8865054ee1fffff,Gombak,0,0,False,0.0,0.0,966200,10180,0,0,0,0,0,0,0,0,0,0,0,0.0
8865057a95fffff,Gombak,0,11,True,1.0,835.8131487889274,966200,10180,0,0,0,0,0,0,0,0,0,0,11,11.0
886505475dfffff,Gombak,9,36,True,10.0,8358.131487889274,966200,10180,6,0,0,4,1,0,1,9,10,2,3,24.9
88650545ddfffff,Gombak,0,0,False,0.0,0.0,966200,10180,0,0,0,0,0,0,0,0,0,0,0,0.0
88650545b3fffff,Gombak,0,0,False,0.0,0.0,966200,10180,0,0,0,0,0,0,0,0,0,0,0,0.0
88650540c3fffff,Gombak,0,0,False,0.0,0.0,966200,10180,0,0,0,0,0,0,0,0,0,0,0,0.0
8865054e37fffff,Gombak,0,0,False,0.0,0.0,966200,10180,0,0,0,0,0,0,0,0,0,0,0,0.0
8865057b53fffff,Gombak,0,0,False,0.0,0.0,966200,10180,0,0,0,0,0,0,0,0,0,0,0,0.0
88650545bbfffff,Gombak,0,0,False,0.0,0.0,966200,10180,0,0,0,0,0,0,0,0,0,0,0,0.0
8865057115fffff,Gombak,1,1,True,2.0,1671.6262975778548,966200,10180,0,0,0,0,0,0,0,1,0,0,0,1.0
88650545e1fffff,Gombak,0,0,False,0.0,0.0,966200,10180,0,0,0,0,0,0,0,0,0,0,0,0.0
8865054585fffff,Gombak,0,1,False,0.0,0.0,966200,10180,0,0,0,0,0,0,0,0,0,1,0,0.6
8865054735fffff,Gombak,0,0,False,0.0,0.0,966200,10180,0,0,0,0,0,0,0,0,0,0,0,0.0
886505466bfffff,Gombak,7,17,True,8.0,6686.505190311419,966200,10180,0,1,0,0,0,0,0,7,1,0,8,16.2
88650571edfffff,Gombak,2,6,True,3.0,2507.439446366782,966200,10180,1,0,0,1,0,0,0,2,2,0,0,4.2
8865054523fffff,Gombak,0,0,False,0.0,0.0,966200,10180,0,0,0,0,0,0,0,0,0,0,0,0.0
8865054e91fffff,Gombak,0,0,False,0.0,0.0,966200,10180,0,0,0,0,0,0,0,0,0,0,0,0.0
886505784bfffff,Gombak,0,0,False,0.0,0.0,966200,10180,0,0,0,0,0,0,0,0,0,0,0,0.0
88650545d1fffff,Gombak,0,16,True,1.0,835.8131487889274,966200,10180,2,0,0,0,1,0,1,0,8,2,2,10.299999999999999
88650544b1fffff,Gombak,3,6,True,4.0,3343.252595155709,966200,10180,0,0,0,2,1,0,0,3,0,0,0,4.3
8865057b41fffff,Gombak,0,0,False,0.0,0.0,966200,10180,0,0,0,0,0,0,0,0,0,0,0,0.0
88650540bdfffff,Gombak,0,0,False,0.0,0.0,966200,10180,0,0,0,0,0,0,0,0,0,0,0,0.0
8865057aedfffff,Gombak,4,31,True,5.0,4179.065743944637,966200,10180,3,3,0,7,1,0,2,2,5,1,1,13.5
886505458dfffff,Gombak,0,0,False,0.0,0.0,966200,10180,0,0,0,0,0,0,0,0,0,0,0,0.0
8865056347fffff,Gombak,0,2,False,0.0,0.0,966200,10180,0,0,0,0,0,0,0,0,2,0,0,1.4
8865054ee5fffff,Gombak,0,0,False,0.0,0.0,966200,10180,0,0,0,0,0,0,0,0,0,0,0,0.0
8865057a81fffff,Gombak,0,1,False,0.0,0.0,966200,10180,0,0,0,0,0,0,0,0,0,0,1,1.0
8865056025fffff,Gombak,0,0,False,0.0,0.0,966200,10180,0,0,0,0,0,0,0,0,0,0,0,0.0
8865054e1dfffff,Gombak,0,0,False,0.0,0.0,966200,10180,0,0,0,0,0,0,0,0,0,0,0,0.0
88650571c3fffff,Gombak,0,2,False,0.0,0.0,966200,10180,1,1,0,0,0,0,0,0,0,0,0,0.9
886505633dfffff,Gombak,0,0,False,0.0,0.0,966200,10180,0,0,0,0,0,0,0,0,0,0,0,0.0
8865054e01fffff,Gombak,0,0,False,0.0,0.0,966200,10180,0,0,0,0,0,0,0,0,0,0,0,0.0
886505613dfffff,Gombak,0,0,False,0.0,0.0,966200,10180,0,0,0,0,0,0,0,0,0,0,0,0.0
8865057ab9fffff,Gombak,0,8,True,1.0,835.8131487889274,966200,10180,0,0,0,0,0,0,0,0,0,0,8,8.0
8865054409fffff,Gombak,26,47,True,25.5,21313.235294117647,966200,10180,5,4,0,3,2,0,1,26,5,1,0,36.5
8865057a13fffff,Gombak,0,1,False,0.0,0.0,966200,10180,0,0,0,0,1,0,0,0,0,0,0,0.5
8865057a03fffff,Gombak,1,1,True,2.0,1671.6262975778548,966200,10180,0,0,0,0,0,0,0,1,0,0,0,1.0
88650544abfffff,Gombak,15,57,True,16.0,13373.010380622838,966200,10180,1,0,0,0,0,0,2,15,11,1,27,51.1
8865054e15fffff,Gombak,0,0,False,0.0,0.0,966200,10180,0,0,0,0,0,0,0,0,0,0,0,0.0
88650540abfffff,Gombak,0,0,False,0.0,0.0,966200,10180,0,0,0,0,0,0,0,0,0,0,0,0.0
8865057abdfffff,Gombak,3,12,True,4.0,3343.252595155709,966200,10180,0,0,0,0,0,0,1,3,3,1,4,9.9
88650545e7fffff,Gombak,0,0,False,0.0,0.0,966200,10180,0,0,0,0,0,0,0,0,0,0,0,0.0
8865056315fffff,Gombak,0,1,False,0.0,0.0,966200,10180,1,0,0,0,0,0,0,0,0,0,0,0.4
886505718bfffff,Gombak,0,0,False,0.0,0.0,966200,10180,0,0,0,0,0,0,0,0,0,0,0,0.0
8865057a8bfffff,Gombak,0,2,False,0.0,0.0,966200,10180,2,0,0,0,0,0,0,0,0,0,0,0.8
886505785bfffff,Gombak,6,11,True,7.0,5850.692041522491,966200,10180,0,1,0,0,0,0,2,6,0,0,2,8.9
88650571bdfffff,Gombak,0,4,True,1.0,835.8131487889274,966200,10180,0,0,0,3,0,0,1,0,0,0,0,1.4000000000000001
886505636bfffff,Gombak,0,2,False,0.0,0.0,966200,10180,1,0,0,0,0,0,0,0,0,0,1,1.4
8865056369fffff,Gombak,0,0,False,0.0,0.0,966200,10180,0,0,0,0,0,0,0,0,0,0,0,0.0
88650545abfffff,Gombak,0,0,False,0.0,0.0,966200,10180,0,0,0,0,0,0,0,0,0,0,0,0.0
8865057ad9fffff,Gombak,0,0,False,0.0,0.0,966200,10180,0,0,0,0,0,0,0,0,0,0,0,0.0
8865056139fffff,Gombak,0,0,False,0.0,0.0,966200,10180,0,0,0,0,0,0,0,0,0,0,0,0.0
8865054e0bfffff,Gombak,0,0,False,0.0,0.0,966200,10180,0,0,0,0,0,0,0,0,0,0,0,0.0
8865056115fffff,Gombak,0,0,False,0.0,0.0,966200,10180,0,0,0,0,0,0,0,0,0,0,0,0.0
8865056359fffff,Gombak,0,0,False,0.0,0.0,966200,10180,0,0,0,0,0,0,0,0,0,0,0,0.0
886505631bfffff,Gombak,2,22,True,3.0,2507.439446366782,966200,10180,2,2,0,2,2,0,1,2,1,3,7,15.3
8865057b4dfffff,Gombak,0,0,False,0.0,0.0,966200,10180,0,0,0,0,0,0,0,0,0,0,0,0.0
8865057ad1fffff,Gombak,0,4,True,1.0,835.8131487889274,966200,10180,0,0,0,0,1,0,1,0,0,1,1,2.3
8865057183fffff,Gombak,0,0,False,0.0,0.0,966200,10180,0,0,0,0,0,0,0,0,0,0,0,0.0
8865054547fffff,Gombak,0,0,False,0.0,0.0,966200,10180,0,0,0,0,0,0,0,0,0,0,0,0.0
8865054593fffff,Gombak,0,0,False,0.0,0.0,966200,10180,0,0,0,0,0,0,0,0,0,0,0,0.0
8865056329fffff,Gombak,0,37,True,1.0,835.8131487889274,966200,10180,0,2,0,3,7,0,4,0,9,0,12,24.8
8865057ac1fffff,Gombak,0,0,False,0.0,0.0,966200,10180,0,0,0,0,0,0,0,0,0,0,0,0.0
8865056227fffff,Gombak,0,7,True,1.0,835.8131487889274,966200,10180,1,0,0,0,2,0,0,0,3,1,0,4.1
8865056363fffff,Gombak,0,0,False,0.0,0.0,966200,10180,0,0,0,0,0,0,0,0,0,0,0,0.0
8865056135fffff,Gombak,0,0,False,0.0,0.0,966200,10180,0,0,0,0,0,0,0,0,0,0,0,0.0
8865057a25fffff,Gombak,0,0,False,0.0,0.0,966200,10180,0,0,0,0,0,0,0,0,0,0,0,0.0
8865054e07fffff,Gombak,0,0,False,0.0,0.0,966200,10180,0,0,0,0,0,0,0,0,0,0,0,0.0
8865057adbfffff,Gombak,0,0,False,0.0,0.0,966200,10180,0,0,0,0,0,0,0,0,0,0,0,0.0
8865054751fffff,Gombak,12,15,True,13.0,10865.570934256057,966200,10180,1,0,0,0,0,0,0,12,0,0,2,14.4
88650544a9fffff,Gombak,2,9,True,3.0,2507.439446366782,966200,10180,2,1,0,1,0,0,0,2,2,0,1,6.1
88650540e1fffff,Gombak,0,0,False,0.0,0.0,966200,10180,0,0,0,0,0,0,0,0,0,0,0,0.0
8865057a93fffff,Gombak,0,1,False,0.0,0.0,966200,10180,0,0,0,0,0,0,0,0,0,0,1,1.0
8865054ccdfffff,Gombak,0,0,False,0.0,0.0,966200,10180,0,0,0,0,0,0,0,0,0,0,0,0.0
886505558bfffff,Gombak,0,0,False,0.0,0.0,966200,10180,0,0,0,0,0,0,0,0,0,0,0,0.0
8865057a59fffff,Gombak,0,0,False,0.0,0.0,966200,10180,0,0,0,0,0,0,0,0,0,0,0,0.0
88650571e3fffff,Gombak,0,0,False,0.0,0.0,966200,10180,0,0,0,0,0,0,0,0,0,0,0,0.0
88650540b9fffff,Gombak,0,0,False,0.0,0.0,966200,10180,0,0,0,0,0,0,0,0,0,0,0,0.0
88650578d1fffff,Gombak,1,36,True,2.0,1671.6262975778548,966200,10180,2,8,0,5,8,5,1,1,2,1,3,19.5
8865057a9dfffff,Gombak,1,1,True,2.0,1671.6262975778548,966200,10180,0,0,0,0,0,0,0,1,0,0,0,1.0
8865057327fffff,Gombak,18,81,True,19.0,15880.44982698962,966200,10180,1,1,0,7,4,2,3,18,18,0,27,64.9
8865057ae1fffff,Gombak,3,18,True,4.0,3343.252595155709,966200,10180,2,1,0,6,0,0,0,3,3,2,1,11.0
88650571a1fffff,Gombak,0,2,False,0.0,0.0,966200,10180,0,0,0,0,0,0,0,0,0,2,0,1.2
8865056001fffff,Gombak,2,3,True,3.0,2507.439446366782,966200,10180,0,0,0,0,0,0,0,2,0,1,0,2.6
8865057145fffff,Gombak,0,0,False,0.0,0.0,966200,10180,0,0,0,0,0,0,0,0,0,0,0,0.0
8865056323fffff,Gombak,0,0,False,0.0,0.0,966200,10180,0,0,0,0,0,0,0,0,0,0,0,0.0
8865057acbfffff,Gombak,0,1,False,0.0,0.0,966200,10180,0,0,0,0,0,0,0,0,0,0,1,1.0
88650544a7fffff,Gombak,1,8,True,2.0,1671.6262975778548,966200,10180,1,2,0,0,0,0,0,1,1,2,1,5.3
8865054527fffff,Gombak,0,0,False,0.0,0.0,966200,10180,0,0,0,0,0,0,0,0,0,0,0,0.0
8865054429fffff,Gombak,19,36,True,20.0,16716.262975778547,966200,10180,1,6,0,2,3,1,0,19,3,0,1,28.3
8865054511fffff,Gombak,0,0,False,0.0,0.0,966200,10180,0,0,0,0,0,0,0,0,0,0,0,0.0
8865057a23fffff,Gombak,0,0,False,0.0,0.0,966200,10180,0,0,0,0,0,0,0,0,0,0,0,0.0
88650578c9fffff,Gombak,1,8,True,2.0,1671.6262975778548,966200,10180,0,0,0,2,2,0,1,1,1,1,0,4.3
8865054085fffff,Gombak,0,0,False,0.0,0.0,966200,10180,0,0,0,0,0,0,0,0,0,0,0,0.0
8865057a0bfffff,Gombak,0,1,False,0.0,0.0,966200,10180,0,0,0,0,0,0,0,0,0,1,0,0.6
88650545edfffff,Gombak,0,0,False,0.0,0.0,966200,10180,0,0,0,0,0,0,0,0,0,0,0,0.0
8865056101fffff,Gombak,0,0,False,0.0,0.0,966200,10180,0,0,0,0,0,0,0,0,0,0,0,0.0
8865057167fffff,Gombak,0,0,False,0.0,0.0,966200,10180,0,0,0,0,0,0,0,0,0,0,0,0.0
8865057117fffff,Gombak,1,2,True,2.0,1671.6262975778548,966200,10180,1,0,0,0,0,0,0,1,0,0,0,1.4
88650540b3fffff,Gombak,0,0,False,0.0,0.0,966200,10180,0,0,0,0,0,0,0,0,0,0,0,0.0
88650555b1fffff,Gombak,0,0,False,0.0,0.0,966200,10180,0,0,0,0,0,0,0,0,0,0,0,0.0
8865056343fffff,Gombak,9,15,True,10.0,8358.131487889274,966200,10180,0,0,0,3,0,0,0,9,0,3,0,12.0
88650540d9fffff,Gombak,0,0,False,0.0,0.0,966200,10180,0,0,0,0,0,0,0,0,0,0,0,0.0
8865057165fffff,Gombak,0,0,False,0.0,0.0,966200,10180,0,0,0,0,0,0,0,0,0,0,0,0.0
886505600dfffff,Gombak,0,6,True,1.0,835.8131487889274,966200,10180,1,0,0,0,0,0,0,0,4,0,1,4.2
8865056337fffff,Gombak,1,2,True,2.0,1671.6262975778548,966200,10180,0,0,0,0,0,0,0,1,0,1,0,1.6
88650571c7fffff,Gombak,1,24,True,2.0,1671.6262975778548,966200,10180,0,0,0,0,0,2,5,1,12,2,2,14.6
88650545d5fffff,Gombak,1,12,True,2.0,1671.6262975778548,966200,10180,0,0,0,1,0,0,0,1,0,0,10,11.4
8865056065fffff,Gombak,0,0,False,0.0,0.0,966200,10180,0,0,0,0,0,0,0,0,0,0,0,0.0
886505604dfffff,Gombak,1,1,True,2.0,1671.6262975778548,966200,10180,0,0,0,0,0,0,0,1,0,0,0,1.0
88650545b5fffff,Gombak,0,0,False,0.0,0.0,966200,10180,0,0,0,0,0,0,0,0,0,0,0,0.0
886505442bfffff,Gombak,1,7,True,2.0,1671.6262975778548,966200,10180,0,2,0,0,1,0,0,1,1,2,0,4.4
88650540b1fffff,Gombak,0,0,False,0.0,0.0,966200,10180,0,0,0,0,0,0,0,0,0,0,0,0.0
8865054eb7fffff,Gombak,0,0,False,0.0,0.0,966200,10180,0,0,0,0,0,0,0,0,0,0,0,0.0
886505559bfffff,Gombak,12,144,True,13.0,10865.570934256057,966200,10180,4,4,0,9,1,1,0,12,1,2,110,132.1
8865054c53fffff,Gombak,0,0,False,0.0,0.0,966200,10180,0,0,0,0,0,0,0,0,0,0,0,0.0
8865054e11fffff,Gombak,0,0,False,0.0,0.0,966200,10180,0,0,0,0,0,0,0,0,0,0,0,0.0
8865054089fffff,Gombak,0,0,False,0.0,0.0,966200,10180,0,0,0,0,0,0,0,0,0,0,0,0.0
8865054529fffff,Gombak,0,0,False,0.0,0.0,966200,10180,0,0,0,0,0,0,0,0,0,0,0,0.0
8865056137fffff,Gombak,0,0,False,0.0,0.0,966200,10180,0,0,0,0,0,0,0,0,0,0,0,0.0
8865056307fffff,Gombak,0,0,False,0.0,0.0,966200,10180,0,0,0,0,0,0,0,0,0,0,0,0.0
8865057ab1fffff,Gombak,3,5,True,4.0,3343.252595155709,966200,10180,0,2,0,0,0,0,0,3,0,0,0,4.0
8865056351fffff,Gombak,1,1,True,2.0,1671.6262975778548,966200,10180,0,0,0,0,0,0,0,1,0,0,0,1.0
886505616bfffff,Gombak,0,0,False,0.0,0.0,966200,10180,0,0,0,0,0,0,0,0,0,0,0,0.0
8865056ac3fffff,Gombak,0,0,False,0.0,0.0,966200,10180,0,0,0,0,0,0,0,0,0,0,0,0.0
8865054539fffff,Gombak,0,0,False,0.0,0.0,966200,10180,0,0,0,0,0,0,0,0,0,0,0,0.0
8865057b57fffff,Gombak,0,0,False,0.0,0.0,966200,10180,0,0,0,0,0,0,0,0,0,0,0,0.0
8865054401fffff,Gombak,5,10,True,6.0,5014.878892733564,966200,10180,5,0,0,0,0,0,0,5,0,0,0,7.0
886505476bfffff,Gombak,0,0,False,0.0,0.0,966200,10180,0,0,0,0,0,0,0,0,0,0,0,0.0
8865054ea5fffff,Gombak,0,0,False,0.0,0.0,966200,10180,0,0,0,0,0,0,0,0,0,0,0,0.0
88650540e3fffff,Gombak,0,0,False,0.0,0.0,966200,10180,0,0,0,0,0,0,0,0,0,0,0,0.0
8865056319fffff,Gombak,0,6,True,1.0,835.8131487889274,966200,10180,0,0,0,3,0,0,0,0,0,3,0,3.0
886505470bfffff,Gombak,1,15,True,2.0,1671.6262975778548,966200,10180,0,0,0,12,2,0,0,1,0,0,0,6.800000000000001
8865054533fffff,Gombak,0,0,False,0.0,0.0,966200,10180,0,0,0,0,0,0,0,0,0,0,0,0.0
8865057aa7fffff,Gombak,2,5,True,3.0,2507.439446366782,966200,10180,1,0,0,0,0,0,0,2,2,0,0,3.8
8865056123fffff,Gombak,0,0,False,0.0,0.0,966200,10180,0,0,0,0,0,0,0,0,0,0,0,0.0
8865057155fffff,Gombak,3,10,True,4.0,3343.252595155709,966200,10180,1,1,0,0,0,0,0,3,0,5,0,6.9
8865054555fffff,Gombak,0,0,False,0.0,0.0,966200,10180,0,0,0,0,0,0,0,0,0,0,0,0.0
88650578d7fffff,Gombak,1,12,True,2.0,1671.6262975778548,966200,10180,0,1,0,4,4,0,1,1,1,0,0,6.0
8865054661fffff,Gombak,6,10,True,7.0,5850.692041522491,966200,10180,2,0,0,1,0,0,0,6,0,1,0,7.8
88650571adfffff,Gombak,0,1,False,0.0,0.0,966200,10180,0,0,0,0,0,0,0,0,0,1,0,0.6
886505635dfffff,Gombak,0,1,False,0.0,0.0,966200,10180,1,0,0,0,0,0,0,0,0,0,0,0.4
8865054415fffff,Gombak,14,78,True,15.0,12537.19723183391,966200,10180,5,3,0,7,11,6,1,14,11,3,17,55.5
8865054707fffff,Gombak,0,1,False,0.0,0.0,966200,10180,0,0,0,0,1,0,0,0,0,0,0,0.5
8865054e53fffff,Gombak,0,0,False,0.0,0.0,966200,10180,0,0,0,0,0,0,0,0,0,0,0,0.0
8865054501fffff,Gombak,0,0,False,0.0,0.0,966200,10180,0,0,0,0,0,0,0,0,0,0,0,0.0
886505460dfffff,Gombak,20,87,True,21.0,17552.076124567473,966200,10180,4,2,1,5,9,4,2,20,22,1,17,65.2
8865056157fffff,Gombak,0,0,False,0.0,0.0,966200,10180,0,0,0,0,0,0,0,0,0,0,0,0.0
8865057b43fffff,Gombak,0,0,False,0.0,0.0,966200,10180,0,0,0,0,0,0,0,0,0,0,0,0.0
8865057189fffff,Gombak,0,0,False,0.0,0.0,966200,10180,0,0,0,0,0,0,0,0,0,0,0,0.0
8865054099fffff,Gombak,0,0,False,0.0,0.0,966200,10180,0,0,0,0,0,0,0,0,0,0,0,0.0
88650555bbfffff,Gombak,0,0,False,0.0,0.0,966200,10180,0,0,0,0,0,0,0,0,0,0,0,0.0
8865057323fffff,Gombak,5,66,True,6.0,5014.878892733564,966200,10180,0,0,0,6,5,0,1,5,9,1,39,56.0
8865054565fffff,Gombak,0,0,False,0.0,0.0,966200,10180,0,0,0,0,0,0,0,0,0,0,0,0.0
886505455bfffff,Gombak,0,55,True,1.0,835.8131487889274,966200,10180,1,2,0,15,4,0,13,0,0,19,0,23.4
8865054eadfffff,Gombak,0,0,False,0.0,0.0,966200,10180,0,0,0,0,0,0,0,0,0,0,0,0.0
8865054701fffff,Gombak,0,3,True,1.0,835.8131487889274,966200,10180,0,0,1,0,2,0,0,0,0,0,0,1.7
88650545dbfffff,Gombak,1,7,True,2.0,1671.6262975778548,966200,10180,2,2,0,0,0,0,0,1,2,0,0,4.2
8865054e41fffff,Gombak,0,0,False,0.0,0.0,966200,10180,0,0,0,0,0,0,0,0,0,0,0,0.0
886505451dfffff,Gombak,0,0,False,0.0,0.0,966200,10180,0,0,0,0,0,0,0,0,0,0,0,0.0
88650540d3fffff,Gombak,0,0,False,0.0,0.0,966200,10180,0,0,0,0,0,0,0,0,0,0,0,0.0
8865054515fffff,Gombak,0,2,False,0.0,0.0,966200,10180,1,0,0,0,0,0,0,0,0,0,1,1.4
88650545cdfffff,Gombak,0,0,False,0.0,0.0,966200,10180,0,0,0,0,0,0,0,0,0,0,0,0.0
8865054c55fffff,Gombak,0,0,False,0.0,0.0,966200,10180,0,0,0,0,0,0,0,0,0,0,0,0.0
88650571d5fffff,Gombak,0,4,True,1.0,835.8131487889274,966200,10180,0,0,0,0,0,0,0,0,0,0,4,4.0
8865054505fffff,Gombak,0,0,False,0.0,0.0,966200,10180,0,0,0,0,0,0,0,0,0,0,0,0.0
8865054743fffff,Gombak,15,29,True,16.0,13373.010380622838,966200,10180,2,0,0,2,1,0,0,13,0,2,7,23.3
8865057aadfffff,Gombak,1,79,True,2.0,1671.6262975778548,966200,10180,4,0,2,0,14,7,10,1,26,3,12,48.5
8865054e93fffff,Gombak,0,0,False,0.0,0.0,966200,10180,0,0,0,0,0,0,0,0,0,0,0,0.0
8865056061fffff,Gombak,1,2,True,2.0,1671.6262975778548,966200,10180,0,0,0,1,0,0,0,1,0,0,0,1.4
886505450dfffff,Gombak,0,0,False,0.0,0.0,966200,10180,0,0,0,0,0,0,0,0,0,0,0,0.0
886505630bfffff,Gombak,0,1,False,0.0,0.0,966200,10180,0,1,0,0,0,0,0,0,0,0,0,0.5
88650545adfffff,Gombak,0,0,False,0.0,0.0,966200,10180,0,0,0,0,0,0,0,0,0,0,0,0.0
8865054cc9fffff,Gombak,0,0,False,0.0,0.0,966200,10180,0,0,0,0,0,0,0,0,0,0,0,0.0
8865057141fffff,Gombak,0,0,False,0.0,0.0,966200,10180,0,0,0,0,0,0,0,0,0,0,0,0.0
8865057ac9fffff,Gombak,0,0,False,0.0,0.0,966200,10180,0,0,0,0,0,0,0,0,0,0,0,0.0
8865054093fffff,Gombak,0,0,False,0.0,0.0,966200,10180,0,0,0,0,0,0,0,0,0,0,0,0.0
8865057aa1fffff,Gombak,3,14,True,4.0,3343.252595155709,966200,10180,2,4,0,5,0,0,0,3,0,0,0,7.800000000000001
886505710bfffff,Gombak,1,1,True,2.0,1671.6262975778548,966200,10180,0,0,0,0,0,0,0,1,0,0,0,1.0
886505454bfffff,Gombak,0,0,False,0.0,0.0,966200,10180,0,0,0,0,0,0,0,0,0,0,0,0.0
88650544a3fffff,Gombak,5,23,True,6.0,5014.878892733564,966200,10180,0,1,1,0,0,0,0,5,16,0,0,17.4
886505449bfffff,Gombak,1,214,True,2.0,1671.6262975778548,966200,10180,5,2,0,2,8,1,0,1,139,4,51,160.0
8865057a01fffff,Gombak,0,0,False,0.0,0.0,966200,10180,0,0,0,0,0,0,0,0,0,0,0,0.0
88650555b5fffff,Gombak,0,0,False,0.0,0.0,966200,10180,0,0,0,0,0,0,0,0,0,0,0,0.0
8865054721fffff,Gombak,0,0,False,0.0,0.0,966200,10180,0,0,0,0,0,0,0,0,0,0,0,0.0
886505611dfffff,Gombak,0,0,False,0.0,0.0,966200,10180,0,0,0,0,0,0,0,0,0,0,0,0.0
88650571b5fffff,Gombak,0,3,True,1.0,835.8131487889274,966200,10180,2,0,0,0,0,0,0,0,0,0,1,1.8
8865057195fffff,Gombak,0,0,False,0.0,0.0,966200,10180,0,0,0,0,0,0,0,0,0,0,0,0.0
88650545c1fffff,Gombak,0,0,False,0.0,0.0,966200,10180,0,0,0,0,0,0,0,0,0,0,0,0.0
8865054e57fffff,Gombak,0,0,False,0.0,0.0,966200,10180,0,0,0,0,0,0,0,0,0,0,0,0.0
8865057a09fffff,Gombak,0,0,False,0.0,0.0,966200,10180,0,0,0,0,0,0,0,0,0,0,0,0.0
8865054625fffff,Gombak,5,53,True,6.0,5014.878892733564,966200,10180,5,0,0,8,7,4,4,5,7,4,9,32.8
8865057111fffff,Gombak,1,4,True,2.0,1671.6262975778548,966200,10180,0,0,0,0,0,0,0,1,0,0,3,4.0
88650540c5fffff,Gombak,0,0,False,0.0,0.0,966200,10180,0,0,0,0,0,0,0,0,0,0,0,0.0
88650544edfffff,Gombak,3,33,True,4.0,3343.252595155709,966200,10180,8,1,0,1,8,0,1,3,4,6,1,18.7
8865057187fffff,Gombak,10,31,True,11.0,9193.9446366782,966200,10180,3,5,0,1,5,1,1,9,5,0,0,19.8
8865057193fffff,Gombak,0,0,False,0.0,0.0,966200,10180,0,0,0,0,0,0,0,0,0,0,0,0.0
8865054e39fffff,Gombak,0,0,False,0.0,0.0,966200,10180,0,0,0,0,0,0,0,0,0,0,0,0.0
8865057335fffff,Gombak,2,205,True,3.0,2507.439446366782,966200,10180,0,0,0,1,0,0,1,2,65,0,136,184.1
8865054ed7fffff,Gombak,0,0,False,0.0,0.0,966200,10180,0,0,0,0,0,0,0,0,0,0,0,0.0
8865054ed1fffff,Gombak,0,0,False,0.0,0.0,966200,10180,0,0,0,0,0,0,0,0,0,0,0,0.0
8865054733fffff,Gombak,0,0,False,0.0,0.0,966200,10180,0,0,0,0,0,0,0,0,0,0,0,0.0
8865056341fffff,Gombak,4,11,True,5.0,4179.065743944637,966200,10180,2,0,0,2,1,0,0,4,0,0,2,8.1
8865057899fffff,Gombak,0,28,True,1.0,835.8131487889274,966200,10180,2,2,1,1,7,0,7,0,2,0,6,15.2
8865056361fffff,Gombak,1,1,True,2.0,1671.6262975778548,966200,10180,0,0,0,0,0,0,0,1,0,0,0,1.0
8865057ae7fffff,Gombak,1,24,True,2.0,1671.6262975778548,966200,10180,2,2,0,3,2,0,5,1,4,2,3,13.0
8865054ea9fffff,Gombak,0,0,False,0.0,0.0,966200,10180,0,0,0,0,0,0,0,0,0,0,0,0.0
88650540e9fffff,Gombak,0,0,False,0.0,0.0,966200,10180,0,0,0,0,0,0,0,0,0,0,0,0.0
8865056325fffff,Gombak,0,20,True,1.0,835.8131487889274,966200,10180,0,0,1,0,0,0,1,0,1,0,17,18.6
8865054ed9fffff,Gombak,0,0,False,0.0,0.0,966200,10180,0,0,0,0,0,0,0,0,0,0,0,0.0
8865054ec3fffff,Gombak,0,0,False,0.0,0.0,966200,10180,0,0,0,0,0,0,0,0,0,0,0,0.0
8865057a19fffff,Gombak,0,0,False,0.0,0.0,966200,10180,0,0,0,0,0,0,0,0,0,0,0,0.0
8865054483fffff,Gombak,2,68,True,3.0,2507.439446366782,966200,10180,1,3,0,9,8,0,0,2,9,2,34,53.0
8865054703fffff,Gombak,0,0,False,0.0,0.0,966200,10180,0,0,0,0,0,0,0,0,0,0,0,0.0
8865057a6bfffff,Gombak,1,14,True,2.0,1671.6262975778548,966200,10180,0,1,0,1,0,0,0,1,0,1,10,12.5
8865056069fffff,Gombak,0,0,False,0.0,0.0,966200,10180,0,0,0,0,0,0,0,0,0,0,0,0.0
8865057a97fffff,Gombak,1,1,True,2.0,1671.6262975778548,966200,10180,0,0,0,0,0,0,0,1,0,0,0,1.0
8865054cc1fffff,Gombak,0,0,False,0.0,0.0,966200,10180,0,0,0,0,0,0,0,0,0,0,0,0.0
8865054727fffff,Gombak,0,0,False,0.0,0.0,966200,10180,0,0,0,0,0,0,0,0,0,0,0,0.0
886505473dfffff,Gombak,0,0,False,0.0,0.0,966200,10180,0,0,0,0,0,0,0,0,0,0,0,0.0
8865057a1bfffff,Gombak,0,0,False,0.0,0.0,966200,10180,0,0,0,0,0,0,0,0,0,0,0,0.0
8865057b4bfffff,Gombak,0,0,False,0.0,0.0,966200,10180,0,0,0,0,0,0,0,0,0,0,0,0.0
88650540a3fffff,Gombak,0,0,False,0.0,0.0,966200,10180,0,0,0,0,0,0,0,0,0,0,0,0.0
8865054eb1fffff,Gombak,0,0,False,0.0,0.0,966200,10180,0,0,0,0,0,0,0,0,0,0,0,0.0
8865054e85fffff,Gombak,0,0,False,0.0,0.0,966200,10180,0,0,0,0,0,0,0,0,0,0,0,0.0
8865054435fffff,Gombak,14,19,True,15.0,12537.19723183391,966200,10180,1,0,0,3,0,0,0,14,0,1,0,16.2
886505408dfffff,Gombak,0,0,False,0.0,0.0,966200,10180,0,0,0,0,0,0,0,0,0,0,0,0.0
8865054761fffff,Gombak,0,0,False,0.0,0.0,966200,10180,0,0,0,0,0,0,0,0,0,0,0,0.0
8865057ac7fffff,Gombak,0,0,False,0.0,0.0,966200,10180,0,0,0,0,0,0,0,0,0,0,0,0.0
88650544a5fffff,Gombak,0,0,False,0.0,0.0,966200,10180,0,0,0,0,0,0,0,0,0,0,0,0.0
8865054561fffff,Gombak,0,0,False,0.0,0.0,966200,10180,0,0,0,0,0,0,0,0,0,0,0,0.0
886505716dfffff,Gombak,0,0,False,0.0,0.0,966200,10180,0,0,0,0,0,0,0,0,0,0,0,0.0
88650578c3fffff,Gombak,1,2,True,2.0,1671.6262975778548,966200,10180,0,0,1,0,0,0,0,1,0,0,0,1.7
88650544adfffff,Gombak,0,8,True,1.0,835.8131487889274,966200,10180,2,3,0,3,0,0,0,0,0,0,0,3.5
886505712dfffff,Gombak,0,0,False,0.0,0.0,966200,10180,0,0,0,0,0,0,0,0,0,0,0,0.0
8865055581fffff,Gombak,0,0,False,0.0,0.0,966200,10180,0,0,0,0,0,0,0,0,0,0,0,0.0
88650571b9fffff,Gombak,1,1,True,2.0,1671.6262975778548,966200,10180,0,0,0,0,0,0,0,1,0,0,0,1.0
8865056339fffff,Gombak,0,0,False,0.0,0.0,966200,10180,0,0,0,0,0,0,0,0,0,0,0,0.0
88650545a3fffff,Gombak,0,0,False,0.0,0.0,966200,10180,0,0,0,0,0,0,0,0,0,0,0,0.0
8865054487fffff,Gombak,14,42,True,15.0,12537.19723183391,966200,10180,2,0,1,1,4,2,1,14,4,4,8,32.3
8865057119fffff,Gombak,2,16,True,3.0,2507.439446366782,966200,10180,1,1,0,2,3,0,0,2,4,0,3,11.0
8865057109fffff,Gombak,0,0,False,0.0,0.0,966200,10180,0,0,0,0,0,0,0,0,0,0,0,0.0
8865057b55fffff,Gombak,0,0,False,0.0,0.0,966200,10180,0,0,0,0,0,0,0,0,0,0,0,0.0
8865056311fffff,Gombak,0,3,True,1.0,835.8131487889274,966200,10180,0,0,0,0,1,0,0,0,1,0,1,2.2
8865054e9dfffff,Gombak,0,0,False,0.0,0.0,966200,10180,0,0,0,0,0,0,0,0,0,0,0,0.0
88650540d7fffff,Gombak,0,0,False,0.0,0.0,966200,10180,0,0,0,0,0,0,0,0,0,0,0,0.0
886505440dfffff,Gombak,30,70,True,25.5,21313.235294117647,966200,10180,1,0,0,2,2,0,2,30,26,7,0,55.0
8865054747fffff,Gombak,1,3,True,2.0,1671.6262975778548,966200,10180,0,0,0,1,0,0,0,1,0,1,0,2.0
8865057a35fffff,Gombak,0,0,False,0.0,0.0,966200,10180,0,0,0,0,0,0,0,0,0,0,0,0.0
8865054ea1fffff,Gombak,0,0,False,0.0,0.0,966200,10180,0,0,0,0,0,0,0,0,0,0,0,0.0
8865054e83fffff,Gombak,0,0,False,0.0,0.0,966200,10180,0,0,0,0,0,0,0,0,0,0,0,0.0
8865054669fffff,Gombak,6,9,True,7.0,5850.692041522491,966200,10180,1,0,0,1,1,0,0,6,0,0,0,7.3
88650540d5fffff,Gombak,0,0,False,0.0,0.0,966200,10180,0,0,0,0,0,0,0,0,0,0,0,0.0
8865054e3bfffff,Gombak,0,0,False,0.0,0.0,966200,10180,0,0,0,0,0,0,0,0,0,0,0,0.0
8865057161fffff,Gombak,0,0,False,0.0,0.0,966200,10180,0,0,0,0,0,0,0,0,0,0,0,0.0
8865054eedfffff,Gombak,0,0,False,0.0,0.0,966200,10180,0,0,0,0,0,0,0,0,0,0,0,0.0
88650578d9fffff,Gombak,0,8,True,1.0,835.8131487889274,966200,10180,1,1,0,1,1,0,2,0,2,0,0,3.6
8865054e8dfffff,Gombak,0,0,False,0.0,0.0,966200,10180,0,0,0,0,0,0,0,0,0,0,0,0.0
8865054587fffff,Gombak,0,0,False,0.0,0.0,966200,10180,0,0,0,0,0,0,0,0,0,0,0,0.0
886505631dfffff,Gombak,0,2,False,0.0,0.0,966200,10180,0,0,0,1,0,0,1,0,0,0,0,0.6000000000000001
8865056331fffff,Gombak,0,1,False,0.0,0.0,966200,10180,0,0,0,0,0,0,0,0,0,0,1,1.0
8865057169fffff,Gombak,0,0,False,0.0,0.0,966200,10180,0,0,0,0,0,0,0,0,0,0,0,0.0
8865054087fffff,Gombak,0,0,False,0.0,0.0,966200,10180,0,0,0,0,0,0,0,0,0,0,0,0.0
8865054507fffff,Gombak,0,0,False,0.0,0.0,966200,10180,0,0,0,0,0,0,0,0,0,0,0,0.0
88650544b7fffff,Gombak,1,4,True,2.0,1671.6262975778548,966200,10180,1,0,0,1,0,0,0,1,0,1,0,2.4
8865057163fffff,Gombak,0,0,False,0.0,0.0,966200,10180,0,0,0,0,0,0,0,0,0,0,0,0.0
886505713dfffff,Gombak,0,0,False,0.0,0.0,966200,10180,0,0,0,0,0,0,0,0,0,0,0,0.0
8865054709fffff,Gombak,11,18,True,12.0,10029.757785467127,966200,10180,0,0,0,0,1,0,0,11,0,6,0,15.1
8865057a2bfffff,Gombak,0,0,False,0.0,0.0,966200,10180,0,0,0,0,0,0,0,0,0,0,0,0.0
8865057199fffff,Gombak,0,0,False,0.0,0.0,966200,10180,0,0,0,0,0,0,0,0,0,0,0,0.0
8865056159fffff,Gombak,0,2,False,0.0,0.0,966200,10180,0,0,0,0,0,0,0,0,0,1,1,1.6
8865056309fffff,Gombak,0,0,False,0.0,0.0,966200,10180,0,0,0,0,0,0,0,0,0,0,0,0.0
8865054495fffff,Gombak,0,18,True,1.0,835.8131487889274,966200,10180,3,2,3,6,1,0,1,0,0,2,0,8.6
8865056353fffff,Gombak,1,2,True,2.0,1671.6262975778548,966200,10180,0,0,0,1,0,0,0,1,0,0,0,1.4
8865057a57fffff,Gombak,0,0,False,0.0,0.0,966200,10180,0,0,0,0,0,0,0,0,0,0,0,0.0
8865054729fffff,Gombak,0,0,False,0.0,0.0,966200,10180,0,0,0,0,0,0,0,0,0,0,0,0.0
886505633bfffff,Gombak,0,3,True,1.0,835.8131487889274,966200,10180,0,1,0,0,0,0,0,0,0,0,2,2.5
8865057191fffff,Gombak,0,0,False,0.0,0.0,966200,10180,0,0,0,0,0,0,0,0,0,0,0,0.0
8865054667fffff,Gombak,37,71,True,25.5,21313.235294117647,966200,10180,5,1,0,2,2,1,1,37,17,2,3,58.1
8865054091fffff,Gombak,0,0,False,0.0,0.0,966200,10180,0,0,0,0,0,0,0,0,0,0,0,0.0
8865056153fffff,Gombak,0,0,False,0.0,0.0,966200,10180,0,0,0,0,0,0,0,0,0,0,0,0.0
88650540bbfffff,Gombak,0,0,False,0.0,0.0,966200,10180,0,0,0,0,0,0,0,0,0,0,0,0.0
886505781dfffff,Gombak,0,1,False,0.0,0.0,966200,10180,0,0,0,0,0,0,0,0,0,0,1,1.0
8865054ebbfffff,Gombak,0,0,False,0.0,0.0,966200,10180,0,0,0,0,0,0,0,0,0,0,0,0.0
8865056addfffff,Gombak,0,1,False,0.0,0.0,966200,10180,0,0,0,0,0,0,0,0,0,0,1,1.0
886505455dfffff,Gombak,0,0,False,0.0,0.0,966200,10180,0,0,0,0,0,0,0,0,0,0,0,0.0
8865057ab3fffff,Gombak,2,31,True,3.0,2507.439446366782,966200,10180,0,0,1,0,6,1,3,2,7,3,8,21.5
88650571d1fffff,Gombak,4,7,True,5.0,4179.065743944637,966200,10180,0,0,0,0,0,0,0,4,0,0,3,7.0
8865056163fffff,Gombak,0,0,False,0.0,0.0,966200,10180,0,0,0,0,0,0,0,0,0,0,0,0.0
8865057121fffff,Gombak,0,0,False,0.0,0.0,966200,10180,0,0,0,0,0,0,0,0,0,0,0,0.0
8865057181fffff,Gombak,5,9,True,6.0,5014.878892733564,966200,10180,0,0,0,0,1,0,0,5,3,0,0,7.6
8865057b47fffff,Gombak,0,0,False,0.0,0.0,966200,10180,0,0,0,0,0,0,0,0,0,0,0,0.0
88650571e9fffff,Gombak,2,2,True,3.0,2507.439446366782,966200,10180,0,0,0,0,0,0,0,2,0,0,0,2.0
8865055593fffff,Gombak,5,9,True,6.0,5014.878892733564,966200,10180,0,0,0,3,1,0,0,5,0,0,0,6.7
8865057a53fffff,Gombak,0,0,False,0.0,0.0,966200,10180,0,0,0,0,0,0,0,0,0,0,0,0.0
8865054ed5fffff,Gombak,0,0,False,0.0,0.0,966200,10180,0,0,0,0,0,0,0,0,0,0,0,0.0
88650544bbfffff,Gombak,0,0,False,0.0,0.0,966200,10180,0,0,0,0,0,0,0,0,0,0,0,0.0
8865054095fffff,Gombak,0,0,False,0.0,0.0,966200,10180,0,0,0,0,0,0,0,0,0,0,0,0.0
88650545ebfffff,Gombak,0,0,False,0.0,0.0,966200,10180,0,0,0,0,0,0,0,0,0,0,0,0.0
8865054517fffff,Gombak,0,2,False,0.0,0.0,966200,10180,0,0,0,1,0,0,0,0,0,0,1,1.4
886505626dfffff,Gombak,0,0,False,0.0,0.0,966200,10180,0,0,0,0,0,0,0,0,0,0,0,0.0
886505632bfffff,Gombak,1,4,True,2.0,1671.6262975778548,966200,10180,0,0,0,3,0,0,0,1,0,0,0,2.2
8865057ab5fffff,Gombak,1,2,True,2.0,1671.6262975778548,966200,10180,0,1,0,0,0,0,0,1,0,0,0,1.5
88650555a3fffff,Gombak,0,0,False,0.0,0.0,966200,10180,0,0,0,0,0,0,0,0,0,0,0,0.0
886505713bfffff,Gombak,6,11,True,7.0,5850.692041522491,966200,10180,0,0,0,2,1,0,0,6,2,0,0,8.7
88650544bdfffff,Gombak,3,21,True,4.0,3343.252595155709,966200,10180,0,2,0,4,0,0,0,3,2,3,7,15.8
886505474bfffff,Gombak,0,0,False,0.0,0.0,966200,10180,0,0,0,0,0,0,0,0,0,0,0,0.0
8865054ee3fffff,Gombak,0,0,False,0.0,0.0,966200,10180,0,0,0,0,0,0,0,0,0,0,0,0.0
8865054713fffff,Gombak,0,12,True,1.0,835.8131487889274,966200,10180,0,2,0,2,3,0,0,0,1,0,4,8.0
8865057a1dfffff,Gombak,0,0,False,0.0,0.0,966200,10180,0,0,0,0,0,0,0,0,0,0,0,0.0
8865054ec5fffff,Gombak,0,1,False,0.0,0.0,966200,10180,0,0,0,0,0,0,0,0,0,1,0,0.6
886505634bfffff,Gombak,1,22,True,2.0,1671.6262975778548,966200,10180,6,2,0,2,5,1,0,1,4,0,1,12.0
8865057acdfffff,Gombak,0,0,False,0.0,0.0,966200,10180,0,0,0,0,0,0,0,0,0,0,0,0.0
8865054509fffff,Gombak,0,0,False,0.0,0.0,966200,10180,0,0,0,0,0,0,0,0,0,0,0,0.0
88650578ddfffff,Gombak,0,21,True,1.0,835.8131487889274,966200,10180,2,6,0,1,6,0,4,0,1,0,1,9.7
8865054e99fffff,Gombak,0,0,False,0.0,0.0,966200,10180,0,0,0,0,0,0,0,0,0,0,0,0.0
886505606dfffff,Gombak,0,5,True,1.0,835.8131487889274,966200,10180,1,1,1,1,1,0,0,0,0,0,0,2.5
8865057a67fffff,Gombak,0,0,False,0.0,0.0,966200,10180,0,0,0,0,0,0,0,0,0,0,0,0.0
8865056333fffff,Gombak,0,13,True,1.0,835.8131487889274,966200,10180,4,1,0,2,1,1,2,0,0,2,0,5.5
886505610dfffff,Gombak,0,0,False,0.0,0.0,966200,10180,0,0,0,0,0,0,0,0,0,0,0,0.0
886505472dfffff,Gombak,0,0,False,0.0,0.0,966200,10180,0,0,0,0,0,0,0,0,0,0,0,0.0
8865054503fffff,Gombak,0,0,False,0.0,0.0,966200,10180,0,0,0,0,0,0,0,0,0,0,0,0.0
88650555a7fffff,Gombak,0,0,False,0.0,0.0,966200,10180,0,0,0,0,0,0,0,0,0,0,0,0.0
8865057ac5fffff,Gombak,0,2,False,0.0,0.0,966200,10180,0,0,0,0,0,0,0,0,0,2,0,1.2
88650540e7fffff,Gombak,0,0,False,0.0,0.0,966200,10180,0,0,0,0,0,0,0,0,0,0,0,0.0
886505781bfffff,Gombak,1,1,True,2.0,1671.6262975778548,966200,10180,0,0,0,0,0,0,0,1,0,0,0,1.0
8865057139fffff,Gombak,0,0,False,0.0,0.0,966200,10180,0,0,0,0,0,0,0,0,0,0,0,0.0
886505711dfffff,Gombak,1,43,True,2.0,1671.6262975778548,966200,10180,0,0,0,0,0,0,0,1,0,0,42,43.0
8865057b5bfffff,Gombak,0,0,False,0.0,0.0,966200,10180,0,0,0,0,0,0,0,0,0,0,0,0.0
8865057131fffff,Gombak,0,0,False,0.0,0.0,966200,10180,0,0,0,0,0,0,0,0,0,0,0,0.0
8865054717fffff,Gombak,0,8,True,1.0,835.8131487889274,966200,10180,1,1,0,5,0,0,0,0,1,0,0,3.6
8865054765fffff,Gombak,0,0,False,0.0,0.0,966200,10180,0,0,0,0,0,0,0,0,0,0,0,0.0
8865057a05fffff,Gombak,2,3,True,3.0,2507.439446366782,966200,10180,0,0,0,0,0,0,0,2,0,1,0,2.6
886505785dfffff,Gombak,0,1,False,0.0,0.0,966200,10180,0,0,1,0,0,0,0,0,0,0,0,0.7
8865056355fffff,Gombak,1,2,True,2.0,1671.6262975778548,966200,10180,1,0,0,0,0,0,0,1,0,0,0,1.4
88650540a9fffff,Gombak,0,0,False,0.0,0.0,966200,10180,0,0,0,0,0,0,0,0,0,0,0,0.0
88650540cbfffff,Gombak,0,0,False,0.0,0.0,966200,10180,0,0,0,0,0,0,0,0,0,0,0,0.0
88650544b5fffff,Gombak,0,2,False,0.0,0.0,966200,10180,0,0,0,0,0,0,0,0,0,2,0,1.2
8865054559fffff,Gombak,0,12,True,1.0,835.8131487889274,966200,10180,0,0,0,12,0,0,0,0,0,0,0,4.800000000000001
8865054e17fffff,Gombak,0,0,False,0.0,0.0,966200,10180,0,0,0,0,0,0,0,0,0,0,0,0.0
8865057197fffff,Gombak,0,0,False,0.0,0.0,966200,10180,0,0,0,0,0,0,0,0,0,0,0,0.0
8865054ecbfffff,Gombak,0,0,False,0.0,0.0,966200,10180,0,0,0,0,0,0,0,0,0,0,0,0.0
88650578c1fffff,Gombak,0,0,False,0.0,0.0,966200,10180,0,0,0,0,0,0,0,0,0,0,0,0.0
8865057153fffff,Gombak,2,8,True,3.0,2507.439446366782,966200,10180,0,0,0,0,0,1,1,2,2,0,2,6.1
8865054551fffff,Gombak,1,3,True,2.0,1671.6262975778548,966200,10180,1,0,0,1,0,0,0,1,0,0,0,1.8
8865057337fffff,Gombak,9,13,True,10.0,8358.131487889274,966200,10180,1,0,0,3,0,0,0,6,0,0,0,7.6
88650545b1fffff,Gombak,0,0,False,0.0,0.0,966200,10180,0,0,0,0,0,0,0,0,0,0,0,0.0
8865057a3bfffff,Gombak,3,10,True,4.0,3343.252595155709,966200,10180,0,0,0,0,1,0,2,3,1,2,1,6.8
8865054e3dfffff,Gombak,0,0,False,0.0,0.0,966200,10180,0,0,0,0,0,0,0,0,0,0,0,0.0
886505442dfffff,Gombak,0,34,True,1.0,835.8131487889274,966200,10180,1,1,0,11,6,0,6,0,0,8,1,15.3
88650571d7fffff,Gombak,0,0,False,0.0,0.0,966200,10180,0,0,0,0,0,0,0,0,0,0,0,0.0
8865057b51fffff,Gombak,0,0,False,0.0,0.0,966200,10180,0,0,0,0,0,0,0,0,0,0,0,0.0
8865054759fffff,Gombak,33,53,True,25.5,21313.235294117647,966200,10180,2,0,0,6,3,0,0,33,6,3,0,43.7
88650540ebfffff,Gombak,0,0,False,0.0,0.0,966200,10180,0,0,0,0,0,0,0,0,0,0,0,0.0
8865054545fffff,Gombak,0,0,False,0.0,0.0,966200,10180,0,0,0,0,0,0,0,0,0,0,0,0.0
8865057abbfffff,Gombak,0,10,True,1.0,835.8131487889274,966200,10180,0,0,0,0,1,0,0,0,1,0,8,9.2
8865054737fffff,Gombak,0,0,False,0.0,0.0,966200,10180,0,0,0,0,0,0,0,0,0,0,0,0.0
8865057a21fffff,Gombak,0,0,False,0.0,0.0,966200,10180,0,0,0,0,0,0,0,0,0,0,0,0.0
8865054083fffff,Gombak,0,0,False,0.0,0.0,966200,10180,0,0,0,0,0,0,0,0,0,0,0,0.0
886505602dfffff,Gombak,0,0,False,0.0,0.0,966200,10180,0,0,0,0,0,0,0,0,0,0,0,0.0
8865054769fffff,Gombak,0,0,False,0.0,0.0,966200,10180,0,0,0,0,0,0,0,0,0,0,0,0.0
8865057a27fffff,Gombak,0,0,False,0.0,0.0,966200,10180,0,0,0,0,0,0,0,0,0,0,0,0.0
88650555b7fffff,Gombak,4,5,True,5.0,4179.065743944637,966200,10180,0,0,0,0,0,0,0,4,0,1,0,4.6
8865054535fffff,Gombak,0,2,False,0.0,0.0,966200,10180,0,0,0,0,0,0,0,0,0,2,0,1.2
8865054543fffff,Gombak,0,0,False,0.0,0.0,966200,10180,0,0,0,0,0,0,0,0,0,0,0,0.0
8865057a83fffff,Gombak,2,37,True,3.0,2507.439446366782,966200,10180,0,1,0,0,0,0,0,2,0,0,34,36.5
88650571b7fffff,Gombak,0,6,True,1.0,835.8131487889274,966200,10180,1,0,0,0,1,0,2,0,0,1,0,1.9
8865055597fffff,Gombak,2,4,True,3.0,2507.439446366782,966200,10180,0,0,0,2,0,0,0,2,0,0,0,2.8
8865056131fffff,Gombak,0,1,False,0.0,0.0,966200,10180,0,0,1,0,0,0,0,0,0,0,0,0.7
88650544b3fffff,Gombak,0,0,False,0.0,0.0,966200,10180,0,0,0,0,0,0,0,0,0,0,0,0.0
8865057aa3fffff,Gombak,2,5,True,3.0,2507.439446366782,966200,10180,0,1,0,0,0,0,0,2,2,0,0,3.9
8865054601fffff,Gombak,41,140,True,25.5,21313.235294117647,966200,10180,6,4,0,5,8,2,3,40,67,3,0,100.7
8865057893fffff,Gombak,0,0,False,0.0,0.0,966200,10180,0,0,0,0,0,0,0,0,0,0,0,0.0
8865054ebdfffff,Gombak,0,0,False,0.0,0.0,966200,10180,0,0,0,0,0,0,0,0,0,0,0,0.0
8865057185fffff,Gombak,0,2,False,0.0,0.0,966200,10180,1,0,0,1,0,0,0,0,0,0,0,0.8
8865054589fffff,Gombak,0,1,False,0.0,0.0,966200,10180,0,0,0,0,0,0,0,0,0,1,0,0.6
8865057819fffff,Gombak,4,11,True,5.0,4179.065743944637,966200,10180,0,1,0,0,1,0,1,4,1,1,2,8.5
8865057aa9fffff,Gombak,1,3,True,2.0,1671.6262975778548,966200,10180,0,0,0,0,0,0,0,1,0,0,2,3.0
88650542b3fffff,Gombak,0,0,False,0.0,0.0,966200,10180,0,0,0,0,0,0,0,0,0,0,0,0.0
8865057157fffff,Gombak,1,11,True,2.0,1671.6262975778548,966200,10180,1,0,0,0,3,0,1,1,1,4,0,6.2
8865054417fffff,Gombak,3,160,True,4.0,3343.252595155709,966200,10180,2,0,0,0,6,1,4,3,4,5,135,148.9
88650540b7fffff,Gombak,0,0,False,0.0,0.0,966200,10180,0,0,0,0,0,0,0,0,0,0,0,0.0
88650555bdfffff,Gombak,0,0,False,0.0,0.0,966200,10180,0,0,0,0,0,0,0,0,0,0,0,0.0
88650571e5fffff,Gombak,4,22,True,5.0,4179.065743944637,966200,10180,1,2,0,2,0,1,0,4,0,4,8,17.1
88650544e7fffff,Gombak,6,66,True,7.0,5850.692041522491,966200,10180,7,3,0,3,0,0,2,6,42,2,1,43.5
8865057a91fffff,Gombak,4,5,True,5.0,4179.065743944637,966200,10180,0,0,0,1,0,0,0,4,0,0,0,4.4
8865057a37fffff,Gombak,0,0,False,0.0,0.0,966200,10180,0,0,0,0,0,0,0,0,0,0,0,0.0
8865057113fffff,Gombak,4,6,True,5.0,4179.065743944637,966200,10180,0,1,0,0,0,0,0,4,0,1,0,5.1
886505446dfffff,Gombak,0,1,False,0.0,0.0,966200,10180,0,0,0,0,0,0,0,0,0,0,1,1.0
8865057105fffff,Gombak,0,0,False,0.0,0.0,966200,10180,0,0,0,0,0,0,0,0,0,0,0,0.0
886505473bfffff,Gombak,0,1,False,0.0,0.0,966200,10180,0,0,1,0,0,0,0,0,0,0,0,0.7
8865057107fffff,Gombak,0,0,False,0.0,0.0,966200,10180,0,0,0,0,0,0,0,0,0,0,0,0.0
8865055583fffff,Gombak,0,0,False,0.0,0.0,966200,10180,0,0,0,0,0,0,0,0,0,0,0,0.0
886505443bfffff,Gombak,1,38,True,2.0,1671.6262975778548,966200,10180,0,0,0,0,2,0,3,1,13,1,17,29.3
8865054ed3fffff,Gombak,0,0,False,0.0,0.0,966200,10180,0,0,0,0,0,0,0,0,0,0,0,0.0
886505450bfffff,Gombak,0,0,False,0.0,0.0,966200,10180,0,0,0,0,0,0,0,0,0,0,0,0.0
886505606bfffff,Gombak,1,1,True,2.0,1671.6262975778548,966200,10180,0,0,0,0,0,0,0,1,0,0,0,1.0
88650540c1fffff,Gombak,0,0,False,0.0,0.0,966200,10180,0,0,0,0,0,0,0,0,0,0,0,0.0
8865057ad5fffff,Gombak,0,0,False,0.0,0.0,966200,10180,0,0,0,0,0,0,0,0,0,0,0,0.0
8865054663fffff,Gombak,61,109,True,25.5,21313.235294117647,966200,10180,6,2,0,1,6,0,1,59,8,0,24,95.6
8865054ec7fffff,Gombak,0,0,False,0.0,0.0,966200,10180,0,0,0,0,0,0,0,0,0,0,0,0.0
88650545a5fffff,Gombak,2,2,True,3.0,2507.439446366782,966200,10180,0,0,0,0,0,0,0,2,0,0,0,2.0
8865054e33fffff,Gombak,0,0,False,0.0,0.0,966200,10180,0,0,0,0,0,0,0,0,0,0,0,0.0
8865054e51fffff,Gombak,0,0,False,0.0,0.0,966200,10180,0,0,0,0,0,0,0,0,0,0,0,0.0
8865054595fffff,Gombak,0,0,False,0.0,0.0,966200,10180,0,0,0,0,0,0,0,0,0,0,0,0.0
886505789dfffff,Gombak,0,0,False,0.0,0.0,966200,10180,0,0,0,0,0,0,0,0,0,0,0,0.0
8865056ad9fffff,Gombak,0,0,False,0.0,0.0,966200,10180,0,0,0,0,0,0,0,0,0,0,0,0.0
8865054665fffff,Gombak,7,9,True,8.0,6686.505190311419,966200,10180,1,0,1,0,0,0,0,7,0,0,0,8.1
88650571b3fffff,Gombak,0,0,False,0.0,0.0,966200,10180,0,0,0,0,0,0,0,0,0,0,0,0.0
8865054493fffff,Gombak,0,1,False,0.0,0.0,966200,10180,0,0,0,1,0,0,0,0,0,0,0,0.4
8865054e31fffff,Gombak,0,0,False,0.0,0.0,966200,10180,0,0,0,0,0,0,0,0,0,0,0,0.0
8865056143fffff,Gombak,0,0,False,0.0,0.0,966200,10180,0,0,0,0,0,0,0,0,0,0,0,0.0
88650578dbfffff,Gombak,4,61,True,5.0,4179.065743944637,966200,10180,0,2,0,5,16,0,3,4,9,2,20,43.1
8865054705fffff,Gombak,0,0,False,0.0,0.0,966200,10180,0,0,0,0,0,0,0,0,0,0,0,0.0
88650571ddfffff,Gombak,17,25,True,18.0,15044.636678200692,966200,10180,4,1,0,1,0,0,1,17,1,0,0,20.4
886505471dfffff,Gombak,14,15,True,15.0,12537.19723183391,966200,10180,1,0,0,0,0,0,0,14,0,0,0,14.4
8865054723fffff,Gombak,0,0,False,0.0,0.0,966200,10180,0,0,0,0,0,0,0,0,0,0,0,0.0
8865054755fffff,Gombak,12,14,True,13.0,10865.570934256057,966200,10180,1,0,0,0,0,0,0,12,0,1,0,13.0
886505615bfffff,Gombak,0,0,False,0.0,0.0,966200,10180,0,0,0,0,0,0,0,0,0,0,0,0.0
8865057b69fffff,Gombak,0,0,False,0.0,0.0,966200,10180,0,0,0,0,0,0,0,0,0,0,0,0.0
88650578cbfffff,Gombak,0,8,True,1.0,835.8131487889274,966200,10180,1,0,0,4,0,0,0,0,3,0,0,4.1
8865056ac1fffff,Gombak,0,0,False,0.0,0.0,966200,10180,0,0,0,0,0,0,0,0,0,0,0,0.0
8865054ee7fffff,Gombak,0,0,False,0.0,0.0,966200,10180,0,0,0,0,0,0,0,0,0,0,0,0.0
8865057a8dfffff,Gombak,0,2,False,0.0,0.0,966200,10180,0,0,0,0,0,0,0,0,0,0,2,2.0
88650545e5fffff,Gombak,0,0,False,0.0,0.0,966200,10180,0,0,0,0,0,0,0,0,0,0,0,0.0
8865057103fffff,Gombak,0,0,False,0.0,0.0,966200,10180,0,0,0,0,0,0,0,0,0,0,0,0.0
8865054719fffff,Gombak,0,25,True,1.0,835.8131487889274,966200,10180,2,2,0,1,8,1,3,0,1,2,5,14.2
8865057a07fffff,Gombak,1,8,True,2.0,1671.6262975778548,966200,10180,2,0,0,1,1,0,0,1,0,3,0,4.5
8865057135fffff,Gombak,3,3,True,4.0,3343.252595155709,966200,10180,0,0,0,0,0,0,0,3,0,0,0,3.0
8865057ae9fffff,Gombak,2,7,True,3.0,2507.439446366782,966200,10180,1,1,0,0,0,0,0,2,3,0,0,5.0
8865056357fffff,Gombak,1,3,True,2.0,1671.6262975778548,966200,10180,0,0,0,2,0,0,0,1,0,0,0,1.8
8865057a43fffff,Gombak,0,0,False,0.0,0.0,966200,10180,0,0,0,0,0,0,0,0,0,0,0,0.0
8865054725fffff,Gombak,0,0,False,0.0,0.0,966200,10180,0,0,0,0,0,0,0,0,0,0,0,0.0
886505716bfffff,Gombak,0,0,False,0.0,0.0,966200,10180,0,0,0,0,0,0,0,0,0,0,0,0.0
8865054749fffff,Gombak,0,0,False,0.0,0.0,966200,10180,0,0,0,0,0,0,0,0,0,0,0,0.0
8865054081fffff,Gombak,0,0,False,0.0,0.0,966200,10180,0,0,0,0,0,0,0,0,0,0,0,0.0
8865056321fffff,Gombak,0,4,True,1.0,835.8131487889274,966200,10180,1,0,0,2,0,0,0,0,0,0,1,2.2
8865056335fffff,Gombak,0,0,False,0.0,0.0,966200,10180,0,0,0,0,0,0,0,0,0,0,0,0.0
8865056365fffff,Gombak,0,3,True,1.0,835.8131487889274,966200,10180,0,0,0,0,1,0,0,0,1,1,0,1.7999999999999998
8865057a4bfffff,Gombak,1,1,True,2.0,1671.6262975778548,966200,10180,0,0,0,0,0,0,0,1,0,0,0,1.0
8865054ea7fffff,Gombak,0,0,False,0.0,0.0,966200,10180,0,0,0,0,0,0,0,0,0,0,0,0.0
8865057a49fffff,Gombak,1,1,True,2.0,1671.6262975778548,966200,10180,0,0,0,0,0,0,0,1,0,0,0,1.0
8865054647fffff,Gombak,10,78,True,11.0,9193.9446366782,966200,10180,4,4,1,28,7,1,0,10,19,3,1,45.6
8865056133fffff,Gombak,0,0,False,0.0,0.0,966200,10180,0,0,0,0,0,0,0,0,0,0,0,0.0
8865057857fffff,Gombak,3,7,True,4.0,3343.252595155709,966200,10180,0,0,0,2,0,0,0,3,2,0,0,5.2
886505456bfffff,Gombak,0,0,False,0.0,0.0,966200,10180,0,0,0,0,0,0,0,0,0,0,0,0.0
8865057a87fffff,Gombak,4,10,True,5.0,4179.065743944637,966200,10180,1,0,0,0,0,0,0,4,0,0,5,9.4
8865057a15fffff,Gombak,0,0,False,0.0,0.0,966200,10180,0,0,0,0,0,0,0,0,0,0,0,0.0
886505458bfffff,Gombak,0,0,False,0.0,0.0,966200,10180,0,0,0,0,0,0,0,0,0,0,0,0.0
8865057849fffff,Gombak,0,0,False,0.0,0.0,966200,10180,0,0,0,0,0,0,0,0,0,0,0,0.0
8865057ae5fffff,Gombak,1,18,True,2.0,1671.6262975778548,966200,10180,0,0,0,0,0,1,0,1,0,1,14,16.1
8865056301fffff,Gombak,0,1,False,0.0,0.0,966200,10180,0,0,0,0,0,0,0,0,0,0,1,1.0
8865057a63fffff,Gombak,1,4,True,2.0,1671.6262975778548,966200,10180,0,0,0,2,0,0,0,1,0,1,0,2.4
88650555b3fffff,Gombak,0,0,False,0.0,0.0,966200,10180,0,0,0,0,0,0,0,0,0,0,0,0.0
886505632dfffff,Gombak,0,7,True,1.0,835.8131487889274,966200,10180,0,0,0,1,1,0,4,0,0,0,1,2.7
886505409dfffff,Gombak,0,0,False,0.0,0.0,966200,10180,0,0,0,0,0,0,0,0,0,0,0,0.0
8865057137fffff,Gombak,0,0,False,0.0,0.0,966200,10180,0,0,0,0,0,0,0,0,0,0,0,0.0
8865057a89fffff,Gombak,0,0,False,0.0,0.0,966200,10180,0,0,0,0,0,0,0,0,0,0,0,0.0
8865054e4bfffff,Gombak,0,0,False,0.0,0.0,966200,10180,0,0,0,0,0,0,0,0,0,0,0,0.0
886505634dfffff,Gombak,0,24,True,1.0,835.8131487889274,966200,10180,1,0,0,1,1,0,0,0,0,2,19,21.5
88650571c5fffff,Gombak,1,1,True,2.0,1671.6262975778548,966200,10180,0,0,0,0,0,0,0,1,0,0,0,1.0
88650540c7fffff,Gombak,0,0,False,0.0,0.0,966200,10180,0,0,0,0,0,0,0,0,0,0,0,0.0
8865056349fffff,Gombak,0,0,False,0.0,0.0,966200,10180,0,0,0,0,0,0,0,0,0,0,0,0.0
88650571e7fffff,Gombak,1,1,True,2.0,1671.6262975778548,966200,10180,0,0,0,0,0,0,0,1,0,0,0,1.0
886505712bfffff,Gombak,0,0,False,0.0,0.0,966200,10180,0,0,0,0,0,0,0,0,0,0,0,0.0
8865057127fffff,Gombak,0,0,False,0.0,0.0,966200,10180,0,0,0,0,0,0,0,0,0,0,0,0.0
8865054549fffff,Gombak,0,0,False,0.0,0.0,966200,10180,0,0,0,0,0,0,0,0,0,0,0,0.0
8865056147fffff,Gombak,0,0,False,0.0,0.0,966200,10180,0,0,0,0,0,0,0,0,0,0,0,0.0
8865054491fffff,Gombak,0,1,False,0.0,0.0,966200,10180,0,1,0,0,0,0,0,0,0,0,0,0.5
88650545bdfffff,Gombak,0,0,False,0.0,0.0,966200,10180,0,0,0,0,0,0,0,0,0,0,0,0.0
88650545b9fffff,Gombak,0,0,False,0.0,0.0,966200,10180,0,0,0,0,0,0,0,0,0,0,0,0.0
8865056119fffff,Gombak,0,0,False,0.0,0.0,966200,10180,0,0,0,0,0,0,0,0,0,0,0,0.0
8865054467fffff,Gombak,0,8,True,1.0,835.8131487889274,966200,10180,0,2,0,4,0,0,0,0,0,2,0,3.8
88650571a7fffff,Gombak,2,2,True,3.0,2507.439446366782,966200,10180,0,0,0,0,0,0,0,2,0,0,0,2.0
886505471bfffff,Gombak,8,143,True,9.0,7522.318339100346,966200,10180,3,2,2,4,34,5,16,8,15,16,38,94.0
8865056067fffff,Gombak,0,0,False,0.0,0.0,966200,10180,0,0,0,0,0,0,0,0,0,0,0,0.0
88650545d7fffff,Gombak,2,2,True,3.0,2507.439446366782,966200,10180,0,0,0,0,0,0,0,2,0,0,0,2.0
8865054461fffff,Gombak,0,0,False,0.0,0.0,966200,10180,0,0,0,0,0,0,0,0,0,0,0,0.0
8865057149fffff,Gombak,2,11,True,3.0,2507.439446366782,966200,10180,0,0,0,1,1,0,0,2,1,0,6,9.6
8865057a31fffff,Gombak,0,0,False,0.0,0.0,966200,10180,0,0,0,0,0,0,0,0,0,0,0,0.0
886505719bfffff,Gombak,0,8,True,1.0,835.8131487889274,966200,10180,1,0,0,3,0,0,0,0,0,4,0,4.0
88650571ebfffff,Gombak,1,2,True,2.0,1671.6262975778548,966200,10180,0,1,0,0,0,0,0,1,0,0,0,1.5
8865056305fffff,Gombak,1,4,True,2.0,1671.6262975778548,966200,10180,0,0,0,2,0,0,0,1,0,0,1,2.8
886505714dfffff,Gombak,0,2,False,0.0,0.0,966200,10180,0,0,0,0,1,0,0,0,0,0,1,1.5
8865054ec1fffff,Gombak,0,0,False,0.0,0.0,966200,10180,0,0,0,0,0,0,0,0,0,0,0,0.0
8865054439fffff,Gombak,5,172,True,6.0,5014.878892733564,966200,10180,3,1,2,5,37,16,11,5,32,5,55,119.2
8865054eb5fffff,Gombak,0,0,False,0.0,0.0,966200,10180,0,0,0,0,0,0,0,0,0,0,0,0.0
8865057813fffff,Gombak,0,0,False,0.0,0.0,966200,10180,0,0,0,0,0,0,0,0,0,0,0,0.0
8865054563fffff,Gombak,0,0,False,0.0,0.0,966200,10180,0,0,0,0,0,0,0,0,0,0,0,0.0
8865054e5bfffff,Gombak,0,0,False,0.0,0.0,966200,10180,0,0,0,0,0,0,0,0,0,0,0,0.0
8865057889fffff,Gombak,0,0,False,0.0,0.0,966200,10180,0,0,0,0,0,0,0,0,0,0,0,0.0
8865054e89fffff,Gombak,0,0,False,0.0,0.0,966200,10180,0,0,0,0,0,0,0,0,0,0,0,0.0
8865054767fffff,Gombak,0,0,False,0.0,0.0,966200,10180,0,0,0,0,0,0,0,0,0,0,0,0.0
8865054ec9fffff,Gombak,0,0,False,0.0,0.0,966200,10180,0,0,0,0,0,0,0,0,0,0,0,0.0
88650545b7fffff,Gombak,0,0,False,0.0,0.0,966200,10180,0,0,0,0,0,0,0,0,0,0,0,0.0
8865054513fffff,Gombak,0,0,False,0.0,0.0,966200,10180,0,0,0,0,0,0,0,0,0,0,0,0.0
8865057ac3fffff,Gombak,0,0,False,0.0,0.0,966200,10180,0,0,0,0,0,0,0,0,0,0,0,0.0
8865057151fffff,Gombak,7,23,True,8.0,6686.505190311419,966200,10180,1,2,0,4,0,2,0,7,0,7,0,15.2
8865054e8bfffff,Gombak,0,0,False,0.0,0.0,966200,10180,0,0,0,0,0,0,0,0,0,0,0,0.0
8865056225fffff,Gombak,0,31,True,1.0,835.8131487889274,966200,10180,2,2,0,2,6,1,1,0,6,5,6,19.5
8865056107fffff,Gombak,0,0,False,0.0,0.0,966200,10180,0,0,0,0,0,0,0,0,0,0,0,0.0
8865056103fffff,Gombak,0,0,False,0.0,0.0,966200,10180,0,0,0,0,0,0,0,0,0,0,0,0.0
8865057a41fffff,Gombak,0,0,False,0.0,0.0,966200,10180,0,0,0,0,0,0,0,0,0,0,0,0.0
886505453dfffff,Gombak,0,0,False,0.0,0.0,966200,10180,0,0,0,0,0,0,0,0,0,0,0,0.0
8865054e95fffff,Gombak,0,0,False,0.0,0.0,966200,10180,0,0,0,0,0,0,0,0,0,0,0,0.0
8865054eebfffff,Gombak,0,0,False,0.0,0.0,966200,10180,0,0,0,0,0,0,0,0,0,0,0,0.0
88650571b1fffff,Gombak,0,0,False,0.0,0.0,966200,10180,0,0,0,0,0,0,0,0,0,0,0,0.0
8865054e03fffff,Gombak,0,1,False,0.0,0.0,966200,10180,1,0,0,0,0,0,0,0,0,0,0,0.4
88650544e9fffff,Gombak,4,77,True,5.0,4179.065743944637,966200,10180,2,1,0,3,3,0,5,4,6,1,52,65.8
8865056acbfffff,Gombak,0,0,False,0.0,0.0,966200,10180,0,0,0,0,0,0,0,0,0,0,0,0.0
8865054525fffff,Gombak,0,0,False,0.0,0.0,966200,10180,0,0,0,0,0,0,0,0,0,0,0,0.0
8865054731fffff,Gombak,0,0,False,0.0,0.0,966200,10180,0,0,0,0,0,0,0,0,0,0,0,0.0
88650578c5fffff,Gombak,1,1,True,2.0,1671.6262975778548,966200,10180,0,0,0,0,0,0,0,1,0,0,0,1.0
886505456dfffff,Gombak,0,0,False,0.0,0.0,966200,10180,0,0,0,0,0,0,0,0,0,0,0,0.0
8865057ab7fffff,Gombak,1,7,True,2.0,1671.6262975778548,966200,10180,0,2,0,2,1,0,0,1,1,0,0,4.0
8865054583fffff,Gombak,0,0,False,0.0,0.0,966200,10180,0,0,0,0,0,0,0,0,0,0,0,0.0
8865056317fffff,Gombak,1,3,True,2.0,1671.6262975778548,966200,10180,2,0,0,0,0,0,0,1,0,0,0,1.8
8865054097fffff,Gombak,0,0,False,0.0,0.0,966200,10180,0,0,0,0,0,0,0,0,0,0,0,0.0
8865055589fffff,Gombak,0,0,False,0.0,0.0,966200,10180,0,0,0,0,0,0,0,0,0,0,0,0.0
8865057a0dfffff,Gombak,2,6,True,3.0,2507.439446366782,966200,10180,0,1,0,0,0,0,0,2,0,3,0,4.3
886505630dfffff,Gombak,3,3,True,4.0,3343.252595155709,966200,10180,0,0,0,0,0,0,0,3,0,0,0,3.0
886505614dfffff,Gombak,0,0,False,0.0,0.0,966200,10180,0,0,0,0,0,0,0,0,0,0,0,0.0
8865054edbfffff,Gombak,0,0,False,0.0,0.0,966200,10180,0,0,0,0,0,0,0,0,0,0,0,0.0
88650578d3fffff,Gombak,1,28,True,2.0,1671.6262975778548,966200,10180,1,1,0,4,5,1,5,1,3,1,6,16.2
88650571a5fffff,Gombak,0,1,False,0.0,0.0,966200,10180,0,0,0,1,0,0,0,0,0,0,0,0.4
8865054cc5fffff,Gombak,0,0,False,0.0,0.0,966200,10180,0,0,0,0,0,0,0,0,0,0,0,0.0
8865054423fffff,Gombak,0,1,False,0.0,0.0,966200,10180,1,0,0,0,0,0,0,0,0,0,0,0.4
8865057a55fffff,Gombak,0,0,False,0.0,0.0,966200,10180,0,0,0,0,0,0,0,0,0,0,0,0.0
8865054e81fffff,Gombak,0,0,False,0.0,0.0,966200,10180,0,0,0,0,0,0,0,0,0,0,0,0.0
8865054e35fffff,Gombak,0,0,False,0.0,0.0,966200,10180,0,0,0,0,0,0,0,0,0,0,0,0.0
8865054c19fffff,Gombak,0,0,False,0.0,0.0,966200,10180,0,0,0,0,0,0,0,0,0,0,0,0.0
8865054ea3fffff,Gombak,0,0,False,0.0,0.0,966200,10180,0,0,0,0,0,0,0,0,0,0,0,0.0
8865054741fffff,Gombak,0,1,False,0.0,0.0,966200,10180,0,0,0,1,0,0,0,0,0,0,0,0.4
88650545d3fffff,Gombak,0,5,True,1.0,835.8131487889274,966200,10180,1,0,0,1,1,0,0,0,2,0,0,2.7
8865054e55fffff,Gombak,0,0,False,0.0,0.0,966200,10180,0,0,0,0,0,0,0,0,0,0,0,0.0
8865057aebfffff,Gombak,0,0,False,0.0,0.0,966200,10180,0,0,0,0,0,0,0,0,0,0,0,0.0
88650545c3fffff,Gombak,0,0,False,0.0,0.0,966200,10180,0,0,0,0,0,0,0,0,0,0,0,0.0
88650571abfffff,Gombak,2,9,True,3.0,2507.439446366782,966200,10180,2,3,0,0,0,0,0,2,2,0,0,5.7
8865057891fffff,Gombak,0,0,False,0.0,0.0,966200,10180,0,0,0,0,0,0,0,0,0,0,0,0.0
8865054757fffff,Gombak,0,2,False,0.0,0.0,966200,10180,0,0,0,1,0,0,0,0,0,1,0,1.0
8865054405fffff,Gombak,8,25,True,9.0,7522.318339100346,966200,10180,1,2,0,3,2,0,1,8,0,6,1,16.4
8865056ac9fffff,Gombak,0,0,False,0.0,0.0,966200,10180,0,0,0,0,0,0,0,0,0,0,0,0.0
886505715dfffff,Gombak,5,14,True,6.0,5014.878892733564,966200,10180,0,0,0,6,0,0,0,3,0,3,0,7.2
886505474dfffff,Gombak,0,0,False,0.0,0.0,966200,10180,0,0,0,0,0,0,0,0,0,0,0,0.0
8865054eddfffff,Gombak,0,0,False,0.0,0.0,966200,10180,0,0,0,0,0,0,0,0,0,0,0,0.0
8865054531fffff,Gombak,5,11,True,6.0,5014.878892733564,966200,10180,2,0,1,2,0,0,1,5,0,0,0,7.5
886505470dfffff,Gombak,0,3,True,1.0,835.8131487889274,966200,10180,0,0,0,0,2,0,0,0,0,1,0,1.6
88650545a9fffff,Gombak,0,0,False,0.0,0.0,966200,10180,0,0,0,0,0,0,0,0,0,0,0,0.0
8865057a61fffff,Gombak,1,2,True,2.0,1671.6262975778548,966200,10180,0,0,0,1,0,0,0,1,0,0,0,1.4
886505613bfffff,Gombak,0,0,False,0.0,0.0,966200,10180,0,0,0,0,0,0,0,0,0,0,0,0.0
8865056345fffff,Gombak,0,2,False,0.0,0.0,966200,10180,0,0,0,0,0,0,0,0,0,0,2,2.0
8865054497fffff,Gombak,0,1,False,0.0,0.0,966200,10180,0,0,0,0,1,0,0,0,0,0,0,0.5
8865054421fffff,Gombak,0,2,False,0.0,0.0,966200,10180,2,0,0,0,0,0,0,0,0,0,0,0.8
8865054c5bfffff,Gombak,0,0,False,0.0,0.0,966200,10180,0,0,0,0,0,0,0,0,0,0,0,0.0
88650545a7fffff,Gombak,0,0,False,0.0,0.0,966200,10180,0,0,0,0,0,0,0,0,0,0,0,0.0
88650578d5fffff,Gombak,1,2,True,2.0,1671.6262975778548,966200,10180,0,0,0,0,0,0,1,1,0,0,0,1.2
8865054581fffff,Gombak,0,0,False,0.0,0.0,966200,10180,0,0,0,0,0,0,0,0,0,0,0,0.0
88650544e1fffff,Gombak,6,52,True,7.0,5850.692041522491,966200,10180,5,4,0,2,1,1,3,6,4,2,24,40.4
88650555b9fffff,Gombak,0,0,False,0.0,0.0,966200,10180,0,0,0,0,0,0,0,0,0,0,0,0.0
886505472bfffff,Gombak,0,0,False,0.0,0.0,966200,10180,0,0,0,0,0,0,0,0,0,0,0,0.0
8865055595fffff,Gombak,0,0,False,0.0,0.0,966200,10180,0,0,0,0,0,0,0,0,0,0,0,0.0
8865054e13fffff,Gombak,0,3,True,1.0,835.8131487889274,966200,10180,0,1,0,0,0,0,1,0,0,0,1,1.7
8865054437fffff,Gombak,47,58,True,25.5,21313.235294117647,966200,10180,1,0,0,2,1,0,0,47,2,2,3,54.3
8865056149fffff,Gombak,0,0,False,0.0,0.0,966200,10180,0,0,0,0,0,0,0,0,0,0,0,0.0
8865057133fffff,Gombak,0,0,False,0.0,0.0,966200,10180,0,0,0,0,0,0,0,0,0,0,0,0.0
886505610bfffff,Gombak,0,0,False,0.0,0.0,966200,10180,0,0,0,0,0,0,0,0,0,0,0,0.0
886505636dfffff,Gombak,0,1,False,0.0,0.0,966200,10180,0,0,0,1,0,0,0,0,0,0,0,0.4
886505408bfffff,Gombak,0,0,False,0.0,0.0,966200,10180,0,0,0,0,0,0,0,0,0,0,0,0.0
8865054e5dfffff,Gombak,0,0,False,0.0,0.0,966200,10180,0,0,0,0,0,0,0,0,0,0,0,0.0
886505476dfffff,Gombak,0,0,False,0.0,0.0,966200,10180,0,0,0,0,0,0,0,0,0,0,0,0.0
88650545d9fffff,Gombak,2,9,True,3.0,2507.439446366782,966200,10180,0,2,0,1,0,1,0,2,0,3,0,5.7
8865054553fffff,Gombak,2,31,True,3.0,2507.439446366782,966200,10180,2,0,0,15,2,0,4,2,3,3,0,14.5
8865054427fffff,Gombak,0,0,False,0.0,0.0,966200,10180,0,0,0,0,0,0,0,0,0,0,0,0.0
8865056005fffff,Gombak,2,2,True,3.0,2507.439446366782,966200,10180,0,0,0,0,0,0,0,2,0,0,0,2.0
88650540dbfffff,Gombak,0,0,False,0.0,0.0,966200,10180,0,0,0,0,0,0,0,0,0,0,0,0.0
8865054e0dfffff,Gombak,0,0,False,0.0,0.0,966200,10180,0,0,0,0,0,0,0,0,0,0,0,0.0
8865054537fffff,Gombak,0,1,False,0.0,0.0,966200,10180,0,0,0,0,0,0,0,0,0,1,0,0.6
886505466dfffff,Gombak,14,15,True,15.0,12537.19723183391,966200,10180,1,0,0,0,0,0,0,14,0,0,0,14.4
886505612bfffff,Gombak,0,0,False,0.0,0.0,966200,10180,0,0,0,0,0,0,0,0,0,0,0,0.0
8865057a6dfffff,Gombak,0,0,False,0.0,0.0,966200,10180,0,0,0,0,0,0,0,0,0,0,0,0.0
8865054ecdfffff,Gombak,0,0,False,0.0,0.0,966200,10180,0,0,0,0,0,0,0,0,0,0,0,0.0
88650540e5fffff,Gombak,0,0,False,0.0,0.0,966200,10180,0,0,0,0,0,0,0,0,0,0,0,0.0
8865056029fffff,Gombak,0,1,False,0.0,0.0,966200,10180,0,0,0,0,0,0,0,0,0,0,1,1.0
8865054463fffff,Gombak,0,5,True,1.0,835.8131487889274,966200,10180,1,0,0,0,1,0,1,0,0,1,0,1.7000000000000002
88650576e3fffff,Klang,0,2,False,0.0,0.0,1134000,8203,1,0,0,0,0,0,0,0,0,0,1,1.4
8865053a8dfffff,Klang,4,6,True,5.0,6084.735576923076,1134000,8203,0,1,0,0,0,0,0,4,1,0,0,5.2
8865053915fffff,Klang,0,2,False,0.0,0.0,1134000,8203,0,0,0,0,0,0,0,0,0,0,2,2.0
88650576bbfffff,Klang,0,0,False,0.0,0.0,1134000,8203,0,0,0,0,0,0,0,0,0,0,0,0.0
8865057751fffff,Klang,0,43,True,1.0,1216.9471153846152,1134000,8203,1,0,0,0,0,0,0,0,0,0,42,42.4
88650576c5fffff,Klang,0,1,False,0.0,0.0,1134000,8203,0,0,0,1,0,0,0,0,0,0,0,0.4
8865057631fffff,Klang,0,59,True,1.0,1216.9471153846152,1134000,8203,0,0,0,0,0,0,0,0,0,0,59,59.0
8865053b49fffff,Klang,0,3,True,1.0,1216.9471153846152,1134000,8203,0,0,0,0,0,0,0,0,0,0,3,3.0
8865057487fffff,Klang,0,2,False,0.0,0.0,1134000,8203,1,0,0,0,0,0,1,0,0,0,0,0.6000000000000001
8865053a67fffff,Klang,0,0,False,0.0,0.0,1134000,8203,0,0,0,0,0,0,0,0,0,0,0,0.0
8865053a55fffff,Klang,0,0,False,0.0,0.0,1134000,8203,0,0,0,0,0,0,0,0,0,0,0,0.0
8865050c0dfffff,Klang,0,0,False,0.0,0.0,1134000,8203,0,0,0,0,0,0,0,0,0,0,0,0.0
8865057629fffff,Klang,0,0,False,0.0,0.0,1134000,8203,0,0,0,0,0,0,0,0,0,0,0,0.0
8865052349fffff,Klang,0,0,False,0.0,0.0,1134000,8203,0,0,0,0,0,0,0,0,0,0,0,0.0
88650574d5fffff,Klang,0,0,False,0.0,0.0,1134000,8203,0,0,0,0,0,0,0,0,0,0,0,0.0
8865053ab3fffff,Klang,0,0,False,0.0,0.0,1134000,8203,0,0,0,0,0,0,0,0,0,0,0,0.0
8865050ce1fffff,Klang,0,16,True,1.0,1216.9471153846152,1134000,8203,4,0,0,0,0,0,0,0,5,0,7,12.1
8865057657fffff,Klang,1,5,True,2.0,2433.8942307692305,1134000,8203,1,0,0,0,1,0,0,1,0,0,2,3.9
8865057723fffff,Klang,0,0,False,0.0,0.0,1134000,8203,0,0,0,0,0,0,0,0,0,0,0,0.0
8865057553fffff,Klang,0,1,False,0.0,0.0,1134000,8203,0,0,0,0,1,0,0,0,0,0,0,0.5
8865052a43fffff,Klang,0,0,False,0.0,0.0,1134000,8203,0,0,0,0,0,0,0,0,0,0,0,0.0
88650531a9fffff,Klang,0,1,False,0.0,0.0,1134000,8203,0,0,0,0,0,0,0,0,0,0,1,1.0
8865050c45fffff,Klang,0,0,False,0.0,0.0,1134000,8203,0,0,0,0,0,0,0,0,0,0,0,0.0
8865053939fffff,Klang,0,26,True,1.0,1216.9471153846152,1134000,8203,0,0,0,0,0,0,0,0,0,0,26,26.0
88650538e1fffff,Klang,0,0,False,0.0,0.0,1134000,8203,0,0,0,0,0,0,0,0,0,0,0,0.0
88650539a9fffff,Klang,0,0,False,0.0,0.0,1134000,8203,0,0,0,0,0,0,0,0,0,0,0,0.0
886505388bfffff,Klang,0,0,False,0.0,0.0,1134000,8203,0,0,0,0,0,0,0,0,0,0,0,0.0
8865053aadfffff,Klang,0,62,True,1.0,1216.9471153846152,1134000,8203,0,0,0,0,1,0,0,0,0,0,61,61.5
8865053ae5fffff,Klang,1,3,True,2.0,2433.8942307692305,1134000,8203,0,0,0,0,0,0,0,1,1,0,1,2.7
8865052a47fffff,Klang,0,0,False,0.0,0.0,1134000,8203,0,0,0,0,0,0,0,0,0,0,0,0.0
886505318dfffff,Klang,0,0,False,0.0,0.0,1134000,8203,0,0,0,0,0,0,0,0,0,0,0,0.0
8865053925fffff,Klang,0,0,False,0.0,0.0,1134000,8203,0,0,0,0,0,0,0,0,0,0,0,0.0
88650539abfffff,Klang,0,0,False,0.0,0.0,1134000,8203,0,0,0,0,0,0,0,0,0,0,0,0.0
886505754bfffff,Klang,1,3,True,2.0,2433.8942307692305,1134000,8203,0,0,0,0,1,0,0,1,1,0,0,2.2
88650576e5fffff,Klang,0,24,True,1.0,1216.9471153846152,1134000,8203,0,0,0,0,0,0,0,0,0,0,24,24.0
88650576abfffff,Klang,0,0,False,0.0,0.0,1134000,8203,0,0,0,0,0,0,0,0,0,0,0,0.0
886505234bfffff,Klang,0,0,False,0.0,0.0,1134000,8203,0,0,0,0,0,0,0,0,0,0,0,0.0
88650538ddfffff,Klang,0,0,False,0.0,0.0,1134000,8203,0,0,0,0,0,0,0,0,0,0,0,0.0
8865053b23fffff,Klang,13,194,True,14.0,17037.259615384613,1134000,8203,5,3,0,4,4,0,2,13,133,4,24,140.0
8865053b2dfffff,Klang,12,219,True,13.0,15820.312499999998,1134000,8203,4,3,0,6,1,0,0,12,73,2,118,188.29999999999998
886505748dfffff,Klang,1,1,True,2.0,2433.8942307692305,1134000,8203,0,0,0,0,0,0,0,1,0,0,0,1.0
8865053b65fffff,Klang,2,59,True,3.0,3650.8413461538457,1134000,8203,0,0,0,3,0,0,0,1,53,1,0,39.9
8865053a29fffff,Klang,0,37,True,1.0,1216.9471153846152,1134000,8203,1,0,0,0,0,0,0,0,0,0,36,36.4
88650574c9fffff,Klang,0,0,False,0.0,0.0,1134000,8203,0,0,0,0,0,0,0,0,0,0,0,0.0
886505771dfffff,Klang,0,24,True,1.0,1216.9471153846152,1134000,8203,2,2,0,0,8,2,2,0,5,3,0,12.5
8865050cb1fffff,Klang,0,19,True,1.0,1216.9471153846152,1134000,8203,1,0,0,1,0,1,0,0,16,0,0,12.5
8865053b07fffff,Klang,3,38,True,4.0,4867.788461538461,1134000,8203,0,0,0,0,0,0,0,3,26,0,9,30.2
88650531adfffff,Klang,0,13,True,1.0,1216.9471153846152,1134000,8203,0,0,0,0,0,0,0,0,0,0,13,13.0
886505234dfffff,Klang,0,0,False,0.0,0.0,1134000,8203,0,0,0,0,0,0,0,0,0,0,0,0.0
8865052365fffff,Klang,0,0,False,0.0,0.0,1134000,8203,0,0,0,0,0,0,0,0,0,0,0,0.0
8865053953fffff,Klang,0,58,True,1.0,1216.9471153846152,1134000,8203,0,0,0,0,0,0,0,0,14,0,44,53.8
88650538c5fffff,Klang,0,0,False,0.0,0.0,1134000,8203,0,0,0,0,0,0,0,0,0,0,0,0.0
88650538d7fffff,Klang,0,0,False,0.0,0.0,1134000,8203,0,0,0,0,0,0,0,0,0,0,0,0.0
8865057713fffff,Klang,0,11,True,1.0,1216.9471153846152,1134000,8203,1,0,0,1,0,0,0,0,3,0,6,8.9
8865053ad3fffff,Klang,0,17,True,1.0,1216.9471153846152,1134000,8203,0,0,0,0,0,0,0,0,0,0,17,17.0
8865053b53fffff,Klang,0,72,True,1.0,1216.9471153846152,1134000,8203,1,1,0,1,0,0,0,0,29,0,40,61.6
8865050e8bfffff,Klang,0,36,True,1.0,1216.9471153846152,1134000,8203,0,0,0,0,0,0,0,0,33,0,3,26.099999999999998
8865052343fffff,Klang,0,0,False,0.0,0.0,1134000,8203,0,0,0,0,0,0,0,0,0,0,0,0.0
8865057467fffff,Klang,1,2,True,2.0,2433.8942307692305,1134000,8203,0,1,0,0,0,0,0,1,0,0,0,1.5
8865050c4dfffff,Klang,0,0,False,0.0,0.0,1134000,8203,0,0,0,0,0,0,0,0,0,0,0,0.0
8865053801fffff,Klang,6,155,True,7.0,8518.629807692307,1134000,8203,0,0,0,0,0,0,0,6,0,0,149,155.0
886505392dfffff,Klang,0,0,False,0.0,0.0,1134000,8203,0,0,0,0,0,0,0,0,0,0,0,0.0
8865050e13fffff,Klang,0,9,True,1.0,1216.9471153846152,1134000,8203,0,0,0,0,0,0,0,0,0,0,9,9.0
8865053887fffff,Klang,0,0,False,0.0,0.0,1134000,8203,0,0,0,0,0,0,0,0,0,0,0,0.0
8865050ccdfffff,Klang,13,157,True,14.0,17037.259615384613,1134000,8203,0,0,0,0,1,0,1,13,140,0,2,113.69999999999999
8865053b31fffff,Klang,0,12,True,1.0,1216.9471153846152,1134000,8203,0,0,0,0,0,1,4,0,0,3,3,6.1
886505745dfffff,Klang,0,0,False,0.0,0.0,1134000,8203,0,0,0,0,0,0,0,0,0,0,0,0.0
886505385dfffff,Klang,0,12,True,1.0,1216.9471153846152,1134000,8203,0,0,0,0,0,0,0,0,0,1,11,11.6
8865050e17fffff,Klang,1,16,True,2.0,2433.8942307692305,1134000,8203,0,0,0,0,0,0,0,1,1,1,13,15.3
886505763bfffff,Klang,0,52,True,1.0,1216.9471153846152,1134000,8203,0,0,0,0,0,0,0,0,0,0,52,52.0
88650576c1fffff,Klang,0,0,False,0.0,0.0,1134000,8203,0,0,0,0,0,0,0,0,0,0,0,0.0
88650575dbfffff,Klang,0,1,False,0.0,0.0,1134000,8203,0,1,0,0,0,0,0,0,0,0,0,0.5
8865050ca5fffff,Klang,13,240,True,14.0,17037.259615384613,1134000,8203,1,2,0,4,9,2,6,13,200,3,0,164.5
8865050f53fffff,Klang,0,0,False,0.0,0.0,1134000,8203,0,0,0,0,0,0,0,0,0,0,0,0.0
88650505a5fffff,Klang,0,0,False,0.0,0.0,1134000,8203,0,0,0,0,0,0,0,0,0,0,0,0.0
8865057463fffff,Klang,0,0,False,0.0,0.0,1134000,8203,0,0,0,0,0,0,0,0,0,0,0,0.0
8865053989fffff,Klang,0,0,False,0.0,0.0,1134000,8203,0,0,0,0,0,0,0,0,0,0,0,0.0
8865053935fffff,Klang,0,0,False,0.0,0.0,1134000,8203,0,0,0,0,0,0,0,0,0,0,0,0.0
8865050c55fffff,Klang,0,0,False,0.0,0.0,1134000,8203,0,0,0,0,0,0,0,0,0,0,0,0.0
8865057603fffff,Klang,5,153,True,6.0,7301.6826923076915,1134000,8203,1,0,0,1,1,0,0,5,4,0,141,150.1
8865053abbfffff,Klang,0,0,False,0.0,0.0,1134000,8203,0,0,0,0,0,0,0,0,0,0,0,0.0
8865053a43fffff,Klang,0,0,False,0.0,0.0,1134000,8203,0,0,0,0,0,0,0,0,0,0,0,0.0
886505751bfffff,Klang,1,1,True,2.0,2433.8942307692305,1134000,8203,0,0,0,0,0,0,0,1,0,0,0,1.0
8865052a5bfffff,Klang,1,6,True,2.0,2433.8942307692305,1134000,8203,2,1,0,1,0,0,1,1,0,0,0,2.9
8865053a83fffff,Klang,0,2,False,0.0,0.0,1134000,8203,0,0,0,0,0,0,0,0,0,0,2,2.0
8865057551fffff,Klang,0,0,False,0.0,0.0,1134000,8203,0,0,0,0,0,0,0,0,0,0,0,0.0
88650576a1fffff,Klang,0,1,False,0.0,0.0,1134000,8203,0,0,0,0,0,0,0,0,0,0,1,1.0
8865050ee9fffff,Klang,0,25,True,1.0,1216.9471153846152,1134000,8203,1,0,0,0,0,0,0,0,0,0,24,24.4
886505768bfffff,Klang,0,0,False,0.0,0.0,1134000,8203,0,0,0,0,0,0,0,0,0,0,0,0.0
8865050f15fffff,Klang,0,0,False,0.0,0.0,1134000,8203,0,0,0,0,0,0,0,0,0,0,0,0.0
8865050c6bfffff,Klang,0,0,False,0.0,0.0,1134000,8203,0,0,0,0,0,0,0,0,0,0,0,0.0
8865057559fffff,Klang,0,4,True,1.0,1216.9471153846152,1134000,8203,1,2,0,0,1,0,0,0,0,0,0,1.9
8865057417fffff,Klang,0,0,False,0.0,0.0,1134000,8203,0,0,0,0,0,0,0,0,0,0,0,0.0
8865053905fffff,Klang,0,5,True,1.0,1216.9471153846152,1134000,8203,0,0,0,0,0,0,0,0,0,0,5,5.0
88650576bdfffff,Klang,0,0,False,0.0,0.0,1134000,8203,0,0,0,0,0,0,0,0,0,0,0,0.0
8865050cc1fffff,Klang,0,98,True,1.0,1216.9471153846152,1134000,8203,1,0,0,1,5,0,1,0,56,2,32,75.89999999999999
8865050ec7fffff,Klang,0,0,False,0.0,0.0,1134000,8203,0,0,0,0,0,0,0,0,0,0,0,0.0
8865050f17fffff,Klang,0,0,False,0.0,0.0,1134000,8203,0,0,0,0,0,0,0,0,0,0,0,0.0
88650575cdfffff,Klang,0,0,False,0.0,0.0,1134000,8203,0,0,0,0,0,0,0,0,0,0,0,0.0
88650576e9fffff,Klang,4,13,True,5.0,6084.735576923076,1134000,8203,0,1,0,1,0,0,1,4,3,1,2,9.8
8865053b1dfffff,Klang,0,13,True,1.0,1216.9471153846152,1134000,8203,0,0,0,0,0,0,0,0,0,0,13,13.0
88650539d1fffff,Klang,0,0,False,0.0,0.0,1134000,8203,0,0,0,0,0,0,0,0,0,0,0,0.0
8865057669fffff,Klang,1,66,True,2.0,2433.8942307692305,1134000,8203,0,0,0,2,1,1,0,1,59,0,2,46.099999999999994
8865053987fffff,Klang,0,0,False,0.0,0.0,1134000,8203,0,0,0,0,0,0,0,0,0,0,0,0.0
8865057733fffff,Klang,0,3,True,1.0,1216.9471153846152,1134000,8203,1,0,0,0,2,0,0,0,0,0,0,1.4
8865053951fffff,Klang,13,102,True,14.0,17037.259615384613,1134000,8203,0,0,0,0,0,0,0,13,46,0,43,88.2
8865053a87fffff,Klang,0,13,True,1.0,1216.9471153846152,1134000,8203,0,0,0,0,0,0,0,0,0,0,13,13.0
8865052a05fffff,Klang,0,0,False,0.0,0.0,1134000,8203,0,0,0,0,0,0,0,0,0,0,0,0.0
886505390bfffff,Klang,0,49,True,1.0,1216.9471153846152,1134000,8203,0,0,0,0,0,0,0,0,17,0,32,43.9
886505745bfffff,Klang,0,0,False,0.0,0.0,1134000,8203,0,0,0,0,0,0,0,0,0,0,0,0.0
886505383dfffff,Klang,0,0,False,0.0,0.0,1134000,8203,0,0,0,0,0,0,0,0,0,0,0,0.0
8865057489fffff,Klang,0,0,False,0.0,0.0,1134000,8203,0,0,0,0,0,0,0,0,0,0,0,0.0
886505772dfffff,Klang,0,0,False,0.0,0.0,1134000,8203,0,0,0,0,0,0,0,0,0,0,0,0.0
886505744dfffff,Klang,0,3,True,1.0,1216.9471153846152,1134000,8203,0,0,0,0,0,0,0,0,0,0,3,3.0
8865053b39fffff,Klang,0,12,True,1.0,1216.9471153846152,1134000,8203,0,0,0,0,0,0,0,0,0,0,11,11.0
8865057439fffff,Klang,0,2,False,0.0,0.0,1134000,8203,1,1,0,0,0,0,0,0,0,0,0,0.9
8865050c39fffff,Klang,0,0,False,0.0,0.0,1134000,8203,0,0,0,0,0,0,0,0,0,0,0,0.0
8865050eedfffff,Klang,0,126,True,1.0,1216.9471153846152,1134000,8203,1,0,0,0,0,0,0,0,118,0,7,90.0
8865050e89fffff,Klang,0,0,False,0.0,0.0,1134000,8203,0,0,0,0,0,0,0,0,0,0,0,0.0
886505762bfffff,Klang,0,1,False,0.0,0.0,1134000,8203,0,0,0,0,0,0,0,0,0,0,1,1.0
8865052a63fffff,Klang,0,0,False,0.0,0.0,1134000,8203,0,0,0,0,0,0,0,0,0,0,0,0.0
8865050c13fffff,Klang,0,34,True,1.0,1216.9471153846152,1134000,8203,1,0,0,5,0,0,0,0,23,0,5,23.5
886505230bfffff,Klang,0,0,False,0.0,0.0,1134000,8203,0,0,0,0,0,0,0,0,0,0,0,0.0
8865053acdfffff,Klang,0,0,False,0.0,0.0,1134000,8203,0,0,0,0,0,0,0,0,0,0,0,0.0
886505231dfffff,Klang,0,0,False,0.0,0.0,1134000,8203,0,0,0,0,0,0,0,0,0,0,0,0.0
8865050ccbfffff,Klang,0,228,True,1.0,1216.9471153846152,1134000,8203,2,0,0,0,3,0,0,0,50,0,173,210.3
8865057683fffff,Klang,0,0,False,0.0,0.0,1134000,8203,0,0,0,0,0,0,0,0,0,0,0,0.0
8865057427fffff,Klang,0,0,False,0.0,0.0,1134000,8203,0,0,0,0,0,0,0,0,0,0,0,0.0
8865050c41fffff,Klang,0,0,False,0.0,0.0,1134000,8203,0,0,0,0,0,0,0,0,0,0,0,0.0
8865053aedfffff,Klang,0,0,False,0.0,0.0,1134000,8203,0,0,0,0,0,0,0,0,0,0,0,0.0
8865050cebfffff,Klang,0,32,True,1.0,1216.9471153846152,1134000,8203,2,0,0,2,1,0,0,0,27,0,0,21.0
8865053809fffff,Klang,6,417,True,7.0,8518.629807692307,1134000,8203,1,1,0,0,0,0,0,6,163,1,245,366.59999999999997
8865053a57fffff,Klang,0,0,False,0.0,0.0,1134000,8203,0,0,0,0,0,0,0,0,0,0,0,0.0
88650539d9fffff,Klang,0,0,False,0.0,0.0,1134000,8203,0,0,0,0,0,0,0,0,0,0,0,0.0
8865053999fffff,Klang,0,0,False,0.0,0.0,1134000,8203,0,0,0,0,0,0,0,0,0,0,0,0.0
8865052163fffff,Klang,0,0,False,0.0,0.0,1134000,8203,0,0,0,0,0,0,0,0,0,0,0,0.0
88650574b1fffff,Klang,0,0,False,0.0,0.0,1134000,8203,0,0,0,0,0,0,0,0,0,0,0,0.0
8865050e31fffff,Klang,0,0,False,0.0,0.0,1134000,8203,0,0,0,0,0,0,0,0,0,0,0,0.0
88650538a5fffff,Klang,0,0,False,0.0,0.0,1134000,8203,0,0,0,0,0,0,0,0,0,0,0,0.0
886505746dfffff,Klang,0,0,False,0.0,0.0,1134000,8203,0,0,0,0,0,0,0,0,0,0,0,0.0
88650539bdfffff,Klang,0,0,False,0.0,0.0,1134000,8203,0,0,0,0,0,0,0,0,0,0,0,0.0
88650576a5fffff,Klang,0,1,False,0.0,0.0,1134000,8203,0,0,0,1,0,0,0,0,0,0,0,0.4
8865052369fffff,Klang,0,0,False,0.0,0.0,1134000,8203,0,0,0,0,0,0,0,0,0,0,0,0.0
8865052a0bfffff,Klang,0,0,False,0.0,0.0,1134000,8203,0,0,0,0,0,0,0,0,0,0,0,0.0
8865053833fffff,Klang,0,0,False,0.0,0.0,1134000,8203,0,0,0,0,0,0,0,0,0,0,0,0.0
886505232bfffff,Klang,0,0,False,0.0,0.0,1134000,8203,0,0,0,0,0,0,0,0,0,0,0,0.0
8865053a85fffff,Klang,0,24,True,1.0,1216.9471153846152,1134000,8203,0,0,0,0,0,0,0,0,0,0,24,24.0
886505741dfffff,Klang,1,25,True,2.0,2433.8942307692305,1134000,8203,1,2,1,2,3,3,5,1,2,2,3,13.5
8865057433fffff,Klang,0,0,False,0.0,0.0,1134000,8203,0,0,0,0,0,0,0,0,0,0,0,0.0
8865057701fffff,Klang,0,1,False,0.0,0.0,1134000,8203,0,0,0,0,1,0,0,0,0,0,0,0.5
8865052141fffff,Klang,0,0,False,0.0,0.0,1134000,8203,0,0,0,0,0,0,0,0,0,0,0,0.0
886505755bfffff,Klang,0,0,False,0.0,0.0,1134000,8203,0,0,0,0,0,0,0,0,0,0,0,0.0
8865050e07fffff,Klang,0,0,False,0.0,0.0,1134000,8203,0,0,0,0,0,0,0,0,0,0,0,0.0
8865057405fffff,Klang,0,0,False,0.0,0.0,1134000,8203,0,0,0,0,0,0,0,0,0,0,0,0.0
8865050ebdfffff,Klang,2,70,True,3.0,3650.8413461538457,1134000,8203,0,0,0,2,0,0,0,2,66,0,0,49.0
8865053b19fffff,Klang,12,26,True,13.0,15820.312499999998,1134000,8203,1,1,0,2,0,0,0,12,0,0,10,23.7
8865052a03fffff,Klang,0,0,False,0.0,0.0,1134000,8203,0,0,0,0,0,0,0,0,0,0,0,0.0
8865053a2bfffff,Klang,1,26,True,2.0,2433.8942307692305,1134000,8203,0,0,0,0,0,0,0,1,0,0,25,26.0
8865053b6dfffff,Klang,6,38,True,7.0,8518.629807692307,1134000,8203,0,1,0,1,0,0,0,6,30,0,0,27.9
8865050e3bfffff,Klang,0,1,False,0.0,0.0,1134000,8203,0,0,0,0,0,0,0,0,0,0,1,1.0
8865050e8dfffff,Klang,0,15,True,1.0,1216.9471153846152,1134000,8203,1,0,0,0,0,0,0,0,11,0,3,11.1
8865050e97fffff,Klang,7,24,True,8.0,9735.576923076922,1134000,8203,0,0,0,5,0,0,0,7,0,1,11,20.6
8865050c07fffff,Klang,0,0,False,0.0,0.0,1134000,8203,0,0,0,0,0,0,0,0,0,0,0,0.0
8865052351fffff,Klang,0,0,False,0.0,0.0,1134000,8203,0,0,0,0,0,0,0,0,0,0,0,0.0
8865050c89fffff,Klang,0,25,True,1.0,1216.9471153846152,1134000,8203,2,1,0,0,1,0,0,0,19,2,0,16.3
88650538d5fffff,Klang,0,0,False,0.0,0.0,1134000,8203,0,0,0,0,0,0,0,0,0,0,0,0.0
8865053ab5fffff,Klang,0,0,False,0.0,0.0,1134000,8203,0,0,0,0,0,0,0,0,0,0,0,0.0
8865052121fffff,Klang,0,0,False,0.0,0.0,1134000,8203,0,0,0,0,0,0,0,0,0,0,0,0.0
886505773dfffff,Klang,0,0,False,0.0,0.0,1134000,8203,0,0,0,0,0,0,0,0,0,0,0,0.0
8865053b55fffff,Klang,0,8,True,1.0,1216.9471153846152,1134000,8203,0,0,0,0,0,0,0,0,0,0,8,8.0
8865053983fffff,Klang,0,0,False,0.0,0.0,1134000,8203,0,0,0,0,0,0,0,0,0,0,0,0.0
8865050e11fffff,Klang,2,6,True,3.0,3650.8413461538457,1134000,8203,1,0,0,1,0,0,1,2,0,1,0,3.6
886505749dfffff,Klang,0,0,False,0.0,0.0,1134000,8203,0,0,0,0,0,0,0,0,0,0,0,0.0
8865050c59fffff,Klang,0,0,False,0.0,0.0,1134000,8203,0,0,0,0,0,0,0,0,0,0,0,0.0
886505386dfffff,Klang,0,0,False,0.0,0.0,1134000,8203,0,0,0,0,0,0,0,0,0,0,0,0.0
8865057645fffff,Klang,0,3,True,1.0,1216.9471153846152,1134000,8203,0,0,0,1,1,0,0,0,0,0,1,1.9
88650539c3fffff,Klang,0,0,False,0.0,0.0,1134000,8203,0,0,0,0,0,0,0,0,0,0,0,0.0
8865053b57fffff,Klang,0,50,True,1.0,1216.9471153846152,1134000,8203,1,0,0,0,0,0,0,0,0,0,49,49.4
8865053b2bfffff,Klang,0,67,True,1.0,1216.9471153846152,1134000,8203,1,0,0,0,0,0,0,0,10,0,55,62.4
8865057431fffff,Klang,0,0,False,0.0,0.0,1134000,8203,0,0,0,0,0,0,0,0,0,0,0,0.0
8865050e81fffff,Klang,0,17,True,1.0,1216.9471153846152,1134000,8203,0,0,0,0,0,0,0,0,12,0,5,13.399999999999999
8865053a33fffff,Klang,0,0,False,0.0,0.0,1134000,8203,0,0,0,0,0,0,0,0,0,0,0,0.0
8865052a1bfffff,Klang,0,0,False,0.0,0.0,1134000,8203,0,0,0,0,0,0,0,0,0,0,0,0.0
8865053ad5fffff,Klang,2,4,True,3.0,3650.8413461538457,1134000,8203,1,0,0,0,0,0,0,2,0,1,0,3.0
88650576b3fffff,Klang,0,2,False,0.0,0.0,1134000,8203,0,0,0,0,0,0,1,0,0,1,0,0.8
8865050e0dfffff,Klang,0,0,False,0.0,0.0,1134000,8203,0,0,0,0,0,0,0,0,0,0,0,0.0
8865050c1bfffff,Klang,3,106,True,4.0,4867.788461538461,1134000,8203,0,0,0,5,2,0,0,3,79,0,17,78.3
8865053b01fffff,Klang,0,50,True,1.0,1216.9471153846152,1134000,8203,2,0,0,1,0,0,0,0,40,1,6,35.8
8865057633fffff,Klang,0,71,True,1.0,1216.9471153846152,1134000,8203,0,0,0,2,1,0,0,0,0,0,68,69.3
8865050c11fffff,Klang,0,68,True,1.0,1216.9471153846152,1134000,8203,1,0,0,2,3,1,0,0,47,3,11,48.9
8865050e1bfffff,Klang,0,1,False,0.0,0.0,1134000,8203,0,0,0,0,0,0,0,0,0,1,0,0.6
8865057659fffff,Klang,0,3,True,1.0,1216.9471153846152,1134000,8203,0,0,0,0,2,0,0,0,0,0,1,2.0
8865050c97fffff,Klang,0,3,True,1.0,1216.9471153846152,1134000,8203,0,2,0,0,0,0,0,0,1,0,0,1.7
8865050cb9fffff,Klang,0,185,True,1.0,1216.9471153846152,1134000,8203,2,3,0,1,2,1,3,0,171,1,0,125.1
8865050ca7fffff,Klang,0,25,True,1.0,1216.9471153846152,1134000,8203,2,1,0,2,0,0,0,0,18,0,2,16.7
8865057655fffff,Klang,0,5,True,1.0,1216.9471153846152,1134000,8203,0,1,0,0,0,0,1,0,0,1,2,3.3
8865050ed5fffff,Klang,0,99,True,1.0,1216.9471153846152,1134000,8203,0,0,1,2,2,0,1,0,4,3,86,93.3
8865053a8bfffff,Klang,1,1,True,2.0,2433.8942307692305,1134000,8203,0,0,0,0,0,0,0,1,0,0,0,1.0
886505748bfffff,Klang,0,0,False,0.0,0.0,1134000,8203,0,0,0,0,0,0,0,0,0,0,0,0.0
8865050c15fffff,Klang,0,0,False,0.0,0.0,1134000,8203,0,0,0,0,0,0,0,0,0,0,0,0.0
8865050c93fffff,Klang,0,6,True,1.0,1216.9471153846152,1134000,8203,2,0,0,1,0,0,0,0,3,0,0,3.3
8865050e57fffff,Klang,0,69,True,1.0,1216.9471153846152,1134000,8203,0,1,0,0,5,4,1,0,54,0,4,47.0
88650531e3fffff,Klang,0,0,False,0.0,0.0,1134000,8203,0,0,0,0,0,0,0,0,0,0,0,0.0
8865050c01fffff,Klang,0,0,False,0.0,0.0,1134000,8203,0,0,0,0,0,0,0,0,0,0,0,0.0
8865052a07fffff,Klang,0,0,False,0.0,0.0,1134000,8203,0,0,0,0,0,0,0,0,0,0,0,0.0
886505743bfffff,Klang,0,1,False,0.0,0.0,1134000,8203,1,0,0,0,0,0,0,0,0,0,0,0.4
8865050d93fffff,Klang,0,55,True,1.0,1216.9471153846152,1134000,8203,0,0,0,2,0,0,0,0,52,1,0,37.8
88650574d7fffff,Klang,0,0,False,0.0,0.0,1134000,8203,0,0,0,0,0,0,0,0,0,0,0,0.0
8865050c9dfffff,Klang,0,166,True,1.0,1216.9471153846152,1134000,8203,2,0,0,2,9,8,3,0,134,2,6,111.69999999999999
88650574d9fffff,Klang,0,2,False,0.0,0.0,1134000,8203,0,0,0,0,0,0,0,0,0,1,1,1.6
8865057615fffff,Klang,0,82,True,1.0,1216.9471153846152,1134000,8203,0,0,0,0,0,0,0,0,0,0,82,82.0
88650574c3fffff,Klang,0,0,False,0.0,0.0,1134000,8203,0,0,0,0,0,0,0,0,0,0,0,0.0
8865052265fffff,Klang,0,0,False,0.0,0.0,1134000,8203,0,0,0,0,0,0,0,0,0,0,0,0.0
8865050c1dfffff,Klang,0,0,False,0.0,0.0,1134000,8203,0,0,0,0,0,0,0,0,0,0,0,0.0
8865050e05fffff,Klang,0,0,False,0.0,0.0,1134000,8203,0,0,0,0,0,0,0,0,0,0,0,0.0
8865050cd7fffff,Klang,15,415,True,16.0,19471.153846153844,1134000,8203,0,0,0,8,0,0,3,15,388,1,0,291.0
886505236bfffff,Klang,0,0,False,0.0,0.0,1134000,8203,0,0,0,0,0,0,0,0,0,0,0,0.0
8865053941fffff,Klang,0,11,True,1.0,1216.9471153846152,1134000,8203,0,0,0,0,0,0,0,0,0,0,11,11.0
88650576b9fffff,Klang,0,0,False,0.0,0.0,1134000,8203,0,0,0,0,0,0,0,0,0,0,0,0.0
8865057711fffff,Klang,1,5,True,2.0,2433.8942307692305,1134000,8203,2,0,0,0,0,1,0,1,1,0,0,3.0
8865053909fffff,Klang,12,20,True,13.0,15820.312499999998,1134000,8203,2,3,0,3,0,0,0,12,0,0,0,15.5
8865050ebbfffff,Klang,1,291,True,2.0,2433.8942307692305,1134000,8203,0,0,0,0,2,1,0,1,283,3,1,203.39999999999998
8865057609fffff,Klang,1,54,True,2.0,2433.8942307692305,1134000,8203,0,2,0,4,0,0,0,1,46,1,0,36.4
88650575c9fffff,Klang,0,0,False,0.0,0.0,1134000,8203,0,0,0,0,0,0,0,0,0,0,0,0.0
8865053a25fffff,Klang,0,24,True,1.0,1216.9471153846152,1134000,8203,0,0,0,0,0,0,0,0,0,0,24,24.0
88650539d5fffff,Klang,0,0,False,0.0,0.0,1134000,8203,0,0,0,0,0,0,0,0,0,0,0,0.0
886505761dfffff,Klang,0,53,True,1.0,1216.9471153846152,1134000,8203,1,0,0,0,1,0,0,0,0,0,50,50.9
88650539dbfffff,Klang,0,0,False,0.0,0.0,1134000,8203,0,0,0,0,0,0,0,0,0,0,0,0.0
8865057541fffff,Klang,0,0,False,0.0,0.0,1134000,8203,0,0,0,0,0,0,0,0,0,0,0,0.0
8865057663fffff,Klang,1,6,True,2.0,2433.8942307692305,1134000,8203,0,0,0,2,0,0,0,1,0,0,3,4.8
886505385bfffff,Klang,0,11,True,1.0,1216.9471153846152,1134000,8203,0,0,0,0,0,0,0,0,0,0,11,11.0
8865057455fffff,Klang,0,2,False,0.0,0.0,1134000,8203,0,0,0,0,0,0,0,0,2,0,0,1.4
8865057637fffff,Klang,0,4,True,1.0,1216.9471153846152,1134000,8203,0,0,0,0,0,0,0,0,0,0,4,4.0
8865057469fffff,Klang,0,1,False,0.0,0.0,1134000,8203,1,0,0,0,0,0,0,0,0,0,0,0.4
8865050c87fffff,Klang,5,120,True,6.0,7301.6826923076915,1134000,8203,3,2,0,7,2,0,2,5,91,3,5,81.89999999999999
8865057681fffff,Klang,2,2,True,3.0,3650.8413461538457,1134000,8203,0,0,0,0,0,0,0,2,0,0,0,2.0
886505771bfffff,Klang,0,11,True,1.0,1216.9471153846152,1134000,8203,0,0,0,0,0,0,0,0,0,0,11,11.0
8865053b69fffff,Klang,1,14,True,2.0,2433.8942307692305,1134000,8203,1,2,0,1,0,0,0,1,5,0,4,10.3
8865057445fffff,Klang,0,5,True,1.0,1216.9471153846152,1134000,8203,2,1,0,1,0,0,0,0,0,1,0,2.3
8865050ed7fffff,Klang,10,65,True,11.0,13386.418269230768,1134000,8203,0,0,0,3,0,0,0,10,0,1,51,62.8
8865052a55fffff,Klang,0,0,False,0.0,0.0,1134000,8203,0,0,0,0,0,0,0,0,0,0,0,0.0
8865053b27fffff,Klang,29,67,True,19.730000000000015,24010.366586538483,1134000,8203,5,5,0,8,0,1,0,29,18,1,0,50.4
8865053b35fffff,Klang,0,227,True,1.0,1216.9471153846152,1134000,8203,1,2,0,1,1,1,1,0,169,4,47,170.7
88650538d1fffff,Klang,0,0,False,0.0,0.0,1134000,8203,0,0,0,0,0,0,0,0,0,0,0,0.0
886505380dfffff,Klang,0,11,True,1.0,1216.9471153846152,1134000,8203,0,0,0,0,0,0,0,0,0,0,11,11.0
8865053881fffff,Klang,0,0,False,0.0,0.0,1134000,8203,0,0,0,0,0,0,0,0,0,0,0,0.0
88650576b5fffff,Klang,0,0,False,0.0,0.0,1134000,8203,0,0,0,0,0,0,0,0,0,0,0,0.0
8865050cc3fffff,Klang,0,50,True,1.0,1216.9471153846152,1134000,8203,2,2,0,10,2,0,0,0,33,1,0,30.5
8865053927fffff,Klang,0,0,False,0.0,0.0,1134000,8203,0,0,0,0,0,0,0,0,0,0,0,0.0
8865057687fffff,Klang,0,1,False,0.0,0.0,1134000,8203,1,0,0,0,0,0,0,0,0,0,0,0.4
886505772bfffff,Klang,1,1,True,2.0,2433.8942307692305,1134000,8203,0,0,0,0,0,0,0,1,0,0,0,1.0
8865057449fffff,Klang,0,0,False,0.0,0.0,1134000,8203,0,0,0,0,0,0,0,0,0,0,0,0.0
886505396dfffff,Klang,4,10,True,5.0,6084.735576923076,1134000,8203,1,0,0,0,0,0,0,4,5,0,0,7.8999999999999995
8865050e9dfffff,Klang,18,140,True,19.0,23121.995192307688,1134000,8203,2,1,0,3,0,0,0,18,114,2,0,101.5
8865053127fffff,Klang,0,0,False,0.0,0.0,1134000,8203,0,0,0,0,0,0,0,0,0,0,0,0.0
886505389dfffff,Klang,0,0,False,0.0,0.0,1134000,8203,0,0,0,0,0,0,0,0,0,0,0,0.0
8865050e69fffff,Klang,0,0,False,0.0,0.0,1134000,8203,0,0,0,0,0,0,0,0,0,0,0,0.0
8865057705fffff,Klang,0,1,False,0.0,0.0,1134000,8203,0,0,0,0,1,0,0,0,0,0,0,0.5
8865050eb7fffff,Klang,1,90,True,2.0,2433.8942307692305,1134000,8203,3,2,0,2,1,0,0,1,40,0,41,73.5
88650538c7fffff,Klang,0,0,False,0.0,0.0,1134000,8203,0,0,0,0,0,0,0,0,0,0,0,0.0
8865050c57fffff,Klang,0,0,False,0.0,0.0,1134000,8203,0,0,0,0,0,0,0,0,0,0,0,0.0
8865057607fffff,Klang,0,0,False,0.0,0.0,1134000,8203,0,0,0,0,0,0,0,0,0,0,0,0.0
8865053ad1fffff,Klang,0,23,True,1.0,1216.9471153846152,1134000,8203,0,0,0,0,0,0,0,0,0,0,23,23.0
8865057753fffff,Klang,0,18,True,1.0,1216.9471153846152,1134000,8203,2,0,0,0,0,0,0,0,1,1,14,16.1
8865053b6bfffff,Klang,17,54,True,18.0,21905.048076923074,1134000,8203,2,0,0,0,1,0,2,17,13,1,18,46.4
8865057685fffff,Klang,0,1,False,0.0,0.0,1134000,8203,0,0,0,0,0,0,0,0,0,0,1,1.0
8865050e01fffff,Klang,0,0,False,0.0,0.0,1134000,8203,0,0,0,0,0,0,0,0,0,0,0,0.0
8865057619fffff,Klang,0,0,False,0.0,0.0,1134000,8203,0,0,0,0,0,0,0,0,0,0,0,0.0
88650538e5fffff,Klang,0,0,False,0.0,0.0,1134000,8203,0,0,0,0,0,0,0,0,0,0,0,0.0
88650576c3fffff,Klang,0,0,False,0.0,0.0,1134000,8203,0,0,0,0,0,0,0,0,0,0,0,0.0
886505212bfffff,Klang,0,0,False,0.0,0.0,1134000,8203,0,0,0,0,0,0,0,0,0,0,0,0.0
88650538adfffff,Klang,0,0,False,0.0,0.0,1134000,8203,0,0,0,0,0,0,0,0,0,0,0,0.0
88650538e7fffff,Klang,0,0,False,0.0,0.0,1134000,8203,0,0,0,0,0,0,0,0,0,0,0,0.0
8865053837fffff,Klang,0,0,False,0.0,0.0,1134000,8203,0,0,0,0,0,0,0,0,0,0,0,0.0
8865057425fffff,Klang,0,0,False,0.0,0.0,1134000,8203,0,0,0,0,0,0,0,0,0,0,0,0.0
8865050c4bfffff,Klang,0,0,False,0.0,0.0,1134000,8203,0,0,0,0,0,0,0,0,0,0,0,0.0
8865057689fffff,Klang,0,0,False,0.0,0.0,1134000,8203,0,0,0,0,0,0,0,0,0,0,0,0.0
8865057667fffff,Klang,0,0,False,0.0,0.0,1134000,8203,0,0,0,0,0,0,0,0,0,0,0,0.0
8865053121fffff,Klang,0,0,False,0.0,0.0,1134000,8203,0,0,0,0,0,0,0,0,0,0,0,0.0
886505216dfffff,Klang,0,0,False,0.0,0.0,1134000,8203,0,0,0,0,0,0,0,0,0,0,0,0.0
88650575cbfffff,Klang,0,0,False,0.0,0.0,1134000,8203,0,0,0,0,0,0,0,0,0,0,0,0.0
8865057729fffff,Klang,0,3,True,1.0,1216.9471153846152,1134000,8203,0,1,0,2,0,0,0,0,0,0,0,1.3
8865053883fffff,Klang,0,0,False,0.0,0.0,1134000,8203,0,0,0,0,0,0,0,0,0,0,0,0.0
886505230dfffff,Klang,0,0,False,0.0,0.0,1134000,8203,0,0,0,0,0,0,0,0,0,0,0,0.0
8865052357fffff,Klang,0,0,False,0.0,0.0,1134000,8203,0,0,0,0,0,0,0,0,0,0,0,0.0
8865050ee5fffff,Klang,2,4,True,3.0,3650.8413461538457,1134000,8203,1,0,0,0,0,0,1,2,0,0,0,2.6
8865053ac9fffff,Klang,0,0,False,0.0,0.0,1134000,8203,0,0,0,0,0,0,0,0,0,0,0,0.0
8865050eb1fffff,Klang,2,38,True,3.0,3650.8413461538457,1134000,8203,0,0,0,3,3,0,0,1,30,0,0,24.7
88650538a1fffff,Klang,0,0,False,0.0,0.0,1134000,8203,0,0,0,0,0,0,0,0,0,0,0,0.0
886505746bfffff,Klang,0,2,False,0.0,0.0,1134000,8203,0,0,0,0,0,0,0,0,0,0,2,2.0
88650575c3fffff,Klang,0,0,False,0.0,0.0,1134000,8203,0,0,0,0,0,0,0,0,0,0,0,0.0
886505380bfffff,Klang,3,40,True,4.0,4867.788461538461,1134000,8203,0,0,0,0,0,0,0,3,34,1,2,29.4
8865057441fffff,Klang,0,0,False,0.0,0.0,1134000,8203,0,0,0,0,0,0,0,0,0,0,0,0.0
8865050e23fffff,Klang,0,0,False,0.0,0.0,1134000,8203,0,0,0,0,0,0,0,0,0,0,0,0.0
8865057435fffff,Klang,0,0,False,0.0,0.0,1134000,8203,0,0,0,0,0,0,0,0,0,0,0,0.0
8865050c47fffff,Klang,0,0,False,0.0,0.0,1134000,8203,0,0,0,0,0,0,0,0,0,0,0,0.0
886505743dfffff,Klang,0,0,False,0.0,0.0,1134000,8203,0,0,0,0,0,0,0,0,0,0,0,0.0
8865050cbdfffff,Klang,1,81,True,2.0,2433.8942307692305,1134000,8203,2,2,0,1,2,0,0,1,71,0,2,55.9
8865050c03fffff,Klang,0,0,False,0.0,0.0,1134000,8203,0,0,0,0,0,0,0,0,0,0,0,0.0
8865053863fffff,Klang,0,6,True,1.0,1216.9471153846152,1134000,8203,0,0,0,0,0,0,0,0,0,0,6,6.0
8865052147fffff,Klang,0,0,False,0.0,0.0,1134000,8203,0,0,0,0,0,0,0,0,0,0,0,0.0
886505399dfffff,Klang,0,0,False,0.0,0.0,1134000,8203,0,0,0,0,0,0,0,0,0,0,0,0.0
8865057481fffff,Klang,0,1,False,0.0,0.0,1134000,8203,0,1,0,0,0,0,0,0,0,0,0,0.5
886505740bfffff,Klang,0,3,True,1.0,1216.9471153846152,1134000,8203,1,0,0,0,0,0,0,0,0,0,2,2.4
8865057703fffff,Klang,0,1,False,0.0,0.0,1134000,8203,0,1,0,0,0,0,0,0,0,0,0,0.5
8865057543fffff,Klang,0,1,False,0.0,0.0,1134000,8203,1,0,0,0,0,0,0,0,0,0,0,0.4
8865050e99fffff,Klang,3,69,True,4.0,4867.788461538461,1134000,8203,0,0,0,0,0,0,0,3,0,0,66,69.0
8865057617fffff,Klang,0,52,True,1.0,1216.9471153846152,1134000,8203,1,0,0,1,0,0,0,0,0,0,50,50.8
8865050d97fffff,Klang,5,207,True,6.0,7301.6826923076915,1134000,8203,0,0,0,0,5,0,1,5,128,3,65,164.1
8865050c05fffff,Klang,0,0,False,0.0,0.0,1134000,8203,0,0,0,0,0,0,0,0,0,0,0,0.0
8865050f1dfffff,Klang,0,0,False,0.0,0.0,1134000,8203,0,0,0,0,0,0,0,0,0,0,0,0.0
8865057519fffff,Klang,1,2,True,2.0,2433.8942307692305,1134000,8203,0,0,0,0,0,0,0,1,0,0,1,2.0
88650539e3fffff,Klang,0,0,False,0.0,0.0,1134000,8203,0,0,0,0,0,0,0,0,0,0,0,0.0
88650576e7fffff,Klang,0,27,True,1.0,1216.9471153846152,1134000,8203,0,0,0,0,0,0,0,0,0,0,27,27.0
8865053991fffff,Klang,0,0,False,0.0,0.0,1134000,8203,0,0,0,0,0,0,0,0,0,0,0,0.0
8865050eb3fffff,Klang,2,367,True,3.0,3650.8413461538457,1134000,8203,3,1,1,4,18,8,28,2,294,5,3,236.39999999999998
8865050ecdfffff,Klang,0,0,False,0.0,0.0,1134000,8203,0,0,0,0,0,0,0,0,0,0,0,0.0
8865053861fffff,Klang,0,0,False,0.0,0.0,1134000,8203,0,0,0,0,0,0,0,0,0,0,0,0.0
8865057721fffff,Klang,0,1,False,0.0,0.0,1134000,8203,1,0,0,0,0,0,0,0,0,0,0,0.4
886505395dfffff,Klang,0,41,True,1.0,1216.9471153846152,1134000,8203,0,0,0,0,0,0,0,0,0,0,41,41.0
8865052167fffff,Klang,0,0,False,0.0,0.0,1134000,8203,0,0,0,0,0,0,0,0,0,0,0,0.0
886505761bfffff,Klang,0,0,False,0.0,0.0,1134000,8203,0,0,0,0,0,0,0,0,0,0,0,0.0
8865053985fffff,Klang,0,0,False,0.0,0.0,1134000,8203,0,0,0,0,0,0,0,0,0,0,0,0.0
8865053805fffff,Klang,0,0,False,0.0,0.0,1134000,8203,0,0,0,0,0,0,0,0,0,0,0,0.0
88650576a7fffff,Klang,0,0,False,0.0,0.0,1134000,8203,0,0,0,0,0,0,0,0,0,0,0,0.0
8865053a01fffff,Klang,1,1,True,2.0,2433.8942307692305,1134000,8203,0,0,0,0,0,0,0,1,0,0,0,1.0
8865052a53fffff,Klang,0,0,False,0.0,0.0,1134000,8203,0,0,0,0,0,0,0,0,0,0,0,0.0
8865053835fffff,Klang,0,0,False,0.0,0.0,1134000,8203,0,0,0,0,0,0,0,0,0,0,0,0.0
886505764bfffff,Klang,0,58,True,1.0,1216.9471153846152,1134000,8203,2,1,0,2,2,0,0,0,30,4,17,43.5
886505770bfffff,Klang,1,2,True,2.0,2433.8942307692305,1134000,8203,0,0,0,0,0,0,1,1,0,0,0,1.2
8865053901fffff,Klang,0,152,True,1.0,1216.9471153846152,1134000,8203,0,0,0,0,0,0,0,0,0,1,151,151.6
8865057647fffff,Klang,0,8,True,1.0,1216.9471153846152,1134000,8203,1,0,0,3,1,0,1,0,1,1,0,3.6
88650574e5fffff,Klang,0,0,False,0.0,0.0,1134000,8203,0,0,0,0,0,0,0,0,0,0,0,0.0
8865053831fffff,Klang,0,0,False,0.0,0.0,1134000,8203,0,0,0,0,0,0,0,0,0,0,0,0.0
8865053ae7fffff,Klang,2,11,True,3.0,3650.8413461538457,1134000,8203,0,0,0,0,0,0,0,2,0,0,9,11.0
88650574e9fffff,Klang,0,0,False,0.0,0.0,1134000,8203,0,0,0,0,0,0,0,0,0,0,0,0.0
8865053965fffff,Klang,0,17,True,1.0,1216.9471153846152,1134000,8203,2,1,0,0,0,0,0,0,0,0,14,15.3
886505235dfffff,Klang,0,0,False,0.0,0.0,1134000,8203,0,0,0,0,0,0,0,0,0,0,0,0.0
88650575c1fffff,Klang,0,0,False,0.0,0.0,1134000,8203,0,0,0,0,0,0,0,0,0,0,0,0.0
8865050d99fffff,Klang,0,30,True,1.0,1216.9471153846152,1134000,8203,0,0,0,0,0,0,0,0,0,0,28,28.0
8865057719fffff,Klang,0,0,False,0.0,0.0,1134000,8203,0,0,0,0,0,0,0,0,0,0,0,0.0
8865050ddbfffff,Klang,1,270,True,2.0,2433.8942307692305,1134000,8203,2,0,1,3,3,0,1,1,249,2,8,188.89999999999998
8865057627fffff,Klang,0,35,True,1.0,1216.9471153846152,1134000,8203,0,0,0,0,0,0,0,0,0,0,35,35.0
8865053ac7fffff,Klang,0,0,False,0.0,0.0,1134000,8203,0,0,0,0,0,0,0,0,0,0,0,0.0
8865050cb7fffff,Klang,0,4,True,1.0,1216.9471153846152,1134000,8203,1,0,0,0,0,0,0,0,0,0,3,3.4
8865050c91fffff,Klang,3,45,True,4.0,4867.788461538461,1134000,8203,0,0,1,0,1,0,0,3,38,1,1,32.4
8865050e19fffff,Klang,0,6,True,1.0,1216.9471153846152,1134000,8203,0,0,0,1,0,1,2,0,2,0,0,2.7
8865050d83fffff,Klang,0,0,False,0.0,0.0,1134000,8203,0,0,0,0,0,0,0,0,0,0,0,0.0
88650539d3fffff,Klang,0,0,False,0.0,0.0,1134000,8203,0,0,0,0,0,0,0,0,0,0,0,0.0
8865053a89fffff,Klang,1,1,True,2.0,2433.8942307692305,1134000,8203,0,0,0,0,0,0,0,1,0,0,0,1.0
8865053b37fffff,Klang,0,35,True,1.0,1216.9471153846152,1134000,8203,0,0,0,0,2,0,0,0,0,0,33,34.0
88650574e7fffff,Klang,0,0,False,0.0,0.0,1134000,8203,0,0,0,0,0,0,0,0,0,0,0,0.0
8865057465fffff,Klang,0,3,True,1.0,1216.9471153846152,1134000,8203,2,1,0,0,0,0,0,0,0,0,0,1.3
886505388dfffff,Klang,0,0,False,0.0,0.0,1134000,8203,0,0,0,0,0,0,0,0,0,0,0,0.0
88650576cdfffff,Klang,0,0,False,0.0,0.0,1134000,8203,0,0,0,0,0,0,0,0,0,0,0,0.0
8865050eabfffff,Klang,3,57,True,4.0,4867.788461538461,1134000,8203,2,0,0,1,2,0,0,3,47,1,1,39.699999999999996
8865053ae3fffff,Klang,3,4,True,4.0,4867.788461538461,1134000,8203,0,0,0,0,0,0,0,3,0,0,1,4.0
8865053919fffff,Klang,0,8,True,1.0,1216.9471153846152,1134000,8203,0,0,0,0,0,0,0,0,0,0,8,8.0
886505394bfffff,Klang,0,16,True,1.0,1216.9471153846152,1134000,8203,0,0,0,0,0,0,0,0,0,0,16,16.0
8865053a99fffff,Klang,0,0,False,0.0,0.0,1134000,8203,0,0,0,0,0,0,0,0,0,0,0,0.0
8865053adbfffff,Klang,0,56,True,1.0,1216.9471153846152,1134000,8203,0,0,0,0,0,0,1,0,0,0,55,55.2
886505393bfffff,Klang,0,9,True,1.0,1216.9471153846152,1134000,8203,0,0,0,0,0,0,0,0,0,0,9,9.0
8865053929fffff,Klang,0,3,True,1.0,1216.9471153846152,1134000,8203,1,1,0,0,0,0,0,0,0,0,1,1.9
8865053aa1fffff,Klang,0,37,True,1.0,1216.9471153846152,1134000,8203,0,0,0,0,0,0,0,0,0,0,37,37.0
886505760bfffff,Klang,2,80,True,3.0,3650.8413461538457,1134000,8203,2,0,0,1,3,0,0,2,2,0,70,76.1
8865057621fffff,Klang,0,12,True,1.0,1216.9471153846152,1134000,8203,0,0,0,0,0,0,0,0,0,0,12,12.0
8865050c53fffff,Klang,5,30,True,6.0,7301.6826923076915,1134000,8203,0,0,0,2,0,0,0,5,0,0,23,28.8
8865052355fffff,Klang,0,0,False,0.0,0.0,1134000,8203,0,0,0,0,0,0,0,0,0,0,0,0.0
8865052125fffff,Klang,0,0,False,0.0,0.0,1134000,8203,0,0,0,0,0,0,0,0,0,0,0,0.0
88650576a9fffff,Klang,1,1,True,2.0,2433.8942307692305,1134000,8203,0,0,0,0,0,0,0,1,0,0,0,1.0
8865050ea3fffff,Klang,4,164,True,5.0,6084.735576923076,1134000,8203,1,1,0,7,0,0,0,4,150,0,0,112.69999999999999
88650574e3fffff,Klang,0,0,False,0.0,0.0,1134000,8203,0,0,0,0,0,0,0,0,0,0,0,0.0
8865050cc7fffff,Klang,0,5,True,1.0,1216.9471153846152,1134000,8203,2,0,0,1,2,0,0,0,0,0,0,2.2
88650574cdfffff,Klang,0,0,False,0.0,0.0,1134000,8203,0,0,0,0,0,0,0,0,0,0,0,0.0
8865057731fffff,Klang,0,3,True,1.0,1216.9471153846152,1134000,8203,1,0,0,0,2,0,0,0,0,0,0,1.4
8865050c9bfffff,Klang,0,62,True,1.0,1216.9471153846152,1134000,8203,3,0,0,1,0,0,0,0,57,1,0,42.099999999999994
8865050d9dfffff,Klang,0,1,False,0.0,0.0,1134000,8203,0,0,0,0,0,0,0,0,0,0,1,1.0
886505773bfffff,Klang,1,2,True,2.0,2433.8942307692305,1134000,8203,1,0,0,0,0,0,0,1,0,0,0,1.4
8865053b05fffff,Klang,12,281,True,13.0,15820.312499999998,1134000,8203,1,0,0,0,0,0,0,12,134,1,133,239.79999999999998
8865052129fffff,Klang,0,0,False,0.0,0.0,1134000,8203,0,0,0,0,0,0,0,0,0,0,0,0.0
8865057601fffff,Klang,0,29,True,1.0,1216.9471153846152,1134000,8203,0,0,0,0,1,0,0,0,6,0,22,26.7
8865053855fffff,Klang,0,18,True,1.0,1216.9471153846152,1134000,8203,0,0,0,0,0,0,0,0,0,0,18,18.0
88650574c1fffff,Klang,0,1,False,0.0,0.0,1134000,8203,0,1,0,0,0,0,0,0,0,0,0,0.5
88650574dbfffff,Klang,0,1,False,0.0,0.0,1134000,8203,0,0,0,0,0,0,0,0,0,0,1,1.0
8865052159fffff,Klang,0,0,False,0.0,0.0,1134000,8203,0,0,0,0,0,0,0,0,0,0,0,0.0
8865057623fffff,Klang,0,1,False,0.0,0.0,1134000,8203,0,0,0,0,0,0,0,0,0,0,1,1.0
8865050e25fffff,Klang,0,0,False,0.0,0.0,1134000,8203,0,0,0,0,0,0,0,0,0,0,0,0.0
8865053ac1fffff,Klang,0,0,False,0.0,0.0,1134000,8203,0,0,0,0,0,0,0,0,0,0,0,0.0
8865050e87fffff,Klang,1,250,True,2.0,2433.8942307692305,1134000,8203,0,0,0,2,2,0,2,1,240,1,2,173.79999999999998
8865057429fffff,Klang,2,3,True,3.0,3650.8413461538457,1134000,8203,0,0,0,0,0,0,0,2,0,0,1,3.0
8865050e09fffff,Klang,0,0,False,0.0,0.0,1134000,8203,0,0,0,0,0,0,0,0,0,0,0,0.0
8865053885fffff,Klang,0,0,False,0.0,0.0,1134000,8203,0,0,0,0,0,0,0,0,0,0,0,0.0
8865053967fffff,Klang,0,18,True,1.0,1216.9471153846152,1134000,8203,1,0,0,0,0,0,0,0,6,0,11,15.6
8865050ea9fffff,Klang,0,0,False,0.0,0.0,1134000,8203,0,0,0,0,0,0,0,0,0,0,0,0.0
8865057461fffff,Klang,0,1,False,0.0,0.0,1134000,8203,1,0,0,0,0,0,0,0,0,0,0,0.4
8865050e83fffff,Klang,0,104,True,1.0,1216.9471153846152,1134000,8203,0,0,0,0,0,0,0,0,95,5,4,73.5
8865053185fffff,Klang,0,0,False,0.0,0.0,1134000,8203,0,0,0,0,0,0,0,0,0,0,0,0.0
8865057613fffff,Klang,1,1,True,2.0,2433.8942307692305,1134000,8203,0,0,0,0,0,0,0,1,0,0,0,1.0
886505765bfffff,Klang,0,3,True,1.0,1216.9471153846152,1134000,8203,1,1,0,0,0,0,0,0,0,0,1,1.9
8865050cddfffff,Klang,2,245,True,3.0,3650.8413461538457,1134000,8203,1,5,0,1,3,0,1,2,232,0,0,169.39999999999998
8865053949fffff,Klang,31,55,True,19.730000000000015,24010.366586538483,1134000,8203,6,0,0,0,0,0,0,31,16,2,0,45.8
8865050ca9fffff,Klang,0,265,True,1.0,1216.9471153846152,1134000,8203,2,1,1,2,6,1,9,0,235,5,3,178.6
88650576adfffff,Klang,0,0,False,0.0,0.0,1134000,8203,0,0,0,0,0,0,0,0,0,0,0,0.0
8865057415fffff,Klang,0,0,False,0.0,0.0,1134000,8203,0,0,0,0,0,0,0,0,0,0,0,0.0
8865053aebfffff,Klang,0,0,False,0.0,0.0,1134000,8203,0,0,0,0,0,0,0,0,0,0,0,0.0
8865050ce5fffff,Klang,0,28,True,1.0,1216.9471153846152,1134000,8203,0,0,0,0,0,0,0,0,0,0,28,28.0
8865057649fffff,Klang,0,52,True,1.0,1216.9471153846152,1134000,8203,2,0,0,1,1,0,3,0,30,1,14,37.9
886505741bfffff,Klang,0,1,False,0.0,0.0,1134000,8203,1,0,0,0,0,0,0,0,0,0,0,0.4
8865052309fffff,Klang,0,0,False,0.0,0.0,1134000,8203,0,0,0,0,0,0,0,0,0,0,0,0.0
88650576e1fffff,Klang,0,22,True,1.0,1216.9471153846152,1134000,8203,0,2,0,3,2,0,2,0,8,1,4,13.8
8865050e35fffff,Klang,0,0,False,0.0,0.0,1134000,8203,0,0,0,0,0,0,0,0,0,0,0,0.0
8865053955fffff,Klang,2,9,True,3.0,3650.8413461538457,1134000,8203,1,0,0,0,0,0,0,2,0,0,6,8.4
8865053853fffff,Klang,0,57,True,1.0,1216.9471153846152,1134000,8203,0,0,0,0,0,0,0,0,0,0,57,57.0
8865050dd1fffff,Klang,4,195,True,5.0,6084.735576923076,1134000,8203,0,0,2,5,17,0,8,4,7,3,149,173.2
8865053a37fffff,Klang,0,0,False,0.0,0.0,1134000,8203,0,0,0,0,0,0,0,0,0,0,0,0.0
886505382dfffff,Klang,0,6,True,1.0,1216.9471153846152,1134000,8203,0,0,0,0,2,0,0,0,0,0,4,5.0
88650576c7fffff,Klang,0,2,False,0.0,0.0,1134000,8203,0,0,0,2,0,0,0,0,0,0,0,0.8
88650539b9fffff,Klang,0,0,False,0.0,0.0,1134000,8203,0,0,0,0,0,0,0,0,0,0,0,0.0
8865052361fffff,Klang,0,0,False,0.0,0.0,1134000,8203,0,0,0,0,0,0,0,0,0,0,0,0.0
88650538cbfffff,Klang,0,0,False,0.0,0.0,1134000,8203,0,0,0,0,0,0,0,0,0,0,0,0.0
8865050e3dfffff,Klang,0,0,False,0.0,0.0,1134000,8203,0,0,0,0,0,0,0,0,0,0,0,0.0
8865050dcbfffff,Klang,0,0,False,0.0,0.0,1134000,8203,0,0,0,0,0,0,0,0,0,0,0,0.0
8865052109fffff,Klang,0,0,False,0.0,0.0,1134000,8203,0,0,0,0,0,0,0,0,0,0,0,0.0
8865050e21fffff,Klang,0,0,False,0.0,0.0,1134000,8203,0,0,0,0,0,0,0,0,0,0,0,0.0
8865052165fffff,Klang,0,0,False,0.0,0.0,1134000,8203,0,0,0,0,0,0,0,0,0,0,0,0.0
8865050ea5fffff,Klang,1,263,True,2.0,2433.8942307692305,1134000,8203,0,0,0,4,5,2,0,1,238,2,11,184.89999999999998
8865057459fffff,Klang,0,0,False,0.0,0.0,1134000,8203,0,0,0,0,0,0,0,0,0,0,0,0.0
8865050ea1fffff,Klang,0,172,True,1.0,1216.9471153846152,1134000,8203,1,0,0,2,0,0,0,0,166,0,3,120.39999999999999
8865053b25fffff,Klang,0,117,True,1.0,1216.9471153846152,1134000,8203,3,2,1,3,3,0,0,0,24,0,81,103.4
88650538c1fffff,Klang,0,0,False,0.0,0.0,1134000,8203,0,0,0,0,0,0,0,0,0,0,0,0.0
886505384bfffff,Klang,0,4,True,1.0,1216.9471153846152,1134000,8203,0,0,0,0,0,0,0,0,0,0,4,4.0
8865053ad7fffff,Klang,1,3,True,2.0,2433.8942307692305,1134000,8203,0,0,0,0,0,0,0,1,0,0,2,3.0
886505751dfffff,Klang,0,0,False,0.0,0.0,1134000,8203,0,0,0,0,0,0,0,0,0,0,0,0.0
8865053a27fffff,Klang,0,8,True,1.0,1216.9471153846152,1134000,8203,0,0,0,0,0,0,0,0,0,0,8,8.0
8865053a21fffff,Klang,1,51,True,2.0,2433.8942307692305,1134000,8203,0,0,0,0,0,0,0,1,0,0,50,51.0
88650538e9fffff,Klang,0,0,False,0.0,0.0,1134000,8203,0,0,0,0,0,0,0,0,0,0,0,0.0
8865050c81fffff,Klang,1,94,True,2.0,2433.8942307692305,1134000,8203,3,3,1,7,0,0,0,1,75,4,0,62.099999999999994
8865053969fffff,Klang,0,4,True,1.0,1216.9471153846152,1134000,8203,0,0,0,0,0,0,0,0,4,0,0,2.8
886505744bfffff,Klang,0,0,False,0.0,0.0,1134000,8203,0,0,0,0,0,0,0,0,0,0,0,0.0
8865053945fffff,Klang,0,3,True,1.0,1216.9471153846152,1134000,8203,1,1,0,1,0,0,0,0,0,0,0,1.3
8865053a0bfffff,Klang,0,1,False,0.0,0.0,1134000,8203,1,0,0,0,0,0,0,0,0,0,0,0.4
8865053aa5fffff,Klang,0,11,True,1.0,1216.9471153846152,1134000,8203,0,0,0,0,0,0,0,0,0,0,11,11.0
88650576a3fffff,Klang,0,0,False,0.0,0.0,1134000,8203,0,0,0,0,0,0,0,0,0,0,0,0.0
8865050c43fffff,Klang,0,0,False,0.0,0.0,1134000,8203,0,0,0,0,0,0,0,0,0,0,0,0.0
8865050c31fffff,Klang,0,0,False,0.0,0.0,1134000,8203,0,0,0,0,0,0,0,0,0,0,0,0.0
8865050cedfffff,Klang,0,1,False,0.0,0.0,1134000,8203,0,0,0,0,0,0,0,0,0,1,0,0.6
8865053957fffff,Klang,22,71,True,19.730000000000015,24010.366586538483,1134000,8203,0,0,0,0,0,0,0,22,17,1,31,65.5
8865050cbbfffff,Klang,1,63,True,2.0,2433.8942307692305,1134000,8203,4,1,0,1,1,0,0,1,54,1,0,42.4
8865057651fffff,Klang,39,106,True,19.730000000000015,24010.366586538483,1134000,8203,1,3,0,0,22,3,4,39,16,1,17,83.0
886505392bfffff,Klang,0,130,True,1.0,1216.9471153846152,1134000,8203,0,0,0,0,0,0,0,0,114,0,16,95.8
8865053a2dfffff,Klang,0,54,True,1.0,1216.9471153846152,1134000,8203,0,0,0,0,0,0,0,0,0,0,54,54.0
8865050cdbfffff,Klang,22,97,True,19.730000000000015,24010.366586538483,1134000,8203,2,0,0,4,6,0,2,22,57,3,1,70.5
88650539a3fffff,Klang,0,0,False,0.0,0.0,1134000,8203,0,0,0,0,0,0,0,0,0,0,0,0.0
886505742dfffff,Klang,0,0,False,0.0,0.0,1134000,8203,0,0,0,0,0,0,0,0,0,0,0,0.0
8865050eb9fffff,Klang,2,171,True,3.0,3650.8413461538457,1134000,8203,0,1,0,1,1,0,0,2,166,0,0,119.6
8865057413fffff,Klang,3,12,True,4.0,4867.788461538461,1134000,8203,1,0,0,1,0,0,0,3,3,0,4,9.9
8865052307fffff,Klang,0,0,False,0.0,0.0,1134000,8203,0,0,0,0,0,0,0,0,0,0,0,0.0
8865050eadfffff,Klang,6,169,True,7.0,8518.629807692307,1134000,8203,0,1,0,2,0,0,0,6,121,0,39,131.0
8865050e2bfffff,Klang,0,0,False,0.0,0.0,1134000,8203,0,0,0,0,0,0,0,0,0,0,0,0.0
8865053b21fffff,Klang,1,92,True,2.0,2433.8942307692305,1134000,8203,10,3,0,1,4,0,3,1,53,1,16,63.199999999999996
88650574b9fffff,Klang,0,0,False,0.0,0.0,1134000,8203,0,0,0,0,0,0,0,0,0,0,0,0.0
8865052a11fffff,Klang,0,0,False,0.0,0.0,1134000,8203,0,0,0,0,0,0,0,0,0,0,0,0.0
8865053a07fffff,Klang,0,9,True,1.0,1216.9471153846152,1134000,8203,0,0,0,0,0,0,0,0,0,0,9,9.0
8865053a3bfffff,Klang,0,1,False,0.0,0.0,1134000,8203,0,0,0,0,0,0,0,0,1,0,0,0.7
8865052a57fffff,Klang,0,0,False,0.0,0.0,1134000,8203,0,0,0,0,0,0,0,0,0,0,0,0.0
8865052a0dfffff,Klang,0,0,False,0.0,0.0,1134000,8203,0,0,0,0,0,0,0,0,0,0,0,0.0
8865052145fffff,Klang,0,0,False,0.0,0.0,1134000,8203,0,0,0,0,0,0,0,0,0,0,0,0.0
8865053923fffff,Klang,0,0,False,0.0,0.0,1134000,8203,0,0,0,0,0,0,0,0,0,0,0,0.0
88650539c7fffff,Klang,0,0,False,0.0,0.0,1134000,8203,0,0,0,0,0,0,0,0,0,0,0,0.0
8865053a9dfffff,Klang,0,3,True,1.0,1216.9471153846152,1134000,8203,0,0,0,0,0,0,0,0,0,0,3,3.0
8865053b0dfffff,Klang,0,218,True,1.0,1216.9471153846152,1134000,8203,1,1,0,0,0,0,0,0,207,1,8,154.39999999999998
8865057423fffff,Klang,0,0,False,0.0,0.0,1134000,8203,0,0,0,0,0,0,0,0,0,0,0,0.0
8865053ac5fffff,Klang,0,0,False,0.0,0.0,1134000,8203,0,0,0,0,0,0,0,0,0,0,0,0.0
88650574ebfffff,Klang,3,3,True,4.0,4867.788461538461,1134000,8203,0,0,0,0,0,0,0,3,0,0,0,3.0
8865053b61fffff,Klang,18,83,True,19.0,23121.995192307688,1134000,8203,1,0,0,2,1,0,1,18,60,0,0,61.9
8865053943fffff,Klang,0,18,True,1.0,1216.9471153846152,1134000,8203,0,0,0,0,0,0,0,0,0,0,18,18.0
8865053aa9fffff,Klang,0,20,True,1.0,1216.9471153846152,1134000,8203,0,0,0,0,0,0,0,0,0,0,20,20.0
88650576ebfffff,Klang,1,3,True,2.0,2433.8942307692305,1134000,8203,0,0,0,0,0,0,0,1,0,0,2,3.0
886505236dfffff,Klang,0,0,False,0.0,0.0,1134000,8203,0,0,0,0,0,0,0,0,0,0,0,0.0
8865057403fffff,Klang,1,2,True,2.0,2433.8942307692305,1134000,8203,0,0,0,0,0,0,0,1,0,0,1,2.0
8865050e9bfffff,Klang,0,7,True,1.0,1216.9471153846152,1134000,8203,0,0,0,0,0,0,0,0,0,0,7,7.0
8865057737fffff,Klang,1,4,True,2.0,2433.8942307692305,1134000,8203,1,1,0,0,0,0,0,1,1,0,0,2.6
8865057495fffff,Klang,0,0,False,0.0,0.0,1134000,8203,0,0,0,0,0,0,0,0,0,0,0,0.0
8865053843fffff,Klang,0,6,True,1.0,1216.9471153846152,1134000,8203,0,0,0,0,0,0,0,0,0,0,6,6.0
8865053ab7fffff,Klang,0,0,False,0.0,0.0,1134000,8203,0,0,0,0,0,0,0,0,0,0,0,0.0
8865050c99fffff,Klang,10,81,True,11.0,13386.418269230768,1134000,8203,0,0,0,5,2,0,0,10,51,2,11,60.9
886505755dfffff,Klang,0,3,True,1.0,1216.9471153846152,1134000,8203,1,0,0,0,0,0,2,0,0,0,0,0.8
88650575d9fffff,Klang,0,0,False,0.0,0.0,1134000,8203,0,0,0,0,0,0,0,0,0,0,0,0.0
8865050ca1fffff,Klang,0,247,True,1.0,1216.9471153846152,1134000,8203,4,4,0,4,2,0,3,0,203,3,24,174.7
8865053a03fffff,Klang,0,0,False,0.0,0.0,1134000,8203,0,0,0,0,0,0,0,0,0,0,0,0.0
8865053907fffff,Klang,0,14,True,1.0,1216.9471153846152,1134000,8203,0,0,0,0,0,0,0,0,0,0,14,14.0
8865050c17fffff,Klang,0,2,False,0.0,0.0,1134000,8203,1,1,0,0,0,0,0,0,0,0,0,0.9
8865050cd3fffff,Klang,22,545,True,19.730000000000015,24010.366586538483,1134000,8203,5,2,1,6,5,1,1,22,490,1,11,385.9
8865057409fffff,Klang,0,0,False,0.0,0.0,1134000,8203,0,0,0,0,0,0,0,0,0,0,0,0.0
8865057653fffff,Klang,0,3,True,1.0,1216.9471153846152,1134000,8203,2,0,0,0,0,0,0,0,0,0,1,1.8
8865053b51fffff,Klang,0,7,True,1.0,1216.9471153846152,1134000,8203,0,0,0,0,1,0,0,0,0,0,6,6.5
8865053847fffff,Klang,0,8,True,1.0,1216.9471153846152,1134000,8203,0,0,0,0,0,0,0,0,0,0,8,8.0
8865053981fffff,Klang,0,0,False,0.0,0.0,1134000,8203,0,0,0,0,0,0,0,0,0,0,0,0.0
8865050cabfffff,Klang,2,797,True,3.0,3650.8413461538457,1134000,8203,8,2,5,1,10,1,8,2,734,3,23,555.8
8865057483fffff,Klang,0,0,False,0.0,0.0,1134000,8203,0,0,0,0,0,0,0,0,0,0,0,0.0
8865050dd3fffff,Klang,6,188,True,7.0,8518.629807692307,1134000,8203,2,3,0,7,1,1,2,6,76,1,89,155.29999999999998
8865057419fffff,Klang,1,16,True,2.0,2433.8942307692305,1134000,8203,0,1,0,0,1,0,0,1,1,0,12,14.7
88650538ebfffff,Klang,0,0,False,0.0,0.0,1134000,8203,0,0,0,0,0,0,0,0,0,0,0,0.0
8865053b03fffff,Klang,2,10,True,3.0,3650.8413461538457,1134000,8203,1,0,0,0,0,0,0,2,0,0,7,9.4
8865050e39fffff,Klang,0,0,False,0.0,0.0,1134000,8203,0,0,0,0,0,0,0,0,0,0,0,0.0
8865050e55fffff,Klang,0,0,False,0.0,0.0,1134000,8203,0,0,0,0,0,0,0,0,0,0,0,0.0
8865057401fffff,Klang,0,0,False,0.0,0.0,1134000,8203,0,0,0,0,0,0,0,0,0,0,0,0.0
8865057411fffff,Klang,1,20,True,2.0,2433.8942307692305,1134000,8203,3,0,0,0,8,0,2,1,3,3,0,10.5
8865053ac3fffff,Klang,0,5,True,1.0,1216.9471153846152,1134000,8203,0,0,0,0,0,0,0,0,0,0,5,5.0
88650539cbfffff,Klang,0,0,False,0.0,0.0,1134000,8203,0,0,0,0,0,0,0,0,0,0,0,0.0
8865050c5bfffff,Klang,0,251,True,1.0,1216.9471153846152,1134000,8203,1,0,0,1,0,0,0,0,83,0,166,224.9
8865053ab1fffff,Klang,0,0,False,0.0,0.0,1134000,8203,0,0,0,0,0,0,0,0,0,0,0,0.0
88650574edfffff,Klang,0,0,False,0.0,0.0,1134000,8203,0,0,0,0,0,0,0,0,0,0,0,0.0
8865053959fffff,Klang,0,70,True,1.0,1216.9471153846152,1134000,8203,0,0,0,0,0,0,0,0,0,0,70,70.0
8865052359fffff,Klang,0,0,False,0.0,0.0,1134000,8203,0,0,0,0,0,0,0,0,0,0,0,0.0
8865050ea7fffff,Klang,1,422,True,2.0,2433.8942307692305,1134000,8203,0,0,0,1,1,0,0,1,412,1,6,296.9
88650574c7fffff,Klang,1,1,True,2.0,2433.8942307692305,1134000,8203,0,0,0,0,0,0,0,1,0,0,0,1.0
8865050c33fffff,Klang,0,0,False,0.0,0.0,1134000,8203,0,0,0,0,0,0,0,0,0,0,0,0.0
8865057605fffff,Klang,0,0,False,0.0,0.0,1134000,8203,0,0,0,0,0,0,0,0,0,0,0,0.0
8865050d91fffff,Klang,0,4,True,1.0,1216.9471153846152,1134000,8203,0,0,0,0,0,0,0,0,0,0,4,4.0
8865053aabfffff,Klang,0,118,True,1.0,1216.9471153846152,1134000,8203,0,0,0,3,0,0,0,0,99,0,16,86.5
8865053b3bfffff,Klang,0,3,True,1.0,1216.9471153846152,1134000,8203,1,0,0,2,0,0,0,0,0,0,0,1.2000000000000002
8865050e63fffff,Klang,0,0,False,0.0,0.0,1134000,8203,0,0,0,0,0,0,0,0,0,0,0,0.0
886505396bfffff,Klang,0,2,False,0.0,0.0,1134000,8203,2,0,0,0,0,0,0,0,0,0,0,0.8
8865052169fffff,Klang,0,0,False,0.0,0.0,1134000,8203,0,0,0,0,0,0,0,0,0,0,0,0.0
8865052a1dfffff,Klang,0,0,False,0.0,0.0,1134000,8203,0,0,0,0,0,0,0,0,0,0,0,0.0
8865053a63fffff,Klang,0,0,False,0.0,0.0,1134000,8203,0,0,0,0,0,0,0,0,0,0,0,0.0
8865053921fffff,Klang,0,0,False,0.0,0.0,1134000,8203,0,0,0,0,0,0,0,0,0,0,0,0.0
8865053b67fffff,Klang,7,204,True,8.0,9735.576923076922,1134000,8203,3,1,0,2,0,0,0,7,71,0,120,179.2
8865057639fffff,Klang,0,121,True,1.0,1216.9471153846152,1134000,8203,1,1,0,1,0,0,0,0,6,0,112,117.5
886505760dfffff,Klang,2,4,True,3.0,3650.8413461538457,1134000,8203,1,0,0,1,0,0,0,2,0,0,0,2.8
8865050d9bfffff,Klang,1,193,True,2.0,2433.8942307692305,1134000,8203,1,0,0,1,1,0,0,1,185,0,4,135.79999999999998
8865057453fffff,Klang,1,5,True,2.0,2433.8942307692305,1134000,8203,1,0,0,2,0,0,0,1,0,1,0,2.8
8865050d8bfffff,Klang,0,1,False,0.0,0.0,1134000,8203,0,0,0,0,0,0,0,0,0,0,1,1.0
886505399bfffff,Klang,0,0,False,0.0,0.0,1134000,8203,0,0,0,0,0,0,0,0,0,0,0,0.0
8865050e2dfffff,Klang,0,0,False,0.0,0.0,1134000,8203,0,0,0,0,0,0,0,0,0,0,0,0.0
8865050c3bfffff,Klang,0,0,False,0.0,0.0,1134000,8203,0,0,0,0,0,0,0,0,0,0,0,0.0
8865050cc5fffff,Klang,19,122,True,19.730000000000015,24010.366586538483,1134000,8203,0,4,0,4,1,1,0,19,93,0,0,88.7
8865050eebfffff,Klang,0,14,True,1.0,1216.9471153846152,1134000,8203,1,1,0,1,0,0,0,0,11,0,0,9.0
8865052303fffff,Klang,0,0,False,0.0,0.0,1134000,8203,0,0,0,0,0,0,0,0,0,0,0,0.0
886505383bfffff,Klang,0,0,False,0.0,0.0,1134000,8203,0,0,0,0,0,0,0,0,0,0,0,0.0
8865050e95fffff,Klang,1,29,True,2.0,2433.8942307692305,1134000,8203,0,0,0,10,0,0,2,1,15,1,0,16.5
8865057735fffff,Klang,0,0,False,0.0,0.0,1134000,8203,0,0,0,0,0,0,0,0,0,0,0,0.0
8865050f19fffff,Klang,0,0,False,0.0,0.0,1134000,8203,0,0,0,0,0,0,0,0,0,0,0,0.0
8865052a19fffff,Klang,0,0,False,0.0,0.0,1134000,8203,0,0,0,0,0,0,0,0,0,0,0,0.0
8865052a6bfffff,Klang,0,0,False,0.0,0.0,1134000,8203,0,0,0,0,0,0,0,0,0,0,0,0.0
8865050eb5fffff,Klang,0,109,True,1.0,1216.9471153846152,1134000,8203,0,0,0,0,0,0,0,0,5,0,104,107.5
8865057511fffff,Klang,1,2,True,2.0,2433.8942307692305,1134000,8203,0,0,0,0,0,0,0,1,0,0,1,2.0
8865052321fffff,Klang,0,0,False,0.0,0.0,1134000,8203,0,0,0,0,0,0,0,0,0,0,0,0.0
8865050c95fffff,Klang,0,66,True,1.0,1216.9471153846152,1134000,8203,3,0,0,2,0,0,0,0,60,1,0,44.599999999999994
8865050e0bfffff,Klang,0,0,False,0.0,0.0,1134000,8203,0,0,0,0,0,0,0,0,0,0,0,0.0
88650539c1fffff,Klang,0,0,False,0.0,0.0,1134000,8203,0,0,0,0,0,0,0,0,0,0,0,0.0
8865053b29fffff,Klang,0,206,True,1.0,1216.9471153846152,1134000,8203,0,1,0,1,0,0,0,0,2,1,200,202.9
8865050c37fffff,Klang,0,6,True,1.0,1216.9471153846152,1134000,8203,0,0,0,0,0,0,0,0,0,0,6,6.0
8865057739fffff,Klang,0,3,True,1.0,1216.9471153846152,1134000,8203,1,0,0,0,0,0,1,0,1,0,0,1.3
8865053851fffff,Klang,0,23,True,1.0,1216.9471153846152,1134000,8203,0,0,0,0,0,0,0,0,0,0,23,23.0
88650576b7fffff,Klang,0,1,False,0.0,0.0,1134000,8203,0,0,0,0,0,0,0,0,0,0,1,1.0
8865057437fffff,Klang,0,0,False,0.0,0.0,1134000,8203,0,0,0,0,0,0,0,0,0,0,0,0.0
8865050ee3fffff,Klang,0,6,True,1.0,1216.9471153846152,1134000,8203,0,0,0,0,0,0,0,0,6,0,0,4.199999999999999
8865057509fffff,Klang,0,0,False,0.0,0.0,1134000,8203,0,0,0,0,0,0,0,0,0,0,0,0.0
88650574cbfffff,Klang,0,0,False,0.0,0.0,1134000,8203,0,0,0,0,0,0,0,0,0,0,0,0.0
886505775bfffff,Klang,0,33,True,1.0,1216.9471153846152,1134000,8203,0,0,1,0,4,0,1,0,2,2,22,27.5
8865050c49fffff,Klang,0,0,False,0.0,0.0,1134000,8203,0,0,0,0,0,0,0,0,0,0,0,0.0
8865050c61fffff,Klang,0,0,False,0.0,0.0,1134000,8203,0,0,0,0,0,0,0,0,0,0,0,0.0
88650538abfffff,Klang,0,0,False,0.0,0.0,1134000,8203,0,0,0,0,0,0,0,0,0,0,0,0.0
8865053a5dfffff,Klang,0,0,False,0.0,0.0,1134000,8203,0,0,0,0,0,0,0,0,0,0,0,0.0
8865053ad9fffff,Klang,0,13,True,1.0,1216.9471153846152,1134000,8203,0,0,0,0,0,0,0,0,0,0,13,13.0
886505212dfffff,Klang,0,0,False,0.0,0.0,1134000,8203,0,0,0,0,0,0,0,0,0,0,0,0.0
8865050cd1fffff,Klang,1,794,True,2.0,2433.8942307692305,1134000,8203,2,3,0,1,7,2,13,1,762,2,1,546.4
8865050dd7fffff,Klang,0,9,True,1.0,1216.9471153846152,1134000,8203,0,0,0,0,0,0,0,0,0,0,9,9.0
8865050e27fffff,Klang,0,0,False,0.0,0.0,1134000,8203,0,0,0,0,0,0,0,0,0,0,0,0.0
8865053b3dfffff,Klang,13,449,True,14.0,17037.259615384613,1134000,8203,3,3,0,0,2,0,4,13,365,0,58,331.0
886505210dfffff,Klang,0,0,False,0.0,0.0,1134000,8203,0,0,0,0,0,0,0,0,0,0,0,0.0
8865057707fffff,Klang,0,0,False,0.0,0.0,1134000,8203,0,0,0,0,0,0,0,0,0,0,0,0.0
8865053a23fffff,Klang,0,2,False,0.0,0.0,1134000,8203,0,0,0,0,0,0,0,0,0,0,2,2.0
88650531b7fffff,Klang,0,0,False,0.0,0.0,1134000,8203,0,0,0,0,0,0,0,0,0,0,0,0.0
8865053931fffff,Klang,0,0,False,0.0,0.0,1134000,8203,0,0,0,0,0,0,0,0,0,0,0,0.0
8865057717fffff,Klang,0,1,False,0.0,0.0,1134000,8203,1,0,0,0,0,0,0,0,0,0,0,0.4
886505750bfffff,Klang,0,0,False,0.0,0.0,1134000,8203,0,0,0,0,0,0,0,0,0,0,0,0.0
8865053a17fffff,Klang,0,0,False,0.0,0.0,1134000,8203,0,0,0,0,0,0,0,0,0,0,0,0.0
88650505a7fffff,Klang,0,1,False,0.0,0.0,1134000,8203,0,0,0,0,0,0,0,0,0,0,1,1.0
8865050cadfffff,Klang,0,164,True,1.0,1216.9471153846152,1134000,8203,0,1,1,2,2,0,1,0,155,1,1,113.3
8865052a5dfffff,Klang,2,9,True,3.0,3650.8413461538457,1134000,8203,5,2,0,0,0,0,0,2,0,0,0,5.0
8865050e93fffff,Klang,0,0,False,0.0,0.0,1134000,8203,0,0,0,0,0,0,0,0,0,0,0,0.0
886505395bfffff,Klang,0,66,True,1.0,1216.9471153846152,1134000,8203,0,0,0,0,0,0,0,0,0,0,66,66.0
8865053857fffff,Klang,0,41,True,1.0,1216.9471153846152,1134000,8203,0,0,0,0,0,0,0,0,0,0,41,41.0
8865050c6dfffff,Klang,0,0,False,0.0,0.0,1134000,8203,0,0,0,0,0,0,0,0,0,0,0,0.0
8865053937fffff,Klang,0,0,False,0.0,0.0,1134000,8203,0,0,0,0,0,0,0,0,0,0,0,0.0
8865053b1bfffff,Klang,0,0,False,0.0,0.0,1134000,8203,0,0,0,0,0,0,0,0,0,0,0,0.0
8865053867fffff,Klang,0,1,False,0.0,0.0,1134000,8203,0,0,1,0,0,0,0,0,0,0,0,0.7
8865057635fffff,Klang,0,7,True,1.0,1216.9471153846152,1134000,8203,0,0,0,0,0,0,0,0,0,0,7,7.0
8865050c69fffff,Klang,0,0,False,0.0,0.0,1134000,8203,0,0,0,0,0,0,0,0,0,0,0,0.0
886505393dfffff,Klang,0,1,False,0.0,0.0,1134000,8203,0,0,0,0,0,0,0,0,0,0,1,1.0
8865050c8dfffff,Klang,5,25,True,6.0,7301.6826923076915,1134000,8203,1,2,0,3,2,0,1,5,5,6,0,15.9
88650574e1fffff,Klang,0,0,False,0.0,0.0,1134000,8203,0,0,0,0,0,0,0,0,0,0,0,0.0
8865050e6bfffff,Klang,0,0,False,0.0,0.0,1134000,8203,0,0,0,0,0,0,0,0,0,0,0,0.0
88650574ddfffff,Klang,0,0,False,0.0,0.0,1134000,8203,0,0,0,0,0,0,0,0,0,0,0,0.0
8865050ca3fffff,Klang,0,82,True,1.0,1216.9471153846152,1134000,8203,2,1,0,3,0,0,0,0,49,0,27,63.8
8865053869fffff,Klang,0,0,False,0.0,0.0,1134000,8203,0,0,0,0,0,0,0,0,0,0,0,0.0
8865050c0bfffff,Klang,0,0,False,0.0,0.0,1134000,8203,0,0,0,0,0,0,0,0,0,0,0,0.0
8865057443fffff,Klang,0,0,False,0.0,0.0,1134000,8203,0,0,0,0,0,0,0,0,0,0,0,0.0
8865057407fffff,Klang,0,0,False,0.0,0.0,1134000,8203,0,0,0,0,0,0,0,0,0,0,0,0.0
8865050e61fffff,Klang,0,0,False,0.0,0.0,1134000,8203,0,0,0,0,0,0,0,0,0,0,0,0.0
8865053a35fffff,Klang,0,0,False,0.0,0.0,1134000,8203,0,0,0,0,0,0,0,0,0,0,0,0.0
8865050e67fffff,Klang,0,0,False,0.0,0.0,1134000,8203,0,0,0,0,0,0,0,0,0,0,0,0.0
8865053859fffff,Klang,1,2,True,2.0,2433.8942307692305,1134000,8203,0,0,0,0,0,0,0,1,0,1,0,1.6
8865053911fffff,Klang,0,3,True,1.0,1216.9471153846152,1134000,8203,0,0,0,0,0,0,0,0,0,0,3,3.0
88650539d7fffff,Klang,0,0,False,0.0,0.0,1134000,8203,0,0,0,0,0,0,0,0,0,0,0,0.0
886505763dfffff,Klang,1,12,True,2.0,2433.8942307692305,1134000,8203,0,0,0,0,0,0,0,1,0,0,11,12.0
886505765dfffff,Klang,5,93,True,6.0,7301.6826923076915,1134000,8203,0,0,0,0,0,0,0,5,29,0,59,84.3
8865050c51fffff,Klang,0,0,False,0.0,0.0,1134000,8203,0,0,0,0,0,0,0,0,0,0,0,0.0
8865050dd9fffff,Klang,0,307,True,1.0,1216.9471153846152,1134000,8203,0,1,0,2,9,0,2,0,127,3,163,259.9
8865053a97fffff,Klang,0,0,False,0.0,0.0,1134000,8203,0,0,0,0,0,0,0,0,0,0,0,0.0
886505215dfffff,Klang,0,0,False,0.0,0.0,1134000,8203,0,0,0,0,0,0,0,0,0,0,0,0.0
8865053a09fffff,Klang,0,0,False,0.0,0.0,1134000,8203,0,0,0,0,0,0,0,0,0,0,0,0.0
8865050cb5fffff,Klang,0,1,False,0.0,0.0,1134000,8203,1,0,0,0,0,0,0,0,0,0,0,0.4
8865057457fffff,Klang,0,6,True,1.0,1216.9471153846152,1134000,8203,1,3,0,2,0,0,0,0,0,0,0,2.7
8865050dd5fffff,Klang,0,0,False,0.0,0.0,1134000,8203,0,0,0,0,0,0,0,0,0,0,0,0.0
8865050ec1fffff,Klang,0,0,False,0.0,0.0,1134000,8203,0,0,0,0,0,0,0,0,0,0,0,0.0
8865050e15fffff,Klang,0,0,False,0.0,0.0,1134000,8203,0,0,0,0,0,0,0,0,0,0,0,0.0
886505398dfffff,Klang,0,0,False,0.0,0.0,1134000,8203,0,0,0,0,0,0,0,0,0,0,0,0.0
88650538a9fffff,Klang,0,0,False,0.0,0.0,1134000,8203,0,0,0,0,0,0,0,0,0,0,0,0.0
8865050e91fffff,Klang,3,48,True,4.0,4867.788461538461,1134000,8203,0,0,0,45,0,0,0,3,0,0,0,21.0
8865053b5bfffff,Klang,0,23,True,1.0,1216.9471153846152,1134000,8203,0,0,0,0,0,0,0,0,0,0,23,23.0
8865050ce9fffff,Klang,1,21,True,2.0,2433.8942307692305,1134000,8203,2,1,0,4,0,0,0,1,11,2,0,12.799999999999999
8865050e29fffff,Klang,0,0,False,0.0,0.0,1134000,8203,0,0,0,0,0,0,0,0,0,0,0,0.0
8865050c19fffff,Klang,11,36,True,12.0,14603.365384615385,1134000,8203,3,1,0,0,0,0,0,11,21,0,0,27.4
88650576b1fffff,Klang,0,0,False,0.0,0.0,1134000,8203,0,0,0,0,0,0,0,0,0,0,0,0.0
88650531e7fffff,Klang,0,16,True,1.0,1216.9471153846152,1134000,8203,0,0,0,0,0,0,0,0,0,0,16,16.0
8865050e33fffff,Klang,0,0,False,0.0,0.0,1134000,8203,0,0,0,0,0,0,0,0,0,0,0,0.0
8865053819fffff,Klang,0,12,True,1.0,1216.9471153846152,1134000,8203,0,0,0,0,0,0,0,0,0,0,12,12.0
8865050cd5fffff,Klang,5,236,True,6.0,7301.6826923076915,1134000,8203,3,0,0,1,5,3,1,5,210,8,0,162.6
88650576cbfffff,Klang,0,0,False,0.0,0.0,1134000,8203,0,0,0,0,0,0,0,0,0,0,0,0.0
8865053a05fffff,Klang,0,17,True,1.0,1216.9471153846152,1134000,8203,1,1,0,0,0,0,0,0,0,0,15,15.9
886505394dfffff,Klang,0,1,False,0.0,0.0,1134000,8203,0,0,0,0,0,0,0,0,0,1,0,0.6
886505766bfffff,Klang,2,30,True,3.0,3650.8413461538457,1134000,8203,0,1,0,2,1,0,0,2,9,1,14,24.7
8865050c3dfffff,Klang,0,0,False,0.0,0.0,1134000,8203,0,0,0,0,0,0,0,0,0,0,0,0.0
8865057755fffff,Klang,0,22,True,1.0,1216.9471153846152,1134000,8203,0,0,0,0,0,0,0,0,0,1,21,21.6
8865057611fffff,Klang,1,13,True,2.0,2433.8942307692305,1134000,8203,1,0,0,0,0,0,0,1,1,1,9,11.7
8865057447fffff,Klang,0,2,False,0.0,0.0,1134000,8203,0,0,0,0,0,0,0,0,0,2,0,1.2
8865050e03fffff,Klang,0,0,False,0.0,0.0,1134000,8203,0,0,0,0,0,0,0,0,0,0,0,0.0
88650539a1fffff,Klang,0,0,False,0.0,0.0,1134000,8203,0,0,0,0,0,0,0,0,0,0,0,0.0
8865050e45fffff,Klang,0,0,False,0.0,0.0,1134000,8203,0,0,0,0,0,0,0,0,0,0,0,0.0
8865057625fffff,Klang,1,7,True,2.0,2433.8942307692305,1134000,8203,0,0,0,0,0,0,0,1,0,0,6,7.0
8865052345fffff,Klang,0,0,False,0.0,0.0,1134000,8203,0,0,0,0,0,0,0,0,0,0,0,0.0
8865057549fffff,Klang,0,0,False,0.0,0.0,1134000,8203,0,0,0,0,0,0,0,0,0,0,0,0.0
88650539ddfffff,Klang,0,0,False,0.0,0.0,1134000,8203,0,0,0,0,0,0,0,0,0,0,0,0.0
8865053995fffff,Klang,0,0,False,0.0,0.0,1134000,8203,0,0,0,0,0,0,0,0,0,0,0,0.0
88650576edfffff,Klang,0,47,True,1.0,1216.9471153846152,1134000,8203,1,2,0,4,0,0,0,0,0,0,40,43.0
8865052a51fffff,Klang,0,0,False,0.0,0.0,1134000,8203,0,0,0,0,0,0,0,0,0,0,0,0.0
8865052161fffff,Klang,0,0,False,0.0,0.0,1134000,8203,0,0,0,0,0,0,0,0,0,0,0,0.0
8865053a0dfffff,Klang,0,1,False,0.0,0.0,1134000,8203,0,0,0,0,0,0,0,0,0,0,1,1.0
88650538dbfffff,Klang,0,0,False,0.0,0.0,1134000,8203,0,0,0,0,0,0,0,0,0,0,0,0.0
8865050c09fffff,Klang,0,0,False,0.0,0.0,1134000,8203,0,0,0,0,0,0,0,0,0,0,0,0.0
8865053a93fffff,Klang,0,0,False,0.0,0.0,1134000,8203,0,0,0,0,0,0,0,0,0,0,0,0.0
8865052301fffff,Klang,0,0,False,0.0,0.0,1134000,8203,0,0,0,0,0,0,0,0,0,0,0,0.0
8865050e47fffff,Klang,0,0,False,0.0,0.0,1134000,8203,0,0,0,0,0,0,0,0,0,0,0,0.0
8865053a31fffff,Klang,0,2,False,0.0,0.0,1134000,8203,0,1,0,0,0,0,0,0,0,1,0,1.1
8865050e37fffff,Klang,0,0,False,0.0,0.0,1134000,8203,0,0,0,0,0,0,0,0,0,0,0,0.0
8865052a01fffff,Klang,0,0,False,0.0,0.0,1134000,8203,0,0,0,0,0,0,0,0,0,0,0,0.0
8865050ec5fffff,Klang,0,14,True,1.0,1216.9471153846152,1134000,8203,0,0,0,0,0,0,0,0,0,0,14,14.0
8865057661fffff,Klang,0,2,False,0.0,0.0,1134000,8203,0,0,0,1,0,0,0,0,0,1,0,1.0
886505768dfffff,Klang,0,2,False,0.0,0.0,1134000,8203,0,0,0,0,0,0,0,0,0,0,2,2.0
88650538e3fffff,Klang,0,0,False,0.0,0.0,1134000,8203,0,0,0,0,0,0,0,0,0,0,0,0.0
886505391dfffff,Klang,0,23,True,1.0,1216.9471153846152,1134000,8203,0,0,0,0,0,0,0,0,0,0,23,23.0
8865050f11fffff,Klang,0,0,False,0.0,0.0,1134000,8203,0,0,0,0,0,0,0,0,0,0,0,0.0
8865050cd9fffff,Klang,0,49,True,1.0,1216.9471153846152,1134000,8203,2,1,1,3,3,0,3,0,4,3,29,38.9
88650574adfffff,Klang,0,0,False,0.0,0.0,1134000,8203,0,0,0,0,0,0,0,0,0,0,0,0.0
8865053889fffff,Klang,0,0,False,0.0,0.0,1134000,8203,0,0,0,0,0,0,0,0,0,0,0,0.0
8865057641fffff,Klang,0,116,True,1.0,1216.9471153846152,1134000,8203,3,0,0,0,0,0,0,0,59,1,53,96.1
88650538b3fffff,Klang,0,0,False,0.0,0.0,1134000,8203,0,0,0,0,0,0,0,0,0,0,0,0.0
88650576c9fffff,Klang,0,0,False,0.0,0.0,1134000,8203,0,0,0,0,0,0,0,0,0,0,0,0.0
8865053b0bfffff,Klang,0,47,True,1.0,1216.9471153846152,1134000,8203,0,0,0,0,0,0,1,0,0,0,46,46.2
8865053ae9fffff,Klang,0,0,False,0.0,0.0,1134000,8203,0,0,0,0,0,0,0,0,0,0,0,0.0
8865050f1bfffff,Klang,0,0,False,0.0,0.0,1134000,8203,0,0,0,0,0,0,0,0,0,0,0,0.0
886505216bfffff,Klang,0,0,False,0.0,0.0,1134000,8203,0,0,0,0,0,0,0,0,0,0,0,0.0
8865050c5dfffff,Klang,0,0,False,0.0,0.0,1134000,8203,0,0,0,0,0,0,0,0,0,0,0,0.0
88650574c5fffff,Klang,0,3,True,1.0,1216.9471153846152,1134000,8203,1,1,0,0,0,0,0,0,0,1,0,1.5
88650538edfffff,Klang,0,0,False,0.0,0.0,1134000,8203,0,0,0,0,0,0,0,0,0,0,0,0.0
886505390dfffff,Klang,0,0,False,0.0,0.0,1134000,8203,0,0,0,0,0,0,0,0,0,0,0,0.0
8865057451fffff,Klang,0,0,False,0.0,0.0,1134000,8203,0,0,0,0,0,0,0,0,0,0,0,0.0
8865050ce3fffff,Klang,0,6,True,1.0,1216.9471153846152,1134000,8203,2,2,0,1,1,0,0,0,0,0,0,2.7
886505764dfffff,Klang,2,75,True,3.0,3650.8413461538457,1134000,8203,1,1,0,5,0,0,0,2,64,2,0,50.9
8865050e85fffff,Klang,0,0,False,0.0,0.0,1134000,8203,0,0,0,0,0,0,0,0,0,0,0,0.0
8865057757fffff,Klang,3,30,True,4.0,4867.788461538461,1134000,8203,0,0,0,0,2,1,2,3,1,2,19,25.8
8865053addfffff,Klang,0,17,True,1.0,1216.9471153846152,1134000,8203,0,0,0,0,0,0,0,0,0,1,16,16.6
8865050f13fffff,Klang,0,0,False,0.0,0.0,1134000,8203,0,0,0,0,0,0,0,0,0,0,0,0.0
8865050e1dfffff,Klang,0,15,True,1.0,1216.9471153846152,1134000,8203,0,1,0,0,0,0,2,0,12,0,0,9.299999999999999
8865053b63fffff,Klang,16,335,True,17.0,20688.100961538457,1134000,8203,3,1,0,4,1,1,0,16,121,2,186,292.2
8865053961fffff,Klang,0,1,False,0.0,0.0,1134000,8203,1,0,0,0,0,0,0,0,0,0,0,0.4
8865053ae1fffff,Klang,1,1,True,2.0,2433.8942307692305,1134000,8203,0,0,0,0,0,0,0,0,0,0,0,0.0
8865050cc9fffff,Klang,1,413,True,2.0,2433.8942307692305,1134000,8203,2,0,0,1,3,2,2,1,320,1,81,310.7
8865053a81fffff,Klang,1,6,True,2.0,2433.8942307692305,1134000,8203,0,0,0,0,0,0,0,1,0,0,5,6.0
886505398bfffff,Klang,0,0,False,0.0,0.0,1134000,8203,0,0,0,0,0,0,0,0,0,0,0,0.0
8865053841fffff,Klang,0,2,False,0.0,0.0,1134000,8203,0,0,0,0,0,0,0,0,0,0,2,2.0
88650531e5fffff,Klang,0,11,True,1.0,1216.9471153846152,1134000,8203,0,0,0,0,0,0,0,0,0,0,11,11.0
8865050ec3fffff,Klang,0,0,False,0.0,0.0,1134000,8203,0,0,0,0,0,0,0,0,0,0,0,0.0
886505740dfffff,Klang,0,0,False,0.0,0.0,1134000,8203,0,0,0,0,0,0,0,0,0,0,0,0.0
8865057555fffff,Klang,0,1,False,0.0,0.0,1134000,8203,1,0,0,0,0,0,0,0,0,0,0,0.4
886505762dfffff,Klang,0,11,True,1.0,1216.9471153846152,1134000,8203,0,0,0,0,1,0,1,0,0,1,8,9.3
8865057727fffff,Klang,0,0,False,0.0,0.0,1134000,8203,0,0,0,0,0,0,0,0,0,0,0,0.0
8865050e6dfffff,Klang,0,0,False,0.0,0.0,1134000,8203,0,0,0,0,0,0,0,0,0,0,0,0.0
8865050ce7fffff,Klang,22,93,True,19.730000000000015,24010.366586538483,1134000,8203,4,3,2,5,3,1,2,22,51,0,0,66.6
8865050cb3fffff,Klang,0,5,True,1.0,1216.9471153846152,1134000,8203,1,0,0,0,0,0,0,0,4,0,0,3.1999999999999997
8865050c85fffff,Klang,1,437,True,2.0,2433.8942307692305,1134000,8203,9,5,2,5,4,2,7,1,397,4,1,296.2
88650538d3fffff,Klang,0,0,False,0.0,0.0,1134000,8203,0,0,0,0,0,0,0,0,0,0,0,0.0
8865053b17fffff,Klang,0,0,False,0.0,0.0,1134000,8203,0,0,0,0,0,0,0,0,0,0,0,0.0
886505742bfffff,Klang,0,0,False,0.0,0.0,1134000,8203,0,0,0,0,0,0,0,0,0,0,0,0.0
8865052367fffff,Klang,0,0,False,0.0,0.0,1134000,8203,0,0,0,0,0,0,0,0,0,0,0,0.0
88650574d1fffff,Klang,0,0,False,0.0,0.0,1134000,8203,0,0,0,0,0,0,0,0,0,0,0,0.0
8865053903fffff,Klang,0,85,True,1.0,1216.9471153846152,1134000,8203,0,0,0,0,0,0,0,0,39,0,46,73.3
8865053947fffff,Klang,0,9,True,1.0,1216.9471153846152,1134000,8203,0,0,0,0,0,0,1,0,0,0,8,8.2
8865050d95fffff,Klang,0,5,True,1.0,1216.9471153846152,1134000,8203,2,0,0,1,0,0,0,0,0,1,1,2.8
886505386bfffff,Klang,0,1,False,0.0,0.0,1134000,8203,0,0,0,0,0,0,0,0,0,0,1,1.0
8865057485fffff,Klang,1,2,True,2.0,2433.8942307692305,1134000,8203,0,0,0,0,0,0,0,1,1,0,0,1.7
8865053845fffff,Klang,0,1,False,0.0,0.0,1134000,8203,0,0,0,0,0,0,0,0,0,0,1,1.0
8865052143fffff,Klang,0,0,False,0.0,0.0,1134000,8203,0,0,0,0,0,0,0,0,0,0,0,0.0
8865050ee1fffff,Klang,0,0,False,0.0,0.0,1134000,8203,0,0,0,0,0,0,0,0,0,0,0,0.0
8865057643fffff,Klang,2,71,True,3.0,3650.8413461538457,1134000,8203,0,0,0,0,0,0,0,2,33,0,36,61.1
8865052305fffff,Klang,0,0,False,0.0,0.0,1134000,8203,0,0,0,0,0,0,0,0,0,0,0,0.0
8865053963fffff,Klang,0,14,True,1.0,1216.9471153846152,1134000,8203,0,0,0,1,0,0,0,0,0,0,13,13.4
8865050ee7fffff,Klang,7,89,True,8.0,9735.576923076922,1134000,8203,0,0,0,1,0,0,0,7,5,0,76,86.9
8865050c8bfffff,Klang,4,176,True,5.0,6084.735576923076,1134000,8203,0,3,0,2,4,2,7,4,153,1,0,118.39999999999999
8865057715fffff,Klang,0,3,True,1.0,1216.9471153846152,1134000,8203,0,0,0,0,2,0,0,0,0,1,0,1.6
8865057557fffff,Klang,0,0,False,0.0,0.0,1134000,8203,0,0,0,0,0,0,0,0,0,0,0,0.0
8865052a09fffff,Klang,0,0,False,0.0,0.0,1134000,8203,0,0,0,0,0,0,0,0,0,0,0,0.0
8865057421fffff,Klang,0,0,False,0.0,0.0,1134000,8203,0,0,0,0,0,0,0,0,0,0,0,0.0
8865050c83fffff,Klang,0,58,True,1.0,1216.9471153846152,1134000,8203,3,3,0,7,2,1,2,0,38,1,0,34.6
88650570ddfffff,Petaling,0,0,False,0.0,0.0,2334700,9618,0,0,0,0,0,0,0,0,0,0,0,0.0
8865050debfffff,Petaling,0,0,False,0.0,0.0,2334700,9618,0,0,0,0,0,0,0,0,0,0,0,0.0
88650508adfffff,Petaling,12,47,True,13.0,17088.236287680043,2334700,9618,2,3,0,3,3,0,1,12,17,4,2,33.5
88650572ddfffff,Petaling,0,0,False,0.0,0.0,2334700,9618,0,0,0,0,0,0,0,0,0,0,0,0.0
8865050a91fffff,Petaling,0,0,False,0.0,0.0,2334700,9618,0,0,0,0,0,0,0,0,0,0,0,0.0
88650509d5fffff,Petaling,15,144,True,16.0,21031.67543099082,2334700,9618,2,4,2,6,34,7,16,15,15,6,35,94.4
8865050123fffff,Petaling,0,0,False,0.0,0.0,2334700,9618,0,0,0,0,0,0,0,0,0,0,0,0.0
8865057749fffff,Petaling,0,0,False,0.0,0.0,2334700,9618,0,0,0,0,0,0,0,0,0,0,0,0.0
8865050a5bfffff,Petaling,0,0,False,0.0,0.0,2334700,9618,0,0,0,0,0,0,0,0,0,0,0,0.0
88650572c9fffff,Petaling,0,0,False,0.0,0.0,2334700,9618,0,0,0,0,0,0,0,0,0,0,0,0.0
8865050aa1fffff,Petaling,0,0,False,0.0,0.0,2334700,9618,0,0,0,0,0,0,0,0,0,0,0,0.0
8865057229fffff,Petaling,8,10,True,9.0,11830.317429932336,2334700,9618,0,0,0,1,0,0,0,8,0,0,0,8.4
886505701bfffff,Petaling,0,0,False,0.0,0.0,2334700,9618,0,0,0,0,0,0,0,0,0,0,0,0.0
88650508a1fffff,Petaling,1,158,True,2.0,2628.9594288738526,2334700,9618,3,2,0,3,11,3,3,1,83,3,46,117.89999999999999
8865057319fffff,Petaling,1,3,True,2.0,2628.9594288738526,2334700,9618,0,0,0,0,0,0,0,1,0,0,2,3.0
8865050ad3fffff,Petaling,0,0,False,0.0,0.0,2334700,9618,0,0,0,0,0,0,0,0,0,0,0,0.0
8865050d05fffff,Petaling,0,0,False,0.0,0.0,2334700,9618,0,0,0,0,0,0,0,0,0,0,0,0.0
8865050ac9fffff,Petaling,0,0,False,0.0,0.0,2334700,9618,0,0,0,0,0,0,0,0,0,0,0,0.0
8865057217fffff,Petaling,0,0,False,0.0,0.0,2334700,9618,0,0,0,0,0,0,0,0,0,0,0,0.0
88650572bbfffff,Petaling,0,0,False,0.0,0.0,2334700,9618,0,0,0,0,0,0,0,0,0,0,0,0.0
8865050d19fffff,Petaling,0,0,False,0.0,0.0,2334700,9618,0,0,0,0,0,0,0,0,0,0,0,0.0
8865050a83fffff,Petaling,0,0,False,0.0,0.0,2334700,9618,0,0,0,0,0,0,0,0,0,0,0,0.0
8865050f07fffff,Petaling,0,0,False,0.0,0.0,2334700,9618,0,0,0,0,0,0,0,0,0,0,0,0.0
8865057665fffff,Petaling,0,2,False,0.0,0.0,2334700,9618,0,0,0,0,1,0,1,0,0,0,0,0.7
8865057027fffff,Petaling,0,0,False,0.0,0.0,2334700,9618,0,0,0,0,0,0,0,0,0,0,0,0.0
886505720dfffff,Petaling,2,12,True,3.0,3943.439143310779,2334700,9618,0,0,0,4,2,0,0,1,0,3,0,5.4
8865050ab9fffff,Petaling,0,0,False,0.0,0.0,2334700,9618,0,0,0,0,0,0,0,0,0,0,0,0.0
88650508d7fffff,Petaling,0,0,False,0.0,0.0,2334700,9618,0,0,0,0,0,0,0,0,0,0,0,0.0
8865050d51fffff,Petaling,0,0,False,0.0,0.0,2334700,9618,0,0,0,0,0,0,0,0,0,0,0,0.0
886505081bfffff,Petaling,0,0,False,0.0,0.0,2334700,9618,0,0,0,0,0,0,0,0,0,0,0,0.0
886505702bfffff,Petaling,0,0,False,0.0,0.0,2334700,9618,0,0,0,0,0,0,0,0,0,0,0,0.0
8865057763fffff,Petaling,0,0,False,0.0,0.0,2334700,9618,0,0,0,0,0,0,0,0,0,0,0,0.0
8865050d25fffff,Petaling,0,0,False,0.0,0.0,2334700,9618,0,0,0,0,0,0,0,0,0,0,0,0.0
8865050d6bfffff,Petaling,0,0,False,0.0,0.0,2334700,9618,0,0,0,0,0,0,0,0,0,0,0,0.0
8865057049fffff,Petaling,0,121,True,1.0,1314.4797144369263,2334700,9618,2,0,1,0,7,1,4,0,7,3,96,109.0
8865050a67fffff,Petaling,0,0,False,0.0,0.0,2334700,9618,0,0,0,0,0,0,0,0,0,0,0,0.0
8865057249fffff,Petaling,48,229,True,49.0,64409.506007409385,2334700,9618,6,4,8,9,21,8,8,46,45,10,60,173.2
8865057303fffff,Petaling,24,59,True,25.0,32861.99286092316,2334700,9618,4,2,0,4,7,6,1,24,9,0,1,42.2
886505731bfffff,Petaling,0,0,False,0.0,0.0,2334700,9618,0,0,0,0,0,0,0,0,0,0,0,0.0
88650508dbfffff,Petaling,0,0,False,0.0,0.0,2334700,9618,0,0,0,0,0,0,0,0,0,0,0,0.0
8865050a3dfffff,Petaling,0,0,False,0.0,0.0,2334700,9618,0,0,0,0,0,0,0,0,0,0,0,0.0
8865050f23fffff,Petaling,0,0,False,0.0,0.0,2334700,9618,0,0,0,0,0,0,0,0,0,0,0,0.0
8865057039fffff,Petaling,0,0,False,0.0,0.0,2334700,9618,0,0,0,0,0,0,0,0,0,0,0,0.0
8865050a1bfffff,Petaling,0,0,False,0.0,0.0,2334700,9618,0,0,0,0,0,0,0,0,0,0,0,0.0
8865050aedfffff,Petaling,0,0,False,0.0,0.0,2334700,9618,0,0,0,0,0,0,0,0,0,0,0,0.0
88650572cbfffff,Petaling,0,0,False,0.0,0.0,2334700,9618,0,0,0,0,0,0,0,0,0,0,0,0.0
8865050d35fffff,Petaling,0,0,False,0.0,0.0,2334700,9618,0,0,0,0,0,0,0,0,0,0,0,0.0
8865050f25fffff,Petaling,0,0,False,0.0,0.0,2334700,9618,0,0,0,0,0,0,0,0,0,0,0,0.0
8865050d31fffff,Petaling,0,0,False,0.0,0.0,2334700,9618,0,0,0,0,0,0,0,0,0,0,0,0.0
88650509d1fffff,Petaling,4,68,True,5.0,6572.398572184631,2334700,9618,2,4,0,2,5,0,7,4,8,4,32,51.5
88650509ddfffff,Petaling,2,261,True,3.0,3943.439143310779,2334700,9618,2,6,9,17,47,11,24,2,17,17,109,183.8
8865050a8dfffff,Petaling,0,0,False,0.0,0.0,2334700,9618,0,0,0,0,0,0,0,0,0,0,0,0.0
88650509d9fffff,Petaling,1,112,True,2.0,2628.9594288738526,2334700,9618,3,4,0,4,8,2,9,1,5,4,72,90.5
88650501adfffff,Petaling,0,0,False,0.0,0.0,2334700,9618,0,0,0,0,0,0,0,0,0,0,0,0.0
8865057043fffff,Petaling,0,0,False,0.0,0.0,2334700,9618,0,0,0,0,0,0,0,0,0,0,0,0.0
8865050de3fffff,Petaling,0,0,False,0.0,0.0,2334700,9618,0,0,0,0,0,0,0,0,0,0,0,0.0
8865050db9fffff,Petaling,0,1,False,0.0,0.0,2334700,9618,0,0,0,1,0,0,0,0,0,0,0,0.4
8865057253fffff,Petaling,0,0,False,0.0,0.0,2334700,9618,0,0,0,0,0,0,0,0,0,0,0,0.0
88650508c7fffff,Petaling,0,0,False,0.0,0.0,2334700,9618,0,0,0,0,0,0,0,0,0,0,0,0.0
8865050b1bfffff,Petaling,0,31,True,1.0,1314.4797144369263,2334700,9618,2,2,0,3,2,0,0,0,2,16,4,19.0
88650572d3fffff,Petaling,0,0,False,0.0,0.0,2334700,9618,0,0,0,0,0,0,0,0,0,0,0,0.0
8865050837fffff,Petaling,3,121,True,4.0,5257.918857747705,2334700,9618,6,7,2,8,24,7,16,3,9,7,29,71.7
8865050819fffff,Petaling,1,5,True,2.0,2628.9594288738526,2334700,9618,0,0,0,0,0,0,0,1,0,0,4,5.0
8865050f57fffff,Petaling,0,0,False,0.0,0.0,2334700,9618,0,0,0,0,0,0,0,0,0,0,0,0.0
8865050f37fffff,Petaling,0,0,False,0.0,0.0,2334700,9618,0,0,0,0,0,0,0,0,0,0,0,0.0
886505724dfffff,Petaling,8,252,True,9.0,11830.317429932336,2334700,9618,4,2,3,6,10,2,8,8,197,3,8,170.39999999999998
8865057259fffff,Petaling,0,0,False,0.0,0.0,2334700,9618,0,0,0,0,0,0,0,0,0,0,0,0.0
8865057239fffff,Petaling,0,0,False,0.0,0.0,2334700,9618,0,0,0,0,0,0,0,0,0,0,0,0.0
8865050c63fffff,Petaling,0,0,False,0.0,0.0,2334700,9618,0,0,0,0,0,0,0,0,0,0,0,0.0
8865050dbdfffff,Petaling,0,0,False,0.0,0.0,2334700,9618,0,0,0,0,0,0,0,0,0,0,0,0.0
8865057019fffff,Petaling,0,0,False,0.0,0.0,2334700,9618,0,0,0,0,0,0,0,0,0,0,0,0.0
8865050aebfffff,Petaling,0,0,False,0.0,0.0,2334700,9618,0,0,0,0,0,0,0,0,0,0,0,0.0
88650571d9fffff,Petaling,0,0,False,0.0,0.0,2334700,9618,0,0,0,0,0,0,0,0,0,0,0,0.0
8865057001fffff,Petaling,0,0,False,0.0,0.0,2334700,9618,0,0,0,0,0,0,0,0,0,0,0,0.0
886505088bfffff,Petaling,0,0,False,0.0,0.0,2334700,9618,0,0,0,0,0,0,0,0,0,0,0,0.0
886505726bfffff,Petaling,23,63,True,24.0,31547.51314648623,2334700,9618,1,2,0,8,5,0,1,20,16,4,3,43.9
8865050a49fffff,Petaling,0,0,False,0.0,0.0,2334700,9618,0,0,0,0,0,0,0,0,0,0,0,0.0
8865050f69fffff,Petaling,0,0,False,0.0,0.0,2334700,9618,0,0,0,0,0,0,0,0,0,0,0,0.0
8865057013fffff,Petaling,0,0,False,0.0,0.0,2334700,9618,0,0,0,0,0,0,0,0,0,0,0,0.0
8865050d0bfffff,Petaling,0,0,False,0.0,0.0,2334700,9618,0,0,0,0,0,0,0,0,0,0,0,0.0
8865057037fffff,Petaling,0,4,True,1.0,1314.4797144369263,2334700,9618,0,0,0,0,2,0,1,0,1,0,0,1.9
8865057725fffff,Petaling,0,0,False,0.0,0.0,2334700,9618,0,0,0,0,0,0,0,0,0,0,0,0.0
8865057095fffff,Petaling,0,0,False,0.0,0.0,2334700,9618,0,0,0,0,0,0,0,0,0,0,0,0.0
8865050a19fffff,Petaling,0,0,False,0.0,0.0,2334700,9618,0,0,0,0,0,0,0,0,0,0,0,0.0
88650501a1fffff,Petaling,0,0,False,0.0,0.0,2334700,9618,0,0,0,0,0,0,0,0,0,0,0,0.0
8865050aa3fffff,Petaling,0,0,False,0.0,0.0,2334700,9618,0,0,0,0,0,0,0,0,0,0,0,0.0
88650508b5fffff,Petaling,44,138,True,45.0,59151.58714966168,2334700,9618,1,2,0,19,3,0,6,42,5,21,30,99.8
8865050d17fffff,Petaling,0,0,False,0.0,0.0,2334700,9618,0,0,0,0,0,0,0,0,0,0,0,0.0
886505012dfffff,Petaling,0,0,False,0.0,0.0,2334700,9618,0,0,0,0,0,0,0,0,0,0,0,0.0
88650572e3fffff,Petaling,0,0,False,0.0,0.0,2334700,9618,0,0,0,0,0,0,0,0,0,0,0,0.0
8865050db3fffff,Petaling,0,0,False,0.0,0.0,2334700,9618,0,0,0,0,0,0,0,0,0,0,0,0.0
886505728dfffff,Petaling,0,0,False,0.0,0.0,2334700,9618,0,0,0,0,0,0,0,0,0,0,0,0.0
8865050997fffff,Petaling,6,50,True,7.0,9201.358001058485,2334700,9618,4,1,1,2,11,0,3,6,5,3,14,35.0
8865050a9dfffff,Petaling,0,0,False,0.0,0.0,2334700,9618,0,0,0,0,0,0,0,0,0,0,0,0.0
8865057709fffff,Petaling,0,8,True,1.0,1314.4797144369263,2334700,9618,0,0,0,0,0,0,0,0,0,0,8,8.0
8865057047fffff,Petaling,0,0,False,0.0,0.0,2334700,9618,0,0,0,0,0,0,0,0,0,0,0,0.0
8865057045fffff,Petaling,5,72,True,6.0,7886.878286621558,2334700,9618,0,0,0,1,0,2,0,5,3,1,60,69.1
8865057005fffff,Petaling,0,0,False,0.0,0.0,2334700,9618,0,0,0,0,0,0,0,0,0,0,0,0.0
88650571cdfffff,Petaling,2,5,True,3.0,3943.439143310779,2334700,9618,0,1,0,2,0,0,0,2,0,0,0,3.3
886505711bfffff,Petaling,0,12,True,1.0,1314.4797144369263,2334700,9618,1,0,0,2,3,0,0,0,4,0,2,7.5
8865050d41fffff,Petaling,0,0,False,0.0,0.0,2334700,9618,0,0,0,0,0,0,0,0,0,0,0,0.0
8865050d2bfffff,Petaling,0,0,False,0.0,0.0,2334700,9618,0,0,0,0,0,0,0,0,0,0,0,0.0
886505723dfffff,Petaling,6,95,True,7.0,9201.358001058485,2334700,9618,0,0,0,2,4,0,2,6,2,0,79,89.6
8865057085fffff,Petaling,0,0,False,0.0,0.0,2334700,9618,0,0,0,0,0,0,0,0,0,0,0,0.0
88650508a5fffff,Petaling,3,21,True,4.0,5257.918857747705,2334700,9618,2,3,0,5,0,0,0,3,7,1,0,12.799999999999999
88650570d3fffff,Petaling,0,0,False,0.0,0.0,2334700,9618,0,0,0,0,0,0,0,0,0,0,0,0.0
8865050d65fffff,Petaling,0,0,False,0.0,0.0,2334700,9618,0,0,0,0,0,0,0,0,0,0,0,0.0
8865050d1dfffff,Petaling,0,0,False,0.0,0.0,2334700,9618,0,0,0,0,0,0,0,0,0,0,0,0.0
88650508bdfffff,Petaling,3,31,True,4.0,5257.918857747705,2334700,9618,1,1,0,6,4,0,1,3,6,3,3,17.5
8865057067fffff,Petaling,0,0,False,0.0,0.0,2334700,9618,0,0,0,0,0,0,0,0,0,0,0,0.0
88650509d7fffff,Petaling,0,108,True,1.0,1314.4797144369263,2334700,9618,4,3,0,2,13,6,7,0,8,5,59,82.4
8865050d69fffff,Petaling,0,0,False,0.0,0.0,2334700,9618,0,0,0,0,0,0,0,0,0,0,0,0.0
8865050addfffff,Petaling,0,0,False,0.0,0.0,2334700,9618,0,0,0,0,0,0,0,0,0,0,0,0.0
8865057291fffff,Petaling,0,0,False,0.0,0.0,2334700,9618,0,0,0,0,0,0,0,0,0,0,0,0.0
88650508cdfffff,Petaling,0,0,False,0.0,0.0,2334700,9618,0,0,0,0,0,0,0,0,0,0,0,0.0
8865050d53fffff,Petaling,0,0,False,0.0,0.0,2334700,9618,0,0,0,0,0,0,0,0,0,0,0,0.0
8865050993fffff,Petaling,7,14,True,8.0,10515.83771549541,2334700,9618,1,0,0,2,2,0,1,7,0,1,0,10.0
88650572b1fffff,Petaling,0,0,False,0.0,0.0,2334700,9618,0,0,0,0,0,0,0,0,0,0,0,0.0
8865050d03fffff,Petaling,0,0,False,0.0,0.0,2334700,9618,0,0,0,0,0,0,0,0,0,0,0,0.0
88650572c7fffff,Petaling,0,0,False,0.0,0.0,2334700,9618,0,0,0,0,0,0,0,0,0,0,0,0.0
886505731dfffff,Petaling,1,2,True,2.0,2628.9594288738526,2334700,9618,0,0,0,0,0,0,0,1,0,0,1,2.0
8865050b53fffff,Petaling,0,0,False,0.0,0.0,2334700,9618,0,0,0,0,0,0,0,0,0,0,0,0.0
8865050833fffff,Petaling,8,127,True,9.0,11830.317429932336,2334700,9618,10,5,0,4,13,1,6,8,7,7,66,99.4
8865050a45fffff,Petaling,0,3,True,1.0,1314.4797144369263,2334700,9618,0,0,0,0,1,0,0,0,0,2,0,1.7
8865050a95fffff,Petaling,0,0,False,0.0,0.0,2334700,9618,0,0,0,0,0,0,0,0,0,0,0,0.0
88650570d9fffff,Petaling,0,0,False,0.0,0.0,2334700,9618,0,0,0,0,0,0,0,0,0,0,0,0.0
8865057287fffff,Petaling,0,0,False,0.0,0.0,2334700,9618,0,0,0,0,0,0,0,0,0,0,0,0.0
8865050f31fffff,Petaling,0,0,False,0.0,0.0,2334700,9618,0,0,0,0,0,0,0,0,0,0,0,0.0
8865057219fffff,Petaling,0,0,False,0.0,0.0,2334700,9618,0,0,0,0,0,0,0,0,0,0,0,0.0
8865050d07fffff,Petaling,0,0,False,0.0,0.0,2334700,9618,0,0,0,0,0,0,0,0,0,0,0,0.0
8865057255fffff,Petaling,15,127,True,16.0,21031.67543099082,2334700,9618,0,3,0,2,32,3,7,15,23,1,41,93.9
8865050f67fffff,Petaling,0,0,False,0.0,0.0,2334700,9618,0,0,0,0,0,0,0,0,0,0,0,0.0
8865050f09fffff,Petaling,0,0,False,0.0,0.0,2334700,9618,0,0,0,0,0,0,0,0,0,0,0,0.0
88650572edfffff,Petaling,0,0,False,0.0,0.0,2334700,9618,0,0,0,0,0,0,0,0,0,0,0,0.0
886505729dfffff,Petaling,0,0,False,0.0,0.0,2334700,9618,0,0,0,0,0,0,0,0,0,0,0,0.0
8865050f35fffff,Petaling,0,0,False,0.0,0.0,2334700,9618,0,0,0,0,0,0,0,0,0,0,0,0.0
8865057065fffff,Petaling,2,14,True,3.0,3943.439143310779,2334700,9618,2,0,0,2,3,0,2,2,1,2,0,7.4
8865057231fffff,Petaling,0,2,False,0.0,0.0,2334700,9618,0,0,0,0,0,0,0,0,0,2,0,1.2
88650501a7fffff,Petaling,0,0,False,0.0,0.0,2334700,9618,0,0,0,0,0,0,0,0,0,0,0,0.0
8865050f41fffff,Petaling,0,0,False,0.0,0.0,2334700,9618,0,0,0,0,0,0,0,0,0,0,0,0.0
88650570ebfffff,Petaling,0,0,False,0.0,0.0,2334700,9618,0,0,0,0,0,0,0,0,0,0,0,0.0
88650508d3fffff,Petaling,0,0,False,0.0,0.0,2334700,9618,0,0,0,0,0,0,0,0,0,0,0,0.0
8865050a13fffff,Petaling,0,0,False,0.0,0.0,2334700,9618,0,0,0,0,0,0,0,0,0,0,0,0.0
886505085dfffff,Petaling,4,36,True,5.0,6572.398572184631,2334700,9618,0,0,2,0,10,2,0,4,15,1,2,24.5
8865050abbfffff,Petaling,0,0,False,0.0,0.0,2334700,9618,0,0,0,0,0,0,0,0,0,0,0,0.0
8865050a1dfffff,Petaling,0,0,False,0.0,0.0,2334700,9618,0,0,0,0,0,0,0,0,0,0,0,0.0
8865050f4bfffff,Petaling,0,0,False,0.0,0.0,2334700,9618,0,0,0,0,0,0,0,0,0,0,0,0.0
8865050a2bfffff,Petaling,0,0,False,0.0,0.0,2334700,9618,0,0,0,0,0,0,0,0,0,0,0,0.0
8865057029fffff,Petaling,0,0,False,0.0,0.0,2334700,9618,0,0,0,0,0,0,0,0,0,0,0,0.0
8865050a17fffff,Petaling,0,0,False,0.0,0.0,2334700,9618,0,0,0,0,0,0,0,0,0,0,0,0.0
886505722bfffff,Petaling,26,61,True,27.0,35490.95228979701,2334700,9618,0,2,0,2,8,1,6,26,7,5,4,45.4
8865050991fffff,Petaling,14,86,True,15.0,19717.19571655389,2334700,9618,0,2,0,1,24,1,7,14,11,4,22,61.4
8865050a35fffff,Petaling,0,0,False,0.0,0.0,2334700,9618,0,0,0,0,0,0,0,0,0,0,0,0.0
8865050aa9fffff,Petaling,0,0,False,0.0,0.0,2334700,9618,0,0,0,0,0,0,0,0,0,0,0,0.0
886505725dfffff,Petaling,4,34,True,5.0,6572.398572184631,2334700,9618,0,0,1,0,9,0,1,4,3,1,15,27.1
8865050da1fffff,Petaling,0,0,False,0.0,0.0,2334700,9618,0,0,0,0,0,0,0,0,0,0,0,0.0
8865050da9fffff,Petaling,0,0,False,0.0,0.0,2334700,9618,0,0,0,0,0,0,0,0,0,0,0,0.0
8865057099fffff,Petaling,0,0,False,0.0,0.0,2334700,9618,0,0,0,0,0,0,0,0,0,0,0,0.0
8865057311fffff,Petaling,0,0,False,0.0,0.0,2334700,9618,0,0,0,0,0,0,0,0,0,0,0,0.0
8865050f0dfffff,Petaling,0,0,False,0.0,0.0,2334700,9618,0,0,0,0,0,0,0,0,0,0,0,0.0
8865057241fffff,Petaling,19,245,True,20.0,26289.594288738524,2334700,9618,1,0,0,4,7,2,3,17,88,3,117,204.5
8865050a29fffff,Petaling,0,0,False,0.0,0.0,2334700,9618,0,0,0,0,0,0,0,0,0,0,0,0.0
8865050d59fffff,Petaling,0,0,False,0.0,0.0,2334700,9618,0,0,0,0,0,0,0,0,0,0,0,0.0
8865050b59fffff,Petaling,0,2,False,0.0,0.0,2334700,9618,0,1,0,1,0,0,0,0,0,0,0,0.9
886505733bfffff,Petaling,69,220,True,53.18999999999971,69917.17601089973,2334700,9618,2,3,0,3,13,3,1,65,9,3,110,194.8
8865050d43fffff,Petaling,0,0,False,0.0,0.0,2334700,9618,0,0,0,0,0,0,0,0,0,0,0,0.0
8865050a9bfffff,Petaling,0,0,False,0.0,0.0,2334700,9618,0,0,0,0,0,0,0,0,0,0,0,0.0
8865050a2dfffff,Petaling,0,0,False,0.0,0.0,2334700,9618,0,0,0,0,0,0,0,0,0,0,0,0.0
8865050ae5fffff,Petaling,0,0,False,0.0,0.0,2334700,9618,0,0,0,0,0,0,0,0,0,0,0,0.0
88650508bbfffff,Petaling,0,0,False,0.0,0.0,2334700,9618,0,0,0,0,0,0,0,0,0,0,0,0.0
8865057267fffff,Petaling,14,24,True,15.0,19717.19571655389,2334700,9618,0,0,0,4,2,1,1,14,1,0,0,18.0
8865050a8bfffff,Petaling,0,0,False,0.0,0.0,2334700,9618,0,0,0,0,0,0,0,0,0,0,0,0.0
8865050d23fffff,Petaling,0,0,False,0.0,0.0,2334700,9618,0,0,0,0,0,0,0,0,0,0,0,0.0
88650572a7fffff,Petaling,0,0,False,0.0,0.0,2334700,9618,0,0,0,0,0,0,0,0,0,0,0,0.0
88650508b1fffff,Petaling,0,1,False,0.0,0.0,2334700,9618,0,0,0,0,0,0,0,0,0,1,0,0.6
8865050f49fffff,Petaling,0,0,False,0.0,0.0,2334700,9618,0,0,0,0,0,0,0,0,0,0,0,0.0
88650508edfffff,Petaling,9,101,True,10.0,13144.797144369262,2334700,9618,5,5,0,2,8,10,6,9,50,4,2,63.9
8865050ab3fffff,Petaling,0,0,False,0.0,0.0,2334700,9618,0,0,0,0,0,0,0,0,0,0,0,0.0
88650572b5fffff,Petaling,0,0,False,0.0,0.0,2334700,9618,0,0,0,0,0,0,0,0,0,0,0,0.0
88650570adfffff,Petaling,0,0,False,0.0,0.0,2334700,9618,0,0,0,0,0,0,0,0,0,0,0,0.0
8865057009fffff,Petaling,0,0,False,0.0,0.0,2334700,9618,0,0,0,0,0,0,0,0,0,0,0,0.0
8865050e65fffff,Petaling,0,0,False,0.0,0.0,2334700,9618,0,0,0,0,0,0,0,0,0,0,0,0.0
8865057021fffff,Petaling,0,0,False,0.0,0.0,2334700,9618,0,0,0,0,0,0,0,0,0,0,0,0.0
8865050a89fffff,Petaling,0,0,False,0.0,0.0,2334700,9618,0,0,0,0,0,0,0,0,0,0,0,0.0
88650508e9fffff,Petaling,15,99,True,16.0,21031.67543099082,2334700,9618,4,3,0,3,4,3,1,14,61,0,5,69.7
88650508ebfffff,Petaling,18,26,True,19.0,24975.1145743016,2334700,9618,2,3,0,1,0,1,1,18,0,0,0,21.4
886505754dfffff,Petaling,0,0,False,0.0,0.0,2334700,9618,0,0,0,0,0,0,0,0,0,0,0,0.0
886505766dfffff,Petaling,2,3,True,3.0,3943.439143310779,2334700,9618,1,0,0,0,0,0,0,2,0,0,0,2.4
88650572b3fffff,Petaling,0,0,False,0.0,0.0,2334700,9618,0,0,0,0,0,0,0,0,0,0,0,0.0
8865050a6bfffff,Petaling,0,0,False,0.0,0.0,2334700,9618,0,0,0,0,0,0,0,0,0,0,0,0.0
88650508b7fffff,Petaling,0,6,True,1.0,1314.4797144369263,2334700,9618,0,0,0,1,0,0,0,0,0,5,0,3.4
88650570e3fffff,Petaling,0,0,False,0.0,0.0,2334700,9618,0,0,0,0,0,0,0,0,0,0,0,0.0
8865050a99fffff,Petaling,0,0,False,0.0,0.0,2334700,9618,0,0,0,0,0,0,0,0,0,0,0,0.0
88650501a3fffff,Petaling,0,0,False,0.0,0.0,2334700,9618,0,0,0,0,0,0,0,0,0,0,0,0.0
886505724bfffff,Petaling,32,90,True,33.0,43377.83057641856,2334700,9618,2,0,1,3,15,1,5,28,7,6,15,63.2
8865050f4dfffff,Petaling,0,0,False,0.0,0.0,2334700,9618,0,0,0,0,0,0,0,0,0,0,0,0.0
8865050ab7fffff,Petaling,0,0,False,0.0,0.0,2334700,9618,0,0,0,0,0,0,0,0,0,0,0,0.0
8865057339fffff,Petaling,62,92,True,53.18999999999971,69917.17601089973,2334700,9618,3,2,0,2,3,0,1,60,16,3,0,77.7
8865050f3bfffff,Petaling,0,0,False,0.0,0.0,2334700,9618,0,0,0,0,0,0,0,0,0,0,0,0.0
8865050121fffff,Petaling,0,6,True,1.0,1314.4797144369263,2334700,9618,0,0,0,0,0,0,0,0,6,0,0,4.199999999999999
8865050d15fffff,Petaling,0,0,False,0.0,0.0,2334700,9618,0,0,0,0,0,0,0,0,0,0,0,0.0
88650570e1fffff,Petaling,0,0,False,0.0,0.0,2334700,9618,0,0,0,0,0,0,0,0,0,0,0,0.0
8865050ac1fffff,Petaling,0,0,False,0.0,0.0,2334700,9618,0,0,0,0,0,0,0,0,0,0,0,0.0
8865050f59fffff,Petaling,0,0,False,0.0,0.0,2334700,9618,0,0,0,0,0,0,0,0,0,0,0,0.0
88650572c5fffff,Petaling,0,0,False,0.0,0.0,2334700,9618,0,0,0,0,0,0,0,0,0,0,0,0.0
886505708bfffff,Petaling,0,0,False,0.0,0.0,2334700,9618,0,0,0,0,0,0,0,0,0,0,0,0.0
88650572b9fffff,Petaling,0,0,False,0.0,0.0,2334700,9618,0,0,0,0,0,0,0,0,0,0,0,0.0
8865057747fffff,Petaling,0,0,False,0.0,0.0,2334700,9618,0,0,0,0,0,0,0,0,0,0,0,0.0
8865057313fffff,Petaling,6,14,True,7.0,9201.358001058485,2334700,9618,3,2,0,2,0,0,0,6,0,1,0,9.6
88650501bdfffff,Petaling,0,0,False,0.0,0.0,2334700,9618,0,0,0,0,0,0,0,0,0,0,0,0.0
8865050a53fffff,Petaling,0,0,False,0.0,0.0,2334700,9618,0,0,0,0,0,0,0,0,0,0,0,0.0
8865057351fffff,Petaling,8,51,True,9.0,11830.317429932336,2334700,9618,0,0,1,6,7,2,5,8,8,1,13,35.8
8865057263fffff,Petaling,2,8,True,3.0,3943.439143310779,2334700,9618,0,1,0,1,1,0,0,1,2,0,1,4.8
88650508e7fffff,Petaling,13,106,True,14.0,18402.71600211697,2334700,9618,5,1,1,6,9,8,9,13,45,1,8,69.0
8865050d6dfffff,Petaling,0,0,False,0.0,0.0,2334700,9618,0,0,0,0,0,0,0,0,0,0,0,0.0
8865057215fffff,Petaling,0,0,False,0.0,0.0,2334700,9618,0,0,0,0,0,0,0,0,0,0,0,0.0
8865050881fffff,Petaling,14,38,True,15.0,19717.19571655389,2334700,9618,3,1,0,5,1,0,1,14,2,3,8,29.6
88650570e5fffff,Petaling,0,0,False,0.0,0.0,2334700,9618,0,0,0,0,0,0,0,0,0,0,0,0.0
886505709bfffff,Petaling,0,0,False,0.0,0.0,2334700,9618,0,0,0,0,0,0,0,0,0,0,0,0.0
8865050ad5fffff,Petaling,0,0,False,0.0,0.0,2334700,9618,0,0,0,0,0,0,0,0,0,0,0,0.0
8865050ae9fffff,Petaling,0,0,False,0.0,0.0,2334700,9618,0,0,0,0,0,0,0,0,0,0,0,0.0
8865050da7fffff,Petaling,0,0,False,0.0,0.0,2334700,9618,0,0,0,0,0,0,0,0,0,0,0,0.0
8865050849fffff,Petaling,0,17,True,1.0,1314.4797144369263,2334700,9618,0,0,0,2,0,0,1,0,0,7,7,12.2
8865050f55fffff,Petaling,0,0,False,0.0,0.0,2334700,9618,0,0,0,0,0,0,0,0,0,0,0,0.0
88650572a3fffff,Petaling,0,0,False,0.0,0.0,2334700,9618,0,0,0,0,0,0,0,0,0,0,0,0.0
8865057245fffff,Petaling,16,322,True,17.0,22346.155145427747,2334700,9618,2,1,0,7,27,5,2,16,250,4,8,221.89999999999998
8865050d67fffff,Petaling,0,0,False,0.0,0.0,2334700,9618,0,0,0,0,0,0,0,0,0,0,0,0.0
886505099bfffff,Petaling,2,211,True,3.0,3943.439143310779,2334700,9618,1,0,0,9,16,1,5,2,172,3,2,139.7
8865050981fffff,Petaling,37,80,True,38.0,49950.2291486032,2334700,9618,3,0,2,5,4,0,3,37,7,4,15,66.5
88650570cdfffff,Petaling,0,0,False,0.0,0.0,2334700,9618,0,0,0,0,0,0,0,0,0,0,0,0.0
8865057269fffff,Petaling,66,81,True,53.18999999999971,69917.17601089973,2334700,9618,2,2,0,1,0,0,4,66,0,2,4,74.2
8865057201fffff,Petaling,0,1,False,0.0,0.0,2334700,9618,0,0,0,1,0,0,0,0,0,0,0,0.4
88650508c1fffff,Petaling,0,0,False,0.0,0.0,2334700,9618,0,0,0,0,0,0,0,0,0,0,0,0.0
88650572e9fffff,Petaling,0,0,False,0.0,0.0,2334700,9618,0,0,0,0,0,0,0,0,0,0,0,0.0
8865057261fffff,Petaling,6,25,True,7.0,9201.358001058485,2334700,9618,1,1,0,9,1,0,1,6,2,1,3,16.2
88650508cbfffff,Petaling,0,0,False,0.0,0.0,2334700,9618,0,0,0,0,0,0,0,0,0,0,0,0.0
8865050a97fffff,Petaling,0,0,False,0.0,0.0,2334700,9618,0,0,0,0,0,0,0,0,0,0,0,0.0
88650501b7fffff,Petaling,0,0,False,0.0,0.0,2334700,9618,0,0,0,0,0,0,0,0,0,0,0,0.0
8865057015fffff,Petaling,0,0,False,0.0,0.0,2334700,9618,0,0,0,0,0,0,0,0,0,0,0,0.0
88650571d3fffff,Petaling,0,0,False,0.0,0.0,2334700,9618,0,0,0,0,0,0,0,0,0,0,0,0.0
88650572b7fffff,Petaling,0,0,False,0.0,0.0,2334700,9618,0,0,0,0,0,0,0,0,0,0,0,0.0
88650570cbfffff,Petaling,0,0,False,0.0,0.0,2334700,9618,0,0,0,0,0,0,0,0,0,0,0,0.0
8865050a43fffff,Petaling,0,0,False,0.0,0.0,2334700,9618,0,0,0,0,0,0,0,0,0,0,0,0.0
88650572e1fffff,Petaling,0,0,False,0.0,0.0,2334700,9618,0,0,0,0,0,0,0,0,0,0,0,0.0
88650508a3fffff,Petaling,25,178,True,26.0,34176.47257536009,2334700,9618,3,5,1,11,15,3,17,25,12,14,71,134.0
8865057223fffff,Petaling,58,160,True,53.18999999999971,69917.17601089973,2334700,9618,3,1,0,11,16,2,1,58,52,0,16,125.7
8865050f27fffff,Petaling,0,0,False,0.0,0.0,2334700,9618,0,0,0,0,0,0,0,0,0,0,0,0.0
8865057297fffff,Petaling,0,0,False,0.0,0.0,2334700,9618,0,0,0,0,0,0,0,0,0,0,0,0.0
886505700bfffff,Petaling,0,0,False,0.0,0.0,2334700,9618,0,0,0,0,0,0,0,0,0,0,0,0.0
8865057057fffff,Petaling,0,0,False,0.0,0.0,2334700,9618,0,0,0,0,0,0,0,0,0,0,0,0.0
8865050d33fffff,Petaling,0,0,False,0.0,0.0,2334700,9618,0,0,0,0,0,0,0,0,0,0,0,0.0
8865050c25fffff,Petaling,0,0,False,0.0,0.0,2334700,9618,0,0,0,0,0,0,0,0,0,0,0,0.0
8865050dddfffff,Petaling,0,42,True,1.0,1314.4797144369263,2334700,9618,0,0,0,0,0,0,0,0,5,3,34,39.3
8865050815fffff,Petaling,66,268,True,53.18999999999971,69917.17601089973,2334700,9618,5,2,0,2,15,13,9,66,41,5,110,227.3
8865050d29fffff,Petaling,0,0,False,0.0,0.0,2334700,9618,0,0,0,0,0,0,0,0,0,0,0,0.0
8865057033fffff,Petaling,0,0,False,0.0,0.0,2334700,9618,0,0,0,0,0,0,0,0,0,0,0,0.0
88650570c7fffff,Petaling,0,0,False,0.0,0.0,2334700,9618,0,0,0,0,0,0,0,0,0,0,0,0.0
886505726dfffff,Petaling,3,48,True,4.0,5257.918857747705,2334700,9618,2,5,0,8,8,0,4,3,7,7,4,27.4
88650572d5fffff,Petaling,0,0,False,0.0,0.0,2334700,9618,0,0,0,0,0,0,0,0,0,0,0,0.0
8865050137fffff,Petaling,0,0,False,0.0,0.0,2334700,9618,0,0,0,0,0,0,0,0,0,0,0,0.0
8865057055fffff,Petaling,0,0,False,0.0,0.0,2334700,9618,0,0,0,0,0,0,0,0,0,0,0,0.0
88650572c1fffff,Petaling,0,0,False,0.0,0.0,2334700,9618,0,0,0,0,0,0,0,0,0,0,0,0.0
8865050895fffff,Petaling,0,0,False,0.0,0.0,2334700,9618,0,0,0,0,0,0,0,0,0,0,0,0.0
8865050db7fffff,Petaling,0,0,False,0.0,0.0,2334700,9618,0,0,0,0,0,0,0,0,0,0,0,0.0
8865050ab5fffff,Petaling,0,0,False,0.0,0.0,2334700,9618,0,0,0,0,0,0,0,0,0,0,0,0.0
8865050d47fffff,Petaling,0,0,False,0.0,0.0,2334700,9618,0,0,0,0,0,0,0,0,0,0,0,0.0
8865057321fffff,Petaling,12,168,True,13.0,17088.236287680043,2334700,9618,1,1,0,2,0,0,0,12,0,0,152,165.7
88650509bbfffff,Petaling,14,340,True,15.0,19717.19571655389,2334700,9618,3,2,0,9,21,1,8,14,270,4,8,231.79999999999998
8865050a07fffff,Petaling,0,0,False,0.0,0.0,2334700,9618,0,0,0,0,0,0,0,0,0,0,0,0.0
8865050893fffff,Petaling,0,0,False,0.0,0.0,2334700,9618,0,0,0,0,0,0,0,0,0,0,0,0.0
8865050a0dfffff,Petaling,0,0,False,0.0,0.0,2334700,9618,0,0,0,0,0,0,0,0,0,0,0,0.0
8865050f01fffff,Petaling,0,0,False,0.0,0.0,2334700,9618,0,0,0,0,0,0,0,0,0,0,0,0.0
88650570d1fffff,Petaling,0,0,False,0.0,0.0,2334700,9618,0,0,0,0,0,0,0,0,0,0,0,0.0
8865050c67fffff,Petaling,0,0,False,0.0,0.0,2334700,9618,0,0,0,0,0,0,0,0,0,0,0,0.0
8865057233fffff,Petaling,0,0,False,0.0,0.0,2334700,9618,0,0,0,0,0,0,0,0,0,0,0,0.0
8865050b57fffff,Petaling,0,7,True,1.0,1314.4797144369263,2334700,9618,0,1,0,4,0,0,1,0,0,1,0,2.9000000000000004
88650572ebfffff,Petaling,0,0,False,0.0,0.0,2334700,9618,0,0,0,0,0,0,0,0,0,0,0,0.0
8865050859fffff,Petaling,0,0,False,0.0,0.0,2334700,9618,0,0,0,0,0,0,0,0,0,0,0,0.0
8865050f45fffff,Petaling,0,0,False,0.0,0.0,2334700,9618,0,0,0,0,0,0,0,0,0,0,0,0.0
8865050d01fffff,Petaling,0,0,False,0.0,0.0,2334700,9618,0,0,0,0,0,0,0,0,0,0,0,0.0
8865057007fffff,Petaling,0,0,False,0.0,0.0,2334700,9618,0,0,0,0,0,0,0,0,0,0,0,0.0
886505774dfffff,Petaling,0,0,False,0.0,0.0,2334700,9618,0,0,0,0,0,0,0,0,0,0,0,0.0
88650509cbfffff,Petaling,4,62,True,5.0,6572.398572184631,2334700,9618,4,5,1,9,9,3,6,4,4,5,11,36.4
88650508b3fffff,Petaling,0,0,False,0.0,0.0,2334700,9618,0,0,0,0,0,0,0,0,0,0,0,0.0
8865050c35fffff,Petaling,0,0,False,0.0,0.0,2334700,9618,0,0,0,0,0,0,0,0,0,0,0,0.0
8865050a63fffff,Petaling,0,0,False,0.0,0.0,2334700,9618,0,0,0,0,0,0,0,0,0,0,0,0.0
8865057743fffff,Petaling,0,0,False,0.0,0.0,2334700,9618,0,0,0,0,0,0,0,0,0,0,0,0.0
8865050a09fffff,Petaling,0,0,False,0.0,0.0,2334700,9618,0,0,0,0,0,0,0,0,0,0,0,0.0
8865050ad7fffff,Petaling,0,0,False,0.0,0.0,2334700,9618,0,0,0,0,0,0,0,0,0,0,0,0.0
8865057769fffff,Petaling,0,0,False,0.0,0.0,2334700,9618,0,0,0,0,0,0,0,0,0,0,0,0.0
8865057063fffff,Petaling,0,0,False,0.0,0.0,2334700,9618,0,0,0,0,0,0,0,0,0,0,0,0.0
8865050f2dfffff,Petaling,0,0,False,0.0,0.0,2334700,9618,0,0,0,0,0,0,0,0,0,0,0,0.0
886505706bfffff,Petaling,0,0,False,0.0,0.0,2334700,9618,0,0,0,0,0,0,0,0,0,0,0,0.0
886505729bfffff,Petaling,0,0,False,0.0,0.0,2334700,9618,0,0,0,0,0,0,0,0,0,0,0,0.0
8865050f5dfffff,Petaling,0,0,False,0.0,0.0,2334700,9618,0,0,0,0,0,0,0,0,0,0,0,0.0
8865050b5bfffff,Petaling,0,0,False,0.0,0.0,2334700,9618,0,0,0,0,0,0,0,0,0,0,0,0.0
88650572d9fffff,Petaling,0,0,False,0.0,0.0,2334700,9618,0,0,0,0,0,0,0,0,0,0,0,0.0
8865050da5fffff,Petaling,0,0,False,0.0,0.0,2334700,9618,0,0,0,0,0,0,0,0,0,0,0,0.0
886505701dfffff,Petaling,0,0,False,0.0,0.0,2334700,9618,0,0,0,0,0,0,0,0,0,0,0,0.0
886505088dfffff,Petaling,27,84,True,28.0,36805.43200423394,2334700,9618,3,2,2,1,20,0,1,27,5,4,19,66.1
886505704dfffff,Petaling,58,106,True,53.18999999999971,69917.17601089973,2334700,9618,2,5,0,1,2,1,4,58,23,1,9,89.7
8865057295fffff,Petaling,0,0,False,0.0,0.0,2334700,9618,0,0,0,0,0,0,0,0,0,0,0,0.0
8865050d11fffff,Petaling,0,0,False,0.0,0.0,2334700,9618,0,0,0,0,0,0,0,0,0,0,0,0.0
8865050dadfffff,Petaling,0,0,False,0.0,0.0,2334700,9618,0,0,0,0,0,0,0,0,0,0,0,0.0
8865050a61fffff,Petaling,0,0,False,0.0,0.0,2334700,9618,0,0,0,0,0,0,0,0,0,0,0,0.0
8865050ac5fffff,Petaling,0,0,False,0.0,0.0,2334700,9618,0,0,0,0,0,0,0,0,0,0,0,0.0
88650501b1fffff,Petaling,0,0,False,0.0,0.0,2334700,9618,0,0,0,0,0,0,0,0,0,0,0,0.0
8865050a51fffff,Petaling,0,0,False,0.0,0.0,2334700,9618,0,0,0,0,0,0,0,0,0,0,0,0.0
8865050a37fffff,Petaling,0,0,False,0.0,0.0,2334700,9618,0,0,0,0,0,0,0,0,0,0,0,0.0
88650572c3fffff,Petaling,0,0,False,0.0,0.0,2334700,9618,0,0,0,0,0,0,0,0,0,0,0,0.0
8865050f3dfffff,Petaling,0,0,False,0.0,0.0,2334700,9618,0,0,0,0,0,0,0,0,0,0,0,0.0
8865050db1fffff,Petaling,0,0,False,0.0,0.0,2334700,9618,0,0,0,0,0,0,0,0,0,0,0,0.0
88650571c9fffff,Petaling,3,3,True,4.0,5257.918857747705,2334700,9618,0,0,0,0,0,0,0,3,0,0,0,3.0
88650508b9fffff,Petaling,0,6,True,1.0,1314.4797144369263,2334700,9618,0,0,0,4,0,0,0,0,0,1,0,2.2
8865057359fffff,Petaling,2,60,True,3.0,3943.439143310779,2334700,9618,3,2,2,10,9,0,6,2,9,10,5,32.6
88650572cdfffff,Petaling,0,0,False,0.0,0.0,2334700,9618,0,0,0,0,0,0,0,0,0,0,0,0.0
8865050a4dfffff,Petaling,0,8,True,1.0,1314.4797144369263,2334700,9618,0,0,0,0,0,0,0,0,0,3,5,6.8
88650572a5fffff,Petaling,0,0,False,0.0,0.0,2334700,9618,0,0,0,0,0,0,0,0,0,0,0,0.0
8865050995fffff,Petaling,10,106,True,11.0,14459.27685880619,2334700,9618,2,1,0,4,19,0,2,10,64,1,3,71.2
8865050d45fffff,Petaling,0,0,False,0.0,0.0,2334700,9618,0,0,0,0,0,0,0,0,0,0,0,0.0
88650572bdfffff,Petaling,0,0,False,0.0,0.0,2334700,9618,0,0,0,0,0,0,0,0,0,0,0,0.0
886505720bfffff,Petaling,5,254,True,6.0,7886.878286621558,2334700,9618,0,0,0,1,1,0,2,5,46,2,197,236.7
8865057025fffff,Petaling,0,0,False,0.0,0.0,2334700,9618,0,0,0,0,0,0,0,0,0,0,0,0.0
8865057285fffff,Petaling,0,0,False,0.0,0.0,2334700,9618,0,0,0,0,0,0,0,0,0,0,0,0.0
8865057035fffff,Petaling,0,0,False,0.0,0.0,2334700,9618,0,0,0,0,0,0,0,0,0,0,0,0.0
8865057331fffff,Petaling,8,139,True,9.0,11830.317429932336,2334700,9618,1,0,0,4,8,7,0,8,8,1,101,124.7
8865057355fffff,Petaling,17,67,True,18.0,23660.634859864676,2334700,9618,1,0,3,1,11,0,3,17,16,3,11,50.0
8865050c27fffff,Petaling,0,0,False,0.0,0.0,2334700,9618,0,0,0,0,0,0,0,0,0,0,0,0.0
8865050127fffff,Petaling,0,0,False,0.0,0.0,2334700,9618,0,0,0,0,0,0,0,0,0,0,0,0.0
8865050999fffff,Petaling,10,144,True,11.0,14459.27685880619,2334700,9618,1,0,0,10,24,3,8,10,68,3,17,95.89999999999999
8865050d21fffff,Petaling,0,0,False,0.0,0.0,2334700,9618,0,0,0,0,0,0,0,0,0,0,0,0.0
8865050de1fffff,Petaling,0,0,False,0.0,0.0,2334700,9618,0,0,0,0,0,0,0,0,0,0,0,0.0
88650509c1fffff,Petaling,7,54,True,8.0,10515.83771549541,2334700,9618,4,6,0,8,5,1,0,7,3,16,3,32.5
88650572e5fffff,Petaling,0,0,False,0.0,0.0,2334700,9618,0,0,0,0,0,0,0,0,0,0,0,0.0
8865050db5fffff,Petaling,0,0,False,0.0,0.0,2334700,9618,0,0,0,0,0,0,0,0,0,0,0,0.0
8865050de5fffff,Petaling,0,0,False,0.0,0.0,2334700,9618,0,0,0,0,0,0,0,0,0,0,0,0.0
88650572d1fffff,Petaling,0,0,False,0.0,0.0,2334700,9618,0,0,0,0,0,0,0,0,0,0,0,0.0
8865057317fffff,Petaling,4,23,True,5.0,6572.398572184631,2334700,9618,0,0,0,0,4,0,3,4,5,7,0,14.3
8865050a33fffff,Petaling,0,0,False,0.0,0.0,2334700,9618,0,0,0,0,0,0,0,0,0,0,0,0.0
886505735bfffff,Petaling,35,57,True,36.0,47321.26971972935,2334700,9618,0,0,0,6,2,0,0,34,8,1,5,48.6
886505700dfffff,Petaling,0,0,False,0.0,0.0,2334700,9618,0,0,0,0,0,0,0,0,0,0,0,0.0
8865050aabfffff,Petaling,0,0,False,0.0,0.0,2334700,9618,0,0,0,0,0,0,0,0,0,0,0,0.0
8865050d61fffff,Petaling,0,0,False,0.0,0.0,2334700,9618,0,0,0,0,0,0,0,0,0,0,0,0.0
8865050f05fffff,Petaling,0,0,False,0.0,0.0,2334700,9618,0,0,0,0,0,0,0,0,0,0,0,0.0
88650570a1fffff,Petaling,0,0,False,0.0,0.0,2334700,9618,0,0,0,0,0,0,0,0,0,0,0,0.0
8865057545fffff,Petaling,0,0,False,0.0,0.0,2334700,9618,0,0,0,0,0,0,0,0,0,0,0,0.0
886505725bfffff,Petaling,0,0,False,0.0,0.0,2334700,9618,0,0,0,0,0,0,0,0,0,0,0,0.0
886505723bfffff,Petaling,0,0,False,0.0,0.0,2334700,9618,0,0,0,0,0,0,0,0,0,0,0,0.0
8865050d2dfffff,Petaling,0,0,False,0.0,0.0,2334700,9618,0,0,0,0,0,0,0,0,0,0,0,0.0
88650571dbfffff,Petaling,0,0,False,0.0,0.0,2334700,9618,0,0,0,0,0,0,0,0,0,0,0,0.0
8865050a39fffff,Petaling,0,0,False,0.0,0.0,2334700,9618,0,0,0,0,0,0,0,0,0,0,0,0.0
8865050d55fffff,Petaling,0,0,False,0.0,0.0,2334700,9618,0,0,0,0,0,0,0,0,0,0,0,0.0
8865050c2bfffff,Petaling,0,0,False,0.0,0.0,2334700,9618,0,0,0,0,0,0,0,0,0,0,0,0.0
8865050b19fffff,Petaling,0,6,True,1.0,1314.4797144369263,2334700,9618,0,0,0,0,1,0,2,0,1,2,0,2.8
8865050f51fffff,Petaling,0,0,False,0.0,0.0,2334700,9618,0,0,0,0,0,0,0,0,0,0,0,0.0
8865050f29fffff,Petaling,0,0,False,0.0,0.0,2334700,9618,0,0,0,0,0,0,0,0,0,0,0,0.0
8865057093fffff,Petaling,0,0,False,0.0,0.0,2334700,9618,0,0,0,0,0,0,0,0,0,0,0,0.0
886505732bfffff,Petaling,4,366,True,5.0,6572.398572184631,2334700,9618,2,1,1,0,7,1,6,4,7,1,336,352.7
88650508d5fffff,Petaling,0,0,False,0.0,0.0,2334700,9618,0,0,0,0,0,0,0,0,0,0,0,0.0
886505733dfffff,Petaling,9,311,True,10.0,13144.797144369262,2334700,9618,1,1,2,1,4,1,4,9,11,5,272,297.7
8865050a0bfffff,Petaling,0,0,False,0.0,0.0,2334700,9618,0,0,0,0,0,0,0,0,0,0,0,0.0
8865057251fffff,Petaling,0,0,False,0.0,0.0,2334700,9618,0,0,0,0,0,0,0,0,0,0,0,0.0
88650508d1fffff,Petaling,0,0,False,0.0,0.0,2334700,9618,0,0,0,0,0,0,0,0,0,0,0,0.0
8865050c23fffff,Petaling,0,0,False,0.0,0.0,2334700,9618,0,0,0,0,0,0,0,0,0,0,0,0.0
8865050dc3fffff,Petaling,0,0,False,0.0,0.0,2334700,9618,0,0,0,0,0,0,0,0,0,0,0,0.0
88650508a7fffff,Petaling,3,31,True,4.0,5257.918857747705,2334700,9618,3,4,0,7,0,0,1,3,11,2,0,18.099999999999998
8865050889fffff,Petaling,0,0,False,0.0,0.0,2334700,9618,0,0,0,0,0,0,0,0,0,0,0,0.0
886505098bfffff,Petaling,43,178,True,44.0,57837.10743522476,2334700,9618,3,3,1,16,33,3,10,43,23,6,37,129.5
8865057053fffff,Petaling,0,0,False,0.0,0.0,2334700,9618,0,0,0,0,0,0,0,0,0,0,0,0.0
8865050983fffff,Petaling,13,131,True,14.0,18402.71600211697,2334700,9618,4,3,0,6,19,9,2,13,61,4,10,88.0
8865050dc1fffff,Petaling,0,0,False,0.0,0.0,2334700,9618,0,0,0,0,0,0,0,0,0,0,0,0.0
8865050835fffff,Petaling,1,9,True,2.0,2628.9594288738526,2334700,9618,2,0,0,0,0,0,1,1,0,2,3,6.2
8865057041fffff,Petaling,9,13,True,10.0,13144.797144369262,2334700,9618,0,0,0,1,0,0,0,9,0,0,3,12.4
8865050887fffff,Petaling,2,3,True,3.0,3943.439143310779,2334700,9618,0,0,0,1,0,0,0,2,0,0,0,2.4
886505709dfffff,Petaling,0,0,False,0.0,0.0,2334700,9618,0,0,0,0,0,0,0,0,0,0,0,0.0
886505089bfffff,Petaling,0,0,False,0.0,0.0,2334700,9618,0,0,0,0,0,0,0,0,0,0,0,0.0
8865057059fffff,Petaling,0,0,False,0.0,0.0,2334700,9618,0,0,0,0,0,0,0,0,0,0,0,0.0
886505774bfffff,Petaling,0,0,False,0.0,0.0,2334700,9618,0,0,0,0,0,0,0,0,0,0,0,0.0
886505089dfffff,Petaling,0,0,False,0.0,0.0,2334700,9618,0,0,0,0,0,0,0,0,0,0,0,0.0
8865050aa7fffff,Petaling,0,0,False,0.0,0.0,2334700,9618,0,0,0,0,0,0,0,0,0,0,0,0.0
8865050ad9fffff,Petaling,0,0,False,0.0,0.0,2334700,9618,0,0,0,0,0,0,0,0,0,0,0,0.0
8865050831fffff,Petaling,7,120,True,8.0,10515.83771549541,2334700,9618,5,9,0,7,20,17,12,7,19,15,8,67.5
8865050c29fffff,Petaling,0,0,False,0.0,0.0,2334700,9618,0,0,0,0,0,0,0,0,0,0,0,0.0
88650509d3fffff,Petaling,4,181,True,5.0,6572.398572184631,2334700,9618,2,2,0,7,27,1,9,4,106,4,19,120.0
8865050811fffff,Petaling,0,0,False,0.0,0.0,2334700,9618,0,0,0,0,0,0,0,0,0,0,0,0.0
8865057051fffff,Petaling,0,0,False,0.0,0.0,2334700,9618,0,0,0,0,0,0,0,0,0,0,0,0.0
8865050a23fffff,Petaling,0,0,False,0.0,0.0,2334700,9618,0,0,0,0,0,0,0,0,0,0,0,0.0
8865050a85fffff,Petaling,0,0,False,0.0,0.0,2334700,9618,0,0,0,0,0,0,0,0,0,0,0,0.0
88650508e5fffff,Petaling,0,68,True,1.0,1314.4797144369263,2334700,9618,1,0,0,0,2,0,2,0,1,4,54,58.9
8865050dc9fffff,Petaling,0,0,False,0.0,0.0,2334700,9618,0,0,0,0,0,0,0,0,0,0,0,0.0
8865050f39fffff,Petaling,0,0,False,0.0,0.0,2334700,9618,0,0,0,0,0,0,0,0,0,0,0,0.0
8865057759fffff,Petaling,0,4,True,1.0,1314.4797144369263,2334700,9618,0,1,0,1,0,0,0,0,0,0,2,2.9
8865057301fffff,Petaling,8,21,True,9.0,11830.317429932336,2334700,9618,0,0,0,4,1,0,0,8,8,0,0,15.7
8865057089fffff,Petaling,0,0,False,0.0,0.0,2334700,9618,0,0,0,0,0,0,0,0,0,0,0,0.0
8865050dcdfffff,Petaling,0,0,False,0.0,0.0,2334700,9618,0,0,0,0,0,0,0,0,0,0,0,0.0
8865050c65fffff,Petaling,0,0,False,0.0,0.0,2334700,9618,0,0,0,0,0,0,0,0,0,0,0,0.0
8865050857fffff,Petaling,6,9,True,7.0,9201.358001058485,2334700,9618,1,0,0,1,0,0,1,6,0,0,0,7.0
8865050d3bfffff,Petaling,0,0,False,0.0,0.0,2334700,9618,0,0,0,0,0,0,0,0,0,0,0,0.0
8865057353fffff,Petaling,15,140,True,16.0,21031.67543099082,2334700,9618,1,0,0,1,6,2,0,15,2,1,112,133.8
8865057281fffff,Petaling,0,0,False,0.0,0.0,2334700,9618,0,0,0,0,0,0,0,0,0,0,0,0.0
8865050de7fffff,Petaling,0,0,False,0.0,0.0,2334700,9618,0,0,0,0,0,0,0,0,0,0,0,0.0
8865050d09fffff,Petaling,0,0,False,0.0,0.0,2334700,9618,0,0,0,0,0,0,0,0,0,0,0,0.0
8865057227fffff,Petaling,2,17,True,3.0,3943.439143310779,2334700,9618,0,0,0,4,1,1,1,2,8,0,0,10.4
886505703dfffff,Petaling,0,0,False,0.0,0.0,2334700,9618,0,0,0,0,0,0,0,0,0,0,0,0.0
8865050ae1fffff,Petaling,0,0,False,0.0,0.0,2334700,9618,0,0,0,0,0,0,0,0,0,0,0,0.0
88650570d5fffff,Petaling,0,0,False,0.0,0.0,2334700,9618,0,0,0,0,0,0,0,0,0,0,0,0.0
8865050f47fffff,Petaling,0,0,False,0.0,0.0,2334700,9618,0,0,0,0,0,0,0,0,0,0,0,0.0
8865057547fffff,Petaling,0,0,False,0.0,0.0,2334700,9618,0,0,0,0,0,0,0,0,0,0,0,0.0
8865050d81fffff,Petaling,0,1,False,0.0,0.0,2334700,9618,0,0,0,0,0,0,0,0,0,0,1,1.0
8865050883fffff,Petaling,1,8,True,2.0,2628.9594288738526,2334700,9618,0,0,0,1,0,0,0,1,2,0,3,5.8
8865050adbfffff,Petaling,0,0,False,0.0,0.0,2334700,9618,0,0,0,0,0,0,0,0,0,0,0,0.0
8865057205fffff,Petaling,0,0,False,0.0,0.0,2334700,9618,0,0,0,0,0,0,0,0,0,0,0,0.0
88650570c9fffff,Petaling,0,0,False,0.0,0.0,2334700,9618,0,0,0,0,0,0,0,0,0,0,0,0.0
8865050b51fffff,Petaling,0,4,True,1.0,1314.4797144369263,2334700,9618,0,0,0,3,0,0,0,0,0,1,0,1.8
8865057061fffff,Petaling,0,3,True,1.0,1314.4797144369263,2334700,9618,0,0,0,0,0,0,1,0,1,1,0,1.5
8865050f33fffff,Petaling,0,0,False,0.0,0.0,2334700,9618,0,0,0,0,0,0,0,0,0,0,0,0.0
8865050a87fffff,Petaling,0,0,False,0.0,0.0,2334700,9618,0,0,0,0,0,0,0,0,0,0,0,0.0
8865057289fffff,Petaling,0,0,False,0.0,0.0,2334700,9618,0,0,0,0,0,0,0,0,0,0,0,0.0
88650501b3fffff,Petaling,0,0,False,0.0,0.0,2334700,9618,0,0,0,0,0,0,0,0,0,0,0,0.0
8865050a5dfffff,Petaling,0,0,False,0.0,0.0,2334700,9618,0,0,0,0,0,0,0,0,0,0,0,0.0
886505715bfffff,Petaling,11,34,True,12.0,15773.756573243116,2334700,9618,4,3,0,7,1,0,1,11,1,4,2,22.7
88650570edfffff,Petaling,0,0,False,0.0,0.0,2334700,9618,0,0,0,0,0,0,0,0,0,0,0,0.0
8865050a01fffff,Petaling,0,0,False,0.0,0.0,2334700,9618,0,0,0,0,0,0,0,0,0,0,0,0.0
8865050125fffff,Petaling,0,0,False,0.0,0.0,2334700,9618,0,0,0,0,0,0,0,0,0,0,0,0.0
8865050851fffff,Petaling,32,46,True,33.0,43377.83057641856,2334700,9618,0,1,0,4,0,0,0,31,9,0,0,39.4
88650508c5fffff,Petaling,0,0,False,0.0,0.0,2334700,9618,0,0,0,0,0,0,0,0,0,0,0,0.0
8865057761fffff,Petaling,0,0,False,0.0,0.0,2334700,9618,0,0,0,0,0,0,0,0,0,0,0,0.0
8865050aadfffff,Petaling,0,0,False,0.0,0.0,2334700,9618,0,0,0,0,0,0,0,0,0,0,0,0.0
8865050f21fffff,Petaling,0,0,False,0.0,0.0,2334700,9618,0,0,0,0,0,0,0,0,0,0,0,0.0
8865050813fffff,Petaling,0,0,False,0.0,0.0,2334700,9618,0,0,0,0,0,0,0,0,0,0,0,0.0
88650570e9fffff,Petaling,0,0,False,0.0,0.0,2334700,9618,0,0,0,0,0,0,0,0,0,0,0,0.0
8865050d89fffff,Petaling,0,0,False,0.0,0.0,2334700,9618,0,0,0,0,0,0,0,0,0,0,0,0.0
8865057235fffff,Petaling,3,131,True,4.0,5257.918857747705,2334700,9618,0,0,1,1,2,1,0,3,1,0,122,128.3
8865050d4bfffff,Petaling,0,0,False,0.0,0.0,2334700,9618,0,0,0,0,0,0,0,0,0,0,0,0.0
88650509b3fffff,Petaling,51,105,True,52.0,68352.94515072017,2334700,9618,1,2,3,4,8,0,4,51,18,6,6,83.1
8865050acdfffff,Petaling,0,0,False,0.0,0.0,2334700,9618,0,0,0,0,0,0,0,0,0,0,0,0.0
88650570c1fffff,Petaling,0,0,False,0.0,0.0,2334700,9618,0,0,0,0,0,0,0,0,0,0,0,0.0
886505706dfffff,Petaling,46,53,True,47.0,61780.54657853553,2334700,9618,1,1,0,3,0,0,1,46,1,0,0,49.0
8865050a47fffff,Petaling,0,0,False,0.0,0.0,2334700,9618,0,0,0,0,0,0,0,0,0,0,0,0.0
8865050dbbfffff,Petaling,0,5,True,1.0,1314.4797144369263,2334700,9618,0,0,0,0,1,0,0,0,0,1,3,4.1
8865050a27fffff,Petaling,0,15,True,1.0,1314.4797144369263,2334700,9618,1,0,0,3,2,0,2,0,0,6,1,7.6
8865050d13fffff,Petaling,0,0,False,0.0,0.0,2334700,9618,0,0,0,0,0,0,0,0,0,0,0,0.0
88650572e7fffff,Petaling,0,0,False,0.0,0.0,2334700,9618,0,0,0,0,0,0,0,0,0,0,0,0.0
8865050a93fffff,Petaling,0,0,False,0.0,0.0,2334700,9618,0,0,0,0,0,0,0,0,0,0,0,0.0
8865057299fffff,Petaling,0,0,False,0.0,0.0,2334700,9618,0,0,0,0,0,0,0,0,0,0,0,0.0
886505776dfffff,Petaling,0,0,False,0.0,0.0,2334700,9618,0,0,0,0,0,0,0,0,0,0,0,0.0
8865050f6bfffff,Petaling,0,0,False,0.0,0.0,2334700,9618,0,0,0,0,0,0,0,0,0,0,0,0.0
8865050817fffff,Petaling,17,137,True,18.0,23660.634859864676,2334700,9618,4,4,0,5,4,0,9,15,93,1,0,90.1
8865050d5bfffff,Petaling,0,0,False,0.0,0.0,2334700,9618,0,0,0,0,0,0,0,0,0,0,0,0.0
8865050da3fffff,Petaling,0,0,False,0.0,0.0,2334700,9618,0,0,0,0,0,0,0,0,0,0,0,0.0
8865050ad1fffff,Petaling,0,0,False,0.0,0.0,2334700,9618,0,0,0,0,0,0,0,0,0,0,0,0.0
8865050dedfffff,Petaling,0,0,False,0.0,0.0,2334700,9618,0,0,0,0,0,0,0,0,0,0,0,0.0
8865057003fffff,Petaling,0,0,False,0.0,0.0,2334700,9618,0,0,0,0,0,0,0,0,0,0,0,0.0
8865050dc7fffff,Petaling,0,0,False,0.0,0.0,2334700,9618,0,0,0,0,0,0,0,0,0,0,0,0.0
88650570c3fffff,Petaling,0,0,False,0.0,0.0,2334700,9618,0,0,0,0,0,0,0,0,0,0,0,0.0
8865050f65fffff,Petaling,0,0,False,0.0,0.0,2334700,9618,0,0,0,0,0,0,0,0,0,0,0,0.0
88650508c3fffff,Petaling,0,0,False,0.0,0.0,2334700,9618,0,0,0,0,0,0,0,0,0,0,0,0.0
8865050d1bfffff,Petaling,0,0,False,0.0,0.0,2334700,9618,0,0,0,0,0,0,0,0,0,0,0,0.0
8865050f43fffff,Petaling,0,0,False,0.0,0.0,2334700,9618,0,0,0,0,0,0,0,0,0,0,0,0.0
88650508e1fffff,Petaling,15,74,True,16.0,21031.67543099082,2334700,9618,3,4,2,2,6,3,1,15,14,0,24,58.9
886505702dfffff,Petaling,0,0,False,0.0,0.0,2334700,9618,0,0,0,0,0,0,0,0,0,0,0,0.0
8865057765fffff,Petaling,0,0,False,0.0,0.0,2334700,9618,0,0,0,0,0,0,0,0,0,0,0,0.0
8865057017fffff,Petaling,0,0,False,0.0,0.0,2334700,9618,0,0,0,0,0,0,0,0,0,0,0,0.0
88650508c9fffff,Petaling,0,0,False,0.0,0.0,2334700,9618,0,0,0,0,0,0,0,0,0,0,0,0.0
8865050dc5fffff,Petaling,0,0,False,0.0,0.0,2334700,9618,0,0,0,0,0,0,0,0,0,0,0,0.0
886505099dfffff,Petaling,13,95,True,14.0,18402.71600211697,2334700,9618,4,4,1,4,20,2,5,13,26,3,13,63.9
8865057243fffff,Petaling,19,98,True,20.0,26289.594288738524,2334700,9618,3,2,0,2,16,2,18,19,11,5,19,64.3
886505721bfffff,Petaling,0,0,False,0.0,0.0,2334700,9618,0,0,0,0,0,0,0,0,0,0,0,0.0
8865050a15fffff,Petaling,0,0,False,0.0,0.0,2334700,9618,0,0,0,0,0,0,0,0,0,0,0,0.0
8865050de9fffff,Petaling,0,0,False,0.0,0.0,2334700,9618,0,0,0,0,0,0,0,0,0,0,0,0.0
8865050d3dfffff,Petaling,0,0,False,0.0,0.0,2334700,9618,0,0,0,0,0,0,0,0,0,0,0,0.0
8865050899fffff,Petaling,0,0,False,0.0,0.0,2334700,9618,0,0,0,0,0,0,0,0,0,0,0,0.0
8865050ab1fffff,Petaling,0,0,False,0.0,0.0,2334700,9618,0,0,0,0,0,0,0,0,0,0,0,0.0
8865050d87fffff,Petaling,0,0,False,0.0,0.0,2334700,9618,0,0,0,0,0,0,0,0,0,0,0,0.0
88650501b5fffff,Petaling,0,0,False,0.0,0.0,2334700,9618,0,0,0,0,0,0,0,0,0,0,0,0.0
8865057083fffff,Petaling,0,0,False,0.0,0.0,2334700,9618,0,0,0,0,0,0,0,0,0,0,0,0.0
8865050f63fffff,Petaling,0,0,False,0.0,0.0,2334700,9618,0,0,0,0,0,0,0,0,0,0,0,0.0
88650570dbfffff,Petaling,0,0,False,0.0,0.0,2334700,9618,0,0,0,0,0,0,0,0,0,0,0,0.0
8865050f61fffff,Petaling,0,0,False,0.0,0.0,2334700,9618,0,0,0,0,0,0,0,0,0,0,0,0.0
8865050891fffff,Petaling,0,0,False,0.0,0.0,2334700,9618,0,0,0,0,0,0,0,0,0,0,0,0.0
8865057211fffff,Petaling,0,0,False,0.0,0.0,2334700,9618,0,0,0,0,0,0,0,0,0,0,0,0.0
8865050d85fffff,Petaling,0,0,False,0.0,0.0,2334700,9618,0,0,0,0,0,0,0,0,0,0,0,0.0
8865050d8dfffff,Petaling,0,0,False,0.0,0.0,2334700,9618,0,0,0,0,0,0,0,0,0,0,0,0.0
8865050f5bfffff,Petaling,0,0,False,0.0,0.0,2334700,9618,0,0,0,0,0,0,0,0,0,0,0,0.0
88650508ddfffff,Petaling,0,0,False,0.0,0.0,2334700,9618,0,0,0,0,0,0,0,0,0,0,0,0.0
88650570a9fffff,Petaling,0,0,False,0.0,0.0,2334700,9618,0,0,0,0,0,0,0,0,0,0,0,0.0
8865057209fffff,Petaling,9,18,True,10.0,13144.797144369262,2334700,9618,0,0,0,6,2,0,0,9,1,0,0,13.1
8865050853fffff,Petaling,13,17,True,14.0,18402.71600211697,2334700,9618,2,0,0,0,0,1,0,13,0,1,0,14.9
8865050d39fffff,Petaling,0,0,False,0.0,0.0,2334700,9618,0,0,0,0,0,0,0,0,0,0,0,0.0
88650571cbfffff,Petaling,1,2,True,2.0,2628.9594288738526,2334700,9618,0,0,0,0,1,0,0,1,0,0,0,1.5
88650509c3fffff,Petaling,16,62,True,17.0,22346.155145427747,2334700,9618,2,2,0,7,14,1,4,16,8,5,3,40.5
8865050a03fffff,Petaling,0,0,False,0.0,0.0,2334700,9618,0,0,0,0,0,0,0,0,0,0,0,0.0
8865057091fffff,Petaling,0,0,False,0.0,0.0,2334700,9618,0,0,0,0,0,0,0,0,0,0,0,0.0
8865057745fffff,Petaling,0,0,False,0.0,0.0,2334700,9618,0,0,0,0,0,0,0,0,0,0,0,0.0
8865050885fffff,Petaling,28,81,True,29.0,38119.91171867086,2334700,9618,1,3,0,6,4,1,3,24,8,7,20,61.2
8865057011fffff,Petaling,0,0,False,0.0,0.0,2334700,9618,0,0,0,0,0,0,0,0,0,0,0,0.0
88650508abfffff,Petaling,3,39,True,4.0,5257.918857747705,2334700,9618,2,1,1,9,5,0,1,3,1,2,14,27.2
8865050d57fffff,Petaling,0,0,False,0.0,0.0,2334700,9618,0,0,0,0,0,0,0,0,0,0,0,0.0
8865057207fffff,Petaling,0,0,False,0.0,0.0,2334700,9618,0,0,0,0,0,0,0,0,0,0,0,0.0
8865057357fffff,Petaling,18,39,True,19.0,24975.1145743016,2334700,9618,6,1,0,1,4,0,1,18,6,0,1,28.7
88650570e7fffff,Petaling,0,0,False,0.0,0.0,2334700,9618,0,0,0,0,0,0,0,0,0,0,0,0.0
886505728bfffff,Petaling,0,0,False,0.0,0.0,2334700,9618,0,0,0,0,0,0,0,0,0,0,0,0.0
8865050c21fffff,Petaling,0,0,False,0.0,0.0,2334700,9618,0,0,0,0,0,0,0,0,0,0,0,0.0
886505705bfffff,Petaling,0,0,False,0.0,0.0,2334700,9618,0,0,0,0,0,0,0,0,0,0,0,0.0
8865057315fffff,Petaling,4,44,True,5.0,6572.398572184631,2334700,9618,0,0,0,0,5,2,1,2,3,0,29,36.8
8865050a21fffff,Petaling,0,0,False,0.0,0.0,2334700,9618,0,0,0,0,0,0,0,0,0,0,0,0.0
886505770dfffff,Petaling,0,0,False,0.0,0.0,2334700,9618,0,0,0,0,0,0,0,0,0,0,0,0.0
88650508e3fffff,Petaling,15,192,True,16.0,21031.67543099082,2334700,9618,5,3,0,7,2,0,5,15,131,6,18,136.6
8865050ae7fffff,Petaling,0,0,False,0.0,0.0,2334700,9618,0,0,0,0,0,0,0,0,0,0,0,0.0
8865050a25fffff,Petaling,0,0,False,0.0,0.0,2334700,9618,0,0,0,0,0,0,0,0,0,0,0,0.0
8865057031fffff,Petaling,0,0,False,0.0,0.0,2334700,9618,0,0,0,0,0,0,0,0,0,0,0,0.0
8865057283fffff,Petaling,0,0,False,0.0,0.0,2334700,9618,0,0,0,0,0,0,0,0,0,0,0,0.0
8865057221fffff,Petaling,22,37,True,23.0,30233.033432049306,2334700,9618,1,1,0,2,2,0,1,22,6,2,0,30.3
8865050897fffff,Petaling,0,0,False,0.0,0.0,2334700,9618,0,0,0,0,0,0,0,0,0,0,0,0.0
8865057767fffff,Petaling,0,0,False,0.0,0.0,2334700,9618,0,0,0,0,0,0,0,0,0,0,0,0.0
88650570c5fffff,Petaling,0,0,False,0.0,0.0,2334700,9618,0,0,0,0,0,0,0,0,0,0,0,0.0
88650572abfffff,Petaling,0,0,False,0.0,0.0,2334700,9618,0,0,0,0,0,0,0,0,0,0,0,0.0
886505085bfffff,Petaling,0,0,False,0.0,0.0,2334700,9618,0,0,0,0,0,0,0,0,0,0,0,0.0
88650509b9fffff,Petaling,28,417,True,29.0,38119.91171867086,2334700,9618,2,3,1,9,62,14,62,28,192,12,29,255.6
8865050a4bfffff,Petaling,0,0,False,0.0,0.0,2334700,9618,0,0,0,0,0,0,0,0,0,0,0,0.0
8865057333fffff,Petaling,4,298,True,5.0,6572.398572184631,2334700,9618,1,1,0,3,5,1,4,4,2,1,276,287.9
8865057203fffff,Petaling,0,1,False,0.0,0.0,2334700,9618,0,0,0,1,0,0,0,0,0,0,0,0.4
8865050abdfffff,Petaling,0,0,False,0.0,0.0,2334700,9618,0,0,0,0,0,0,0,0,0,0,0,0.0
88650508a9fffff,Petaling,20,110,True,21.0,27604.07400317545,2334700,9618,6,4,1,2,18,3,3,20,34,7,12,77.0
886505775dfffff,Petaling,0,6,True,1.0,1314.4797144369263,2334700,9618,0,0,0,1,0,0,0,0,0,0,5,5.4
8865050d49fffff,Petaling,0,0,False,0.0,0.0,2334700,9618,0,0,0,0,0,0,0,0,0,0,0,0.0
886505083bfffff,Petaling,26,90,True,27.0,35490.95228979701,2334700,9618,4,0,0,6,10,0,9,23,27,4,4,59.1
8865050a81fffff,Petaling,0,0,False,0.0,0.0,2334700,9618,0,0,0,0,0,0,0,0,0,0,0,0.0
88650509dbfffff,Petaling,0,47,True,1.0,1314.4797144369263,2334700,9618,3,4,1,1,2,0,9,0,6,5,15,29.3
8865050f03fffff,Petaling,0,0,False,0.0,0.0,2334700,9618,0,0,0,0,0,0,0,0,0,0,0,0.0
886505704bfffff,Petaling,0,1,False,0.0,0.0,2334700,9618,0,0,0,0,0,0,0,0,0,0,1,1.0
8865057741fffff,Petaling,0,0,False,0.0,0.0,2334700,9618,0,0,0,0,0,0,0,0,0,0,0,0.0
88650508d9fffff,Petaling,0,0,False,0.0,0.0,2334700,9618,0,0,0,0,0,0,0,0,0,0,0,0.0
8865057247fffff,Petaling,6,105,True,7.0,9201.358001058485,2334700,9618,0,2,0,1,9,1,4,5,77,3,1,68.89999999999999
8865050a57fffff,Petaling,0,0,False,0.0,0.0,2334700,9618,0,0,0,0,0,0,0,0,0,0,0,0.0
8865050ae3fffff,Petaling,0,0,False,0.0,0.0,2334700,9618,0,0,0,0,0,0,0,0,0,0,0,0.0
8865050f0bfffff,Petaling,0,0,False,0.0,0.0,2334700,9618,0,0,0,0,0,0,0,0,0,0,0,0.0
8865050d0dfffff,Petaling,0,0,False,0.0,0.0,2334700,9618,0,0,0,0,0,0,0,0,0,0,0,0.0
8865050acbfffff,Petaling,0,0,False,0.0,0.0,2334700,9618,0,0,0,0,0,0,0,0,0,0,0,0.0
8865057307fffff,Petaling,7,71,True,8.0,10515.83771549541,2334700,9618,1,1,0,7,0,1,1,7,42,10,1,47.8
88650572a9fffff,Petaling,0,0,False,0.0,0.0,2334700,9618,0,0,0,0,0,0,0,0,0,0,0,0.0
8865050dabfffff,Petaling,0,0,False,0.0,0.0,2334700,9618,0,0,0,0,0,0,0,0,0,0,0,0.0
8865050c2dfffff,Petaling,0,0,False,0.0,0.0,2334700,9618,0,0,0,0,0,0,0,0,0,0,0,0.0
886505776bfffff,Petaling,0,0,False,0.0,0.0,2334700,9618,0,0,0,0,0,0,0,0,0,0,0,0.0
8865057237fffff,Petaling,0,0,False,0.0,0.0,2334700,9618,0,0,0,0,0,0,0,0,0,0,0,0.0
886505705dfffff,Petaling,0,0,False,0.0,0.0,2334700,9618,0,0,0,0,0,0,0,0,0,0,0,0.0
8865050d5dfffff,Petaling,0,0,False,0.0,0.0,2334700,9618,0,0,0,0,0,0,0,0,0,0,0,0.0
8865050a31fffff,Petaling,0,0,False,0.0,0.0,2334700,9618,0,0,0,0,0,0,0,0,0,0,0,0.0
886505722dfffff,Petaling,16,615,True,17.0,22346.155145427747,2334700,9618,1,3,6,6,72,10,29,13,219,8,240,466.4
8865050989fffff,Petaling,33,72,True,34.0,44692.31029085549,2334700,9618,1,3,0,9,4,0,4,33,7,6,5,54.8
8865050d4dfffff,Petaling,0,0,False,0.0,0.0,2334700,9618,0,0,0,0,0,0,0,0,0,0,0,0.0
886505730bfffff,Petaling,1,5,True,2.0,2628.9594288738526,2334700,9618,0,0,0,1,0,0,1,1,0,0,2,3.6
8865050d27fffff,Petaling,0,0,False,0.0,0.0,2334700,9618,0,0,0,0,0,0,0,0,0,0,0,0.0
886505721dfffff,Petaling,0,0,False,0.0,0.0,2334700,9618,0,0,0,0,0,0,0,0,0,0,0,0.0
8865050d63fffff,Petaling,0,0,False,0.0,0.0,2334700,9618,0,0,0,0,0,0,0,0,0,0,0,0.0
886505703bfffff,Petaling,0,0,False,0.0,0.0,2334700,9618,0,0,0,0,0,0,0,0,0,0,0,0.0
8865050f6dfffff,Petaling,0,0,False,0.0,0.0,2334700,9618,0,0,0,0,0,0,0,0,0,0,0,0.0
8865057293fffff,Petaling,0,0,False,0.0,0.0,2334700,9618,0,0,0,0,0,0,0,0,0,0,0,0.0
8865057257fffff,Petaling,9,11,True,10.0,13144.797144369262,2334700,9618,1,0,0,0,0,0,1,9,0,0,0,9.6
88650501a5fffff,Petaling,0,0,False,0.0,0.0,2334700,9618,0,0,0,0,0,0,0,0,0,0,0,0.0
8865050a41fffff,Petaling,0,0,False,0.0,0.0,2334700,9618,0,0,0,0,0,0,0,0,0,0,0,0.0
8865050ac3fffff,Petaling,0,0,False,0.0,0.0,2334700,9618,0,0,0,0,0,0,0,0,0,0,0,0.0
8865050a05fffff,Petaling,0,0,False,0.0,0.0,2334700,9618,0,0,0,0,0,0,0,0,0,0,0,0.0
88650572a1fffff,Petaling,0,0,False,0.0,0.0,2334700,9618,0,0,0,0,0,0,0,0,0,0,0,0.0
88650570d7fffff,Petaling,0,0,False,0.0,0.0,2334700,9618,0,0,0,0,0,0,0,0,0,0,0,0.0
8865050aa5fffff,Petaling,0,0,False,0.0,0.0,2334700,9618,0,0,0,0,0,0,0,0,0,0,0,0.0
8865050d37fffff,Petaling,0,0,False,0.0,0.0,2334700,9618,0,0,0,0,0,0,0,0,0,0,0,0.0
8865050a65fffff,Petaling,0,0,False,0.0,0.0,2334700,9618,0,0,0,0,0,0,0,0,0,0,0,0.0
8865050ac7fffff,Petaling,0,0,False,0.0,0.0,2334700,9618,0,0,0,0,0,0,0,0,0,0,0,0.0
8865050f2bfffff,Petaling,0,0,False,0.0,0.0,2334700,9618,0,0,0,0,0,0,0,0,0,0,0,0.0
88650501abfffff,Petaling,0,1,False,0.0,0.0,2334700,9618,1,0,0,0,0,0,0,0,0,0,0,0.4
88650572adfffff,Petaling,0,0,False,0.0,0.0,2334700,9618,0,0,0,0,0,0,0,0,0,0,0,0.0
8865057023fffff,Petaling,0,0,False,0.0,0.0,2334700,9618,0,0,0,0,0,0,0,0,0,0,0,0.0
8865057213fffff,Petaling,0,0,False,0.0,0.0,2334700,9618,0,0,0,0,0,0,0,0,0,0,0,0.0
8865057265fffff,Petaling,2,15,True,3.0,3943.439143310779,2334700,9618,0,2,0,8,1,0,0,2,0,1,1,8.3
8865050135fffff,Petaling,0,0,False,0.0,0.0,2334700,9618,0,0,0,0,0,0,0,0,0,0,0,0.0
886505708dfffff,Petaling,0,0,False,0.0,0.0,2334700,9618,0,0,0,0,0,0,0,0,0,0,0,0.0
88650572dbfffff,Petaling,0,0,False,0.0,0.0,2334700,9618,0,0,0,0,0,0,0,0,0,0,0,0.0
8865057225fffff,Petaling,8,28,True,9.0,11830.317429932336,2334700,9618,1,2,0,2,4,2,1,6,6,0,1,16.6
8865050a11fffff,Petaling,0,0,False,0.0,0.0,2334700,9618,0,0,0,0,0,0,0,0,0,0,0,0.0
8865057069fffff,Petaling,0,0,False,0.0,0.0,2334700,9618,0,0,0,0,0,0,0,0,0,0,0,0.0
8865050a55fffff,Petaling,0,0,False,0.0,0.0,2334700,9618,0,0,0,0,0,0,0,0,0,0,0,0.0
8865050a3bfffff,Petaling,0,0,False,0.0,0.0,2334700,9618,0,0,0,0,0,0,0,0,0,0,0,0.0
88650572d7fffff,Petaling,0,0,False,0.0,0.0,2334700,9618,0,0,0,0,0,0,0,0,0,0,0,0.0
8865058d0bfffff,Sepang,0,0,False,0.0,0.0,339200,12608,0,0,0,0,0,0,0,0,0,0,0,0.0
8865058d53fffff,Sepang,0,0,False,0.0,0.0,339200,12608,0,0,0,0,0,0,0,0,0,0,0,0.0
88650501a9fffff,Sepang,0,13,True,1.0,322.4334600760456,339200,12608,0,1,0,0,1,1,0,0,9,0,1,8.799999999999999
8865050341fffff,Sepang,0,0,False,0.0,0.0,339200,12608,0,0,0,0,0,0,0,0,0,0,0,0.0
8865058ce9fffff,Sepang,0,0,False,0.0,0.0,339200,12608,0,0,0,0,0,0,0,0,0,0,0,0.0
8865058cc7fffff,Sepang,0,0,False,0.0,0.0,339200,12608,0,0,0,0,0,0,0,0,0,0,0,0.0
8865050119fffff,Sepang,0,0,False,0.0,0.0,339200,12608,0,0,0,0,0,0,0,0,0,0,0,0.0
8865051047fffff,Sepang,1,8,True,2.0,644.8669201520912,339200,12608,0,0,0,1,1,1,0,1,1,3,0,4.9
8865058cb3fffff,Sepang,0,0,False,0.0,0.0,339200,12608,0,0,0,0,0,0,0,0,0,0,0,0.0
8865058d1bfffff,Sepang,0,0,False,0.0,0.0,339200,12608,0,0,0,0,0,0,0,0,0,0,0,0.0
8865058d63fffff,Sepang,0,0,False,0.0,0.0,339200,12608,0,0,0,0,0,0,0,0,0,0,0,0.0
8865051ac9fffff,Sepang,0,0,False,0.0,0.0,339200,12608,0,0,0,0,0,0,0,0,0,0,0,0.0
8865058dcdfffff,Sepang,0,0,False,0.0,0.0,339200,12608,0,0,0,0,0,0,0,0,0,0,0,0.0
88650511a1fffff,Sepang,0,0,False,0.0,0.0,339200,12608,0,0,0,0,0,0,0,0,0,0,0,0.0
8865051887fffff,Sepang,3,55,True,4.0,1289.7338403041824,339200,12608,1,0,3,6,5,2,15,3,14,6,0,27.8
8865051191fffff,Sepang,0,2,False,0.0,0.0,339200,12608,0,0,0,0,0,0,0,0,0,0,2,2.0
8865058cbbfffff,Sepang,0,0,False,0.0,0.0,339200,12608,0,0,0,0,0,0,0,0,0,0,0,0.0
88650511d1fffff,Sepang,25,137,True,26.0,8383.269961977187,339200,12608,3,3,1,9,56,8,12,25,9,2,9,82.9
886505101dfffff,Sepang,0,0,False,0.0,0.0,339200,12608,0,0,0,0,0,0,0,0,0,0,0,0.0
8865051009fffff,Sepang,0,0,False,0.0,0.0,339200,12608,0,0,0,0,0,0,0,0,0,0,0,0.0
8865051287fffff,Sepang,0,3,True,1.0,322.4334600760456,339200,12608,0,0,0,0,0,0,0,0,0,3,0,1.7999999999999998
886505113bfffff,Sepang,0,0,False,0.0,0.0,339200,12608,0,0,0,0,0,0,0,0,0,0,0,0.0
88650501ebfffff,Sepang,17,40,True,18.0,5803.802281368821,339200,12608,2,2,0,2,0,0,0,17,1,0,16,36.3
88650512a7fffff,Sepang,0,0,False,0.0,0.0,339200,12608,0,0,0,0,0,0,0,0,0,0,0,0.0
886505b96dfffff,Sepang,0,0,False,0.0,0.0,339200,12608,0,0,0,0,0,0,0,0,0,0,0,0.0
8865051291fffff,Sepang,0,0,False,0.0,0.0,339200,12608,0,0,0,0,0,0,0,0,0,0,0,0.0
88650518c7fffff,Sepang,0,16,True,1.0,322.4334600760456,339200,12608,0,0,0,0,5,0,2,0,0,0,9,11.9
8865051607fffff,Sepang,0,0,False,0.0,0.0,339200,12608,0,0,0,0,0,0,0,0,0,0,0,0.0
88650510ebfffff,Sepang,0,0,False,0.0,0.0,339200,12608,0,0,0,0,0,0,0,0,0,0,0,0.0
88650510d9fffff,Sepang,0,0,False,0.0,0.0,339200,12608,0,0,0,0,0,0,0,0,0,0,0,0.0
886505004dfffff,Sepang,0,0,False,0.0,0.0,339200,12608,0,0,0,0,0,0,0,0,0,0,0,0.0
88650511a7fffff,Sepang,1,1,True,2.0,644.8669201520912,339200,12608,0,0,0,0,0,0,0,1,0,0,0,1.0
88650512bbfffff,Sepang,0,0,False,0.0,0.0,339200,12608,0,0,0,0,0,0,0,0,0,0,0,0.0
88650511d7fffff,Sepang,5,15,True,6.0,1934.6007604562735,339200,12608,0,1,0,0,3,1,0,5,0,1,4,12.1
88650512c5fffff,Sepang,0,31,True,1.0,322.4334600760456,339200,12608,0,0,1,1,1,0,6,0,0,18,3,16.6
8865058db1fffff,Sepang,0,0,False,0.0,0.0,339200,12608,0,0,0,0,0,0,0,0,0,0,0,0.0
8865051abbfffff,Sepang,1,13,True,2.0,644.8669201520912,339200,12608,3,0,0,0,3,0,0,1,2,0,4,9.1
8865050343fffff,Sepang,0,1,False,0.0,0.0,339200,12608,0,0,0,0,0,0,0,0,0,0,1,1.0
8865051641fffff,Sepang,0,0,False,0.0,0.0,339200,12608,0,0,0,0,0,0,0,0,0,0,0,0.0
886505118bfffff,Sepang,4,14,True,5.0,1612.1673003802282,339200,12608,1,0,0,2,0,0,1,4,1,0,5,11.1
8865050113fffff,Sepang,2,4,True,3.0,967.3003802281368,339200,12608,0,0,0,1,0,1,0,2,0,0,0,2.9
8865058d27fffff,Sepang,0,0,False,0.0,0.0,339200,12608,0,0,0,0,0,0,0,0,0,0,0,0.0
8865051adbfffff,Sepang,1,8,True,2.0,644.8669201520912,339200,12608,1,2,0,0,1,1,0,1,0,0,2,5.4
8865051ad7fffff,Sepang,0,3,True,1.0,322.4334600760456,339200,12608,0,0,0,0,0,0,0,0,0,2,1,2.2
8865058dcbfffff,Sepang,0,2,False,0.0,0.0,339200,12608,0,1,0,1,0,0,0,0,0,0,0,0.9
886505006dfffff,Sepang,3,52,True,4.0,1289.7338403041824,339200,12608,0,0,1,2,9,1,0,3,19,6,11,37.4
8865051623fffff,Sepang,0,0,False,0.0,0.0,339200,12608,0,0,0,0,0,0,0,0,0,0,0,0.0
886505165dfffff,Sepang,0,0,False,0.0,0.0,339200,12608,0,0,0,0,0,0,0,0,0,0,0,0.0
8865051233fffff,Sepang,0,13,True,1.0,322.4334600760456,339200,12608,0,1,0,0,0,0,0,0,0,3,9,11.3
8865058d61fffff,Sepang,1,22,True,2.0,644.8669201520912,339200,12608,2,2,0,1,5,2,3,1,3,1,2,12.0
8865051031fffff,Sepang,1,15,True,2.0,644.8669201520912,339200,12608,0,1,0,3,0,0,1,1,3,2,4,10.2
8865058cedfffff,Sepang,1,3,True,2.0,644.8669201520912,339200,12608,0,1,0,1,0,0,0,1,0,0,0,1.9
88650501e7fffff,Sepang,0,16,True,1.0,322.4334600760456,339200,12608,0,0,0,0,1,3,1,0,5,1,4,10.299999999999999
8865051189fffff,Sepang,1,1,True,2.0,644.8669201520912,339200,12608,0,0,0,0,0,0,0,1,0,0,0,1.0
886505011bfffff,Sepang,0,0,False,0.0,0.0,339200,12608,0,0,0,0,0,0,0,0,0,0,0,0.0
8865051743fffff,Sepang,0,0,False,0.0,0.0,339200,12608,0,0,0,0,0,0,0,0,0,0,0,0.0
8865050265fffff,Sepang,2,66,True,3.0,967.3003802281368,339200,12608,3,3,2,3,7,6,7,2,7,4,22,44.5
886505166bfffff,Sepang,0,0,False,0.0,0.0,339200,12608,0,0,0,0,0,0,0,0,0,0,0,0.0
88650511c3fffff,Sepang,1,5,True,2.0,644.8669201520912,339200,12608,0,0,0,2,0,0,0,1,1,1,0,3.1
88650510d3fffff,Sepang,0,0,False,0.0,0.0,339200,12608,0,0,0,0,0,0,0,0,0,0,0,0.0
8865058da7fffff,Sepang,0,0,False,0.0,0.0,339200,12608,0,0,0,0,0,0,0,0,0,0,0,0.0
8865058da5fffff,Sepang,0,0,False,0.0,0.0,339200,12608,0,0,0,0,0,0,0,0,0,0,0,0.0
8865050189fffff,Sepang,0,2,False,0.0,0.0,339200,12608,0,0,0,2,0,0,0,0,0,0,0,0.8
8865058c83fffff,Sepang,0,0,False,0.0,0.0,339200,12608,0,0,0,0,0,0,0,0,0,0,0,0.0
8865058c11fffff,Sepang,0,0,False,0.0,0.0,339200,12608,0,0,0,0,0,0,0,0,0,0,0,0.0
8865050009fffff,Sepang,0,7,True,1.0,322.4334600760456,339200,12608,1,1,0,1,0,0,0,0,0,2,2,4.5
8865050223fffff,Sepang,5,10,True,6.0,1934.6007604562735,339200,12608,0,0,0,2,0,0,0,5,0,2,1,8.0
886505034bfffff,Sepang,0,0,False,0.0,0.0,339200,12608,0,0,0,0,0,0,0,0,0,0,0,0.0
8865058d13fffff,Sepang,0,0,False,0.0,0.0,339200,12608,0,0,0,0,0,0,0,0,0,0,0,0.0
886505125bfffff,Sepang,0,0,False,0.0,0.0,339200,12608,0,0,0,0,0,0,0,0,0,0,0,0.0
88650512e5fffff,Sepang,0,3,True,1.0,322.4334600760456,339200,12608,0,0,0,0,1,0,0,0,0,2,0,1.7
8865058d57fffff,Sepang,0,0,False,0.0,0.0,339200,12608,0,0,0,0,0,0,0,0,0,0,0,0.0
8865051127fffff,Sepang,0,0,False,0.0,0.0,339200,12608,0,0,0,0,0,0,0,0,0,0,0,0.0
8865058dc1fffff,Sepang,0,2,False,0.0,0.0,339200,12608,0,1,0,1,0,0,0,0,0,0,0,0.9
88650511a3fffff,Sepang,1,1,True,2.0,644.8669201520912,339200,12608,0,0,0,0,0,0,0,1,0,0,0,1.0
886505181bfffff,Sepang,119,149,True,29.0,9350.570342205325,339200,12608,0,2,0,1,2,0,0,119,3,2,20,144.7
8865058d0dfffff,Sepang,0,4,True,1.0,322.4334600760456,339200,12608,0,0,0,0,0,0,0,0,0,0,4,4.0
886505010bfffff,Sepang,0,4,True,1.0,322.4334600760456,339200,12608,0,0,0,0,0,0,1,0,0,0,3,3.2
8865051111fffff,Sepang,0,3,True,1.0,322.4334600760456,339200,12608,1,0,0,1,0,0,0,0,0,1,0,1.4
8865058f17fffff,Sepang,0,0,False,0.0,0.0,339200,12608,0,0,0,0,0,0,0,0,0,0,0,0.0
8865050035fffff,Sepang,31,34,True,29.0,9350.570342205325,339200,12608,1,0,0,2,0,0,0,31,0,0,0,32.2
8865058c37fffff,Sepang,0,4,True,1.0,322.4334600760456,339200,12608,2,2,0,0,0,0,0,0,0,0,0,1.8
8865050221fffff,Sepang,3,5,True,4.0,1289.7338403041824,339200,12608,0,0,0,2,0,0,0,3,0,0,0,3.8
8865051621fffff,Sepang,0,0,False,0.0,0.0,339200,12608,0,0,0,0,0,0,0,0,0,0,0,0.0
8865050347fffff,Sepang,0,0,False,0.0,0.0,339200,12608,0,0,0,0,0,0,0,0,0,0,0,0.0
886505036dfffff,Sepang,0,0,False,0.0,0.0,339200,12608,0,0,0,0,0,0,0,0,0,0,0,0.0
8865051049fffff,Sepang,0,0,False,0.0,0.0,339200,12608,0,0,0,0,0,0,0,0,0,0,0,0.0
88650511c1fffff,Sepang,5,21,True,6.0,1934.6007604562735,339200,12608,2,1,0,3,0,0,0,5,7,2,1,14.6
8865058d3bfffff,Sepang,0,0,False,0.0,0.0,339200,12608,0,0,0,0,0,0,0,0,0,0,0,0.0
8865058f37fffff,Sepang,0,1,False,0.0,0.0,339200,12608,0,0,0,1,0,0,0,0,0,0,0,0.4
8865058ca3fffff,Sepang,0,0,False,0.0,0.0,339200,12608,0,0,0,0,0,0,0,0,0,0,0,0.0
88650512c1fffff,Sepang,0,3,True,1.0,322.4334600760456,339200,12608,0,0,0,0,0,0,0,0,0,3,0,1.7999999999999998
88650518a1fffff,Sepang,2,8,True,3.0,967.3003802281368,339200,12608,1,0,0,0,1,0,0,2,0,4,0,5.3
8865058c6dfffff,Sepang,0,1,False,0.0,0.0,339200,12608,0,0,0,0,0,0,0,0,0,0,1,1.0
8865051019fffff,Sepang,0,0,False,0.0,0.0,339200,12608,0,0,0,0,0,0,0,0,0,0,0,0.0
8865050261fffff,Sepang,5,11,True,6.0,1934.6007604562735,339200,12608,0,0,0,1,2,1,0,5,1,0,1,8.6
8865058de5fffff,Sepang,0,0,False,0.0,0.0,339200,12608,0,0,0,0,0,0,0,0,0,0,0,0.0
8865058d91fffff,Sepang,0,0,False,0.0,0.0,339200,12608,0,0,0,0,0,0,0,0,0,0,0,0.0
88650510e7fffff,Sepang,0,3,True,1.0,322.4334600760456,339200,12608,0,0,1,0,2,0,0,0,0,0,0,1.7
8865051a8bfffff,Sepang,0,1,False,0.0,0.0,339200,12608,1,0,0,0,0,0,0,0,0,0,0,0.4
8865051211fffff,Sepang,0,0,False,0.0,0.0,339200,12608,0,0,0,0,0,0,0,0,0,0,0,0.0
8865058e35fffff,Sepang,0,0,False,0.0,0.0,339200,12608,0,0,0,0,0,0,0,0,0,0,0,0.0
8865051627fffff,Sepang,0,0,False,0.0,0.0,339200,12608,0,0,0,0,0,0,0,0,0,0,0,0.0
8865051041fffff,Sepang,0,2,False,0.0,0.0,339200,12608,0,0,0,0,1,0,0,0,0,1,0,1.1
88650518e7fffff,Sepang,3,50,True,4.0,1289.7338403041824,339200,12608,0,9,0,8,0,0,2,3,0,16,11,31.7
88650518d9fffff,Sepang,0,0,False,0.0,0.0,339200,12608,0,0,0,0,0,0,0,0,0,0,0,0.0
8865058d11fffff,Sepang,0,0,False,0.0,0.0,339200,12608,0,0,0,0,0,0,0,0,0,0,0,0.0
8865051055fffff,Sepang,0,0,False,0.0,0.0,339200,12608,0,0,0,0,0,0,0,0,0,0,0,0.0
88650510ddfffff,Sepang,0,1,False,0.0,0.0,339200,12608,0,0,0,0,0,0,0,0,0,1,0,0.6
886505128bfffff,Sepang,0,0,False,0.0,0.0,339200,12608,0,0,0,0,0,0,0,0,0,0,0,0.0
8865058dabfffff,Sepang,0,0,False,0.0,0.0,339200,12608,0,0,0,0,0,0,0,0,0,0,0,0.0
88650510d5fffff,Sepang,0,0,False,0.0,0.0,339200,12608,0,0,0,0,0,0,0,0,0,0,0,0.0
886505172dfffff,Sepang,0,0,False,0.0,0.0,339200,12608,0,0,0,0,0,0,0,0,0,0,0,0.0
8865051aa7fffff,Sepang,130,163,True,29.0,9350.570342205325,339200,12608,3,0,0,0,8,0,0,130,2,1,19,156.2
8865051029fffff,Sepang,1,7,True,2.0,644.8669201520912,339200,12608,0,0,1,2,0,0,0,1,0,1,2,5.1
8865051649fffff,Sepang,0,0,False,0.0,0.0,339200,12608,0,0,0,0,0,0,0,0,0,0,0,0.0
8865058da9fffff,Sepang,0,0,False,0.0,0.0,339200,12608,0,0,0,0,0,0,0,0,0,0,0,0.0
886505175dfffff,Sepang,0,0,False,0.0,0.0,339200,12608,0,0,0,0,0,0,0,0,0,0,0,0.0
8865051449fffff,Sepang,0,0,False,0.0,0.0,339200,12608,0,0,0,0,0,0,0,0,0,0,0,0.0
8865050045fffff,Sepang,4,8,True,5.0,1612.1673003802282,339200,12608,0,0,0,3,0,0,1,4,0,0,0,5.4
8865058cb9fffff,Sepang,0,0,False,0.0,0.0,339200,12608,0,0,0,0,0,0,0,0,0,0,0,0.0
8865051881fffff,Sepang,2,2,True,3.0,967.3003802281368,339200,12608,0,0,0,0,0,0,0,2,0,0,0,2.0
8865058dc9fffff,Sepang,0,0,False,0.0,0.0,339200,12608,0,0,0,0,0,0,0,0,0,0,0,0.0
8865051231fffff,Sepang,1,3,True,2.0,644.8669201520912,339200,12608,0,0,0,0,0,0,0,1,0,0,2,3.0
8865050131fffff,Sepang,6,10,True,7.0,2257.0342205323195,339200,12608,0,0,0,4,0,0,0,6,0,0,0,7.6
8865058c57fffff,Sepang,0,0,False,0.0,0.0,339200,12608,0,0,0,0,0,0,0,0,0,0,0,0.0
8865050247fffff,Sepang,0,0,False,0.0,0.0,339200,12608,0,0,0,0,0,0,0,0,0,0,0,0.0
8865050369fffff,Sepang,1,7,True,2.0,644.8669201520912,339200,12608,1,0,0,0,3,0,1,1,1,0,0,3.8
8865051667fffff,Sepang,0,0,False,0.0,0.0,339200,12608,0,0,0,0,0,0,0,0,0,0,0,0.0
8865051239fffff,Sepang,0,0,False,0.0,0.0,339200,12608,0,0,0,0,0,0,0,0,0,0,0,0.0
8865058c0bfffff,Sepang,0,0,False,0.0,0.0,339200,12608,0,0,0,0,0,0,0,0,0,0,0,0.0
88650511e9fffff,Sepang,0,2,False,0.0,0.0,339200,12608,0,1,0,0,1,0,0,0,0,0,0,1.0
88650512ddfffff,Sepang,0,0,False,0.0,0.0,339200,12608,0,0,0,0,0,0,0,0,0,0,0,0.0
8865058c21fffff,Sepang,0,0,False,0.0,0.0,339200,12608,0,0,0,0,0,0,0,0,0,0,0,0.0
8865050333fffff,Sepang,3,103,True,4.0,1289.7338403041824,339200,12608,0,3,0,2,26,1,8,3,17,10,32,70.3
88650501c7fffff,Sepang,2,5,True,3.0,967.3003802281368,339200,12608,0,0,0,3,0,0,0,2,0,0,0,3.2
8865051993fffff,Sepang,0,29,True,1.0,322.4334600760456,339200,12608,1,3,1,3,6,0,0,0,3,7,4,17.099999999999998
8865051015fffff,Sepang,0,2,False,0.0,0.0,339200,12608,1,0,0,1,0,0,0,0,0,0,0,0.8
8865051081fffff,Sepang,0,0,False,0.0,0.0,339200,12608,0,0,0,0,0,0,0,0,0,0,0,0.0
88650511d3fffff,Sepang,0,87,True,1.0,322.4334600760456,339200,12608,0,0,2,2,35,10,24,0,6,1,7,41.3
886505020dfffff,Sepang,0,1,False,0.0,0.0,339200,12608,0,0,0,0,0,0,0,0,0,0,1,1.0
8865050111fffff,Sepang,0,0,False,0.0,0.0,339200,12608,0,0,0,0,0,0,0,0,0,0,0,0.0
8865051acdfffff,Sepang,1,2,True,2.0,644.8669201520912,339200,12608,0,0,0,1,0,0,0,1,0,0,0,1.4
88650512a5fffff,Sepang,0,0,False,0.0,0.0,339200,12608,0,0,0,0,0,0,0,0,0,0,0,0.0
8865058c35fffff,Sepang,0,0,False,0.0,0.0,339200,12608,0,0,0,0,0,0,0,0,0,0,0,0.0
8865058c15fffff,Sepang,0,0,False,0.0,0.0,339200,12608,0,0,0,0,0,0,0,0,0,0,0,0.0
8865051257fffff,Sepang,0,0,False,0.0,0.0,339200,12608,0,0,0,0,0,0,0,0,0,0,0,0.0
88650518c1fffff,Sepang,1,3,True,2.0,644.8669201520912,339200,12608,0,0,0,0,0,0,0,1,0,1,1,2.6
8865058d43fffff,Sepang,0,3,True,1.0,322.4334600760456,339200,12608,0,0,0,0,0,0,0,0,0,0,3,3.0
8865051213fffff,Sepang,0,0,False,0.0,0.0,339200,12608,0,0,0,0,0,0,0,0,0,0,0,0.0
8865051669fffff,Sepang,0,0,False,0.0,0.0,339200,12608,0,0,0,0,0,0,0,0,0,0,0,0.0
8865058cb1fffff,Sepang,0,0,False,0.0,0.0,339200,12608,0,0,0,0,0,0,0,0,0,0,0,0.0
8865058cbdfffff,Sepang,0,0,False,0.0,0.0,339200,12608,0,0,0,0,0,0,0,0,0,0,0,0.0
886505022bfffff,Sepang,2,3,True,3.0,967.3003802281368,339200,12608,0,0,0,1,0,0,0,2,0,0,0,2.4
88650511b3fffff,Sepang,3,10,True,4.0,1289.7338403041824,339200,12608,0,1,0,1,1,0,0,3,1,3,0,6.8999999999999995
88650511c9fffff,Sepang,1,29,True,2.0,644.8669201520912,339200,12608,1,0,0,3,1,0,0,1,20,1,2,19.7
886505013bfffff,Sepang,1,9,True,2.0,644.8669201520912,339200,12608,0,0,0,1,0,0,0,1,4,3,0,6.0
8865051aa9fffff,Sepang,1,7,True,2.0,644.8669201520912,339200,12608,1,0,0,1,1,0,0,1,0,0,3,5.3
8865058d2bfffff,Sepang,0,0,False,0.0,0.0,339200,12608,0,0,0,0,0,0,0,0,0,0,0,0.0
8865058d87fffff,Sepang,0,0,False,0.0,0.0,339200,12608,0,0,0,0,0,0,0,0,0,0,0,0.0
88650511e3fffff,Sepang,0,0,False,0.0,0.0,339200,12608,0,0,0,0,0,0,0,0,0,0,0,0.0
8865051089fffff,Sepang,0,6,True,1.0,322.4334600760456,339200,12608,1,0,1,1,0,0,0,0,0,2,1,3.7
8865058dc3fffff,Sepang,0,10,True,1.0,322.4334600760456,339200,12608,1,0,6,0,1,0,1,0,0,0,0,5.3
8865058d9bfffff,Sepang,0,0,False,0.0,0.0,339200,12608,0,0,0,0,0,0,0,0,0,0,0,0.0
8865051629fffff,Sepang,0,0,False,0.0,0.0,339200,12608,0,0,0,0,0,0,0,0,0,0,0,0.0
8865051203fffff,Sepang,0,0,False,0.0,0.0,339200,12608,0,0,0,0,0,0,0,0,0,0,0,0.0
8865051197fffff,Sepang,0,3,True,1.0,322.4334600760456,339200,12608,0,0,0,0,0,0,2,0,1,0,0,1.1
8865058c33fffff,Sepang,0,0,False,0.0,0.0,339200,12608,0,0,0,0,0,0,0,0,0,0,0,0.0
886505119bfffff,Sepang,3,7,True,4.0,1289.7338403041824,339200,12608,1,0,0,0,3,0,0,3,0,0,0,4.9
886505170dfffff,Sepang,0,0,False,0.0,0.0,339200,12608,0,0,0,0,0,0,0,0,0,0,0,0.0
8865050115fffff,Sepang,9,12,True,10.0,3224.3346007604564,339200,12608,0,1,0,1,0,0,0,9,1,0,0,10.6
8865051181fffff,Sepang,1,1,True,2.0,644.8669201520912,339200,12608,0,0,0,0,0,0,0,1,0,0,0,1.0
8865051aa3fffff,Sepang,1,3,True,2.0,644.8669201520912,339200,12608,1,0,0,0,0,0,0,1,1,0,0,2.1
8865051707fffff,Sepang,0,0,False,0.0,0.0,339200,12608,0,0,0,0,0,0,0,0,0,0,0,0.0
88650510c3fffff,Sepang,0,44,True,1.0,322.4334600760456,339200,12608,0,0,0,0,8,0,0,0,32,3,0,28.2
8865058c31fffff,Sepang,0,0,False,0.0,0.0,339200,12608,0,0,0,0,0,0,0,0,0,0,0,0.0
8865050207fffff,Sepang,1,6,True,2.0,644.8669201520912,339200,12608,1,0,0,0,0,0,0,1,0,2,0,2.6
8865051755fffff,Sepang,0,0,False,0.0,0.0,339200,12608,0,0,0,0,0,0,0,0,0,0,0,0.0
8865051625fffff,Sepang,0,0,False,0.0,0.0,339200,12608,0,0,0,0,0,0,0,0,0,0,0,0.0
8865051033fffff,Sepang,0,2,False,0.0,0.0,339200,12608,1,0,0,0,0,0,0,0,0,1,0,1.0
8865051751fffff,Sepang,0,0,False,0.0,0.0,339200,12608,0,0,0,0,0,0,0,0,0,0,0,0.0
88650510c5fffff,Sepang,0,0,False,0.0,0.0,339200,12608,0,0,0,0,0,0,0,0,0,0,0,0.0
8865051601fffff,Sepang,0,0,False,0.0,0.0,339200,12608,0,0,0,0,0,0,0,0,0,0,0,0.0
886505015bfffff,Sepang,0,20,True,1.0,322.4334600760456,339200,12608,5,0,0,7,0,0,1,0,0,7,0,9.2
88650501e5fffff,Sepang,7,8,True,8.0,2579.467680608365,339200,12608,0,0,0,1,0,0,0,7,0,0,0,7.4
8865058dd3fffff,Sepang,0,0,False,0.0,0.0,339200,12608,0,0,0,0,0,0,0,0,0,0,0,0.0
8865058c17fffff,Sepang,0,0,False,0.0,0.0,339200,12608,0,0,0,0,0,0,0,0,0,0,0,0.0
8865051aabfffff,Sepang,1,2,True,2.0,644.8669201520912,339200,12608,0,0,0,0,1,0,0,1,0,0,0,1.5
8865058c6bfffff,Sepang,0,3,True,1.0,322.4334600760456,339200,12608,1,0,0,1,1,0,0,0,0,0,0,1.3
8865050061fffff,Sepang,5,17,True,6.0,1934.6007604562735,339200,12608,0,0,0,10,0,0,0,5,0,1,1,10.6
88650511b5fffff,Sepang,2,3,True,3.0,967.3003802281368,339200,12608,0,0,0,1,0,0,0,2,0,0,0,2.4
8865058d23fffff,Sepang,0,0,False,0.0,0.0,339200,12608,0,0,0,0,0,0,0,0,0,0,0,0.0
886505160bfffff,Sepang,0,0,False,0.0,0.0,339200,12608,0,0,0,0,0,0,0,0,0,0,0,0.0
8865058d6bfffff,Sepang,0,2,False,0.0,0.0,339200,12608,0,0,0,0,2,0,0,0,0,0,0,1.0
886505118dfffff,Sepang,0,0,False,0.0,0.0,339200,12608,0,0,0,0,0,0,0,0,0,0,0,0.0
8865058ca5fffff,Sepang,0,0,False,0.0,0.0,339200,12608,0,0,0,0,0,0,0,0,0,0,0,0.0
8865050267fffff,Sepang,0,8,True,1.0,322.4334600760456,339200,12608,0,1,0,1,1,1,2,0,2,0,0,3.7
88650512d5fffff,Sepang,0,0,False,0.0,0.0,339200,12608,0,0,0,0,0,0,0,0,0,0,0,0.0
8865058c85fffff,Sepang,0,0,False,0.0,0.0,339200,12608,0,0,0,0,0,0,0,0,0,0,0,0.0
8865058ca7fffff,Sepang,0,0,False,0.0,0.0,339200,12608,0,0,0,0,0,0,0,0,0,0,0,0.0
8865051219fffff,Sepang,0,0,False,0.0,0.0,339200,12608,0,0,0,0,0,0,0,0,0,0,0,0.0
8865058d05fffff,Sepang,0,1,False,0.0,0.0,339200,12608,1,0,0,0,0,0,0,0,0,0,0,0.4
886505121bfffff,Sepang,0,0,False,0.0,0.0,339200,12608,0,0,0,0,0,0,0,0,0,0,0,0.0
8865058cb5fffff,Sepang,0,0,False,0.0,0.0,339200,12608,0,0,0,0,0,0,0,0,0,0,0,0.0
886505000dfffff,Sepang,6,12,True,7.0,2257.0342205323195,339200,12608,2,0,0,2,0,0,1,6,0,1,0,8.4
8865051a93fffff,Sepang,0,0,False,0.0,0.0,339200,12608,0,0,0,0,0,0,0,0,0,0,0,0.0
8865051a8dfffff,Sepang,0,2,False,0.0,0.0,339200,12608,0,0,0,2,0,0,0,0,0,0,0,0.8
88650511d5fffff,Sepang,2,21,True,3.0,967.3003802281368,339200,12608,0,0,0,8,1,0,1,2,0,7,2,12.1
8865051661fffff,Sepang,0,0,False,0.0,0.0,339200,12608,0,0,0,0,0,0,0,0,0,0,0,0.0
886505006bfffff,Sepang,1,2,True,2.0,644.8669201520912,339200,12608,0,0,0,1,0,0,0,1,0,0,0,1.4
8865051063fffff,Sepang,1,11,True,2.0,644.8669201520912,339200,12608,2,2,0,3,2,0,0,1,0,1,0,5.6
8865058dc7fffff,Sepang,0,0,False,0.0,0.0,339200,12608,0,0,0,0,0,0,0,0,0,0,0,0.0
88650518b5fffff,Sepang,0,0,False,0.0,0.0,339200,12608,0,0,0,0,0,0,0,0,0,0,0,0.0
886505108dfffff,Sepang,0,27,True,1.0,322.4334600760456,339200,12608,0,0,2,0,11,0,5,0,0,0,9,16.9
88650518a9fffff,Sepang,11,43,True,12.0,3869.201520912548,339200,12608,1,3,1,2,4,0,2,11,2,16,1,28.8
8865058c3dfffff,Sepang,0,0,False,0.0,0.0,339200,12608,0,0,0,0,0,0,0,0,0,0,0,0.0
8865058d89fffff,Sepang,0,0,False,0.0,0.0,339200,12608,0,0,0,0,0,0,0,0,0,0,0,0.0
8865051753fffff,Sepang,0,0,False,0.0,0.0,339200,12608,0,0,0,0,0,0,0,0,0,0,0,0.0
88650511b9fffff,Sepang,1,3,True,2.0,644.8669201520912,339200,12608,0,0,0,0,0,0,0,1,0,1,1,2.6
88650512a3fffff,Sepang,0,32,True,1.0,322.4334600760456,339200,12608,1,1,2,2,1,0,0,0,1,15,9,22.3
8865050117fffff,Sepang,12,13,True,13.0,4191.634980988593,339200,12608,1,0,0,0,0,0,0,12,0,0,0,12.4
886505011dfffff,Sepang,1,9,True,2.0,644.8669201520912,339200,12608,0,0,0,1,0,0,0,1,0,7,0,5.6
8865051185fffff,Sepang,0,0,False,0.0,0.0,339200,12608,0,0,0,0,0,0,0,0,0,0,0,0.0
8865058c25fffff,Sepang,0,0,False,0.0,0.0,339200,12608,0,0,0,0,0,0,0,0,0,0,0,0.0
8865050063fffff,Sepang,4,56,True,5.0,1612.1673003802282,339200,12608,3,5,0,5,12,2,5,4,3,5,12,34.8
8865051253fffff,Sepang,0,0,False,0.0,0.0,339200,12608,0,0,0,0,0,0,0,0,0,0,0,0.0
886505106bfffff,Sepang,1,2,True,2.0,644.8669201520912,339200,12608,0,0,0,0,0,0,1,1,0,0,0,1.2
8865058d21fffff,Sepang,0,0,False,0.0,0.0,339200,12608,0,0,0,0,0,0,0,0,0,0,0,0.0
8865058dbbfffff,Sepang,0,0,False,0.0,0.0,339200,12608,0,0,0,0,0,0,0,0,0,0,0,0.0
88650518e3fffff,Sepang,4,44,True,5.0,1612.1673003802282,339200,12608,1,8,0,9,2,0,2,4,6,11,1,25.2
88650501cbfffff,Sepang,18,23,True,19.0,6126.235741444867,339200,12608,1,0,0,0,0,0,0,18,2,0,2,21.8
8865051659fffff,Sepang,0,0,False,0.0,0.0,339200,12608,0,0,0,0,0,0,0,0,0,0,0,0.0
886505164dfffff,Sepang,0,0,False,0.0,0.0,339200,12608,0,0,0,0,0,0,0,0,0,0,0,0.0
88650511ebfffff,Sepang,0,0,False,0.0,0.0,339200,12608,0,0,0,0,0,0,0,0,0,0,0,0.0
886505100bfffff,Sepang,1,1,True,2.0,644.8669201520912,339200,12608,0,0,0,0,0,0,0,1,0,0,0,1.0
8865051645fffff,Sepang,0,0,False,0.0,0.0,339200,12608,0,0,0,0,0,0,0,0,0,0,0,0.0
88650512a9fffff,Sepang,0,11,True,1.0,322.4334600760456,339200,12608,0,0,0,0,0,0,2,0,0,7,0,4.6
88650512d3fffff,Sepang,0,0,False,0.0,0.0,339200,12608,0,0,0,0,0,0,0,0,0,0,0,0.0
88650511adfffff,Sepang,0,0,False,0.0,0.0,339200,12608,0,0,0,0,0,0,0,0,0,0,0,0.0
886505160dfffff,Sepang,0,0,False,0.0,0.0,339200,12608,0,0,0,0,0,0,0,0,0,0,0,0.0
886505026dfffff,Sepang,7,227,True,8.0,2579.467680608365,339200,12608,5,3,1,5,11,5,7,7,134,4,45,163.79999999999998
8865050159fffff,Sepang,3,23,True,4.0,1289.7338403041824,339200,12608,1,3,0,0,4,0,1,2,2,3,5,14.3
8865050187fffff,Sepang,2,150,True,3.0,967.3003802281368,339200,12608,1,0,0,9,0,0,0,1,138,0,0,101.6
8865050105fffff,Sepang,2,4,True,3.0,967.3003802281368,339200,12608,0,0,0,1,0,0,0,2,1,0,0,3.1
8865058dc5fffff,Sepang,0,1,False,0.0,0.0,339200,12608,1,0,0,0,0,0,0,0,0,0,0,0.4
8865051021fffff,Sepang,0,6,True,1.0,322.4334600760456,339200,12608,1,1,0,2,1,0,0,0,0,0,1,3.2
886505033bfffff,Sepang,4,29,True,5.0,1612.1673003802282,339200,12608,0,1,0,15,1,0,3,4,0,1,4,16.2
8865058c5dfffff,Sepang,0,1,False,0.0,0.0,339200,12608,1,0,0,0,0,0,0,0,0,0,0,0.4
8865058d8dfffff,Sepang,0,0,False,0.0,0.0,339200,12608,0,0,0,0,0,0,0,0,0,0,0,0.0
88650512d1fffff,Sepang,0,0,False,0.0,0.0,339200,12608,0,0,0,0,0,0,0,0,0,0,0,0.0
8865058c63fffff,Sepang,0,1,False,0.0,0.0,339200,12608,0,1,0,0,0,0,0,0,0,0,0,0.5
88650511abfffff,Sepang,0,0,False,0.0,0.0,339200,12608,0,0,0,0,0,0,0,0,0,0,0,0.0
88650512cbfffff,Sepang,0,1,False,0.0,0.0,339200,12608,0,0,0,0,0,0,1,0,0,0,0,0.2
88650511e7fffff,Sepang,0,0,False,0.0,0.0,339200,12608,0,0,0,0,0,0,0,0,0,0,0,0.0
886505175bfffff,Sepang,0,0,False,0.0,0.0,339200,12608,0,0,0,0,0,0,0,0,0,0,0,0.0
8865050331fffff,Sepang,3,20,True,4.0,1289.7338403041824,339200,12608,0,0,1,3,3,0,1,3,2,4,3,13.4
8865058ddbfffff,Sepang,0,0,False,0.0,0.0,339200,12608,0,0,0,0,0,0,0,0,0,0,0,0.0
8865051ad3fffff,Sepang,0,1,False,0.0,0.0,339200,12608,0,0,0,0,0,0,0,0,0,0,1,1.0
886505023dfffff,Sepang,0,3,True,1.0,322.4334600760456,339200,12608,1,0,0,2,0,0,0,0,0,0,0,1.2000000000000002
8865050067fffff,Sepang,40,99,True,29.0,9350.570342205325,339200,12608,2,2,0,15,5,0,2,40,7,18,8,74.4
8865051251fffff,Sepang,0,0,False,0.0,0.0,339200,12608,0,0,0,0,0,0,0,0,0,0,0,0.0
8865051187fffff,Sepang,6,8,True,7.0,2257.0342205323195,339200,12608,0,0,0,1,0,0,0,6,1,0,0,7.1
88650512c7fffff,Sepang,0,32,True,1.0,322.4334600760456,339200,12608,0,0,0,0,0,0,25,0,0,7,0,9.2
88650510edfffff,Sepang,5,5,True,6.0,1934.6007604562735,339200,12608,0,0,0,0,0,0,0,5,0,0,0,5.0
8865051a9bfffff,Sepang,1,3,True,2.0,644.8669201520912,339200,12608,0,2,0,0,0,0,0,1,0,0,0,2.0
88650518e1fffff,Sepang,0,10,True,1.0,322.4334600760456,339200,12608,0,3,0,2,0,0,2,0,0,2,1,4.9
88650518dbfffff,Sepang,1,4,True,2.0,644.8669201520912,339200,12608,0,1,0,1,0,0,0,1,0,1,0,2.5
8865050043fffff,Sepang,0,0,False,0.0,0.0,339200,12608,0,0,0,0,0,0,0,0,0,0,0,0.0
88650510adfffff,Sepang,3,36,True,4.0,1289.7338403041824,339200,12608,0,0,2,1,8,2,11,3,3,0,6,20.1
88650510cbfffff,Sepang,0,0,False,0.0,0.0,339200,12608,0,0,0,0,0,0,0,0,0,0,0,0.0
88650501c9fffff,Sepang,28,42,True,29.0,9350.570342205325,339200,12608,0,1,0,0,0,0,1,28,11,0,1,37.4
8865051ab9fffff,Sepang,3,7,True,4.0,1289.7338403041824,339200,12608,0,1,0,1,1,0,0,3,1,0,0,5.1
8865050069fffff,Sepang,0,22,True,1.0,322.4334600760456,339200,12608,0,0,0,1,1,0,0,0,0,15,5,14.9
8865050103fffff,Sepang,1,18,True,2.0,644.8669201520912,339200,12608,0,0,0,0,0,0,0,1,0,1,16,17.6
8865051003fffff,Sepang,0,0,False,0.0,0.0,339200,12608,0,0,0,0,0,0,0,0,0,0,0,0.0
8865051057fffff,Sepang,0,0,False,0.0,0.0,339200,12608,0,0,0,0,0,0,0,0,0,0,0,0.0
8865051039fffff,Sepang,2,9,True,3.0,967.3003802281368,339200,12608,0,1,0,0,0,0,2,2,1,3,0,5.4
88650511bdfffff,Sepang,0,0,False,0.0,0.0,339200,12608,0,0,0,0,0,0,0,0,0,0,0,0.0
8865051051fffff,Sepang,1,1,True,2.0,644.8669201520912,339200,12608,0,0,0,0,0,0,0,1,0,0,0,1.0
8865058d8bfffff,Sepang,0,0,False,0.0,0.0,339200,12608,0,0,0,0,0,0,0,0,0,0,0,0.0
8865051acbfffff,Sepang,0,0,False,0.0,0.0,339200,12608,0,0,0,0,0,0,0,0,0,0,0,0.0
886505199bfffff,Sepang,0,0,False,0.0,0.0,339200,12608,0,0,0,0,0,0,0,0,0,0,0,0.0
88650511edfffff,Sepang,0,2,False,0.0,0.0,339200,12608,0,0,0,0,1,0,1,0,0,0,0,0.7
8865051a87fffff,Sepang,0,0,False,0.0,0.0,339200,12608,0,0,0,0,0,0,0,0,0,0,0,0.0
88650511a9fffff,Sepang,0,0,False,0.0,0.0,339200,12608,0,0,0,0,0,0,0,0,0,0,0,0.0
88650510dbfffff,Sepang,0,0,False,0.0,0.0,339200,12608,0,0,0,0,0,0,0,0,0,0,0,0.0
88650510a1fffff,Sepang,1,2,True,2.0,644.8669201520912,339200,12608,0,0,0,1,0,0,0,1,0,0,0,1.4
8865051725fffff,Sepang,0,0,False,0.0,0.0,339200,12608,0,0,0,0,0,0,0,0,0,0,0,0.0
8865050317fffff,Sepang,0,22,True,1.0,322.4334600760456,339200,12608,1,1,0,9,0,0,0,0,0,6,5,13.1
8865058c39fffff,Sepang,0,0,False,0.0,0.0,339200,12608,0,0,0,0,0,0,0,0,0,0,0,0.0
8865051011fffff,Sepang,0,0,False,0.0,0.0,339200,12608,0,0,0,0,0,0,0,0,0,0,0,0.0
8865051a89fffff,Sepang,0,3,True,1.0,322.4334600760456,339200,12608,0,0,0,0,1,0,0,0,0,1,1,2.1
8865051665fffff,Sepang,0,0,False,0.0,0.0,339200,12608,0,0,0,0,0,0,0,0,0,0,0,0.0
88650511bbfffff,Sepang,1,5,True,2.0,644.8669201520912,339200,12608,2,0,0,0,1,0,0,1,0,0,1,3.3
8865051655fffff,Sepang,0,0,False,0.0,0.0,339200,12608,0,0,0,0,0,0,0,0,0,0,0,0.0
88650510a9fffff,Sepang,0,2,False,0.0,0.0,339200,12608,0,0,0,0,0,0,0,0,0,0,2,2.0
8865050047fffff,Sepang,8,23,True,9.0,2901.9011406844106,339200,12608,1,1,0,4,1,0,0,8,2,1,5,18.0
8865051643fffff,Sepang,0,0,False,0.0,0.0,339200,12608,0,0,0,0,0,0,0,0,0,0,0,0.0
8865051283fffff,Sepang,0,14,True,1.0,322.4334600760456,339200,12608,0,0,1,0,3,0,3,0,6,1,0,7.6
8865058de3fffff,Sepang,0,0,False,0.0,0.0,339200,12608,0,0,0,0,0,0,0,0,0,0,0,0.0
88650512b5fffff,Sepang,0,12,True,1.0,322.4334600760456,339200,12608,0,0,0,3,2,0,2,0,0,4,1,6.0
88650510c9fffff,Sepang,0,0,False,0.0,0.0,339200,12608,0,0,0,0,0,0,0,0,0,0,0,0.0
88650501e9fffff,Sepang,3,21,True,4.0,1289.7338403041824,339200,12608,0,1,0,2,0,0,0,3,0,0,15,19.3
88650518c5fffff,Sepang,3,4,True,4.0,1289.7338403041824,339200,12608,1,0,0,0,0,0,0,3,0,0,0,3.4
88650501c3fffff,Sepang,2,2,True,3.0,967.3003802281368,339200,12608,0,0,0,0,0,0,0,2,0,0,0,2.0
8865051217fffff,Sepang,0,1,False,0.0,0.0,339200,12608,0,0,0,0,0,0,0,0,0,0,1,1.0
8865058d51fffff,Sepang,0,0,False,0.0,0.0,339200,12608,0,0,0,0,0,0,0,0,0,0,0,0.0
886505103bfffff,Sepang,3,11,True,4.0,1289.7338403041824,339200,12608,1,0,1,0,2,0,0,3,3,1,0,7.8
886505105dfffff,Sepang,0,13,True,1.0,322.4334600760456,339200,12608,0,0,0,0,0,0,0,0,0,3,10,11.8
8865050201fffff,Sepang,0,12,True,1.0,322.4334600760456,339200,12608,0,0,0,0,0,0,0,0,0,0,12,12.0
88650511b1fffff,Sepang,1,3,True,2.0,644.8669201520912,339200,12608,1,0,0,0,1,0,0,1,0,0,0,1.9
8865050109fffff,Sepang,0,2,False,0.0,0.0,339200,12608,0,0,0,0,0,0,0,0,0,0,2,2.0
8865050129fffff,Sepang,2,7,True,3.0,967.3003802281368,339200,12608,0,0,0,2,0,0,0,2,3,0,0,4.9
8865058cb7fffff,Sepang,0,0,False,0.0,0.0,339200,12608,0,0,0,0,0,0,0,0,0,0,0,0.0
88650512b3fffff,Sepang,0,0,False,0.0,0.0,339200,12608,0,0,0,0,0,0,0,0,0,0,0,0.0
8865050153fffff,Sepang,0,12,True,1.0,322.4334600760456,339200,12608,0,1,0,6,2,0,1,0,0,0,2,6.1000000000000005
8865050269fffff,Sepang,3,5,True,4.0,1289.7338403041824,339200,12608,0,1,0,0,0,0,0,3,0,0,1,4.5
8865051299fffff,Sepang,0,0,False,0.0,0.0,339200,12608,0,0,0,0,0,0,0,0,0,0,0,0.0
8865051ac1fffff,Sepang,1,1,True,2.0,644.8669201520912,339200,12608,0,0,0,0,0,0,0,1,0,0,0,1.0
8865058d19fffff,Sepang,0,0,False,0.0,0.0,339200,12608,0,0,0,0,0,0,0,0,0,0,0,0.0
8865058c2bfffff,Sepang,0,0,False,0.0,0.0,339200,12608,0,0,0,0,0,0,0,0,0,0,0,0.0
88650501e3fffff,Sepang,2,45,True,3.0,967.3003802281368,339200,12608,0,0,0,0,0,0,0,2,0,0,43,45.0
8865050007fffff,Sepang,0,3,True,1.0,322.4334600760456,339200,12608,0,0,0,0,0,0,0,0,0,0,3,3.0
886505109dfffff,Sepang,0,0,False,0.0,0.0,339200,12608,0,0,0,0,0,0,0,0,0,0,0,0.0
8865058d41fffff,Sepang,0,0,False,0.0,0.0,339200,12608,0,0,0,0,0,0,0,0,0,0,0,0.0
886505129bfffff,Sepang,0,0,False,0.0,0.0,339200,12608,0,0,0,0,0,0,0,0,0,0,0,0.0
8865058d5bfffff,Sepang,0,0,False,0.0,0.0,339200,12608,0,0,0,0,0,0,0,0,0,0,0,0.0
8865050227fffff,Sepang,0,0,False,0.0,0.0,339200,12608,0,0,0,0,0,0,0,0,0,0,0,0.0
8865051ab1fffff,Sepang,1,2,True,2.0,644.8669201520912,339200,12608,0,0,0,0,0,0,0,1,0,0,1,2.0
8865058db5fffff,Sepang,0,0,False,0.0,0.0,339200,12608,0,0,0,0,0,0,0,0,0,0,0,0.0
8865051013fffff,Sepang,0,2,False,0.0,0.0,339200,12608,1,0,0,0,0,0,1,0,0,0,0,0.6000000000000001
8865058d25fffff,Sepang,0,0,False,0.0,0.0,339200,12608,0,0,0,0,0,0,0,0,0,0,0,0.0
8865058ca1fffff,Sepang,0,0,False,0.0,0.0,339200,12608,0,0,0,0,0,0,0,0,0,0,0,0.0
886505104bfffff,Sepang,1,3,True,2.0,644.8669201520912,339200,12608,1,0,0,0,1,0,0,1,0,0,0,1.9
88650518abfffff,Sepang,2,12,True,3.0,967.3003802281368,339200,12608,1,1,0,1,1,1,0,2,1,4,0,7.4
8865058de1fffff,Sepang,0,0,False,0.0,0.0,339200,12608,0,0,0,0,0,0,0,0,0,0,0,0.0
8865051017fffff,Sepang,3,3,True,4.0,1289.7338403041824,339200,12608,0,0,0,0,0,0,0,3,0,0,0,3.0
886505103dfffff,Sepang,1,26,True,2.0,644.8669201520912,339200,12608,0,0,3,0,1,0,1,1,2,2,16,22.4
8865051053fffff,Sepang,0,1,False,0.0,0.0,339200,12608,0,0,0,1,0,0,0,0,0,0,0,0.4
8865051709fffff,Sepang,0,0,False,0.0,0.0,339200,12608,0,0,0,0,0,0,0,0,0,0,0,0.0
8865058ce1fffff,Sepang,0,0,False,0.0,0.0,339200,12608,0,0,0,0,0,0,0,0,0,0,0,0.0
886505188dfffff,Sepang,1,20,True,2.0,644.8669201520912,339200,12608,1,2,0,4,3,0,1,1,0,5,3,11.7
8865050a59fffff,Sepang,0,0,False,0.0,0.0,339200,12608,0,0,0,0,0,0,0,0,0,0,0,0.0
8865051295fffff,Sepang,0,47,True,1.0,322.4334600760456,339200,12608,0,0,2,1,23,0,4,0,5,11,1,25.2
8865051705fffff,Sepang,0,0,False,0.0,0.0,339200,12608,0,0,0,0,0,0,0,0,0,0,0,0.0
8865058c0dfffff,Sepang,0,0,False,0.0,0.0,339200,12608,0,0,0,0,0,0,0,0,0,0,0,0.0
8865051007fffff,Sepang,0,1,False,0.0,0.0,339200,12608,0,0,0,0,0,0,0,0,0,1,0,0.6
886505170bfffff,Sepang,0,0,False,0.0,0.0,339200,12608,0,0,0,0,0,0,0,0,0,0,0,0.0
8865051609fffff,Sepang,0,0,False,0.0,0.0,339200,12608,0,0,0,0,0,0,0,0,0,0,0,0.0
8865050209fffff,Sepang,1,8,True,2.0,644.8669201520912,339200,12608,1,0,0,1,1,0,1,1,0,1,2,5.1
88650511d9fffff,Sepang,1,1,True,2.0,644.8669201520912,339200,12608,0,0,0,0,0,0,0,1,0,0,0,1.0
8865058d97fffff,Sepang,0,0,False,0.0,0.0,339200,12608,0,0,0,0,0,0,0,0,0,0,0,0.0
88650518c9fffff,Sepang,3,3,True,4.0,1289.7338403041824,339200,12608,0,0,0,0,0,0,0,3,0,0,0,3.0
886505176dfffff,Sepang,0,0,False,0.0,0.0,339200,12608,0,0,0,0,0,0,0,0,0,0,0,0.0
8865058dddfffff,Sepang,0,0,False,0.0,0.0,339200,12608,0,0,0,0,0,0,0,0,0,0,0,0.0
8865051099fffff,Sepang,0,0,False,0.0,0.0,339200,12608,0,0,0,0,0,0,0,0,0,0,0,0.0
8865058de9fffff,Sepang,0,0,False,0.0,0.0,339200,12608,0,0,0,0,0,0,0,0,0,0,0,0.0
88650510d7fffff,Sepang,0,0,False,0.0,0.0,339200,12608,0,0,0,0,0,0,0,0,0,0,0,0.0
8865050263fffff,Sepang,0,0,False,0.0,0.0,339200,12608,0,0,0,0,0,0,0,0,0,0,0,0.0
8865058d35fffff,Sepang,0,0,False,0.0,0.0,339200,12608,0,0,0,0,0,0,0,0,0,0,0,0.0
886505120bfffff,Sepang,0,0,False,0.0,0.0,339200,12608,0,0,0,0,0,0,0,0,0,0,0,0.0
886505123bfffff,Sepang,0,0,False,0.0,0.0,339200,12608,0,0,0,0,0,0,0,0,0,0,0,0.0
8865050041fffff,Sepang,4,4,True,5.0,1612.1673003802282,339200,12608,0,0,0,0,0,0,0,4,0,0,0,4.0
886505105bfffff,Sepang,0,4,True,1.0,322.4334600760456,339200,12608,0,0,0,1,1,0,0,0,0,2,0,2.1
8865058c61fffff,Sepang,1,96,True,2.0,644.8669201520912,339200,12608,5,3,0,3,5,0,2,1,75,1,1,62.699999999999996
8865058c8dfffff,Sepang,0,0,False,0.0,0.0,339200,12608,0,0,0,0,0,0,0,0,0,0,0,0.0
8865058c55fffff,Sepang,0,0,False,0.0,0.0,339200,12608,0,0,0,0,0,0,0,0,0,0,0,0.0
88650501e1fffff,Sepang,1,1,True,2.0,644.8669201520912,339200,12608,0,0,0,0,0,0,0,1,0,0,0,1.0
8865058d67fffff,Sepang,0,1,False,0.0,0.0,339200,12608,0,1,0,0,0,0,0,0,0,0,0,0.5
8865058dd9fffff,Sepang,0,0,False,0.0,0.0,339200,12608,0,0,0,0,0,0,0,0,0,0,0,0.0
8865050133fffff,Sepang,5,10,True,6.0,1934.6007604562735,339200,12608,0,1,0,4,0,0,0,5,0,0,0,7.1
8865051001fffff,Sepang,0,1,False,0.0,0.0,339200,12608,1,0,0,0,0,0,0,0,0,0,0,0.4
8865058d2dfffff,Sepang,1,1,True,2.0,644.8669201520912,339200,12608,0,0,0,0,0,0,0,1,0,0,0,1.0
886505176bfffff,Sepang,0,0,False,0.0,0.0,339200,12608,0,0,0,0,0,0,0,0,0,0,0,0.0
8865050025fffff,Sepang,7,28,True,8.0,2579.467680608365,339200,12608,0,0,0,0,0,0,0,7,0,0,21,28.0
8865050243fffff,Sepang,0,0,False,0.0,0.0,339200,12608,0,0,0,0,0,0,0,0,0,0,0,0.0
88650518b1fffff,Sepang,1,1,True,2.0,644.8669201520912,339200,12608,0,0,0,0,0,0,0,1,0,0,0,1.0
886505015dfffff,Sepang,5,24,True,6.0,1934.6007604562735,339200,12608,0,1,0,1,2,0,0,5,0,7,8,19.1
8865058c3bfffff,Sepang,0,2,False,0.0,0.0,339200,12608,2,0,0,0,0,0,0,0,0,0,0,0.8
88650512b7fffff,Sepang,0,10,True,1.0,322.4334600760456,339200,12608,1,0,0,0,2,0,3,0,2,2,0,4.6
886505102bfffff,Sepang,1,37,True,2.0,644.8669201520912,339200,12608,2,2,2,5,2,0,2,1,12,4,5,23.4
886505031bfffff,Sepang,0,0,False,0.0,0.0,339200,12608,0,0,0,0,0,0,0,0,0,0,0,0.0
8865051193fffff,Sepang,0,0,False,0.0,0.0,339200,12608,0,0,0,0,0,0,0,0,0,0,0,0.0
8865050337fffff,Sepang,0,14,True,1.0,322.4334600760456,339200,12608,0,0,0,6,0,0,0,0,0,4,4,8.8
8865058c29fffff,Sepang,0,0,False,0.0,0.0,339200,12608,0,0,0,0,0,0,0,0,0,0,0,0.0
88650512e1fffff,Sepang,0,0,False,0.0,0.0,339200,12608,0,0,0,0,0,0,0,0,0,0,0,0.0
8865051297fffff,Sepang,0,0,False,0.0,0.0,339200,12608,0,0,0,0,0,0,0,0,0,0,0,0.0
88650518a5fffff,Sepang,0,11,True,1.0,322.4334600760456,339200,12608,0,0,3,0,3,0,1,0,1,1,2,7.1
886505002dfffff,Sepang,3,22,True,4.0,1289.7338403041824,339200,12608,1,1,0,3,4,0,0,3,2,3,5,15.3
8865051759fffff,Sepang,0,0,False,0.0,0.0,339200,12608,0,0,0,0,0,0,0,0,0,0,0,0.0
886505162bfffff,Sepang,0,0,False,0.0,0.0,339200,12608,0,0,0,0,0,0,0,0,0,0,0,0.0
8865058da3fffff,Sepang,0,0,False,0.0,0.0,339200,12608,0,0,0,0,0,0,0,0,0,0,0,0.0
8865058c2dfffff,Sepang,0,0,False,0.0,0.0,339200,12608,0,0,0,0,0,0,0,0,0,0,0,0.0
8865051113fffff,Sepang,2,13,True,3.0,967.3003802281368,339200,12608,0,1,0,0,0,0,0,2,9,0,1,9.799999999999999
886505162dfffff,Sepang,0,0,False,0.0,0.0,339200,12608,0,0,0,0,0,0,0,0,0,0,0,0.0
886505111bfffff,Sepang,0,0,False,0.0,0.0,339200,12608,0,0,0,0,0,0,0,0,0,0,0,0.0
8865058d3dfffff,Sepang,0,0,False,0.0,0.0,339200,12608,0,0,0,0,0,0,0,0,0,0,0,0.0
8865051abdfffff,Sepang,2,5,True,3.0,967.3003802281368,339200,12608,3,0,0,0,0,0,0,2,0,0,0,3.2
8865051237fffff,Sepang,0,7,True,1.0,322.4334600760456,339200,12608,1,0,0,0,2,1,0,0,0,3,0,3.7
8865058d01fffff,Sepang,0,0,False,0.0,0.0,339200,12608,0,0,0,0,0,0,0,0,0,0,0,0.0
8865050029fffff,Sepang,21,35,True,22.0,7093.536121673003,339200,12608,0,1,0,5,0,1,0,21,1,5,1,28.7
8865051aa1fffff,Sepang,2,2,True,3.0,967.3003802281368,339200,12608,0,0,0,0,0,0,0,2,0,0,0,2.0
8865050241fffff,Sepang,0,0,False,0.0,0.0,339200,12608,0,0,0,0,0,0,0,0,0,0,0,0.0
8865051763fffff,Sepang,0,0,False,0.0,0.0,339200,12608,0,0,0,0,0,0,0,0,0,0,0,0.0
8865051729fffff,Sepang,0,0,False,0.0,0.0,339200,12608,0,0,0,0,0,0,0,0,0,0,0,0.0
8865051259fffff,Sepang,0,0,False,0.0,0.0,339200,12608,0,0,0,0,0,0,0,0,0,0,0,0.0
8865058c09fffff,Sepang,1,1,True,2.0,644.8669201520912,339200,12608,0,0,0,0,0,0,0,1,0,0,0,1.0
88650511c7fffff,Sepang,8,50,True,9.0,2901.9011406844106,339200,12608,0,0,0,3,2,0,0,6,4,26,1,27.599999999999998
88650518ebfffff,Sepang,2,4,True,3.0,967.3003802281368,339200,12608,0,0,0,0,1,0,0,2,1,0,0,3.2
88650518cdfffff,Sepang,147,204,True,29.0,9350.570342205325,339200,12608,4,3,0,0,6,2,0,147,3,0,39,195.2
8865051745fffff,Sepang,0,0,False,0.0,0.0,339200,12608,0,0,0,0,0,0,0,0,0,0,0,0.0
8865051005fffff,Sepang,1,2,True,2.0,644.8669201520912,339200,12608,1,0,0,0,0,0,0,1,0,0,0,1.4
8865051813fffff,Sepang,1,17,True,2.0,644.8669201520912,339200,12608,1,3,0,0,1,0,0,1,1,3,7,12.9
8865058d15fffff,Sepang,0,0,False,0.0,0.0,339200,12608,0,0,0,0,0,0,0,0,0,0,0,0.0
886505013dfffff,Sepang,8,12,True,9.0,2901.9011406844106,339200,12608,0,0,0,4,0,0,0,8,0,0,0,9.6
88650510e9fffff,Sepang,0,0,False,0.0,0.0,339200,12608,0,0,0,0,0,0,0,0,0,0,0,0.0
88650511c5fffff,Sepang,1,1,True,2.0,644.8669201520912,339200,12608,0,0,0,0,0,0,0,1,0,0,0,1.0
8865058c97fffff,Sepang,0,0,False,0.0,0.0,339200,12608,0,0,0,0,0,0,0,0,0,0,0,0.0
88650501edfffff,Sepang,3,6,True,4.0,1289.7338403041824,339200,12608,0,1,0,2,0,0,0,3,0,0,0,4.3
88650518bdfffff,Sepang,0,38,True,1.0,322.4334600760456,339200,12608,0,1,4,5,7,0,2,0,8,9,2,22.2
8865051023fffff,Sepang,0,43,True,1.0,322.4334600760456,339200,12608,2,2,0,3,2,0,0,0,23,11,0,26.7
8865050365fffff,Sepang,0,2,False,0.0,0.0,339200,12608,1,1,0,0,0,0,0,0,0,0,0,0.9
8865058d33fffff,Sepang,0,0,False,0.0,0.0,339200,12608,0,0,0,0,0,0,0,0,0,0,0,0.0
886505036bfffff,Sepang,2,2,True,3.0,967.3003802281368,339200,12608,0,0,0,0,0,0,0,2,0,0,0,2.0
88650512b9fffff,Sepang,0,1,False,0.0,0.0,339200,12608,0,0,0,0,0,0,0,0,0,1,0,0.6
88650512abfffff,Sepang,0,24,True,1.0,322.4334600760456,339200,12608,1,0,1,0,1,0,10,0,0,8,1,9.4
8865058c4bfffff,Sepang,0,0,False,0.0,0.0,339200,12608,0,0,0,0,0,0,0,0,0,0,0,0.0
8865051ab5fffff,Sepang,4,8,True,5.0,1612.1673003802282,339200,12608,0,0,0,0,3,0,0,4,0,0,1,6.5
8865050229fffff,Sepang,3,6,True,4.0,1289.7338403041824,339200,12608,0,0,0,3,0,0,0,3,0,0,0,4.2
88650512d7fffff,Sepang,0,0,False,0.0,0.0,339200,12608,0,0,0,0,0,0,0,0,0,0,0,0.0
88650512e7fffff,Sepang,0,0,False,0.0,0.0,339200,12608,0,0,0,0,0,0,0,0,0,0,0,0.0
8865050027fffff,Sepang,16,28,True,17.0,5481.368821292776,339200,12608,1,3,0,5,0,0,0,16,1,0,2,22.6
8865051ad5fffff,Sepang,0,3,True,1.0,322.4334600760456,339200,12608,0,0,0,3,0,0,0,0,0,0,0,1.2000000000000002
88650510a5fffff,Sepang,1,3,True,2.0,644.8669201520912,339200,12608,0,1,0,1,0,0,0,1,0,0,0,1.9
8865058dedfffff,Sepang,0,0,False,0.0,0.0,339200,12608,0,0,0,0,0,0,0,0,0,0,0,0.0
88650511cdfffff,Sepang,4,14,True,5.0,1612.1673003802282,339200,12608,0,1,0,1,0,0,0,4,3,1,4,11.6
8865058d55fffff,Sepang,0,0,False,0.0,0.0,339200,12608,0,0,0,0,0,0,0,0,0,0,0,0.0
8865051647fffff,Sepang,0,0,False,0.0,0.0,339200,12608,0,0,0,0,0,0,0,0,0,0,0,0.0
886505024dfffff,Sepang,0,0,False,0.0,0.0,339200,12608,0,0,0,0,0,0,0,0,0,0,0,0.0
8865050065fffff,Sepang,15,82,True,16.0,5158.93536121673,339200,12608,2,3,1,10,18,3,3,15,17,4,5,52.4
88650511cbfffff,Sepang,9,25,True,10.0,3224.3346007604564,339200,12608,0,1,0,5,0,0,0,9,2,8,0,17.7
88650512ebfffff,Sepang,0,11,True,1.0,322.4334600760456,339200,12608,0,0,0,0,1,0,0,0,0,10,0,6.5
8865058cc5fffff,Sepang,0,0,False,0.0,0.0,339200,12608,0,0,0,0,0,0,0,0,0,0,0,0.0
8865051183fffff,Sepang,2,4,True,3.0,967.3003802281368,339200,12608,0,1,0,1,0,0,0,2,0,0,0,2.9
88650512adfffff,Sepang,0,0,False,0.0,0.0,339200,12608,0,0,0,0,0,0,0,0,0,0,0,0.0
8865058c45fffff,Sepang,1,6,True,2.0,644.8669201520912,339200,12608,0,2,0,2,0,0,0,1,1,0,0,3.5
8865051741fffff,Sepang,0,0,False,0.0,0.0,339200,12608,0,0,0,0,0,0,0,0,0,0,0,0.0
886505018dfffff,Sepang,0,18,True,1.0,322.4334600760456,339200,12608,0,0,0,0,0,0,0,0,0,0,18,18.0
8865058d93fffff,Sepang,0,0,False,0.0,0.0,339200,12608,0,0,0,0,0,0,0,0,0,0,0,0.0
8865058ca9fffff,Sepang,0,0,False,0.0,0.0,339200,12608,0,0,0,0,0,0,0,0,0,0,0,0.0
88650512e3fffff,Sepang,0,39,True,1.0,322.4334600760456,339200,12608,0,0,2,1,17,1,5,0,9,1,0,18.7
8865051289fffff,Sepang,0,2,False,0.0,0.0,339200,12608,0,0,0,0,0,0,0,0,0,0,2,2.0
8865058ce3fffff,Sepang,0,0,False,0.0,0.0,339200,12608,0,0,0,0,0,0,0,0,0,0,0,0.0
8865058c87fffff,Sepang,0,0,False,0.0,0.0,339200,12608,0,0,0,0,0,0,0,0,0,0,0,0.0
88650510a7fffff,Sepang,0,0,False,0.0,0.0,339200,12608,0,0,0,0,0,0,0,0,0,0,0,0.0
8865058c47fffff,Sepang,1,1,True,2.0,644.8669201520912,339200,12608,0,0,0,0,0,0,0,1,0,0,0,1.0
8865058d95fffff,Sepang,0,0,False,0.0,0.0,339200,12608,0,0,0,0,0,0,0,0,0,0,0,0.0
8865058cadfffff,Sepang,0,0,False,0.0,0.0,339200,12608,0,0,0,0,0,0,0,0,0,0,0,0.0
8865058d59fffff,Sepang,0,0,False,0.0,0.0,339200,12608,0,0,0,0,0,0,0,0,0,0,0,0.0
88650501c1fffff,Sepang,16,16,True,17.0,5481.368821292776,339200,12608,0,0,0,0,0,0,0,16,0,0,0,16.0
886505128dfffff,Sepang,0,0,False,0.0,0.0,339200,12608,0,0,0,0,0,0,0,0,0,0,0,0.0
8865058da1fffff,Sepang,0,0,False,0.0,0.0,339200,12608,0,0,0,0,0,0,0,0,0,0,0,0.0
8865051059fffff,Sepang,0,45,True,1.0,322.4334600760456,339200,12608,1,0,1,1,5,0,2,0,0,3,31,37.2
88650512c9fffff,Sepang,0,4,True,1.0,322.4334600760456,339200,12608,0,0,0,0,0,0,2,0,0,1,1,2.0
8865058d81fffff,Sepang,0,0,False,0.0,0.0,339200,12608,0,0,0,0,0,0,0,0,0,0,0,0.0
8865051ad9fffff,Sepang,0,0,False,0.0,0.0,339200,12608,0,0,0,0,0,0,0,0,0,0,0,0.0
88650512d9fffff,Sepang,0,0,False,0.0,0.0,339200,12608,0,0,0,0,0,0,0,0,0,0,0,0.0
88650510c7fffff,Sepang,0,0,False,0.0,0.0,339200,12608,0,0,0,0,0,0,0,0,0,0,0,0.0
8865050359fffff,Sepang,0,0,False,0.0,0.0,339200,12608,0,0,0,0,0,0,0,0,0,0,0,0.0
8865050101fffff,Sepang,2,6,True,3.0,967.3003802281368,339200,12608,0,0,0,1,0,0,1,1,0,2,0,2.8
8865058ce5fffff,Sepang,0,0,False,0.0,0.0,339200,12608,0,0,0,0,0,0,0,0,0,0,0,0.0
8865051235fffff,Sepang,0,0,False,0.0,0.0,339200,12608,0,0,0,0,0,0,0,0,0,0,0,0.0
8865051761fffff,Sepang,0,0,False,0.0,0.0,339200,12608,0,0,0,0,0,0,0,0,0,0,0,0.0
8865058ce7fffff,Sepang,0,0,False,0.0,0.0,339200,12608,0,0,0,0,0,0,0,0,0,0,0,0.0
8865051ae3fffff,Sepang,1,2,True,2.0,644.8669201520912,339200,12608,0,0,0,1,0,0,0,1,0,0,0,1.4
8865050005fffff,Sepang,0,8,True,1.0,322.4334600760456,339200,12608,0,1,0,2,0,0,1,0,0,2,2,4.7
886505121dfffff,Sepang,0,0,False,0.0,0.0,339200,12608,0,0,0,0,0,0,0,0,0,0,0,0.0
8865058c13fffff,Sepang,0,0,False,0.0,0.0,339200,12608,0,0,0,0,0,0,0,0,0,0,0,0.0
8865051ac3fffff,Sepang,0,0,False,0.0,0.0,339200,12608,0,0,0,0,0,0,0,0,0,0,0,0.0
8865050181fffff,Sepang,13,16,True,14.0,4514.068441064639,339200,12608,1,0,0,2,0,0,0,11,0,0,0,12.2
88650512dbfffff,Sepang,0,0,False,0.0,0.0,339200,12608,0,0,0,0,0,0,0,0,0,0,0,0.0
88650511dbfffff,Sepang,17,168,True,18.0,5803.802281368821,339200,12608,0,1,9,3,47,15,31,17,12,1,29,100.2
8865058db3fffff,Sepang,0,0,False,0.0,0.0,339200,12608,0,0,0,0,0,0,0,0,0,0,0,0.0
8865051a85fffff,Sepang,0,0,False,0.0,0.0,339200,12608,0,0,0,0,0,0,0,0,0,0,0,0.0
8865058c81fffff,Sepang,0,0,False,0.0,0.0,339200,12608,0,0,0,0,0,0,0,0,0,0,0,0.0
8865050049fffff,Sepang,0,0,False,0.0,0.0,339200,12608,0,0,0,0,0,0,0,0,0,0,0,0.0
8865050225fffff,Sepang,0,5,True,1.0,322.4334600760456,339200,12608,0,0,0,0,4,0,0,0,0,0,0,2.0
8865050151fffff,Sepang,0,6,True,1.0,322.4334600760456,339200,12608,0,0,0,0,0,0,0,0,0,2,4,5.2
88650518b9fffff,Sepang,2,8,True,3.0,967.3003802281368,339200,12608,0,0,4,2,0,0,0,2,0,0,0,5.6
8865058d37fffff,Sepang,0,0,False,0.0,0.0,339200,12608,0,0,0,0,0,0,0,0,0,0,0,0.0
886505123dfffff,Sepang,0,0,False,0.0,0.0,339200,12608,0,0,0,0,0,0,0,0,0,0,0,0.0
8865051133fffff,Sepang,0,0,False,0.0,0.0,339200,12608,0,0,0,0,0,0,0,0,0,0,0,0.0
8865050021fffff,Sepang,7,9,True,8.0,2579.467680608365,339200,12608,0,0,0,1,0,0,0,7,0,0,1,8.4
8865050143fffff,Sepang,5,7,True,6.0,1934.6007604562735,339200,12608,1,0,0,0,0,0,0,5,0,1,0,6.0
8865058d9dfffff,Sepang,0,0,False,0.0,0.0,339200,12608,0,0,0,0,0,0,0,0,0,0,0,0.0
8865051769fffff,Sepang,0,0,False,0.0,0.0,339200,12608,0,0,0,0,0,0,0,0,0,0,0,0.0
8865051a83fffff,Sepang,0,0,False,0.0,0.0,339200,12608,0,0,0,0,0,0,0,0,0,0,0,0.0
8865051281fffff,Sepang,0,0,False,0.0,0.0,339200,12608,0,0,0,0,0,0,0,0,0,0,0,0.0
8865058d03fffff,Sepang,0,0,False,0.0,0.0,339200,12608,0,0,0,0,0,0,0,0,0,0,0,0.0
8865050185fffff,Sepang,1,11,True,2.0,644.8669201520912,339200,12608,0,0,0,0,0,0,0,1,1,0,9,10.7
886505174bfffff,Sepang,0,0,False,0.0,0.0,339200,12608,0,0,0,0,0,0,0,0,0,0,0,0.0
8865058d99fffff,Sepang,0,0,False,0.0,0.0,339200,12608,0,0,0,0,0,0,0,0,0,0,0,0.0
88650511b7fffff,Sepang,0,0,False,0.0,0.0,339200,12608,0,0,0,0,0,0,0,0,0,0,0,0.0
8865058c43fffff,Sepang,0,1,False,0.0,0.0,339200,12608,0,1,0,0,0,0,0,0,0,0,0,0.5
88650510d1fffff,Sepang,0,0,False,0.0,0.0,339200,12608,0,0,0,0,0,0,0,0,0,0,0,0.0
88650510e1fffff,Sepang,0,34,True,1.0,322.4334600760456,339200,12608,0,0,1,0,13,1,4,0,10,0,5,20.5
8865051043fffff,Sepang,0,0,False,0.0,0.0,339200,12608,0,0,0,0,0,0,0,0,0,0,0,0.0
8865051a95fffff,Sepang,3,5,True,4.0,1289.7338403041824,339200,12608,0,1,0,1,0,0,0,3,0,0,0,3.9
8865051663fffff,Sepang,0,0,False,0.0,0.0,339200,12608,0,0,0,0,0,0,0,0,0,0,0,0.0
8865051195fffff,Sepang,0,1,False,0.0,0.0,339200,12608,0,1,0,0,0,0,0,0,0,0,0,0.5
8865058c03fffff,Sepang,0,0,False,0.0,0.0,339200,12608,0,0,0,0,0,0,0,0,0,0,0,0.0
88650512bdfffff,Sepang,0,0,False,0.0,0.0,339200,12608,0,0,0,0,0,0,0,0,0,0,0,0.0
886505002bfffff,Sepang,0,1,False,0.0,0.0,339200,12608,0,0,0,0,0,0,1,0,0,0,0,0.2
886505034dfffff,Sepang,1,2,True,2.0,644.8669201520912,339200,12608,0,0,0,0,0,0,0,1,0,0,1,2.0
886505164bfffff,Sepang,0,0,False,0.0,0.0,339200,12608,0,0,0,0,0,0,0,0,0,0,0,0.0
88650512a1fffff,Sepang,0,2,False,0.0,0.0,339200,12608,0,0,0,0,0,0,0,0,0,1,1,1.6
8865050245fffff,Sepang,0,1,False,0.0,0.0,339200,12608,0,0,0,0,0,0,0,0,0,0,1,1.0
8865050139fffff,Sepang,1,38,True,2.0,644.8669201520912,339200,12608,1,0,0,0,1,0,0,1,26,0,9,29.099999999999998
8865051a91fffff,Sepang,1,1,True,2.0,644.8669201520912,339200,12608,0,0,0,0,0,0,0,1,0,0,0,1.0
88650511e1fffff,Sepang,0,9,True,1.0,322.4334600760456,339200,12608,0,0,0,8,0,0,1,0,0,0,0,3.4000000000000004
8865051ab3fffff,Sepang,0,0,False,0.0,0.0,339200,12608,0,0,0,0,0,0,0,0,0,0,0,0.0
8865058debfffff,Sepang,0,1,False,0.0,0.0,339200,12608,1,0,0,0,0,0,0,0,0,0,0,0.4
886505166dfffff,Sepang,0,0,False,0.0,0.0,339200,12608,0,0,0,0,0,0,0,0,0,0,0,0.0
8865050155fffff,Sepang,2,5,True,3.0,967.3003802281368,339200,12608,0,0,0,0,0,0,1,2,0,2,0,3.4
8865050a69fffff,Sepang,43,166,True,29.0,9350.570342205325,339200,12608,0,0,1,3,5,0,2,43,3,3,106,157.7
88650501c5fffff,Sepang,2,17,True,3.0,967.3003802281368,339200,12608,0,0,0,0,1,0,0,2,0,2,12,15.7
88650512b1fffff,Sepang,0,0,False,0.0,0.0,339200,12608,0,0,0,0,0,0,0,0,0,0,0,0.0
8865051701fffff,Sepang,0,0,False,0.0,0.0,339200,12608,0,0,0,0,0,0,0,0,0,0,0,0.0
8865051215fffff,Sepang,0,0,False,0.0,0.0,339200,12608,0,0,0,0,0,0,0,0,0,0,0,0.0
8865050183fffff,Sepang,0,16,True,1.0,322.4334600760456,339200,12608,0,0,0,6,0,0,0,0,0,0,10,12.4
8865050023fffff,Sepang,1,2,True,2.0,644.8669201520912,339200,12608,1,0,0,0,0,0,0,1,0,0,0,1.4
886505102dfffff,Sepang,0,0,False,0.0,0.0,339200,12608,0,0,0,0,0,0,0,0,0,0,0,0.0
88650518a3fffff,Sepang,0,25,True,1.0,322.4334600760456,339200,12608,0,2,0,6,0,1,0,0,0,16,0,13.5
8865050107fffff,Sepang,6,22,True,7.0,2257.0342205323195,339200,12608,0,1,0,6,4,0,1,6,1,1,2,14.4
8865051749fffff,Sepang,0,0,False,0.0,0.0,339200,12608,0,0,0,0,0,0,0,0,0,0,0,0.0
8865058c1dfffff,Sepang,0,0,False,0.0,0.0,339200,12608,0,0,0,0,0,0,0,0,0,0,0,0.0
88650510cdfffff,Sepang,0,0,False,0.0,0.0,339200,12608,0,0,0,0,0,0,0,0,0,0,0,0.0
886505100dfffff,Sepang,1,5,True,2.0,644.8669201520912,339200,12608,1,0,0,0,0,1,1,1,1,0,0,2.8
8865058c23fffff,Sepang,0,0,False,0.0,0.0,339200,12608,0,0,0,0,0,0,0,0,0,0,0,0.0
8865050313fffff,Sepang,0,3,True,1.0,322.4334600760456,339200,12608,0,0,0,1,0,0,0,0,0,1,1,2.0
886505129dfffff,Sepang,0,4,True,1.0,322.4334600760456,339200,12608,0,0,0,0,3,0,0,0,1,0,0,2.2
8865051a99fffff,Sepang,0,4,True,1.0,322.4334600760456,339200,12608,1,1,0,0,0,0,0,0,2,0,0,2.3
886505172bfffff,Sepang,0,0,False,0.0,0.0,339200,12608,0,0,0,0,0,0,0,0,0,0,0,0.0
88650501cdfffff,Sepang,28,306,True,29.0,9350.570342205325,339200,12608,2,2,0,3,7,3,3,28,6,0,252,292.8
886505012bfffff,Sepang,6,116,True,7.0,2257.0342205323195,339200,12608,1,0,1,0,2,1,0,6,102,1,2,82.6
8865050235fffff,Sepang,0,0,False,0.0,0.0,339200,12608,0,0,0,0,0,0,0,0,0,0,0,0.0
8865058d83fffff,Sepang,0,0,False,0.0,0.0,339200,12608,0,0,0,0,0,0,0,0,0,0,0,0.0
8865058c05fffff,Sepang,0,0,False,0.0,0.0,339200,12608,0,0,0,0,0,0,0,0,0,0,0,0.0
8865058d17fffff,Sepang,0,0,False,0.0,0.0,339200,12608,0,0,0,0,0,0,0,0,0,0,0,0.0
8865058c67fffff,Sepang,0,1,False,0.0,0.0,339200,12608,0,0,0,0,1,0,0,0,0,0,0,0.5
8865050165fffff,Sepang,0,4,True,1.0,322.4334600760456,339200,12608,0,0,0,1,1,0,0,0,0,2,0,2.1
8865051293fffff,Sepang,0,0,False,0.0,0.0,339200,12608,0,0,0,0,0,0,0,0,0,0,0,0.0
8865058d07fffff,Sepang,0,0,False,0.0,0.0,339200,12608,0,0,0,0,0,0,0,0,0,0,0,0.0
8865058c01fffff,Sepang,0,0,False,0.0,0.0,339200,12608,0,0,0,0,0,0,0,0,0,0,0,0.0
8865051199fffff,Sepang,2,2,True,3.0,967.3003802281368,339200,12608,0,0,0,0,0,0,0,2,0,0,0,2.0
8865051027fffff,Sepang,7,11,True,8.0,2579.467680608365,339200,12608,1,0,0,2,1,0,0,7,0,0,0,8.7
8865058dbdfffff,Sepang,0,0,False,0.0,0.0,339200,12608,0,0,0,0,0,0,0,0,0,0,0,0.0
88650510e5fffff,Sepang,1,4,True,2.0,644.8669201520912,339200,12608,0,0,0,0,0,0,0,1,3,0,0,3.0999999999999996
8865050345fffff,Sepang,0,15,True,1.0,322.4334600760456,339200,12608,2,1,0,0,5,1,1,0,5,0,0,8.0
88650518b7fffff,Sepang,0,5,True,1.0,322.4334600760456,339200,12608,0,0,0,1,1,0,0,0,0,2,1,3.1
886505018bfffff,Sepang,2,2,True,3.0,967.3003802281368,339200,12608,0,0,0,0,0,0,0,1,0,0,0,1.0
8865058d31fffff,Sepang,0,0,False,0.0,0.0,339200,12608,0,0,0,0,0,0,0,0,0,0,0,0.0
886505174dfffff,Sepang,0,0,False,0.0,0.0,339200,12608,0,0,0,0,0,0,0,0,0,0,0,0.0
88650512c3fffff,Sepang,0,1,False,0.0,0.0,339200,12608,0,0,0,0,0,0,0,0,0,0,1,1.0
88650501b9fffff,Sepang,8,32,True,9.0,2901.9011406844106,339200,12608,2,0,0,5,0,0,0,7,2,0,15,26.2
8865058db7fffff,Sepang,0,0,False,0.0,0.0,339200,12608,0,0,0,0,0,0,0,0,0,0,0,0.0
88650511e5fffff,Sepang,0,0,False,0.0,0.0,339200,12608,0,0,0,0,0,0,0,0,0,0,0,0.0
8865050157fffff,Sepang,0,0,False,0.0,0.0,339200,12608,0,0,0,0,0,0,0,0,0,0,0,0.0
886505108bfffff,Sepang,0,0,False,0.0,0.0,339200,12608,0,0,0,0,0,0,0,0,0,0,0,0.0
8865058d1dfffff,Sepang,0,0,False,0.0,0.0,339200,12608,0,0,0,0,0,0,0,0,0,0,0,0.0
8865058d29fffff,Sepang,0,0,False,0.0,0.0,339200,12608,0,0,0,0,0,0,0,0,0,0,0,0.0
8865051a97fffff,Sepang,0,5,True,1.0,322.4334600760456,339200,12608,0,1,0,0,4,0,0,0,0,0,0,2.5
8865051addfffff,Sepang,0,0,False,0.0,0.0,339200,12608,0,0,0,0,0,0,0,0,0,0,0,0.0
8865058c27fffff,Sepang,0,0,False,0.0,0.0,339200,12608,0,0,0,0,0,0,0,0,0,0,0,0.0
88650512edfffff,Sepang,0,0,False,0.0,0.0,339200,12608,0,0,0,0,0,0,0,0,0,0,0,0.0
8865050349fffff,Sepang,0,1,False,0.0,0.0,339200,12608,0,0,0,0,0,0,0,0,1,0,0,0.7
8865051025fffff,Sepang,0,0,False,0.0,0.0,339200,12608,0,0,0,0,0,0,0,0,0,0,0,0.0
886505119dfffff,Sepang,1,23,True,2.0,644.8669201520912,339200,12608,0,0,0,2,5,2,2,1,2,1,8,15.7
8865051285fffff,Sepang,0,11,True,1.0,322.4334600760456,339200,12608,0,0,0,0,5,0,2,0,0,3,0,4.7
8865051085fffff,Sepang,0,1,False,0.0,0.0,339200,12608,0,0,0,0,0,0,0,0,0,0,1,1.0
8865051765fffff,Sepang,0,0,False,0.0,0.0,339200,12608,0,0,0,0,0,0,0,0,0,0,0,0.0
8865051ab7fffff,Sepang,1,1,True,2.0,644.8669201520912,339200,12608,0,0,0,0,0,0,0,1,0,0,0,1.0
88650518a7fffff,Sepang,0,9,True,1.0,322.4334600760456,339200,12608,0,1,0,4,0,0,1,0,0,0,2,4.3
8865051747fffff,Sepang,0,0,False,0.0,0.0,339200,12608,0,0,0,0,0,0,0,0,0,0,0,0.0
8865050001fffff,Sepang,0,0,False,0.0,0.0,339200,12608,0,0,0,0,0,0,0,0,0,0,0,0.0
886505003dfffff,Sepang,0,1,False,0.0,0.0,339200,12608,0,0,0,0,0,0,0,0,0,1,0,0.6
886505026bfffff,Sepang,0,0,False,0.0,0.0,339200,12608,0,0,0,0,0,0,0,0,0,0,0,0.0
8865051037fffff,Sepang,0,1,False,0.0,0.0,339200,12608,0,0,0,0,0,0,0,0,0,1,0,0.6
8865058de7fffff,Sepang,0,0,False,0.0,0.0,339200,12608,0,0,0,0,0,0,0,0,0,0,0,0.0
8865050167fffff,Sepang,4,30,True,5.0,1612.1673003802282,339200,12608,0,0,0,3,0,1,1,4,19,2,0,20.4
8865058d09fffff,Sepang,0,0,False,0.0,0.0,339200,12608,0,0,0,0,0,0,0,0,0,0,0,0.0
8865051035fffff,Sepang,3,13,True,4.0,1289.7338403041824,339200,12608,0,0,0,7,0,0,0,3,0,3,0,7.6
8865058e37fffff,Sepang,1,1,True,2.0,644.8669201520912,339200,12608,0,0,0,0,0,0,0,1,0,0,0,1.0
8865051117fffff,Sepang,0,0,False,0.0,0.0,339200,12608,0,0,0,0,0,0,0,0,0,0,0,0.0
8865058cebfffff,Sepang,0,0,False,0.0,0.0,339200,12608,0,0,0,0,0,0,0,0,0,0,0,0.0
88650512cdfffff,Sepang,0,13,True,1.0,322.4334600760456,339200,12608,0,0,0,0,0,0,1,0,0,3,9,11.0
8865058c65fffff,Sepang,0,142,True,1.0,322.4334600760456,339200,12608,1,3,0,2,2,1,2,0,127,2,2,96.69999999999999
8865051ac7fffff,Sepang,0,3,True,1.0,322.4334600760456,339200,12608,1,1,1,0,0,0,0,0,0,0,0,1.6
8865058dd7fffff,Sepang,0,0,False,0.0,0.0,339200,12608,0,0,0,0,0,0,0,0,0,0,0,0.0
8865051885fffff,Sepang,10,45,True,11.0,3546.7680608365017,339200,12608,0,1,0,2,1,0,0,10,25,6,0,32.9
8865058dd1fffff,Sepang,0,0,False,0.0,0.0,339200,12608,0,0,0,0,0,0,0,0,0,0,0,0.0
8865058dadfffff,Sepang,0,0,False,0.0,0.0,339200,12608,0,0,0,0,0,0,0,0,0,0,0,0.0
8865058c07fffff,Sepang,0,0,False,0.0,0.0,339200,12608,0,0,0,0,0,0,0,0,0,0,0,0.0
8865051605fffff,Sepang,0,0,False,0.0,0.0,339200,12608,0,0,0,0,0,0,0,0,0,0,0,0.0
88650518e9fffff,Sepang,2,4,True,3.0,967.3003802281368,339200,12608,0,1,0,0,0,0,0,2,0,0,1,3.5
8865050249fffff,Sepang,0,0,False,0.0,0.0,339200,12608,0,0,0,0,0,0,0,0,0,0,0,0.0
88650518adfffff,Sepang,2,48,True,3.0,967.3003802281368,339200,12608,3,5,1,14,5,0,1,2,0,16,1,25.3
8865051a81fffff,Sepang,0,0,False,0.0,0.0,339200,12608,0,0,0,0,0,0,0,0,0,0,0,0.0
886505022dfffff,Sepang,0,10,True,1.0,322.4334600760456,339200,12608,0,0,1,0,6,1,0,0,1,0,1,5.9
8865058dd5fffff,Sepang,0,0,False,0.0,0.0,339200,12608,0,0,0,0,0,0,0,0,0,0,0,0.0
886505101bfffff,Sepang,0,0,False,0.0,0.0,339200,12608,0,0,0,0,0,0,0,0,0,0,0,0.0
8865050361fffff,Sepang,0,0,False,0.0,0.0,339200,12608,0,0,0,0,0,0,0,0,0,0,0,0.0
8865058db9fffff,Sepang,0,0,False,0.0,0.0,339200,12608,0,0,0,0,0,0,0,0,0,0,0,0.0
8865051767fffff,Sepang,0,0,False,0.0,0.0,339200,12608,0,0,0,0,0,0,0,0,0,0,0,0.0
8865050205fffff,Sepang,0,0,False,0.0,0.0,339200,12608,0,0,0,0,0,0,0,0,0,0,0,0.0
8865051721fffff,Sepang,0,0,False,0.0,0.0,339200,12608,0,0,0,0,0,0,0,0,0,0,0,0.0
88650511a5fffff,Sepang,0,1,False,0.0,0.0,339200,12608,1,0,0,0,0,0,0,0,0,0,0,0.4
8865058c95fffff,Sepang,0,0,False,0.0,0.0,339200,12608,0,0,0,0,0,0,0,0,0,0,0,0.0
8865058d85fffff,Sepang,0,0,False,0.0,0.0,339200,12608,0,0,0,0,0,0,0,0,0,0,0,0.0
88650512e9fffff,Sepang,0,0,False,0.0,0.0,339200,12608,0,0,0,0,0,0,0,0,0,0,0,0.0
8865058c69fffff,Sepang,0,0,False,0.0,0.0,339200,12608,0,0,0,0,0,0,0,0,0,0,0,0.0
8865051a9dfffff,Sepang,1,2,True,2.0,644.8669201520912,339200,12608,1,0,0,0,0,0,0,1,0,0,0,1.4
88650511ddfffff,Sepang,0,32,True,1.0,322.4334600760456,339200,12608,0,0,4,2,5,0,8,0,8,5,0,16.3
88650510c1fffff,Sepang,0,0,False,0.0,0.0,339200,12608,0,0,0,0,0,0,0,0,0,0,0,0.0
886505004bfffff,Sepang,0,0,False,0.0,0.0,339200,12608,0,0,0,0,0,0,0,0,0,0,0,0.0
886505035bfffff,Sepang,1,12,True,2.0,644.8669201520912,339200,12608,2,2,0,1,0,0,1,1,4,0,1,7.2
88650510e3fffff,Sepang,0,6,True,1.0,322.4334600760456,339200,12608,0,0,0,0,1,0,0,0,1,1,3,4.8
8865051ad1fffff,Sepang,0,0,False,0.0,0.0,339200,12608,0,0,0,0,0,0,0,0,0,0,0,0.0
886505035dfffff,Sepang,0,0,False,0.0,0.0,339200,12608,0,0,0,0,0,0,0,0,0,0,0,0.0
8865058d39fffff,Sepang,0,0,False,0.0,0.0,339200,12608,0,0,0,0,0,0,0,0,0,0,0,0.0
8865058cabfffff,Sepang,0,0,False,0.0,0.0,339200,12608,0,0,0,0,0,0,0,0,0,0,0,0.0
8865058d4bfffff,Sepang,0,0,False,0.0,0.0,339200,12608,0,0,0,0,0,0,0,0,0,0,0,0.0
8865058d5dfffff,Sepang,0,0,False,0.0,0.0,339200,12608,0,0,0,0,0,0,0,0,0,0,0,0.0
8865051a35fffff,Hulu Langat,1,3,True,2.0,1059.8396051819866,1460300,11210,0,0,0,2,0,0,0,1,0,0,0,1.8
8865054259fffff,Hulu Langat,0,0,False,0.0,0.0,1460300,11210,0,0,0,0,0,0,0,0,0,0,0,0.0
8865054641fffff,Hulu Langat,43,104,True,40.069999999999936,21233.88648982107,1460300,11210,2,3,1,9,13,0,4,43,6,5,18,82.1
8865051853fffff,Hulu Langat,3,35,True,4.0,2119.679210363973,1460300,11210,1,0,0,5,6,0,3,3,11,3,2,20.5
8865051a29fffff,Hulu Langat,0,0,False,0.0,0.0,1460300,11210,0,0,0,0,0,0,0,0,0,0,0,0.0
8865054211fffff,Hulu Langat,0,2,False,0.0,0.0,1460300,11210,0,0,0,1,0,0,0,0,0,1,0,1.0
886505cd8dfffff,Hulu Langat,0,0,False,0.0,0.0,1460300,11210,0,0,0,0,0,0,0,0,0,0,0,0.0
886505575dfffff,Hulu Langat,0,0,False,0.0,0.0,1460300,11210,0,0,0,0,0,0,0,0,0,0,0,0.0
886505545dfffff,Hulu Langat,0,0,False,0.0,0.0,1460300,11210,0,0,0,0,0,0,0,0,0,0,0,0.0
8865055767fffff,Hulu Langat,0,0,False,0.0,0.0,1460300,11210,0,0,0,0,0,0,0,0,0,0,0,0.0
8865055695fffff,Hulu Langat,7,34,True,8.0,4239.358420727946,1460300,11210,3,4,0,5,1,1,6,7,2,3,2,19.6
88650550bdfffff,Hulu Langat,0,0,False,0.0,0.0,1460300,11210,0,0,0,0,0,0,0,0,0,0,0,0.0
8865054299fffff,Hulu Langat,0,0,False,0.0,0.0,1460300,11210,0,0,0,0,0,0,0,0,0,0,0,0.0
8865051b05fffff,Hulu Langat,5,15,True,6.0,3179.51881554596,1460300,11210,3,0,0,5,1,0,0,5,0,0,1,9.7
88650542e7fffff,Hulu Langat,0,0,False,0.0,0.0,1460300,11210,0,0,0,0,0,0,0,0,0,0,0,0.0
8865051981fffff,Hulu Langat,16,71,True,17.0,9008.636644046886,1460300,11210,2,1,0,2,0,0,0,16,0,0,50,68.1
8865055663fffff,Hulu Langat,0,0,False,0.0,0.0,1460300,11210,0,0,0,0,0,0,0,0,0,0,0,0.0
886505553bfffff,Hulu Langat,0,0,False,0.0,0.0,1460300,11210,0,0,0,0,0,0,0,0,0,0,0,0.0
886505cc9bfffff,Hulu Langat,0,0,False,0.0,0.0,1460300,11210,0,0,0,0,0,0,0,0,0,0,0,0.0
8865054291fffff,Hulu Langat,0,0,False,0.0,0.0,1460300,11210,0,0,0,0,0,0,0,0,0,0,0,0.0
88650554bbfffff,Hulu Langat,14,136,True,15.0,7948.7970388649,1460300,11210,3,1,0,5,1,0,0,14,106,2,4,97.6
88650554c7fffff,Hulu Langat,0,1,False,0.0,0.0,1460300,11210,0,0,1,0,0,0,0,0,0,0,0,0.7
8865055737fffff,Hulu Langat,1,2,True,2.0,1059.8396051819866,1460300,11210,0,0,0,1,0,0,0,1,0,0,0,1.4
886505ccb7fffff,Hulu Langat,0,6,True,1.0,529.9198025909933,1460300,11210,3,0,0,0,0,0,0,0,0,3,0,3.0
88650542a9fffff,Hulu Langat,0,0,False,0.0,0.0,1460300,11210,0,0,0,0,0,0,0,0,0,0,0,0.0
8865051b03fffff,Hulu Langat,1,7,True,2.0,1059.8396051819866,1460300,11210,1,0,0,3,0,0,0,1,0,0,2,4.6
88650552dbfffff,Hulu Langat,0,0,False,0.0,0.0,1460300,11210,0,0,0,0,0,0,0,0,0,0,0,0.0
8865054201fffff,Hulu Langat,0,0,False,0.0,0.0,1460300,11210,0,0,0,0,0,0,0,0,0,0,0,0.0
8865055193fffff,Hulu Langat,0,0,False,0.0,0.0,1460300,11210,0,0,0,0,0,0,0,0,0,0,0,0.0
8865055459fffff,Hulu Langat,0,0,False,0.0,0.0,1460300,11210,0,0,0,0,0,0,0,0,0,0,0,0.0
886505190dfffff,Hulu Langat,1,3,True,2.0,1059.8396051819866,1460300,11210,0,0,0,2,0,0,0,1,0,0,0,1.8
88650554e1fffff,Hulu Langat,2,2,True,3.0,1589.75940777298,1460300,11210,0,0,0,0,0,0,0,2,0,0,0,2.0
886505191bfffff,Hulu Langat,10,597,True,11.0,5829.117828500926,1460300,11210,7,7,10,9,39,14,30,10,36,12,422,513.8
8865055707fffff,Hulu Langat,0,0,False,0.0,0.0,1460300,11210,0,0,0,0,0,0,0,0,0,0,0,0.0
8865051a55fffff,Hulu Langat,0,4,True,1.0,529.9198025909933,1460300,11210,1,0,0,0,0,0,0,0,3,0,0,2.5
88650556a3fffff,Hulu Langat,3,8,True,4.0,2119.679210363973,1460300,11210,1,3,0,0,0,0,0,3,1,0,0,5.6
886505cca3fffff,Hulu Langat,0,0,False,0.0,0.0,1460300,11210,0,0,0,0,0,0,0,0,0,0,0,0.0
88650540c9fffff,Hulu Langat,0,0,False,0.0,0.0,1460300,11210,0,0,0,0,0,0,0,0,0,0,0,0.0
886505544bfffff,Hulu Langat,0,0,False,0.0,0.0,1460300,11210,0,0,0,0,0,0,0,0,0,0,0,0.0
8865054203fffff,Hulu Langat,0,0,False,0.0,0.0,1460300,11210,0,0,0,0,0,0,0,0,0,0,0,0.0
8865051b5dfffff,Hulu Langat,10,20,True,11.0,5829.117828500926,1460300,11210,1,1,0,0,0,0,0,10,0,6,0,14.5
886505571bfffff,Hulu Langat,0,0,False,0.0,0.0,1460300,11210,0,0,0,0,0,0,0,0,0,0,0,0.0
8865051939fffff,Hulu Langat,1,26,True,2.0,1059.8396051819866,1460300,11210,2,0,0,5,2,0,1,1,0,0,15,20.0
8865051b27fffff,Hulu Langat,0,0,False,0.0,0.0,1460300,11210,0,0,0,0,0,0,0,0,0,0,0,0.0
8865051a3bfffff,Hulu Langat,0,14,True,1.0,529.9198025909933,1460300,11210,0,2,1,2,3,0,2,0,1,3,0,6.9
8865051b01fffff,Hulu Langat,3,401,True,4.0,2119.679210363973,1460300,11210,5,5,1,3,10,1,9,3,29,5,330,370.0
886505cdd7fffff,Hulu Langat,0,0,False,0.0,0.0,1460300,11210,0,0,0,0,0,0,0,0,0,0,0,0.0
8865054237fffff,Hulu Langat,0,0,False,0.0,0.0,1460300,11210,0,0,0,0,0,0,0,0,0,0,0,0.0
88650556abfffff,Hulu Langat,0,0,False,0.0,0.0,1460300,11210,0,0,0,0,0,0,0,0,0,0,0,0.0
8865055611fffff,Hulu Langat,0,0,False,0.0,0.0,1460300,11210,0,0,0,0,0,0,0,0,0,0,0,0.0
88650555d7fffff,Hulu Langat,0,0,False,0.0,0.0,1460300,11210,0,0,0,0,0,0,0,0,0,0,0,0.0
8865051aedfffff,Hulu Langat,0,2,False,0.0,0.0,1460300,11210,1,0,0,0,0,1,0,0,0,0,0,0.9
886505193dfffff,Hulu Langat,2,6,True,3.0,1589.75940777298,1460300,11210,1,1,0,2,0,0,0,2,0,0,0,3.7
88650554edfffff,Hulu Langat,0,0,False,0.0,0.0,1460300,11210,0,0,0,0,0,0,0,0,0,0,0,0.0
8865055643fffff,Hulu Langat,0,1,False,0.0,0.0,1460300,11210,0,0,0,0,0,0,0,0,0,0,1,1.0
8865054207fffff,Hulu Langat,0,0,False,0.0,0.0,1460300,11210,0,0,0,0,0,0,0,0,0,0,0,0.0
886505542dfffff,Hulu Langat,0,0,False,0.0,0.0,1460300,11210,0,0,0,0,0,0,0,0,0,0,0,0.0
886505cc27fffff,Hulu Langat,0,0,False,0.0,0.0,1460300,11210,0,0,0,0,0,0,0,0,0,0,0,0.0
8865051b2bfffff,Hulu Langat,3,12,True,4.0,2119.679210363973,1460300,11210,2,0,0,4,1,0,0,3,1,1,0,7.2
8865055743fffff,Hulu Langat,0,0,False,0.0,0.0,1460300,11210,0,0,0,0,0,0,0,0,0,0,0,0.0
886505cdb5fffff,Hulu Langat,0,0,False,0.0,0.0,1460300,11210,0,0,0,0,0,0,0,0,0,0,0,0.0
886505cc97fffff,Hulu Langat,0,0,False,0.0,0.0,1460300,11210,0,0,0,0,0,0,0,0,0,0,0,0.0
886505cc11fffff,Hulu Langat,0,0,False,0.0,0.0,1460300,11210,0,0,0,0,0,0,0,0,0,0,0,0.0
8865055661fffff,Hulu Langat,0,0,False,0.0,0.0,1460300,11210,0,0,0,0,0,0,0,0,0,0,0,0.0
88650556e1fffff,Hulu Langat,0,0,False,0.0,0.0,1460300,11210,0,0,0,0,0,0,0,0,0,0,0,0.0
8865055535fffff,Hulu Langat,0,0,False,0.0,0.0,1460300,11210,0,0,0,0,0,0,0,0,0,0,0,0.0
886505cda3fffff,Hulu Langat,0,0,False,0.0,0.0,1460300,11210,0,0,0,0,0,0,0,0,0,0,0,0.0
8865051927fffff,Hulu Langat,0,0,False,0.0,0.0,1460300,11210,0,0,0,0,0,0,0,0,0,0,0,0.0
8865055699fffff,Hulu Langat,10,183,True,11.0,5829.117828500926,1460300,11210,3,3,0,4,13,7,8,10,78,7,50,134.7
8865055653fffff,Hulu Langat,0,0,False,0.0,0.0,1460300,11210,0,0,0,0,0,0,0,0,0,0,0,0.0
886505cc3bfffff,Hulu Langat,0,0,False,0.0,0.0,1460300,11210,0,0,0,0,0,0,0,0,0,0,0,0.0
886505cdc3fffff,Hulu Langat,0,0,False,0.0,0.0,1460300,11210,0,0,0,0,0,0,0,0,0,0,0,0.0
8865055411fffff,Hulu Langat,0,4,True,1.0,529.9198025909933,1460300,11210,2,1,0,1,0,0,0,0,0,0,0,1.7000000000000002
88650519c7fffff,Hulu Langat,0,88,True,1.0,529.9198025909933,1460300,11210,1,0,0,1,0,0,1,0,0,1,81,82.6
8865055507fffff,Hulu Langat,0,1,False,0.0,0.0,1460300,11210,0,0,0,1,0,0,0,0,0,0,0,0.4
88650550bbfffff,Hulu Langat,0,1,False,0.0,0.0,1460300,11210,0,0,0,0,1,0,0,0,0,0,0,0.5
8865051ac5fffff,Hulu Langat,0,0,False,0.0,0.0,1460300,11210,0,0,0,0,0,0,0,0,0,0,0,0.0
886505c59bfffff,Hulu Langat,0,0,False,0.0,0.0,1460300,11210,0,0,0,0,0,0,0,0,0,0,0,0.0
8865054353fffff,Hulu Langat,0,0,False,0.0,0.0,1460300,11210,0,0,0,0,0,0,0,0,0,0,0,0.0
8865050b5dfffff,Hulu Langat,11,82,True,12.0,6359.03763109192,1460300,11210,1,0,0,2,0,0,1,11,66,1,0,59.199999999999996
88650555e1fffff,Hulu Langat,0,0,False,0.0,0.0,1460300,11210,0,0,0,0,0,0,0,0,0,0,0,0.0
88650555adfffff,Hulu Langat,0,0,False,0.0,0.0,1460300,11210,0,0,0,0,0,0,0,0,0,0,0,0.0
8865054041fffff,Hulu Langat,0,0,False,0.0,0.0,1460300,11210,0,0,0,0,0,0,0,0,0,0,0,0.0
886505ccebfffff,Hulu Langat,0,0,False,0.0,0.0,1460300,11210,0,0,0,0,0,0,0,0,0,0,0,0.0
886505cdd3fffff,Hulu Langat,0,0,False,0.0,0.0,1460300,11210,0,0,0,0,0,0,0,0,0,0,0,0.0
886505cc8bfffff,Hulu Langat,1,1,True,2.0,1059.8396051819866,1460300,11210,0,0,0,0,0,0,0,1,0,0,0,1.0
886505cdabfffff,Hulu Langat,0,0,False,0.0,0.0,1460300,11210,0,0,0,0,0,0,0,0,0,0,0,0.0
8865054055fffff,Hulu Langat,0,0,False,0.0,0.0,1460300,11210,0,0,0,0,0,0,0,0,0,0,0,0.0
8865055463fffff,Hulu Langat,0,0,False,0.0,0.0,1460300,11210,0,0,0,0,0,0,0,0,0,0,0,0.0
88650554c9fffff,Hulu Langat,0,0,False,0.0,0.0,1460300,11210,0,0,0,0,0,0,0,0,0,0,0,0.0
88650555e9fffff,Hulu Langat,0,1,False,0.0,0.0,1460300,11210,0,0,0,0,0,0,0,0,0,1,0,0.6
8865051823fffff,Hulu Langat,34,112,True,35.0,18547.193090684767,1460300,11210,1,0,0,2,5,1,6,34,63,0,0,83.5
886505431bfffff,Hulu Langat,0,0,False,0.0,0.0,1460300,11210,0,0,0,0,0,0,0,0,0,0,0,0.0
8865055409fffff,Hulu Langat,0,0,False,0.0,0.0,1460300,11210,0,0,0,0,0,0,0,0,0,0,0,0.0
8865051903fffff,Hulu Langat,0,11,True,1.0,529.9198025909933,1460300,11210,1,0,0,4,1,0,0,0,0,1,4,7.1
8865050b6dfffff,Hulu Langat,19,168,True,20.0,10598.396051819867,1460300,11210,0,0,0,0,11,4,9,17,119,4,2,114.0
8865055419fffff,Hulu Langat,0,0,False,0.0,0.0,1460300,11210,0,0,0,0,0,0,0,0,0,0,0,0.0
886505186bfffff,Hulu Langat,0,0,False,0.0,0.0,1460300,11210,0,0,0,0,0,0,0,0,0,0,0,0.0
8865051a4dfffff,Hulu Langat,0,2,False,0.0,0.0,1460300,11210,1,0,0,0,0,0,1,0,0,0,0,0.6000000000000001
88650555d9fffff,Hulu Langat,0,0,False,0.0,0.0,1460300,11210,0,0,0,0,0,0,0,0,0,0,0,0.0
886505435bfffff,Hulu Langat,0,0,False,0.0,0.0,1460300,11210,0,0,0,0,0,0,0,0,0,0,0,0.0
886505cdb1fffff,Hulu Langat,0,0,False,0.0,0.0,1460300,11210,0,0,0,0,0,0,0,0,0,0,0,0.0
8865055745fffff,Hulu Langat,0,0,False,0.0,0.0,1460300,11210,0,0,0,0,0,0,0,0,0,0,0,0.0
8865055425fffff,Hulu Langat,0,1,False,0.0,0.0,1460300,11210,0,0,0,0,0,1,0,0,0,0,0,0.5
886505198bfffff,Hulu Langat,3,33,True,4.0,2119.679210363973,1460300,11210,0,0,0,2,0,0,0,3,3,0,25,30.9
886505c581fffff,Hulu Langat,1,1,True,2.0,1059.8396051819866,1460300,11210,0,0,0,0,0,0,0,1,0,0,0,1.0
88650542d3fffff,Hulu Langat,0,0,False,0.0,0.0,1460300,11210,0,0,0,0,0,0,0,0,0,0,0,0.0
88650555c3fffff,Hulu Langat,0,0,False,0.0,0.0,1460300,11210,0,0,0,0,0,0,0,0,0,0,0,0.0
8865051835fffff,Hulu Langat,6,249,True,7.0,3709.438618136953,1460300,11210,2,2,2,2,16,4,5,6,10,0,200,228.0
8865055421fffff,Hulu Langat,0,4,True,1.0,529.9198025909933,1460300,11210,1,2,0,0,1,0,0,0,0,0,0,1.9
8865055087fffff,Hulu Langat,0,0,False,0.0,0.0,1460300,11210,0,0,0,0,0,0,0,0,0,0,0,0.0
8865051aa5fffff,Hulu Langat,12,25,True,13.0,6888.957433682914,1460300,11210,1,2,0,2,1,0,0,12,0,1,6,21.3
88650555ebfffff,Hulu Langat,0,0,False,0.0,0.0,1460300,11210,0,0,0,0,0,0,0,0,0,0,0,0.0
8865055551fffff,Hulu Langat,0,0,False,0.0,0.0,1460300,11210,0,0,0,0,0,0,0,0,0,0,0,0.0
8865051a51fffff,Hulu Langat,0,0,False,0.0,0.0,1460300,11210,0,0,0,0,0,0,0,0,0,0,0,0.0
886505c585fffff,Hulu Langat,1,3,True,2.0,1059.8396051819866,1460300,11210,1,0,0,1,0,0,0,1,0,0,0,1.8
886505cce5fffff,Hulu Langat,0,0,False,0.0,0.0,1460300,11210,0,0,0,0,0,0,0,0,0,0,0,0.0
88650552ddfffff,Hulu Langat,0,0,False,0.0,0.0,1460300,11210,0,0,0,0,0,0,0,0,0,0,0,0.0
886505562dfffff,Hulu Langat,0,0,False,0.0,0.0,1460300,11210,0,0,0,0,0,0,0,0,0,0,0,0.0
8865051b53fffff,Hulu Langat,0,0,False,0.0,0.0,1460300,11210,0,0,0,0,0,0,0,0,0,0,0,0.0
886505c587fffff,Hulu Langat,0,9,True,1.0,529.9198025909933,1460300,11210,0,3,0,1,0,2,0,0,1,0,2,5.6
886505cedbfffff,Hulu Langat,0,0,False,0.0,0.0,1460300,11210,0,0,0,0,0,0,0,0,0,0,0,0.0
886505c5abfffff,Hulu Langat,1,3,True,2.0,1059.8396051819866,1460300,11210,1,0,0,1,0,0,0,1,0,0,0,1.8
88650542adfffff,Hulu Langat,0,0,False,0.0,0.0,1460300,11210,0,0,0,0,0,0,0,0,0,0,0,0.0
8865055603fffff,Hulu Langat,0,5,True,1.0,529.9198025909933,1460300,11210,1,0,0,1,1,0,0,0,0,1,1,2.9
8865051a09fffff,Hulu Langat,0,0,False,0.0,0.0,1460300,11210,0,0,0,0,0,0,0,0,0,0,0,0.0
88650555cbfffff,Hulu Langat,0,3,True,1.0,529.9198025909933,1460300,11210,0,0,0,2,0,0,0,0,0,1,0,1.4
8865055639fffff,Hulu Langat,0,0,False,0.0,0.0,1460300,11210,0,0,0,0,0,0,0,0,0,0,0,0.0
8865055725fffff,Hulu Langat,0,0,False,0.0,0.0,1460300,11210,0,0,0,0,0,0,0,0,0,0,0,0.0
886505ccadfffff,Hulu Langat,0,0,False,0.0,0.0,1460300,11210,0,0,0,0,0,0,0,0,0,0,0,0.0
886505570bfffff,Hulu Langat,0,0,False,0.0,0.0,1460300,11210,0,0,0,0,0,0,0,0,0,0,0,0.0
88650550c7fffff,Hulu Langat,0,0,False,0.0,0.0,1460300,11210,0,0,0,0,0,0,0,0,0,0,0,0.0
886505ce99fffff,Hulu Langat,0,0,False,0.0,0.0,1460300,11210,0,0,0,0,0,0,0,0,0,0,0,0.0
8865055527fffff,Hulu Langat,0,0,False,0.0,0.0,1460300,11210,0,0,0,0,0,0,0,0,0,0,0,0.0
8865055727fffff,Hulu Langat,0,0,False,0.0,0.0,1460300,11210,0,0,0,0,0,0,0,0,0,0,0,0.0
8865055645fffff,Hulu Langat,0,0,False,0.0,0.0,1460300,11210,0,0,0,0,0,0,0,0,0,0,0,0.0
8865055563fffff,Hulu Langat,0,0,False,0.0,0.0,1460300,11210,0,0,0,0,0,0,0,0,0,0,0,0.0
8865051a03fffff,Hulu Langat,0,2,False,0.0,0.0,1460300,11210,0,0,0,2,0,0,0,0,0,0,0,0.8
8865051957fffff,Hulu Langat,12,86,True,13.0,6888.957433682914,1460300,11210,1,0,0,3,1,0,0,12,67,2,0,62.199999999999996
8865055619fffff,Hulu Langat,0,0,False,0.0,0.0,1460300,11210,0,0,0,0,0,0,0,0,0,0,0,0.0
8865051a65fffff,Hulu Langat,3,6,True,4.0,2119.679210363973,1460300,11210,0,0,0,2,0,0,1,3,0,0,0,4.0
8865051a0dfffff,Hulu Langat,0,0,False,0.0,0.0,1460300,11210,0,0,0,0,0,0,0,0,0,0,0,0.0
8865051923fffff,Hulu Langat,2,2,True,3.0,1589.75940777298,1460300,11210,0,0,0,0,0,0,0,2,0,0,0,2.0
88650552a7fffff,Hulu Langat,0,0,False,0.0,0.0,1460300,11210,0,0,0,0,0,0,0,0,0,0,0,0.0
88650550e7fffff,Hulu Langat,0,0,False,0.0,0.0,1460300,11210,0,0,0,0,0,0,0,0,0,0,0,0.0
8865054319fffff,Hulu Langat,0,0,False,0.0,0.0,1460300,11210,0,0,0,0,0,0,0,0,0,0,0,0.0
88650554a1fffff,Hulu Langat,24,152,True,25.0,13247.995064774834,1460300,11210,7,0,0,9,1,1,0,24,107,1,2,108.89999999999999
8865051b63fffff,Hulu Langat,0,1,False,0.0,0.0,1460300,11210,0,0,0,1,0,0,0,0,0,0,0,0.4
886505560dfffff,Hulu Langat,0,0,False,0.0,0.0,1460300,11210,0,0,0,0,0,0,0,0,0,0,0,0.0
8865055683fffff,Hulu Langat,15,40,True,16.0,8478.716841455893,1460300,11210,1,0,0,7,0,0,0,15,17,0,0,30.099999999999998
886505cc37fffff,Hulu Langat,0,0,False,0.0,0.0,1460300,11210,0,0,0,0,0,0,0,0,0,0,0,0.0
8865055465fffff,Hulu Langat,0,0,False,0.0,0.0,1460300,11210,0,0,0,0,0,0,0,0,0,0,0,0.0
886505cce1fffff,Hulu Langat,0,0,False,0.0,0.0,1460300,11210,0,0,0,0,0,0,0,0,0,0,0,0.0
88650519c5fffff,Hulu Langat,6,26,True,7.0,3709.438618136953,1460300,11210,1,0,0,0,0,0,0,5,0,12,6,18.6
8865051995fffff,Hulu Langat,13,91,True,14.0,7418.877236273906,1460300,11210,2,0,1,3,1,1,2,13,8,1,59,82.3
886505542bfffff,Hulu Langat,2,2,True,3.0,1589.75940777298,1460300,11210,0,0,0,0,0,0,0,2,0,0,0,2.0
8865055545fffff,Hulu Langat,0,0,False,0.0,0.0,1460300,11210,0,0,0,0,0,0,0,0,0,0,0,0.0
886505c595fffff,Hulu Langat,0,5,True,1.0,529.9198025909933,1460300,11210,0,0,4,1,0,0,0,0,0,0,0,3.1999999999999997
8865055681fffff,Hulu Langat,1,60,True,2.0,1059.8396051819866,1460300,11210,0,1,0,9,2,0,1,1,0,1,45,51.9
8865054255fffff,Hulu Langat,0,0,False,0.0,0.0,1460300,11210,0,0,0,0,0,0,0,0,0,0,0,0.0
88650519b3fffff,Hulu Langat,14,76,True,15.0,7948.7970388649,1460300,11210,2,0,0,6,1,1,1,14,26,2,23,60.8
886505cd19fffff,Hulu Langat,0,0,False,0.0,0.0,1460300,11210,0,0,0,0,0,0,0,0,0,0,0,0.0
8865055497fffff,Hulu Langat,49,232,True,40.069999999999936,21233.88648982107,1460300,11210,1,1,0,1,3,0,1,49,113,2,61,193.29999999999998
8865051915fffff,Hulu Langat,3,18,True,4.0,2119.679210363973,1460300,11210,2,1,0,0,0,0,3,3,5,4,0,10.799999999999999
886505cde5fffff,Hulu Langat,0,0,False,0.0,0.0,1460300,11210,0,0,0,0,0,0,0,0,0,0,0,0.0
886505cda1fffff,Hulu Langat,0,0,False,0.0,0.0,1460300,11210,0,0,0,0,0,0,0,0,0,0,0,0.0
8865051b59fffff,Hulu Langat,0,1,False,0.0,0.0,1460300,11210,0,0,0,0,0,0,0,0,0,1,0,0.6
886505401dfffff,Hulu Langat,0,0,False,0.0,0.0,1460300,11210,0,0,0,0,0,0,0,0,0,0,0,0.0
8865051925fffff,Hulu Langat,0,0,False,0.0,0.0,1460300,11210,0,0,0,0,0,0,0,0,0,0,0,0.0
886505c5a7fffff,Hulu Langat,1,1,True,2.0,1059.8396051819866,1460300,11210,0,0,0,0,0,0,0,1,0,0,0,1.0
8865051a07fffff,Hulu Langat,0,0,False,0.0,0.0,1460300,11210,0,0,0,0,0,0,0,0,0,0,0,0.0
88650555d1fffff,Hulu Langat,0,0,False,0.0,0.0,1460300,11210,0,0,0,0,0,0,0,0,0,0,0,0.0
886505c5b1fffff,Hulu Langat,0,10,True,1.0,529.9198025909933,1460300,11210,0,1,0,1,1,0,0,0,4,1,2,6.8
88650555abfffff,Hulu Langat,0,0,False,0.0,0.0,1460300,11210,0,0,0,0,0,0,0,0,0,0,0,0.0
88650556bbfffff,Hulu Langat,9,86,True,10.0,5299.198025909934,1460300,11210,10,4,0,1,8,2,6,9,43,2,0,52.9
886505cc95fffff,Hulu Langat,0,0,False,0.0,0.0,1460300,11210,0,0,0,0,0,0,0,0,0,0,0,0.0
8865051987fffff,Hulu Langat,35,85,True,36.0,19077.11289327576,1460300,11210,4,0,0,0,2,1,1,35,14,0,28,76.1
8865054645fffff,Hulu Langat,9,21,True,10.0,5299.198025909934,1460300,11210,0,1,0,2,1,0,2,9,3,1,1,14.9
88650554b5fffff,Hulu Langat,47,284,True,40.069999999999936,21233.88648982107,1460300,11210,3,3,1,3,6,1,11,47,166,7,35,212.7
886505541bfffff,Hulu Langat,0,19,True,1.0,529.9198025909933,1460300,11210,1,1,0,1,4,2,3,0,5,1,0,9.0
886505cc31fffff,Hulu Langat,0,0,False,0.0,0.0,1460300,11210,0,0,0,0,0,0,0,0,0,0,0,0.0
8865050b4bfffff,Hulu Langat,5,124,True,6.0,3179.51881554596,1460300,11210,1,1,0,2,5,1,1,5,66,0,42,98.1
8865051a6dfffff,Hulu Langat,0,15,True,1.0,529.9198025909933,1460300,11210,0,0,0,0,2,0,0,0,10,2,1,10.2
8865051933fffff,Hulu Langat,4,8,True,5.0,2649.599012954967,1460300,11210,1,1,0,2,0,0,0,4,0,0,0,5.7
8865051969fffff,Hulu Langat,0,0,False,0.0,0.0,1460300,11210,0,0,0,0,0,0,0,0,0,0,0,0.0
88650550d3fffff,Hulu Langat,0,0,False,0.0,0.0,1460300,11210,0,0,0,0,0,0,0,0,0,0,0,0.0
8865054241fffff,Hulu Langat,0,0,False,0.0,0.0,1460300,11210,0,0,0,0,0,0,0,0,0,0,0,0.0
8865051b3bfffff,Hulu Langat,2,136,True,3.0,1589.75940777298,1460300,11210,1,0,0,0,0,0,0,2,0,0,133,135.4
88650554c3fffff,Hulu Langat,0,0,False,0.0,0.0,1460300,11210,0,0,0,0,0,0,0,0,0,0,0,0.0
886505576dfffff,Hulu Langat,0,0,False,0.0,0.0,1460300,11210,0,0,0,0,0,0,0,0,0,0,0,0.0
88650540cdfffff,Hulu Langat,0,0,False,0.0,0.0,1460300,11210,0,0,0,0,0,0,0,0,0,0,0,0.0
88650519d5fffff,Hulu Langat,2,20,True,3.0,1589.75940777298,1460300,11210,0,1,0,6,2,0,1,1,8,0,0,10.7
88650519bbfffff,Hulu Langat,4,334,True,5.0,2649.599012954967,1460300,11210,0,0,0,0,0,0,0,4,0,0,330,334.0
88650555c1fffff,Hulu Langat,0,0,False,0.0,0.0,1460300,11210,0,0,0,0,0,0,0,0,0,0,0,0.0
8865051125fffff,Hulu Langat,0,0,False,0.0,0.0,1460300,11210,0,0,0,0,0,0,0,0,0,0,0,0.0
8865055761fffff,Hulu Langat,0,0,False,0.0,0.0,1460300,11210,0,0,0,0,0,0,0,0,0,0,0,0.0
8865055541fffff,Hulu Langat,0,0,False,0.0,0.0,1460300,11210,0,0,0,0,0,0,0,0,0,0,0,0.0
886505cea9fffff,Hulu Langat,0,0,False,0.0,0.0,1460300,11210,0,0,0,0,0,0,0,0,0,0,0,0.0
8865055665fffff,Hulu Langat,0,0,False,0.0,0.0,1460300,11210,0,0,0,0,0,0,0,0,0,0,0,0.0
88650519e9fffff,Hulu Langat,1,31,True,2.0,1059.8396051819866,1460300,11210,1,1,0,1,0,0,2,1,15,5,5,21.2
886505cc3dfffff,Hulu Langat,0,0,False,0.0,0.0,1460300,11210,0,0,0,0,0,0,0,0,0,0,0,0.0
886505465dfffff,Hulu Langat,34,68,True,35.0,18547.193090684767,1460300,11210,3,2,0,8,6,1,3,34,1,5,5,52.2
8865051b19fffff,Hulu Langat,0,0,False,0.0,0.0,1460300,11210,0,0,0,0,0,0,0,0,0,0,0,0.0
886505404bfffff,Hulu Langat,0,0,False,0.0,0.0,1460300,11210,0,0,0,0,0,0,0,0,0,0,0,0.0
88650556ebfffff,Hulu Langat,6,9,True,7.0,3709.438618136953,1460300,11210,0,0,0,3,0,0,0,5,0,0,0,6.2
8865054313fffff,Hulu Langat,0,0,False,0.0,0.0,1460300,11210,0,0,0,0,0,0,0,0,0,0,0,0.0
8865051861fffff,Hulu Langat,1,24,True,2.0,1059.8396051819866,1460300,11210,0,0,0,2,0,0,0,1,0,1,20,22.4
886505cea5fffff,Hulu Langat,0,0,False,0.0,0.0,1460300,11210,0,0,0,0,0,0,0,0,0,0,0,0.0
8865055523fffff,Hulu Langat,0,0,False,0.0,0.0,1460300,11210,0,0,0,0,0,0,0,0,0,0,0,0.0
88650552b7fffff,Hulu Langat,0,0,False,0.0,0.0,1460300,11210,0,0,0,0,0,0,0,0,0,0,0,0.0
886505528bfffff,Hulu Langat,0,0,False,0.0,0.0,1460300,11210,0,0,0,0,0,0,0,0,0,0,0,0.0
88650556bdfffff,Hulu Langat,3,15,True,4.0,2119.679210363973,1460300,11210,1,1,0,1,1,0,3,3,1,2,2,9.3
88650542c3fffff,Hulu Langat,0,0,False,0.0,0.0,1460300,11210,0,0,0,0,0,0,0,0,0,0,0,0.0
8865054243fffff,Hulu Langat,0,0,False,0.0,0.0,1460300,11210,0,0,0,0,0,0,0,0,0,0,0,0.0
886505421bfffff,Hulu Langat,0,0,False,0.0,0.0,1460300,11210,0,0,0,0,0,0,0,0,0,0,0,0.0
88650542bdfffff,Hulu Langat,0,0,False,0.0,0.0,1460300,11210,0,0,0,0,0,0,0,0,0,0,0,0.0
8865051955fffff,Hulu Langat,1,11,True,2.0,1059.8396051819866,1460300,11210,1,1,0,2,2,0,0,1,3,1,0,6.3999999999999995
886505cce9fffff,Hulu Langat,0,0,False,0.0,0.0,1460300,11210,0,0,0,0,0,0,0,0,0,0,0,0.0
886505cc1bfffff,Hulu Langat,0,0,False,0.0,0.0,1460300,11210,0,0,0,0,0,0,0,0,0,0,0,0.0
88650556c7fffff,Hulu Langat,13,99,True,14.0,7418.877236273906,1460300,11210,1,3,0,8,0,0,1,13,1,1,71,90.6
886505c5e7fffff,Hulu Langat,0,0,False,0.0,0.0,1460300,11210,0,0,0,0,0,0,0,0,0,0,0,0.0
886505198dfffff,Hulu Langat,37,92,True,38.0,20136.952498457747,1460300,11210,1,0,0,2,0,0,0,37,1,0,51,89.9
88650519d9fffff,Hulu Langat,5,42,True,6.0,3179.51881554596,1460300,11210,0,0,0,1,3,0,1,5,1,3,27,36.6
88650542d1fffff,Hulu Langat,0,0,False,0.0,0.0,1460300,11210,0,0,0,0,0,0,0,0,0,0,0,0.0
886505194dfffff,Hulu Langat,0,0,False,0.0,0.0,1460300,11210,0,0,0,0,0,0,0,0,0,0,0,0.0
8865051b07fffff,Hulu Langat,0,30,True,1.0,529.9198025909933,1460300,11210,1,2,0,6,9,1,0,0,6,2,3,17.2
886505cd9bfffff,Hulu Langat,0,0,False,0.0,0.0,1460300,11210,0,0,0,0,0,0,0,0,0,0,0,0.0
88650554d9fffff,Hulu Langat,11,95,True,12.0,6359.03763109192,1460300,11210,1,2,0,6,2,0,2,11,69,1,1,66.1
88650555ddfffff,Hulu Langat,0,0,False,0.0,0.0,1460300,11210,0,0,0,0,0,0,0,0,0,0,0,0.0
8865054015fffff,Hulu Langat,0,0,False,0.0,0.0,1460300,11210,0,0,0,0,0,0,0,0,0,0,0,0.0
8865055711fffff,Hulu Langat,0,0,False,0.0,0.0,1460300,11210,0,0,0,0,0,0,0,0,0,0,0,0.0
886505573dfffff,Hulu Langat,0,0,False,0.0,0.0,1460300,11210,0,0,0,0,0,0,0,0,0,0,0,0.0
88650554a5fffff,Hulu Langat,21,91,True,22.0,11658.235657001853,1460300,11210,4,1,0,7,1,1,0,21,41,0,15,70.6
8865051a67fffff,Hulu Langat,0,0,False,0.0,0.0,1460300,11210,0,0,0,0,0,0,0,0,0,0,0,0.0
8865054051fffff,Hulu Langat,0,0,False,0.0,0.0,1460300,11210,0,0,0,0,0,0,0,0,0,0,0,0.0
886505554bfffff,Hulu Langat,0,0,False,0.0,0.0,1460300,11210,0,0,0,0,0,0,0,0,0,0,0,0.0
8865051821fffff,Hulu Langat,13,432,True,14.0,7418.877236273906,1460300,11210,4,3,0,1,2,1,5,13,139,0,264,380.3
8865055281fffff,Hulu Langat,0,0,False,0.0,0.0,1460300,11210,0,0,0,0,0,0,0,0,0,0,0,0.0
88650556a7fffff,Hulu Langat,0,6,True,1.0,529.9198025909933,1460300,11210,1,0,1,0,0,0,0,0,0,4,0,3.5
886505cdc9fffff,Hulu Langat,0,0,False,0.0,0.0,1460300,11210,0,0,0,0,0,0,0,0,0,0,0,0.0
8865055657fffff,Hulu Langat,0,0,False,0.0,0.0,1460300,11210,0,0,0,0,0,0,0,0,0,0,0,0.0
886505cd31fffff,Hulu Langat,0,0,False,0.0,0.0,1460300,11210,0,0,0,0,0,0,0,0,0,0,0,0.0
88650552bbfffff,Hulu Langat,0,0,False,0.0,0.0,1460300,11210,0,0,0,0,0,0,0,0,0,0,0,0.0
8865050a6dfffff,Hulu Langat,2,8,True,3.0,1589.75940777298,1460300,11210,1,0,0,4,0,0,0,2,1,0,0,4.7
8865054351fffff,Hulu Langat,0,0,False,0.0,0.0,1460300,11210,0,0,0,0,0,0,0,0,0,0,0,0.0
8865051827fffff,Hulu Langat,21,65,True,22.0,11658.235657001853,1460300,11210,5,1,0,3,1,0,3,21,26,1,4,48.6
88650550b3fffff,Hulu Langat,0,0,False,0.0,0.0,1460300,11210,0,0,0,0,0,0,0,0,0,0,0,0.0
8865051b13fffff,Hulu Langat,0,0,False,0.0,0.0,1460300,11210,0,0,0,0,0,0,0,0,0,0,0,0.0
886505cdcdfffff,Hulu Langat,0,0,False,0.0,0.0,1460300,11210,0,0,0,0,0,0,0,0,0,0,0,0.0
886505182bfffff,Hulu Langat,23,104,True,24.0,12718.07526218384,1460300,11210,1,0,0,4,6,6,6,23,5,0,53,88.7
8865055461fffff,Hulu Langat,0,0,False,0.0,0.0,1460300,11210,0,0,0,0,0,0,0,0,0,0,0,0.0
88650554a3fffff,Hulu Langat,46,181,True,40.069999999999936,21233.88648982107,1460300,11210,13,3,0,6,17,2,6,46,83,2,3,128.1
88650552d5fffff,Hulu Langat,0,0,False,0.0,0.0,1460300,11210,0,0,0,0,0,0,0,0,0,0,0,0.0
88650554c1fffff,Hulu Langat,0,0,False,0.0,0.0,1460300,11210,0,0,0,0,0,0,0,0,0,0,0,0.0
8865051b23fffff,Hulu Langat,0,10,True,1.0,529.9198025909933,1460300,11210,2,1,0,3,0,0,0,0,2,0,2,5.9
8865055531fffff,Hulu Langat,0,0,False,0.0,0.0,1460300,11210,0,0,0,0,0,0,0,0,0,0,0,0.0
886505552bfffff,Hulu Langat,0,0,False,0.0,0.0,1460300,11210,0,0,0,0,0,0,0,0,0,0,0,0.0
8865051931fffff,Hulu Langat,1,2,True,2.0,1059.8396051819866,1460300,11210,0,0,0,1,0,0,0,1,0,0,0,1.4
8865051a47fffff,Hulu Langat,0,0,False,0.0,0.0,1460300,11210,0,0,0,0,0,0,0,0,0,0,0,0.0
88650552a3fffff,Hulu Langat,0,0,False,0.0,0.0,1460300,11210,0,0,0,0,0,0,0,0,0,0,0,0.0
8865055685fffff,Hulu Langat,0,4,True,1.0,529.9198025909933,1460300,11210,0,0,0,2,0,0,2,0,0,0,0,1.2000000000000002
8865055429fffff,Hulu Langat,0,0,False,0.0,0.0,1460300,11210,0,0,0,0,0,0,0,0,0,0,0,0.0
8865054265fffff,Hulu Langat,0,0,False,0.0,0.0,1460300,11210,0,0,0,0,0,0,0,0,0,0,0,0.0
886505183dfffff,Hulu Langat,2,202,True,3.0,1589.75940777298,1460300,11210,4,1,1,5,11,4,8,2,9,2,154,177.4
8865055567fffff,Hulu Langat,0,0,False,0.0,0.0,1460300,11210,0,0,0,0,0,0,0,0,0,0,0,0.0
886505cc9dfffff,Hulu Langat,0,12,True,1.0,529.9198025909933,1460300,11210,0,1,0,1,1,1,2,0,2,0,4,7.7
8865051945fffff,Hulu Langat,0,0,False,0.0,0.0,1460300,11210,0,0,0,0,0,0,0,0,0,0,0,0.0
8865051911fffff,Hulu Langat,13,46,True,14.0,7418.877236273906,1460300,11210,2,3,0,4,0,0,0,11,20,0,1,29.9
8865050b4dfffff,Hulu Langat,16,40,True,17.0,9008.636644046886,1460300,11210,1,2,0,0,6,0,1,16,9,4,1,30.3
8865055721fffff,Hulu Langat,0,0,False,0.0,0.0,1460300,11210,0,0,0,0,0,0,0,0,0,0,0,0.0
8865054283fffff,Hulu Langat,0,0,False,0.0,0.0,1460300,11210,0,0,0,0,0,0,0,0,0,0,0,0.0
8865055503fffff,Hulu Langat,0,2,False,0.0,0.0,1460300,11210,1,0,0,0,1,0,0,0,0,0,0,0.9
8865054047fffff,Hulu Langat,0,0,False,0.0,0.0,1460300,11210,0,0,0,0,0,0,0,0,0,0,0,0.0
886505cc33fffff,Hulu Langat,0,0,False,0.0,0.0,1460300,11210,0,0,0,0,0,0,0,0,0,0,0,0.0
886505564bfffff,Hulu Langat,0,7,True,1.0,529.9198025909933,1460300,11210,1,0,0,2,1,0,0,0,0,2,1,3.9
886505c5d7fffff,Hulu Langat,0,0,False,0.0,0.0,1460300,11210,0,0,0,0,0,0,0,0,0,0,0,0.0
8865051a1dfffff,Hulu Langat,1,18,True,2.0,1059.8396051819866,1460300,11210,0,0,0,0,1,1,4,1,1,2,8,12.7
886505ccdbfffff,Hulu Langat,2,4,True,3.0,1589.75940777298,1460300,11210,0,0,0,0,1,0,0,2,0,0,1,3.5
886505ce9bfffff,Hulu Langat,0,0,False,0.0,0.0,1460300,11210,0,0,0,0,0,0,0,0,0,0,0,0.0
886505ccbbfffff,Hulu Langat,0,0,False,0.0,0.0,1460300,11210,0,0,0,0,0,0,0,0,0,0,0,0.0
886505421dfffff,Hulu Langat,0,0,False,0.0,0.0,1460300,11210,0,0,0,0,0,0,0,0,0,0,0,0.0
8865051b5bfffff,Hulu Langat,0,0,False,0.0,0.0,1460300,11210,0,0,0,0,0,0,0,0,0,0,0,0.0
88650542e5fffff,Hulu Langat,0,0,False,0.0,0.0,1460300,11210,0,0,0,0,0,0,0,0,0,0,0,0.0
886505550dfffff,Hulu Langat,0,1,False,0.0,0.0,1460300,11210,0,0,0,1,0,0,0,0,0,0,0,0.4
8865055537fffff,Hulu Langat,0,0,False,0.0,0.0,1460300,11210,0,0,0,0,0,0,0,0,0,0,0,0.0
886505c5e3fffff,Hulu Langat,0,1,False,0.0,0.0,1460300,11210,1,0,0,0,0,0,0,0,0,0,0,0.4
88650555d5fffff,Hulu Langat,0,0,False,0.0,0.0,1460300,11210,0,0,0,0,0,0,0,0,0,0,0,0.0
8865055651fffff,Hulu Langat,0,0,False,0.0,0.0,1460300,11210,0,0,0,0,0,0,0,0,0,0,0,0.0
886505cc8dfffff,Hulu Langat,0,0,False,0.0,0.0,1460300,11210,0,0,0,0,0,0,0,0,0,0,0,0.0
8865055601fffff,Hulu Langat,0,2,False,0.0,0.0,1460300,11210,0,0,0,0,0,0,2,0,0,0,0,0.4
88650518e5fffff,Hulu Langat,1,55,True,2.0,1059.8396051819866,1460300,11210,0,0,0,2,3,0,5,1,1,3,40,46.8
886505ce93fffff,Hulu Langat,0,2,False,0.0,0.0,1460300,11210,0,0,0,0,0,0,0,0,0,1,0,0.6
886505ced3fffff,Hulu Langat,0,0,False,0.0,0.0,1460300,11210,0,0,0,0,0,0,0,0,0,0,0,0.0
8865051a13fffff,Hulu Langat,3,10,True,4.0,2119.679210363973,1460300,11210,0,2,0,4,0,0,0,3,1,0,0,6.3
8865055083fffff,Hulu Langat,0,0,False,0.0,0.0,1460300,11210,0,0,0,0,0,0,0,0,0,0,0,0.0
886505ce9dfffff,Hulu Langat,0,0,False,0.0,0.0,1460300,11210,0,0,0,0,0,0,0,0,0,0,0,0.0
88650556b9fffff,Hulu Langat,10,86,True,11.0,5829.117828500926,1460300,11210,0,0,0,4,4,0,2,10,5,1,59,77.1
8865055717fffff,Hulu Langat,0,0,False,0.0,0.0,1460300,11210,0,0,0,0,0,0,0,0,0,0,0,0.0
886505ced1fffff,Hulu Langat,0,0,False,0.0,0.0,1460300,11210,0,0,0,0,0,0,0,0,0,0,0,0.0
886505c5a5fffff,Hulu Langat,0,0,False,0.0,0.0,1460300,11210,0,0,0,0,0,0,0,0,0,0,0,0.0
886505ccb9fffff,Hulu Langat,2,6,True,3.0,1589.75940777298,1460300,11210,0,1,0,1,2,0,0,2,0,0,0,3.9
88650554b7fffff,Hulu Langat,11,61,True,12.0,6359.03763109192,1460300,11210,6,1,0,4,8,0,7,11,3,3,18,42.8
8865054287fffff,Hulu Langat,0,0,False,0.0,0.0,1460300,11210,0,0,0,0,0,0,0,0,0,0,0,0.0
88650554e7fffff,Hulu Langat,9,24,True,10.0,5299.198025909934,1460300,11210,4,2,0,2,0,0,0,9,6,1,0,17.2
88650519a3fffff,Hulu Langat,1,32,True,2.0,1059.8396051819866,1460300,11210,2,1,0,0,0,0,0,1,2,0,26,29.7
88650550cdfffff,Hulu Langat,0,0,False,0.0,0.0,1460300,11210,0,0,0,0,0,0,0,0,0,0,0,0.0
886505404dfffff,Hulu Langat,0,0,False,0.0,0.0,1460300,11210,0,0,0,0,0,0,0,0,0,0,0,0.0
88650550dbfffff,Hulu Langat,0,0,False,0.0,0.0,1460300,11210,0,0,0,0,0,0,0,0,0,0,0,0.0
88650552d1fffff,Hulu Langat,0,0,False,0.0,0.0,1460300,11210,0,0,0,0,0,0,0,0,0,0,0,0.0
8865055693fffff,Hulu Langat,22,138,True,23.0,12188.155459592846,1460300,11210,2,0,0,2,3,1,0,22,68,1,39,112.8
88650550cbfffff,Hulu Langat,0,0,False,0.0,0.0,1460300,11210,0,0,0,0,0,0,0,0,0,0,0,0.0
886505422bfffff,Hulu Langat,0,0,False,0.0,0.0,1460300,11210,0,0,0,0,0,0,0,0,0,0,0,0.0
8865055013fffff,Hulu Langat,0,0,False,0.0,0.0,1460300,11210,0,0,0,0,0,0,0,0,0,0,0,0.0
886505186dfffff,Hulu Langat,1,50,True,2.0,1059.8396051819866,1460300,11210,0,0,0,0,0,0,0,1,0,0,49,50.0
886505ccd3fffff,Hulu Langat,2,4,True,3.0,1589.75940777298,1460300,11210,0,0,0,0,1,0,0,2,0,0,1,3.5
8865055495fffff,Hulu Langat,27,169,True,28.0,14837.754472547813,1460300,11210,3,0,0,4,1,0,0,27,96,0,38,135.5
8865051b43fffff,Hulu Langat,4,44,True,5.0,2649.599012954967,1460300,11210,2,0,0,3,14,0,4,4,6,4,5,25.4
886505cc93fffff,Hulu Langat,0,0,False,0.0,0.0,1460300,11210,0,0,0,0,0,0,0,0,0,0,0,0.0
8865051a61fffff,Hulu Langat,2,19,True,3.0,1589.75940777298,1460300,11210,0,0,0,1,2,0,0,2,14,0,0,13.2
8865055613fffff,Hulu Langat,0,0,False,0.0,0.0,1460300,11210,0,0,0,0,0,0,0,0,0,0,0,0.0
8865055199fffff,Hulu Langat,0,0,False,0.0,0.0,1460300,11210,0,0,0,0,0,0,0,0,0,0,0,0.0
88650555e3fffff,Hulu Langat,0,0,False,0.0,0.0,1460300,11210,0,0,0,0,0,0,0,0,0,0,0,0.0
8865051b57fffff,Hulu Langat,0,1,False,0.0,0.0,1460300,11210,0,0,0,0,0,0,0,0,0,1,0,0.6
8865055701fffff,Hulu Langat,0,0,False,0.0,0.0,1460300,11210,0,0,0,0,0,0,0,0,0,0,0,0.0
88650556e3fffff,Hulu Langat,0,0,False,0.0,0.0,1460300,11210,0,0,0,0,0,0,0,0,0,0,0,0.0
8865051b4bfffff,Hulu Langat,4,30,True,5.0,2649.599012954967,1460300,11210,1,1,0,1,2,0,0,4,6,1,14,25.1
8865054235fffff,Hulu Langat,0,0,False,0.0,0.0,1460300,11210,0,0,0,0,0,0,0,0,0,0,0,0.0
8865055553fffff,Hulu Langat,0,0,False,0.0,0.0,1460300,11210,0,0,0,0,0,0,0,0,0,0,0,0.0
8865055729fffff,Hulu Langat,0,0,False,0.0,0.0,1460300,11210,0,0,0,0,0,0,0,0,0,0,0,0.0
8865051a39fffff,Hulu Langat,5,9,True,6.0,3179.51881554596,1460300,11210,0,0,0,1,2,0,0,5,1,0,0,7.1
886505566dfffff,Hulu Langat,0,0,False,0.0,0.0,1460300,11210,0,0,0,0,0,0,0,0,0,0,0,0.0
88650542e3fffff,Hulu Langat,0,0,False,0.0,0.0,1460300,11210,0,0,0,0,0,0,0,0,0,0,0,0.0
886505429dfffff,Hulu Langat,0,0,False,0.0,0.0,1460300,11210,0,0,0,0,0,0,0,0,0,0,0,0.0
88650550c5fffff,Hulu Langat,0,0,False,0.0,0.0,1460300,11210,0,0,0,0,0,0,0,0,0,0,0,0.0
88650555a1fffff,Hulu Langat,0,0,False,0.0,0.0,1460300,11210,0,0,0,0,0,0,0,0,0,0,0,0.0
886505400bfffff,Hulu Langat,0,0,False,0.0,0.0,1460300,11210,0,0,0,0,0,0,0,0,0,0,0,0.0
88650519adfffff,Hulu Langat,1,49,True,2.0,1059.8396051819866,1460300,11210,2,1,0,1,3,0,10,1,6,4,21,33.8
88650542b5fffff,Hulu Langat,0,0,False,0.0,0.0,1460300,11210,0,0,0,0,0,0,0,0,0,0,0,0.0
8865054019fffff,Hulu Langat,0,0,False,0.0,0.0,1460300,11210,0,0,0,0,0,0,0,0,0,0,0,0.0
886505570dfffff,Hulu Langat,0,0,False,0.0,0.0,1460300,11210,0,0,0,0,0,0,0,0,0,0,0,0.0
88650542e9fffff,Hulu Langat,0,0,False,0.0,0.0,1460300,11210,0,0,0,0,0,0,0,0,0,0,0,0.0
88650556b7fffff,Hulu Langat,10,54,True,11.0,5829.117828500926,1460300,11210,1,0,0,1,2,0,4,10,33,2,1,37.9
886505543bfffff,Hulu Langat,8,33,True,9.0,4769.27822331894,1460300,11210,0,0,0,0,0,0,0,8,25,0,0,25.5
8865054231fffff,Hulu Langat,0,0,False,0.0,0.0,1460300,11210,0,0,0,0,0,0,0,0,0,0,0,0.0
88650519b9fffff,Hulu Langat,4,122,True,5.0,2649.599012954967,1460300,11210,0,0,0,1,1,0,0,4,0,0,116,120.9
886505ceb9fffff,Hulu Langat,0,0,False,0.0,0.0,1460300,11210,0,0,0,0,0,0,0,0,0,0,0,0.0
886505ccddfffff,Hulu Langat,0,0,False,0.0,0.0,1460300,11210,0,0,0,0,0,0,0,0,0,0,0,0.0
8865051851fffff,Hulu Langat,0,27,True,1.0,529.9198025909933,1460300,11210,3,2,0,1,1,1,5,0,1,12,1,13.5
8865051b0dfffff,Hulu Langat,0,2,False,0.0,0.0,1460300,11210,0,1,0,1,0,0,0,0,0,0,0,0.9
886505405dfffff,Hulu Langat,0,0,False,0.0,0.0,1460300,11210,0,0,0,0,0,0,0,0,0,0,0,0.0
88650550adfffff,Hulu Langat,0,0,False,0.0,0.0,1460300,11210,0,0,0,0,0,0,0,0,0,0,0,0.0
88650556d1fffff,Hulu Langat,21,100,True,22.0,11658.235657001853,1460300,11210,2,1,0,3,0,0,0,21,23,1,49,89.2
8865051959fffff,Hulu Langat,6,8,True,7.0,3709.438618136953,1460300,11210,0,0,0,2,0,0,0,6,0,0,0,6.8
886505ccc3fffff,Hulu Langat,0,0,False,0.0,0.0,1460300,11210,0,0,0,0,0,0,0,0,0,0,0,0.0
88650518edfffff,Hulu Langat,5,119,True,6.0,3179.51881554596,1460300,11210,1,2,3,4,26,10,19,5,27,2,19,71.0
886505ccb3fffff,Hulu Langat,0,0,False,0.0,0.0,1460300,11210,0,0,0,0,0,0,0,0,0,0,0,0.0
8865051a31fffff,Hulu Langat,0,2,False,0.0,0.0,1460300,11210,0,0,0,2,0,0,0,0,0,0,0,0.8
886505548dfffff,Hulu Langat,1,18,True,2.0,1059.8396051819866,1460300,11210,1,0,0,1,0,0,0,1,14,1,0,12.2
8865054057fffff,Hulu Langat,0,0,False,0.0,0.0,1460300,11210,0,0,0,0,0,0,0,0,0,0,0,0.0
8865055439fffff,Hulu Langat,4,8,True,5.0,2649.599012954967,1460300,11210,0,2,0,2,0,0,0,4,0,0,0,5.8
886505cc89fffff,Hulu Langat,0,0,False,0.0,0.0,1460300,11210,0,0,0,0,0,0,0,0,0,0,0,0.0
8865055569fffff,Hulu Langat,0,0,False,0.0,0.0,1460300,11210,0,0,0,0,0,0,0,0,0,0,0,0.0
8865051909fffff,Hulu Langat,6,8,True,7.0,3709.438618136953,1460300,11210,0,0,0,1,0,0,0,4,0,0,1,5.4
886505ceb7fffff,Hulu Langat,0,0,False,0.0,0.0,1460300,11210,0,0,0,0,0,0,0,0,0,0,0,0.0
8865051907fffff,Hulu Langat,5,11,True,6.0,3179.51881554596,1460300,11210,0,0,0,2,0,0,0,5,3,1,0,8.5
886505551bfffff,Hulu Langat,1,3,True,2.0,1059.8396051819866,1460300,11210,1,1,0,0,0,0,0,1,0,0,0,1.9
8865055413fffff,Hulu Langat,0,2,False,0.0,0.0,1460300,11210,2,0,0,0,0,0,0,0,0,0,0,0.8
886505c591fffff,Hulu Langat,0,1,False,0.0,0.0,1460300,11210,0,0,0,1,0,0,0,0,0,0,0,0.4
8865055089fffff,Hulu Langat,0,0,False,0.0,0.0,1460300,11210,0,0,0,0,0,0,0,0,0,0,0,0.0
8865055501fffff,Hulu Langat,0,0,False,0.0,0.0,1460300,11210,0,0,0,0,0,0,0,0,0,0,0,0.0
8865051919fffff,Hulu Langat,4,132,True,5.0,2649.599012954967,1460300,11210,2,1,0,5,4,3,2,4,74,5,32,98.0
886505cdd5fffff,Hulu Langat,0,0,False,0.0,0.0,1460300,11210,0,0,0,0,0,0,0,0,0,0,0,0.0
88650554bdfffff,Hulu Langat,34,341,True,35.0,18547.193090684767,1460300,11210,4,2,0,2,5,0,2,34,164,4,124,281.5
8865055731fffff,Hulu Langat,0,0,False,0.0,0.0,1460300,11210,0,0,0,0,0,0,0,0,0,0,0,0.0
8865051b39fffff,Hulu Langat,1,2,True,2.0,1059.8396051819866,1460300,11210,0,0,0,0,0,0,1,1,0,0,0,1.2
88650555c9fffff,Hulu Langat,0,0,False,0.0,0.0,1460300,11210,0,0,0,0,0,0,0,0,0,0,0,0.0
8865055529fffff,Hulu Langat,0,0,False,0.0,0.0,1460300,11210,0,0,0,0,0,0,0,0,0,0,0,0.0
8865051a21fffff,Hulu Langat,0,4,True,1.0,529.9198025909933,1460300,11210,1,0,0,1,0,0,0,0,0,0,2,2.8
886505c597fffff,Hulu Langat,1,1,True,2.0,1059.8396051819866,1460300,11210,0,0,0,0,0,0,0,1,0,0,0,1.0
8865054245fffff,Hulu Langat,0,0,False,0.0,0.0,1460300,11210,0,0,0,0,0,0,0,0,0,0,0,0.0
88650554b9fffff,Hulu Langat,27,286,True,28.0,14837.754472547813,1460300,11210,2,2,0,3,15,1,5,27,224,4,3,201.2
88650542a5fffff,Hulu Langat,0,0,False,0.0,0.0,1460300,11210,0,0,0,0,0,0,0,0,0,0,0,0.0
886505420dfffff,Hulu Langat,0,0,False,0.0,0.0,1460300,11210,0,0,0,0,0,0,0,0,0,0,0,0.0
8865055627fffff,Hulu Langat,0,0,False,0.0,0.0,1460300,11210,0,0,0,0,0,0,0,0,0,0,0,0.0
8865054297fffff,Hulu Langat,0,0,False,0.0,0.0,1460300,11210,0,0,0,0,0,0,0,0,0,0,0,0.0
88650542d7fffff,Hulu Langat,0,0,False,0.0,0.0,1460300,11210,0,0,0,0,0,0,0,0,0,0,0,0.0
88650542a7fffff,Hulu Langat,0,0,False,0.0,0.0,1460300,11210,0,0,0,0,0,0,0,0,0,0,0,0.0
88650552d7fffff,Hulu Langat,0,0,False,0.0,0.0,1460300,11210,0,0,0,0,0,0,0,0,0,0,0,0.0
8865055703fffff,Hulu Langat,0,0,False,0.0,0.0,1460300,11210,0,0,0,0,0,0,0,0,0,0,0,0.0
88650556b3fffff,Hulu Langat,20,473,True,21.0,11128.31585441086,1460300,11210,3,1,0,2,26,1,43,19,377,0,0,307.5
886505cc35fffff,Hulu Langat,0,0,False,0.0,0.0,1460300,11210,0,0,0,0,0,0,0,0,0,0,0,0.0
88650550a5fffff,Hulu Langat,0,0,False,0.0,0.0,1460300,11210,0,0,0,0,0,0,0,0,0,0,0,0.0
886505423dfffff,Hulu Langat,0,0,False,0.0,0.0,1460300,11210,0,0,0,0,0,0,0,0,0,0,0,0.0
8865054043fffff,Hulu Langat,0,0,False,0.0,0.0,1460300,11210,0,0,0,0,0,0,0,0,0,0,0,0.0
88650519ddfffff,Hulu Langat,1,18,True,2.0,1059.8396051819866,1460300,11210,1,1,0,12,3,0,0,1,0,0,0,8.200000000000001
88650556d7fffff,Hulu Langat,3,18,True,4.0,2119.679210363973,1460300,11210,0,0,0,1,0,0,0,3,0,0,14,17.4
886505464dfffff,Hulu Langat,13,21,True,14.0,7418.877236273906,1460300,11210,5,1,0,0,0,1,0,13,0,0,1,17.0
8865051a1bfffff,Hulu Langat,2,8,True,3.0,1589.75940777298,1460300,11210,1,0,0,1,0,0,0,2,1,0,3,6.5
88650554dbfffff,Hulu Langat,8,8,True,9.0,4769.27822331894,1460300,11210,0,0,0,0,0,0,0,8,0,0,0,8.0
8865055757fffff,Hulu Langat,0,0,False,0.0,0.0,1460300,11210,0,0,0,0,0,0,0,0,0,0,0,0.0
88650556cbfffff,Hulu Langat,5,15,True,6.0,3179.51881554596,1460300,11210,0,0,0,10,0,0,0,5,0,0,0,9.0
8865055631fffff,Hulu Langat,0,0,False,0.0,0.0,1460300,11210,0,0,0,0,0,0,0,0,0,0,0,0.0
8865051941fffff,Hulu Langat,0,0,False,0.0,0.0,1460300,11210,0,0,0,0,0,0,0,0,0,0,0,0.0
8865051831fffff,Hulu Langat,8,12,True,9.0,4769.27822331894,1460300,11210,3,0,0,0,0,0,1,8,0,0,0,9.4
8865055635fffff,Hulu Langat,0,0,False,0.0,0.0,1460300,11210,0,0,0,0,0,0,0,0,0,0,0,0.0
886505424dfffff,Hulu Langat,0,0,False,0.0,0.0,1460300,11210,0,0,0,0,0,0,0,0,0,0,0,0.0
886505cd15fffff,Hulu Langat,0,0,False,0.0,0.0,1460300,11210,0,0,0,0,0,0,0,0,0,0,0,0.0
88650542cdfffff,Hulu Langat,0,0,False,0.0,0.0,1460300,11210,0,0,0,0,0,0,0,0,0,0,0,0.0
88650555e5fffff,Hulu Langat,0,0,False,0.0,0.0,1460300,11210,0,0,0,0,0,0,0,0,0,0,0,0.0
886505196dfffff,Hulu Langat,0,0,False,0.0,0.0,1460300,11210,0,0,0,0,0,0,0,0,0,0,0,0.0
886505572dfffff,Hulu Langat,0,0,False,0.0,0.0,1460300,11210,0,0,0,0,0,0,0,0,0,0,0,0.0
886505556bfffff,Hulu Langat,0,6,True,1.0,529.9198025909933,1460300,11210,2,1,0,2,0,1,0,0,0,0,0,2.6
886505426bfffff,Hulu Langat,0,0,False,0.0,0.0,1460300,11210,0,0,0,0,0,0,0,0,0,0,0,0.0
8865055599fffff,Hulu Langat,8,10,True,9.0,4769.27822331894,1460300,11210,0,0,0,2,0,0,0,8,0,0,0,8.8
88650556c9fffff,Hulu Langat,0,3,True,1.0,529.9198025909933,1460300,11210,0,0,0,3,0,0,0,0,0,0,0,1.2000000000000002
8865051937fffff,Hulu Langat,0,0,False,0.0,0.0,1460300,11210,0,0,0,0,0,0,0,0,0,0,0,0.0
8865051913fffff,Hulu Langat,2,165,True,3.0,1589.75940777298,1460300,11210,2,2,3,5,6,4,10,1,74,11,40,112.3
886505192dfffff,Hulu Langat,0,0,False,0.0,0.0,1460300,11210,0,0,0,0,0,0,0,0,0,0,0,0.0
886505cd87fffff,Hulu Langat,0,0,False,0.0,0.0,1460300,11210,0,0,0,0,0,0,0,0,0,0,0,0.0
886505c593fffff,Hulu Langat,0,0,False,0.0,0.0,1460300,11210,0,0,0,0,0,0,0,0,0,0,0,0.0
8865054217fffff,Hulu Langat,0,0,False,0.0,0.0,1460300,11210,0,0,0,0,0,0,0,0,0,0,0,0.0
88650556e5fffff,Hulu Langat,0,0,False,0.0,0.0,1460300,11210,0,0,0,0,0,0,0,0,0,0,0,0.0
886505c583fffff,Hulu Langat,0,1,False,0.0,0.0,1460300,11210,0,0,0,0,0,0,0,0,0,0,1,1.0
88650542abfffff,Hulu Langat,0,0,False,0.0,0.0,1460300,11210,0,0,0,0,0,0,0,0,0,0,0,0.0
8865051a33fffff,Hulu Langat,0,0,False,0.0,0.0,1460300,11210,0,0,0,0,0,0,0,0,0,0,0,0.0
8865055093fffff,Hulu Langat,0,0,False,0.0,0.0,1460300,11210,0,0,0,0,0,0,0,0,0,0,0,0.0
8865051917fffff,Hulu Langat,2,31,True,3.0,1589.75940777298,1460300,11210,2,2,0,1,0,0,0,2,7,0,17,26.1
886505cd89fffff,Hulu Langat,0,0,False,0.0,0.0,1460300,11210,0,0,0,0,0,0,0,0,0,0,0,0.0
8865055481fffff,Hulu Langat,1,136,True,2.0,1059.8396051819866,1460300,11210,5,3,0,8,16,1,3,1,81,3,14,89.3
8865055543fffff,Hulu Langat,0,0,False,0.0,0.0,1460300,11210,0,0,0,0,0,0,0,0,0,0,0,0.0
88650556e7fffff,Hulu Langat,0,0,False,0.0,0.0,1460300,11210,0,0,0,0,0,0,0,0,0,0,0,0.0
886505cc81fffff,Hulu Langat,0,0,False,0.0,0.0,1460300,11210,0,0,0,0,0,0,0,0,0,0,0,0.0
886505cebdfffff,Hulu Langat,0,0,False,0.0,0.0,1460300,11210,0,0,0,0,0,0,0,0,0,0,0,0.0
8865051a41fffff,Hulu Langat,0,0,False,0.0,0.0,1460300,11210,0,0,0,0,0,0,0,0,0,0,0,0.0
886505cde3fffff,Hulu Langat,0,0,False,0.0,0.0,1460300,11210,0,0,0,0,0,0,0,0,0,0,0,0.0
8865054311fffff,Hulu Langat,0,0,False,0.0,0.0,1460300,11210,0,0,0,0,0,0,0,0,0,0,0,0.0
8865055519fffff,Hulu Langat,0,0,False,0.0,0.0,1460300,11210,0,0,0,0,0,0,0,0,0,0,0,0.0
886505cd3bfffff,Hulu Langat,0,0,False,0.0,0.0,1460300,11210,0,0,0,0,0,0,0,0,0,0,0,0.0
8865055691fffff,Hulu Langat,36,153,True,37.0,19607.032695866757,1460300,11210,2,1,0,1,0,0,0,34,111,0,2,115.39999999999999
886505180dfffff,Hulu Langat,4,8,True,5.0,2649.599012954967,1460300,11210,0,0,0,0,3,0,0,4,1,0,0,6.2
8865054269fffff,Hulu Langat,0,0,False,0.0,0.0,1460300,11210,0,0,0,0,0,0,0,0,0,0,0,0.0
886505cc13fffff,Hulu Langat,0,0,False,0.0,0.0,1460300,11210,0,0,0,0,0,0,0,0,0,0,0,0.0
88650550e1fffff,Hulu Langat,0,0,False,0.0,0.0,1460300,11210,0,0,0,0,0,0,0,0,0,0,0,0.0
8865051965fffff,Hulu Langat,0,0,False,0.0,0.0,1460300,11210,0,0,0,0,0,0,0,0,0,0,0,0.0
8865055689fffff,Hulu Langat,7,26,True,8.0,4239.358420727946,1460300,11210,3,0,0,4,0,0,0,7,0,3,9,20.6
8865051a63fffff,Hulu Langat,0,0,False,0.0,0.0,1460300,11210,0,0,0,0,0,0,0,0,0,0,0,0.0
88650519a1fffff,Hulu Langat,4,130,True,5.0,2649.599012954967,1460300,11210,2,1,1,1,47,1,8,4,33,3,28,84.9
886505c58dfffff,Hulu Langat,0,0,False,0.0,0.0,1460300,11210,0,0,0,0,0,0,0,0,0,0,0,0.0
88650554b3fffff,Hulu Langat,79,437,True,40.069999999999936,21233.88648982107,1460300,11210,3,2,0,2,25,12,5,79,281,12,14,319.4
886505c5a9fffff,Hulu Langat,0,0,False,0.0,0.0,1460300,11210,0,0,0,0,0,0,0,0,0,0,0,0.0
8865051b2dfffff,Hulu Langat,0,1,False,0.0,0.0,1460300,11210,0,0,0,0,0,0,0,0,0,0,1,1.0
8865051a3dfffff,Hulu Langat,0,0,False,0.0,0.0,1460300,11210,0,0,0,0,0,0,0,0,0,0,0,0.0
8865055749fffff,Hulu Langat,0,0,False,0.0,0.0,1460300,11210,0,0,0,0,0,0,0,0,0,0,0,0.0
886505508bfffff,Hulu Langat,0,0,False,0.0,0.0,1460300,11210,0,0,0,0,0,0,0,0,0,0,0,0.0
88650556d5fffff,Hulu Langat,13,142,True,14.0,7418.877236273906,1460300,11210,0,0,0,5,6,1,4,13,1,1,111,131.6
886505cd95fffff,Hulu Langat,0,0,False,0.0,0.0,1460300,11210,0,0,0,0,0,0,0,0,0,0,0,0.0
886505192bfffff,Hulu Langat,0,0,False,0.0,0.0,1460300,11210,0,0,0,0,0,0,0,0,0,0,0,0.0
8865051a6bfffff,Hulu Langat,0,2,False,0.0,0.0,1460300,11210,1,0,0,1,0,0,0,0,0,0,0,0.8
886505541dfffff,Hulu Langat,0,11,True,1.0,529.9198025909933,1460300,11210,2,0,0,0,1,0,2,0,0,2,4,6.9
8865051a19fffff,Hulu Langat,0,50,True,1.0,529.9198025909933,1460300,11210,0,2,1,1,20,4,3,0,16,2,1,28.099999999999998
8865051b45fffff,Hulu Langat,3,10,True,4.0,2119.679210363973,1460300,11210,0,0,0,7,0,0,0,3,0,0,0,5.800000000000001
8865051805fffff,Hulu Langat,4,55,True,5.0,2649.599012954967,1460300,11210,1,1,0,2,5,2,0,4,24,2,14,41.199999999999996
8865051b6bfffff,Hulu Langat,17,59,True,18.0,9538.55644663788,1460300,11210,0,0,0,4,3,0,1,17,4,0,30,53.1
8865051829fffff,Hulu Langat,12,258,True,13.0,6888.957433682914,1460300,11210,2,2,2,2,6,0,6,12,203,7,16,182.5
8865051983fffff,Hulu Langat,4,37,True,5.0,2649.599012954967,1460300,11210,1,0,0,0,0,0,0,4,0,0,32,36.4
886505196bfffff,Hulu Langat,0,0,False,0.0,0.0,1460300,11210,0,0,0,0,0,0,0,0,0,0,0,0.0
886505cdd1fffff,Hulu Langat,0,0,False,0.0,0.0,1460300,11210,0,0,0,0,0,0,0,0,0,0,0,0.0
88650556b1fffff,Hulu Langat,31,82,True,32.0,16957.433682911786,1460300,11210,2,3,0,7,1,0,8,30,6,2,21,63.6
8865051a57fffff,Hulu Langat,3,9,True,4.0,2119.679210363973,1460300,11210,0,0,0,0,2,0,1,3,1,1,1,6.5
8865054249fffff,Hulu Langat,0,0,False,0.0,0.0,1460300,11210,0,0,0,0,0,0,0,0,0,0,0,0.0
8865051b11fffff,Hulu Langat,0,0,False,0.0,0.0,1460300,11210,0,0,0,0,0,0,0,0,0,0,0,0.0
88650554c5fffff,Hulu Langat,0,0,False,0.0,0.0,1460300,11210,0,0,0,0,0,0,0,0,0,0,0,0.0
886505569bfffff,Hulu Langat,13,116,True,14.0,7418.877236273906,1460300,11210,1,1,0,3,5,0,6,13,78,7,2,79.6
88650550b1fffff,Hulu Langat,0,0,False,0.0,0.0,1460300,11210,0,0,0,0,0,0,0,0,0,0,0,0.0
8865055467fffff,Hulu Langat,0,0,False,0.0,0.0,1460300,11210,0,0,0,0,0,0,0,0,0,0,0,0.0
88650542bbfffff,Hulu Langat,0,0,False,0.0,0.0,1460300,11210,0,0,0,0,0,0,0,0,0,0,0,0.0
886505cc19fffff,Hulu Langat,0,0,False,0.0,0.0,1460300,11210,0,0,0,0,0,0,0,0,0,0,0,0.0
88650556b5fffff,Hulu Langat,0,2,False,0.0,0.0,1460300,11210,0,0,0,2,0,0,0,0,0,0,0,0.8
88650542b1fffff,Hulu Langat,0,0,False,0.0,0.0,1460300,11210,0,0,0,0,0,0,0,0,0,0,0,0.0
886505c5b7fffff,Hulu Langat,0,1,False,0.0,0.0,1460300,11210,1,0,0,0,0,0,0,0,0,0,0,0.4
886505559dfffff,Hulu Langat,0,0,False,0.0,0.0,1460300,11210,0,0,0,0,0,0,0,0,0,0,0,0.0
88650519c9fffff,Hulu Langat,20,558,True,21.0,11128.31585441086,1460300,11210,2,2,0,1,3,2,1,20,100,0,426,520.9
88650519d1fffff,Hulu Langat,3,10,True,4.0,2119.679210363973,1460300,11210,2,1,0,2,0,0,1,3,0,0,1,6.3
8865051859fffff,Hulu Langat,0,9,True,1.0,529.9198025909933,1460300,11210,0,3,0,3,1,0,0,0,0,2,0,4.4
886505cdb3fffff,Hulu Langat,0,0,False,0.0,0.0,1460300,11210,0,0,0,0,0,0,0,0,0,0,0,0.0
88650550a7fffff,Hulu Langat,0,0,False,0.0,0.0,1460300,11210,0,0,0,0,0,0,0,0,0,0,0,0.0
8865055509fffff,Hulu Langat,0,0,False,0.0,0.0,1460300,11210,0,0,0,0,0,0,0,0,0,0,0,0.0
8865055511fffff,Hulu Langat,0,0,False,0.0,0.0,1460300,11210,0,0,0,0,0,0,0,0,0,0,0,0.0
8865055095fffff,Hulu Langat,0,0,False,0.0,0.0,1460300,11210,0,0,0,0,0,0,0,0,0,0,0,0.0
886505558dfffff,Hulu Langat,0,0,False,0.0,0.0,1460300,11210,0,0,0,0,0,0,0,0,0,0,0,0.0
88650550e3fffff,Hulu Langat,0,0,False,0.0,0.0,1460300,11210,0,0,0,0,0,0,0,0,0,0,0,0.0
886505c59dfffff,Hulu Langat,0,1,False,0.0,0.0,1460300,11210,0,0,0,0,0,0,0,0,0,0,1,1.0
8865055633fffff,Hulu Langat,0,0,False,0.0,0.0,1460300,11210,0,0,0,0,0,0,0,0,0,0,0,0.0
886505cdb9fffff,Hulu Langat,0,0,False,0.0,0.0,1460300,11210,0,0,0,0,0,0,0,0,0,0,0,0.0
8865051b37fffff,Hulu Langat,5,38,True,6.0,3179.51881554596,1460300,11210,1,2,0,2,5,1,1,5,8,0,13,29.0
886505563dfffff,Hulu Langat,0,0,False,0.0,0.0,1460300,11210,0,0,0,0,0,0,0,0,0,0,0,0.0
8865055445fffff,Hulu Langat,0,0,False,0.0,0.0,1460300,11210,0,0,0,0,0,0,0,0,0,0,0,0.0
886505ccd5fffff,Hulu Langat,0,1,False,0.0,0.0,1460300,11210,0,0,0,0,0,0,0,0,0,0,1,1.0
8865054281fffff,Hulu Langat,0,0,False,0.0,0.0,1460300,11210,0,0,0,0,0,0,0,0,0,0,0,0.0
8865055713fffff,Hulu Langat,0,0,False,0.0,0.0,1460300,11210,0,0,0,0,0,0,0,0,0,0,0,0.0
886505566bfffff,Hulu Langat,0,1,False,0.0,0.0,1460300,11210,0,0,0,0,0,0,0,0,0,1,0,0.6
886505ce8bfffff,Hulu Langat,0,2,False,0.0,0.0,1460300,11210,0,0,0,0,0,0,0,0,0,1,1,1.6
886505405bfffff,Hulu Langat,0,0,False,0.0,0.0,1460300,11210,0,0,0,0,0,0,0,0,0,0,0,0.0
8865055191fffff,Hulu Langat,0,0,False,0.0,0.0,1460300,11210,0,0,0,0,0,0,0,0,0,0,0,0.0
8865050b47fffff,Hulu Langat,40,169,True,40.069999999999936,21233.88648982107,1460300,11210,3,2,0,5,10,3,2,39,100,3,1,122.89999999999999
88650555a9fffff,Hulu Langat,0,0,False,0.0,0.0,1460300,11210,0,0,0,0,0,0,0,0,0,0,0,0.0
88650550c3fffff,Hulu Langat,0,0,False,0.0,0.0,1460300,11210,0,0,0,0,0,0,0,0,0,0,0,0.0
886505ce87fffff,Hulu Langat,0,0,False,0.0,0.0,1460300,11210,0,0,0,0,0,0,0,0,0,0,0,0.0
886505565dfffff,Hulu Langat,0,0,False,0.0,0.0,1460300,11210,0,0,0,0,0,0,0,0,0,0,0,0.0
8865051837fffff,Hulu Langat,4,10,True,5.0,2649.599012954967,1460300,11210,2,0,0,0,1,0,0,4,1,1,1,7.6
8865051aadfffff,Hulu Langat,2,15,True,3.0,1589.75940777298,1460300,11210,1,1,2,0,2,0,2,2,1,0,4,10.4
8865055557fffff,Hulu Langat,0,0,False,0.0,0.0,1460300,11210,0,0,0,0,0,0,0,0,0,0,0,0.0
8865050b61fffff,Hulu Langat,12,91,True,13.0,6888.957433682914,1460300,11210,2,2,0,1,2,0,0,12,12,4,56,82.0
88650556d3fffff,Hulu Langat,2,24,True,3.0,1589.75940777298,1460300,11210,0,0,0,2,1,0,3,2,0,1,15,19.5
886505ccc7fffff,Hulu Langat,0,0,False,0.0,0.0,1460300,11210,0,0,0,0,0,0,0,0,0,0,0,0.0
8865055417fffff,Hulu Langat,0,0,False,0.0,0.0,1460300,11210,0,0,0,0,0,0,0,0,0,0,0,0.0
8865051b3dfffff,Hulu Langat,2,41,True,3.0,1589.75940777298,1460300,11210,1,1,0,0,4,1,3,2,4,2,22,32.0
8865051ae5fffff,Hulu Langat,0,0,False,0.0,0.0,1460300,11210,0,0,0,0,0,0,0,0,0,0,0,0.0
8865051a23fffff,Hulu Langat,0,3,True,1.0,529.9198025909933,1460300,11210,0,0,0,0,0,0,0,0,0,0,3,3.0
886505c5bdfffff,Hulu Langat,3,27,True,4.0,2119.679210363973,1460300,11210,1,2,0,8,1,0,2,3,3,6,1,15.2
886505ced7fffff,Hulu Langat,1,6,True,2.0,1059.8396051819866,1460300,11210,0,0,0,3,0,0,0,1,0,2,0,3.4
8865055561fffff,Hulu Langat,0,1,False,0.0,0.0,1460300,11210,0,0,0,1,0,0,0,0,0,0,0,0.4
88650550a1fffff,Hulu Langat,0,0,False,0.0,0.0,1460300,11210,0,0,0,0,0,0,0,0,0,0,0,0.0
8865055539fffff,Hulu Langat,0,3,True,1.0,529.9198025909933,1460300,11210,0,1,0,1,0,0,0,0,1,0,0,1.6
886505519bfffff,Hulu Langat,0,0,False,0.0,0.0,1460300,11210,0,0,0,0,0,0,0,0,0,0,0,0.0
88650554e5fffff,Hulu Langat,1,1,True,2.0,1059.8396051819866,1460300,11210,0,0,0,0,0,0,0,1,0,0,0,1.0
8865051a37fffff,Hulu Langat,0,6,True,1.0,529.9198025909933,1460300,11210,0,0,0,1,0,0,0,0,5,0,0,3.9
8865055291fffff,Hulu Langat,0,0,False,0.0,0.0,1460300,11210,0,0,0,0,0,0,0,0,0,0,0,0.0
886505cdd9fffff,Hulu Langat,0,0,False,0.0,0.0,1460300,11210,0,0,0,0,0,0,0,0,0,0,0,0.0
8865051b55fffff,Hulu Langat,1,2,True,2.0,1059.8396051819866,1460300,11210,1,0,0,0,0,0,0,1,0,0,0,1.4
88650550e9fffff,Hulu Langat,0,0,False,0.0,0.0,1460300,11210,0,0,0,0,0,0,0,0,0,0,0,0.0
8865055437fffff,Hulu Langat,0,0,False,0.0,0.0,1460300,11210,0,0,0,0,0,0,0,0,0,0,0,0.0
8865055709fffff,Hulu Langat,0,1,False,0.0,0.0,1460300,11210,0,0,0,0,0,0,0,0,0,0,1,1.0
8865055747fffff,Hulu Langat,0,0,False,0.0,0.0,1460300,11210,0,0,0,0,0,0,0,0,0,0,0,0.0
8865054229fffff,Hulu Langat,0,0,False,0.0,0.0,1460300,11210,0,0,0,0,0,0,0,0,0,0,0,0.0
8865055449fffff,Hulu Langat,0,0,False,0.0,0.0,1460300,11210,0,0,0,0,0,0,0,0,0,0,0,0.0
8865054357fffff,Hulu Langat,0,0,False,0.0,0.0,1460300,11210,0,0,0,0,0,0,0,0,0,0,0,0.0
8865051b51fffff,Hulu Langat,1,4,True,2.0,1059.8396051819866,1460300,11210,0,1,0,1,0,0,1,1,0,0,0,2.1
8865055723fffff,Hulu Langat,0,0,False,0.0,0.0,1460300,11210,0,0,0,0,0,0,0,0,0,0,0,0.0
886505406bfffff,Hulu Langat,0,0,False,0.0,0.0,1460300,11210,0,0,0,0,0,0,0,0,0,0,0,0.0
886505190bfffff,Hulu Langat,3,137,True,4.0,2119.679210363973,1460300,11210,1,0,0,2,2,0,3,2,124,0,1,92.6
88650542ddfffff,Hulu Langat,0,0,False,0.0,0.0,1460300,11210,0,0,0,0,0,0,0,0,0,0,0,0.0
88650519a5fffff,Hulu Langat,14,326,True,15.0,7948.7970388649,1460300,11210,4,1,4,2,23,3,15,14,102,1,157,264.7
886505422dfffff,Hulu Langat,0,0,False,0.0,0.0,1460300,11210,0,0,0,0,0,0,0,0,0,0,0,0.0
88650542c5fffff,Hulu Langat,0,1,False,0.0,0.0,1460300,11210,0,0,0,0,0,0,0,0,0,1,0,0.6
8865054285fffff,Hulu Langat,0,0,False,0.0,0.0,1460300,11210,0,0,0,0,0,0,0,0,0,0,0,0.0
886505cdddfffff,Hulu Langat,0,0,False,0.0,0.0,1460300,11210,0,0,0,0,0,0,0,0,0,0,0,0.0
886505564dfffff,Hulu Langat,0,0,False,0.0,0.0,1460300,11210,0,0,0,0,0,0,0,0,0,0,0,0.0
886505420bfffff,Hulu Langat,0,0,False,0.0,0.0,1460300,11210,0,0,0,0,0,0,0,0,0,0,0,0.0
8865054209fffff,Hulu Langat,0,0,False,0.0,0.0,1460300,11210,0,0,0,0,0,0,0,0,0,0,0,0.0
88650551bbfffff,Hulu Langat,0,0,False,0.0,0.0,1460300,11210,0,0,0,0,0,0,0,0,0,0,0,0.0
88650542c9fffff,Hulu Langat,0,0,False,0.0,0.0,1460300,11210,0,0,0,0,0,0,0,0,0,0,0,0.0
886505573bfffff,Hulu Langat,0,0,False,0.0,0.0,1460300,11210,0,0,0,0,0,0,0,0,0,0,0,0.0
8865051a0bfffff,Hulu Langat,0,0,False,0.0,0.0,1460300,11210,0,0,0,0,0,0,0,0,0,0,0,0.0
88650551b3fffff,Hulu Langat,0,0,False,0.0,0.0,1460300,11210,0,0,0,0,0,0,0,0,0,0,0,0.0
886505ccbdfffff,Hulu Langat,0,0,False,0.0,0.0,1460300,11210,0,0,0,0,0,0,0,0,0,0,0,0.0
8865055517fffff,Hulu Langat,0,0,False,0.0,0.0,1460300,11210,0,0,0,0,0,0,0,0,0,0,0,0.0
88650542d5fffff,Hulu Langat,0,1,False,0.0,0.0,1460300,11210,0,0,0,0,0,0,0,0,0,1,0,0.6
886505571dfffff,Hulu Langat,0,0,False,0.0,0.0,1460300,11210,0,0,0,0,0,0,0,0,0,0,0,0.0
8865055513fffff,Hulu Langat,0,0,False,0.0,0.0,1460300,11210,0,0,0,0,0,0,0,0,0,0,0,0.0
886505529bfffff,Hulu Langat,0,0,False,0.0,0.0,1460300,11210,0,0,0,0,0,0,0,0,0,0,0,0.0
8865054289fffff,Hulu Langat,0,3,True,1.0,529.9198025909933,1460300,11210,0,0,0,0,0,0,1,0,0,2,0,1.4
8865055525fffff,Hulu Langat,0,0,False,0.0,0.0,1460300,11210,0,0,0,0,0,0,0,0,0,0,0,0.0
886505429bfffff,Hulu Langat,0,0,False,0.0,0.0,1460300,11210,0,0,0,0,0,0,0,0,0,0,0,0.0
8865051a5dfffff,Hulu Langat,0,3,True,1.0,529.9198025909933,1460300,11210,0,0,0,1,0,0,0,0,2,0,0,1.7999999999999998
8865051949fffff,Hulu Langat,0,0,False,0.0,0.0,1460300,11210,0,0,0,0,0,0,0,0,0,0,0,0.0
88650552b5fffff,Hulu Langat,0,0,False,0.0,0.0,1460300,11210,0,0,0,0,0,0,0,0,0,0,0,0.0
8865055715fffff,Hulu Langat,0,0,False,0.0,0.0,1460300,11210,0,0,0,0,0,0,0,0,0,0,0,0.0
88650552a1fffff,Hulu Langat,0,0,False,0.0,0.0,1460300,11210,0,0,0,0,0,0,0,0,0,0,0,0.0
8865054253fffff,Hulu Langat,0,0,False,0.0,0.0,1460300,11210,0,0,0,0,0,0,0,0,0,0,0,0.0
88650519c1fffff,Hulu Langat,11,138,True,12.0,6359.03763109192,1460300,11210,5,4,0,3,2,1,7,9,101,1,3,91.39999999999999
8865055605fffff,Hulu Langat,0,0,False,0.0,0.0,1460300,11210,0,0,0,0,0,0,0,0,0,0,0,0.0
8865051b33fffff,Hulu Langat,1,182,True,2.0,1059.8396051819866,1460300,11210,1,0,0,1,0,0,0,1,0,0,179,180.8
886505563bfffff,Hulu Langat,0,0,False,0.0,0.0,1460300,11210,0,0,0,0,0,0,0,0,0,0,0,0.0
88650519e3fffff,Hulu Langat,1,28,True,2.0,1059.8396051819866,1460300,11210,0,1,0,0,0,0,0,1,1,1,24,26.8
8865055741fffff,Hulu Langat,0,0,False,0.0,0.0,1460300,11210,0,0,0,0,0,0,0,0,0,0,0,0.0
886505553dfffff,Hulu Langat,0,2,False,0.0,0.0,1460300,11210,1,1,0,0,0,0,0,0,0,0,0,0.9
8865051921fffff,Hulu Langat,0,0,False,0.0,0.0,1460300,11210,0,0,0,0,0,0,0,0,0,0,0,0.0
886505195dfffff,Hulu Langat,14,18,True,15.0,7948.7970388649,1460300,11210,2,0,0,1,0,0,0,14,1,0,0,15.9
886505cce7fffff,Hulu Langat,0,0,False,0.0,0.0,1460300,11210,0,0,0,0,0,0,0,0,0,0,0,0.0
88650550b5fffff,Hulu Langat,0,0,False,0.0,0.0,1460300,11210,0,0,0,0,0,0,0,0,0,0,0,0.0
8865051997fffff,Hulu Langat,8,17,True,9.0,4769.27822331894,1460300,11210,3,1,0,2,0,0,0,8,0,0,3,13.5
8865054009fffff,Hulu Langat,0,0,False,0.0,0.0,1460300,11210,0,0,0,0,0,0,0,0,0,0,0,0.0
8865055521fffff,Hulu Langat,0,0,False,0.0,0.0,1460300,11210,0,0,0,0,0,0,0,0,0,0,0,0.0
886505cea3fffff,Hulu Langat,0,0,False,0.0,0.0,1460300,11210,0,0,0,0,0,0,0,0,0,0,0,0.0
886505cd37fffff,Hulu Langat,0,0,False,0.0,0.0,1460300,11210,0,0,0,0,0,0,0,0,0,0,0,0.0
8865054003fffff,Hulu Langat,0,0,False,0.0,0.0,1460300,11210,0,0,0,0,0,0,0,0,0,0,0,0.0
8865055559fffff,Hulu Langat,0,0,False,0.0,0.0,1460300,11210,0,0,0,0,0,0,0,0,0,0,0,0.0
886505509dfffff,Hulu Langat,0,0,False,0.0,0.0,1460300,11210,0,0,0,0,0,0,0,0,0,0,0,0.0
886505540bfffff,Hulu Langat,0,0,False,0.0,0.0,1460300,11210,0,0,0,0,0,0,0,0,0,0,0,0.0
886505cc87fffff,Hulu Langat,0,0,False,0.0,0.0,1460300,11210,0,0,0,0,0,0,0,0,0,0,0,0.0
88650519cbfffff,Hulu Langat,0,151,True,1.0,529.9198025909933,1460300,11210,3,1,0,1,1,1,0,0,22,0,122,140.5
8865054013fffff,Hulu Langat,0,0,False,0.0,0.0,1460300,11210,0,0,0,0,0,0,0,0,0,0,0,0.0
886505c5b3fffff,Hulu Langat,0,0,False,0.0,0.0,1460300,11210,0,0,0,0,0,0,0,0,0,0,0,0.0
8865050b43fffff,Hulu Langat,14,256,True,15.0,7948.7970388649,1460300,11210,1,0,0,4,18,7,1,14,211,0,0,176.39999999999998
88650519a9fffff,Hulu Langat,3,99,True,4.0,2119.679210363973,1460300,11210,0,1,0,1,0,0,1,3,2,0,91,96.5
886505ce83fffff,Hulu Langat,0,2,False,0.0,0.0,1460300,11210,0,0,0,1,0,0,0,0,0,1,0,1.0
88650542b9fffff,Hulu Langat,0,0,False,0.0,0.0,1460300,11210,0,0,0,0,0,0,0,0,0,0,0,0.0
886505543dfffff,Hulu Langat,0,0,False,0.0,0.0,1460300,11210,0,0,0,0,0,0,0,0,0,0,0,0.0
886505cdebfffff,Hulu Langat,0,0,False,0.0,0.0,1460300,11210,0,0,0,0,0,0,0,0,0,0,0,0.0
886505cd85fffff,Hulu Langat,0,0,False,0.0,0.0,1460300,11210,0,0,0,0,0,0,0,0,0,0,0,0.0
8865050b67fffff,Hulu Langat,6,25,True,7.0,3709.438618136953,1460300,11210,1,1,1,1,3,0,4,6,3,1,4,17.0
88650554a9fffff,Hulu Langat,6,148,True,7.0,3709.438618136953,1460300,11210,8,0,0,1,0,0,3,6,129,1,0,101.1
886505576bfffff,Hulu Langat,0,0,False,0.0,0.0,1460300,11210,0,0,0,0,0,0,0,0,0,0,0,0.0
88650542e1fffff,Hulu Langat,0,1,False,0.0,0.0,1460300,11210,0,0,0,0,0,0,0,0,0,1,0,0.6
886505cdbbfffff,Hulu Langat,0,0,False,0.0,0.0,1460300,11210,0,0,0,0,0,0,0,0,0,0,0,0.0
886505569dfffff,Hulu Langat,8,96,True,9.0,4769.27822331894,1460300,11210,0,0,0,2,0,0,4,8,53,1,28,75.3
8865055549fffff,Hulu Langat,0,0,False,0.0,0.0,1460300,11210,0,0,0,0,0,0,0,0,0,0,0,0.0
8865055623fffff,Hulu Langat,0,0,False,0.0,0.0,1460300,11210,0,0,0,0,0,0,0,0,0,0,0,0.0
8865051819fffff,Hulu Langat,1,12,True,2.0,1059.8396051819866,1460300,11210,3,2,0,0,2,0,2,1,0,0,2,6.6
8865055401fffff,Hulu Langat,4,54,True,5.0,2649.599012954967,1460300,11210,1,0,0,1,1,0,0,4,0,0,47,52.3
886505575bfffff,Hulu Langat,0,0,False,0.0,0.0,1460300,11210,0,0,0,0,0,0,0,0,0,0,0,0.0
8865055765fffff,Hulu Langat,0,0,False,0.0,0.0,1460300,11210,0,0,0,0,0,0,0,0,0,0,0,0.0
886505cdc7fffff,Hulu Langat,0,0,False,0.0,0.0,1460300,11210,0,0,0,0,0,0,0,0,0,0,0,0.0
88650556cdfffff,Hulu Langat,0,0,False,0.0,0.0,1460300,11210,0,0,0,0,0,0,0,0,0,0,0,0.0
8865051857fffff,Hulu Langat,1,93,True,2.0,1059.8396051819866,1460300,11210,3,0,0,0,5,2,0,1,79,2,1,63.199999999999996
8865055081fffff,Hulu Langat,0,0,False,0.0,0.0,1460300,11210,0,0,0,0,0,0,0,0,0,0,0,0.0
8865055585fffff,Hulu Langat,0,0,False,0.0,0.0,1460300,11210,0,0,0,0,0,0,0,0,0,0,0,0.0
88650550d1fffff,Hulu Langat,0,0,False,0.0,0.0,1460300,11210,0,0,0,0,0,0,0,0,0,0,0,0.0
8865055629fffff,Hulu Langat,0,0,False,0.0,0.0,1460300,11210,0,0,0,0,0,0,0,0,0,0,0,0.0
8865055451fffff,Hulu Langat,0,0,False,0.0,0.0,1460300,11210,0,0,0,0,0,0,0,0,0,0,0,0.0
8865055697fffff,Hulu Langat,8,49,True,9.0,4769.27822331894,1460300,11210,4,0,0,4,0,0,1,8,32,0,0,33.8
886505cd1bfffff,Hulu Langat,0,0,False,0.0,0.0,1460300,11210,0,0,0,0,0,0,0,0,0,0,0,0.0
886505194bfffff,Hulu Langat,0,3,True,1.0,529.9198025909933,1460300,11210,0,0,0,0,0,1,0,0,1,1,0,1.7999999999999998
88650552b3fffff,Hulu Langat,0,0,False,0.0,0.0,1460300,11210,0,0,0,0,0,0,0,0,0,0,0,0.0
88650555e7fffff,Hulu Langat,0,0,False,0.0,0.0,1460300,11210,0,0,0,0,0,0,0,0,0,0,0,0.0
88650556d9fffff,Hulu Langat,9,11,True,10.0,5299.198025909934,1460300,11210,1,0,0,1,0,0,0,9,0,0,0,9.8
88650556c5fffff,Hulu Langat,1,1,True,2.0,1059.8396051819866,1460300,11210,0,0,0,0,0,0,0,1,0,0,0,1.0
88650556a1fffff,Hulu Langat,0,0,False,0.0,0.0,1460300,11210,0,0,0,0,0,0,0,0,0,0,0,0.0
886505ce91fffff,Hulu Langat,0,0,False,0.0,0.0,1460300,11210,0,0,0,0,0,0,0,0,0,0,0,0.0
88650555c7fffff,Hulu Langat,0,0,False,0.0,0.0,1460300,11210,0,0,0,0,0,0,0,0,0,0,0,0.0
88650550ebfffff,Hulu Langat,0,0,False,0.0,0.0,1460300,11210,0,0,0,0,0,0,0,0,0,0,0,0.0
886505ccd7fffff,Hulu Langat,1,4,True,2.0,1059.8396051819866,1460300,11210,0,0,0,0,0,0,0,1,1,0,2,3.7
8865051943fffff,Hulu Langat,0,0,False,0.0,0.0,1460300,11210,0,0,0,0,0,0,0,0,0,0,0,0.0
886505551dfffff,Hulu Langat,0,0,False,0.0,0.0,1460300,11210,0,0,0,0,0,0,0,0,0,0,0,0.0
886505195bfffff,Hulu Langat,11,15,True,12.0,6359.03763109192,1460300,11210,1,0,0,2,0,0,1,11,0,0,0,12.4
886505cda5fffff,Hulu Langat,0,0,False,0.0,0.0,1460300,11210,0,0,0,0,0,0,0,0,0,0,0,0.0
8865055427fffff,Hulu Langat,0,2,False,0.0,0.0,1460300,11210,2,0,0,0,0,0,0,0,0,0,0,0.8
88650556c3fffff,Hulu Langat,13,21,True,14.0,7418.877236273906,1460300,11210,0,0,0,7,0,0,0,13,0,1,0,16.4
886505ceb1fffff,Hulu Langat,0,0,False,0.0,0.0,1460300,11210,0,0,0,0,0,0,0,0,0,0,0,0.0
8865051b0bfffff,Hulu Langat,2,3,True,3.0,1589.75940777298,1460300,11210,0,0,0,1,0,0,0,2,0,0,0,2.4
886505568bfffff,Hulu Langat,7,538,True,8.0,4239.358420727946,1460300,11210,0,0,0,5,12,0,6,7,35,4,469,512.1
886505cda9fffff,Hulu Langat,0,0,False,0.0,0.0,1460300,11210,0,0,0,0,0,0,0,0,0,0,0,0.0
8865051b35fffff,Hulu Langat,0,13,True,1.0,529.9198025909933,1460300,11210,0,0,0,0,0,0,0,0,2,0,11,12.4
88650519d3fffff,Hulu Langat,0,3,True,1.0,529.9198025909933,1460300,11210,1,1,0,0,0,0,0,0,0,0,1,1.9
886505529dfffff,Hulu Langat,0,0,False,0.0,0.0,1460300,11210,0,0,0,0,0,0,0,0,0,0,0,0.0
8865051833fffff,Hulu Langat,3,10,True,4.0,2119.679210363973,1460300,11210,2,4,0,0,1,0,0,3,0,0,0,6.3
886505c5d5fffff,Hulu Langat,0,3,True,1.0,529.9198025909933,1460300,11210,1,1,0,1,0,0,0,0,0,0,0,1.3
8865054263fffff,Hulu Langat,0,0,False,0.0,0.0,1460300,11210,0,0,0,0,0,0,0,0,0,0,0,0.0
886505cca5fffff,Hulu Langat,0,0,False,0.0,0.0,1460300,11210,0,0,0,0,0,0,0,0,0,0,0,0.0
8865055769fffff,Hulu Langat,0,0,False,0.0,0.0,1460300,11210,0,0,0,0,0,0,0,0,0,0,0,0.0
8865051a69fffff,Hulu Langat,0,0,False,0.0,0.0,1460300,11210,0,0,0,0,0,0,0,0,0,0,0,0.0
886505cdcbfffff,Hulu Langat,0,0,False,0.0,0.0,1460300,11210,0,0,0,0,0,0,0,0,0,0,0,0.0
886505ceabfffff,Hulu Langat,0,0,False,0.0,0.0,1460300,11210,0,0,0,0,0,0,0,0,0,0,0,0.0
886505c5b5fffff,Hulu Langat,1,23,True,2.0,1059.8396051819866,1460300,11210,3,2,0,3,2,1,2,1,8,0,1,12.9
886505185dfffff,Hulu Langat,0,23,True,1.0,529.9198025909933,1460300,11210,1,3,2,6,2,0,2,0,1,6,0,11.4
886505ccedfffff,Hulu Langat,0,0,False,0.0,0.0,1460300,11210,0,0,0,0,0,0,0,0,0,0,0,0.0
8865051b6dfffff,Hulu Langat,236,239,True,40.069999999999936,21233.88648982107,1460300,11210,2,0,0,1,0,0,0,236,0,0,0,237.2
8865051809fffff,Hulu Langat,7,36,True,8.0,4239.358420727946,1460300,11210,1,3,0,1,6,4,2,7,8,3,1,23.1
8865055099fffff,Hulu Langat,0,0,False,0.0,0.0,1460300,11210,0,0,0,0,0,0,0,0,0,0,0,0.0
8865055547fffff,Hulu Langat,0,0,False,0.0,0.0,1460300,11210,0,0,0,0,0,0,0,0,0,0,0,0.0
8865055505fffff,Hulu Langat,0,1,False,0.0,0.0,1460300,11210,1,0,0,0,0,0,0,0,0,0,0,0.4
886505568dfffff,Hulu Langat,11,12,True,12.0,6359.03763109192,1460300,11210,0,0,0,1,0,0,0,11,0,0,0,11.4
886505546bfffff,Hulu Langat,0,0,False,0.0,0.0,1460300,11210,0,0,0,0,0,0,0,0,0,0,0,0.0
886505431dfffff,Hulu Langat,0,0,False,0.0,0.0,1460300,11210,0,0,0,0,0,0,0,0,0,0,0,0.0
88650552bdfffff,Hulu Langat,0,0,False,0.0,0.0,1460300,11210,0,0,0,0,0,0,0,0,0,0,0,0.0
8865054017fffff,Hulu Langat,0,0,False,0.0,0.0,1460300,11210,0,0,0,0,0,0,0,0,0,0,0,0.0
88650552d9fffff,Hulu Langat,0,0,False,0.0,0.0,1460300,11210,0,0,0,0,0,0,0,0,0,0,0,0.0
886505cdadfffff,Hulu Langat,0,0,False,0.0,0.0,1460300,11210,0,0,0,0,0,0,0,0,0,0,0,0.0
886505184dfffff,Hulu Langat,2,3,True,3.0,1589.75940777298,1460300,11210,1,0,0,0,0,0,0,2,0,0,0,2.4
886505425dfffff,Hulu Langat,0,0,False,0.0,0.0,1460300,11210,0,0,0,0,0,0,0,0,0,0,0,0.0
8865054247fffff,Hulu Langat,0,0,False,0.0,0.0,1460300,11210,0,0,0,0,0,0,0,0,0,0,0,0.0
88650556c1fffff,Hulu Langat,10,10,True,11.0,5829.117828500926,1460300,11210,0,0,0,0,0,0,0,10,0,0,0,10.0
88650519abfffff,Hulu Langat,9,41,True,10.0,5299.198025909934,1460300,11210,2,0,0,2,2,0,1,9,10,1,14,33.4
886505464bfffff,Hulu Langat,59,258,True,40.069999999999936,21233.88648982107,1460300,11210,4,2,4,3,22,7,6,59,18,3,130,225.7
88650554abfffff,Hulu Langat,20,639,True,21.0,11128.31585441086,1460300,11210,3,2,0,3,6,0,1,20,433,2,169,499.9
8865051b49fffff,Hulu Langat,2,11,True,3.0,1589.75940777298,1460300,11210,2,1,0,3,0,0,0,2,0,0,3,7.5
88650519dbfffff,Hulu Langat,0,34,True,1.0,529.9198025909933,1460300,11210,0,0,0,3,0,0,4,0,3,6,17,24.7
886505184bfffff,Hulu Langat,2,8,True,3.0,1589.75940777298,1460300,11210,0,0,0,3,0,0,1,2,0,0,2,5.4
8865054251fffff,Hulu Langat,0,0,False,0.0,0.0,1460300,11210,0,0,0,0,0,0,0,0,0,0,0,0.0
8865051963fffff,Hulu Langat,0,0,False,0.0,0.0,1460300,11210,0,0,0,0,0,0,0,0,0,0,0,0.0
8865051b47fffff,Hulu Langat,1,6,True,2.0,1059.8396051819866,1460300,11210,1,0,0,1,1,0,0,1,1,1,0,3.6
8865055649fffff,Hulu Langat,0,0,False,0.0,0.0,1460300,11210,0,0,0,0,0,0,0,0,0,0,0,0.0
8865051803fffff,Hulu Langat,18,22,True,19.0,10068.476249228874,1460300,11210,0,0,0,3,0,0,0,18,1,0,0,19.9
886505423bfffff,Hulu Langat,0,0,False,0.0,0.0,1460300,11210,0,0,0,0,0,0,0,0,0,0,0,0.0
8865055533fffff,Hulu Langat,0,0,False,0.0,0.0,1460300,11210,0,0,0,0,0,0,0,0,0,0,0,0.0
8865055423fffff,Hulu Langat,0,0,False,0.0,0.0,1460300,11210,0,0,0,0,0,0,0,0,0,0,0,0.0
8865055705fffff,Hulu Langat,0,0,False,0.0,0.0,1460300,11210,0,0,0,0,0,0,0,0,0,0,0,0.0
886505cea1fffff,Hulu Langat,0,0,False,0.0,0.0,1460300,11210,0,0,0,0,0,0,0,0,0,0,0,0.0
88650542ebfffff,Hulu Langat,0,0,False,0.0,0.0,1460300,11210,0,0,0,0,0,0,0,0,0,0,0,0.0
88650552b9fffff,Hulu Langat,0,0,False,0.0,0.0,1460300,11210,0,0,0,0,0,0,0,0,0,0,0,0.0
8865055283fffff,Hulu Langat,0,0,False,0.0,0.0,1460300,11210,0,0,0,0,0,0,0,0,0,0,0,0.0
8865055759fffff,Hulu Langat,0,0,False,0.0,0.0,1460300,11210,0,0,0,0,0,0,0,0,0,0,0,0.0
886505cd17fffff,Hulu Langat,0,0,False,0.0,0.0,1460300,11210,0,0,0,0,0,0,0,0,0,0,0,0.0
886505426dfffff,Hulu Langat,0,0,False,0.0,0.0,1460300,11210,0,0,0,0,0,0,0,0,0,0,0,0.0
8865055641fffff,Hulu Langat,0,1,False,0.0,0.0,1460300,11210,0,0,0,0,0,0,0,0,0,0,1,1.0
886505191dfffff,Hulu Langat,3,20,True,4.0,2119.679210363973,1460300,11210,1,0,0,14,1,0,0,3,0,0,0,9.5
8865051825fffff,Hulu Langat,14,95,True,15.0,7948.7970388649,1460300,11210,5,3,0,2,2,0,2,14,64,3,0,66.3
88650519edfffff,Hulu Langat,1,17,True,2.0,1059.8396051819866,1460300,11210,1,2,0,4,0,0,0,1,0,3,6,11.8
88650555dbfffff,Hulu Langat,7,12,True,8.0,4239.358420727946,1460300,11210,2,0,0,2,0,0,0,7,1,0,0,9.3
8865051b25fffff,Hulu Langat,0,0,False,0.0,0.0,1460300,11210,0,0,0,0,0,0,0,0,0,0,0,0.0
8865051a2dfffff,Hulu Langat,0,0,False,0.0,0.0,1460300,11210,0,0,0,0,0,0,0,0,0,0,0,0.0
886505546dfffff,Hulu Langat,0,0,False,0.0,0.0,1460300,11210,0,0,0,0,0,0,0,0,0,0,0,0.0
88650542c7fffff,Hulu Langat,0,0,False,0.0,0.0,1460300,11210,0,0,0,0,0,0,0,0,0,0,0,0.0
8865051855fffff,Hulu Langat,1,38,True,2.0,1059.8396051819866,1460300,11210,2,1,0,13,4,1,1,1,13,1,1,20.9
8865051a2bfffff,Hulu Langat,0,0,False,0.0,0.0,1460300,11210,0,0,0,0,0,0,0,0,0,0,0,0.0
8865054045fffff,Hulu Langat,0,0,False,0.0,0.0,1460300,11210,0,0,0,0,0,0,0,0,0,0,0,0.0
8865055637fffff,Hulu Langat,0,0,False,0.0,0.0,1460300,11210,0,0,0,0,0,0,0,0,0,0,0,0.0
886505180bfffff,Hulu Langat,13,42,True,14.0,7418.877236273906,1460300,11210,6,3,0,2,1,0,0,13,16,1,0,30.0
88650555a5fffff,Hulu Langat,0,0,False,0.0,0.0,1460300,11210,0,0,0,0,0,0,0,0,0,0,0,0.0
8865051a25fffff,Hulu Langat,0,0,False,0.0,0.0,1460300,11210,0,0,0,0,0,0,0,0,0,0,0,0.0
8865055453fffff,Hulu Langat,0,1,False,0.0,0.0,1460300,11210,1,0,0,0,0,0,0,0,0,0,0,0.4
886505560bfffff,Hulu Langat,0,57,True,1.0,529.9198025909933,1460300,11210,5,0,0,4,8,0,32,0,0,8,0,18.8
8865055621fffff,Hulu Langat,0,0,False,0.0,0.0,1460300,11210,0,0,0,0,0,0,0,0,0,0,0,0.0
8865055457fffff,Hulu Langat,0,0,False,0.0,0.0,1460300,11210,0,0,0,0,0,0,0,0,0,0,0,0.0
886505ccd1fffff,Hulu Langat,0,1,False,0.0,0.0,1460300,11210,0,0,0,0,0,0,0,0,0,0,1,1.0
8865051a15fffff,Hulu Langat,1,9,True,2.0,1059.8396051819866,1460300,11210,1,0,1,1,0,0,0,1,4,0,1,6.3
886505c589fffff,Hulu Langat,0,0,False,0.0,0.0,1460300,11210,0,0,0,0,0,0,0,0,0,0,0,0.0
88650542cbfffff,Hulu Langat,0,0,False,0.0,0.0,1460300,11210,0,0,0,0,0,0,0,0,0,0,0,0.0
8865051a27fffff,Hulu Langat,0,0,False,0.0,0.0,1460300,11210,0,0,0,0,0,0,0,0,0,0,0,0.0
8865051863fffff,Hulu Langat,3,6,True,4.0,2119.679210363973,1460300,11210,0,0,0,0,0,0,0,3,0,1,2,5.6
8865055487fffff,Hulu Langat,22,144,True,23.0,12188.155459592846,1460300,11210,1,4,0,3,7,5,3,22,83,3,13,105.1
8865055433fffff,Hulu Langat,0,2,False,0.0,0.0,1460300,11210,0,0,0,0,2,0,0,0,0,0,0,1.0
8865055735fffff,Hulu Langat,0,0,False,0.0,0.0,1460300,11210,0,0,0,0,0,0,0,0,0,0,0,0.0
8865051901fffff,Hulu Langat,1,1,True,2.0,1059.8396051819866,1460300,11210,0,0,0,0,0,0,0,1,0,0,0,1.0
886505cccdfffff,Hulu Langat,0,0,False,0.0,0.0,1460300,11210,0,0,0,0,0,0,0,0,0,0,0,0.0
886505c58bfffff,Hulu Langat,0,0,False,0.0,0.0,1460300,11210,0,0,0,0,0,0,0,0,0,0,0,0.0
886505cd33fffff,Hulu Langat,0,0,False,0.0,0.0,1460300,11210,0,0,0,0,0,0,0,0,0,0,0,0.0
886505540dfffff,Hulu Langat,0,6,True,1.0,529.9198025909933,1460300,11210,0,0,0,0,0,0,0,0,0,0,6,6.0
886505cde7fffff,Hulu Langat,0,0,False,0.0,0.0,1460300,11210,0,0,0,0,0,0,0,0,0,0,0,0.0
88650555d3fffff,Hulu Langat,0,1,False,0.0,0.0,1460300,11210,1,0,0,0,0,0,0,0,0,0,0,0.4
8865055415fffff,Hulu Langat,5,17,True,6.0,3179.51881554596,1460300,11210,1,3,0,2,2,1,1,5,2,0,0,10.8
8865051b29fffff,Hulu Langat,1,1,True,2.0,1059.8396051819866,1460300,11210,0,0,0,0,0,0,0,1,0,0,0,1.0
88650550d5fffff,Hulu Langat,0,0,False,0.0,0.0,1460300,11210,0,0,0,0,0,0,0,0,0,0,0,0.0
88650519b7fffff,Hulu Langat,2,64,True,3.0,1589.75940777298,1460300,11210,1,0,0,1,0,0,0,2,14,0,46,58.6
88650550d9fffff,Hulu Langat,0,0,False,0.0,0.0,1460300,11210,0,0,0,0,0,0,0,0,0,0,0,0.0
88650550a3fffff,Hulu Langat,0,0,False,0.0,0.0,1460300,11210,0,0,0,0,0,0,0,0,0,0,0,0.0
886505425bfffff,Hulu Langat,0,0,False,0.0,0.0,1460300,11210,0,0,0,0,0,0,0,0,0,0,0,0.0
88650542a3fffff,Hulu Langat,0,0,False,0.0,0.0,1460300,11210,0,0,0,0,0,0,0,0,0,0,0,0.0
8865055435fffff,Hulu Langat,0,0,False,0.0,0.0,1460300,11210,0,0,0,0,0,0,0,0,0,0,0,0.0
886505544dfffff,Hulu Langat,0,0,False,0.0,0.0,1460300,11210,0,0,0,0,0,0,0,0,0,0,0,0.0
8865051b69fffff,Hulu Langat,120,157,True,40.069999999999936,21233.88648982107,1460300,11210,2,2,1,5,1,0,1,120,1,8,3,133.7
886505c5b9fffff,Hulu Langat,0,2,False,0.0,0.0,1460300,11210,0,0,0,0,0,0,0,0,0,0,2,2.0
8865051a45fffff,Hulu Langat,0,4,True,1.0,529.9198025909933,1460300,11210,2,0,0,0,0,0,1,0,0,1,0,1.6
8865054267fffff,Hulu Langat,0,0,False,0.0,0.0,1460300,11210,0,0,0,0,0,0,0,0,0,0,0,0.0
8865055667fffff,Hulu Langat,0,0,False,0.0,0.0,1460300,11210,0,0,0,0,0,0,0,0,0,0,0,0.0
88650555cdfffff,Hulu Langat,0,0,False,0.0,0.0,1460300,11210,0,0,0,0,0,0,0,0,0,0,0,0.0
8865051817fffff,Hulu Langat,0,74,True,1.0,529.9198025909933,1460300,11210,1,1,0,1,4,1,5,0,9,4,48,61.5
88650550a9fffff,Hulu Langat,0,0,False,0.0,0.0,1460300,11210,0,0,0,0,0,0,0,0,0,0,0,0.0
886505cd83fffff,Hulu Langat,0,0,False,0.0,0.0,1460300,11210,0,0,0,0,0,0,0,0,0,0,0,0.0
88650550ddfffff,Hulu Langat,0,0,False,0.0,0.0,1460300,11210,0,0,0,0,0,0,0,0,0,0,0,0.0
88650550c9fffff,Hulu Langat,0,0,False,0.0,0.0,1460300,11210,0,0,0,0,0,0,0,0,0,0,0,0.0
8865051b15fffff,Hulu Langat,2,3,True,3.0,1589.75940777298,1460300,11210,0,0,0,1,0,0,0,2,0,0,0,2.4
8865051811fffff,Hulu Langat,2,21,True,3.0,1589.75940777298,1460300,11210,0,0,1,0,0,0,0,2,0,3,15,19.5
8865054261fffff,Hulu Langat,0,0,False,0.0,0.0,1460300,11210,0,0,0,0,0,0,0,0,0,0,0,0.0
88650542dbfffff,Hulu Langat,0,0,False,0.0,0.0,1460300,11210,0,0,0,0,0,0,0,0,0,0,0,0.0
886505cca1fffff,Hulu Langat,0,0,False,0.0,0.0,1460300,11210,0,0,0,0,0,0,0,0,0,0,0,0.0
8865054223fffff,Hulu Langat,0,0,False,0.0,0.0,1460300,11210,0,0,0,0,0,0,0,0,0,0,0,0.0
8865055555fffff,Hulu Langat,0,0,False,0.0,0.0,1460300,11210,0,0,0,0,0,0,0,0,0,0,0,0.0
8865055485fffff,Hulu Langat,6,113,True,7.0,3709.438618136953,1460300,11210,9,5,0,3,1,0,0,6,51,2,36,86.7
886505ccc1fffff,Hulu Langat,0,0,False,0.0,0.0,1460300,11210,0,0,0,0,0,0,0,0,0,0,0,0.0
8865055299fffff,Hulu Langat,0,0,False,0.0,0.0,1460300,11210,0,0,0,0,0,0,0,0,0,0,0,0.0
8865054295fffff,Hulu Langat,0,0,False,0.0,0.0,1460300,11210,0,0,0,0,0,0,0,0,0,0,0,0.0
88650554e9fffff,Hulu Langat,0,0,False,0.0,0.0,1460300,11210,0,0,0,0,0,0,0,0,0,0,0,0.0
8865051a17fffff,Hulu Langat,0,11,True,1.0,529.9198025909933,1460300,11210,3,0,0,1,0,0,0,0,7,0,0,6.5
8865051947fffff,Hulu Langat,1,1,True,2.0,1059.8396051819866,1460300,11210,0,0,0,0,0,0,0,1,0,0,0,1.0
8865055607fffff,Hulu Langat,0,0,False,0.0,0.0,1460300,11210,0,0,0,0,0,0,0,0,0,0,0,0.0
886505199dfffff,Hulu Langat,1,127,True,2.0,1059.8396051819866,1460300,11210,0,0,0,1,0,0,0,1,0,0,124,125.4
8865051869fffff,Hulu Langat,1,2,True,2.0,1059.8396051819866,1460300,11210,1,0,0,0,0,0,0,1,0,0,0,1.4
8865051a53fffff,Hulu Langat,5,5,True,6.0,3179.51881554596,1460300,11210,0,0,0,0,0,0,0,5,0,0,0,5.0
886505ceb3fffff,Hulu Langat,0,0,False,0.0,0.0,1460300,11210,0,0,0,0,0,0,0,0,0,0,0,0.0
886505565bfffff,Hulu Langat,0,0,False,0.0,0.0,1460300,11210,0,0,0,0,0,0,0,0,0,0,0,0.0
886505555bfffff,Hulu Langat,0,0,False,0.0,0.0,1460300,11210,0,0,0,0,0,0,0,0,0,0,0,0.0
886505c5a1fffff,Hulu Langat,1,1,True,2.0,1059.8396051819866,1460300,11210,0,0,0,0,0,0,0,1,0,0,0,1.0
8865051985fffff,Hulu Langat,6,52,True,7.0,3709.438618136953,1460300,11210,2,1,0,2,0,0,0,6,1,0,40,48.8
8865051807fffff,Hulu Langat,12,127,True,13.0,6888.957433682914,1460300,11210,4,4,0,10,7,4,6,12,6,7,66,100.7
8865051999fffff,Hulu Langat,0,9,True,1.0,529.9198025909933,1460300,11210,0,0,0,0,0,0,0,0,0,0,9,9.0
8865051a01fffff,Hulu Langat,0,0,False,0.0,0.0,1460300,11210,0,0,0,0,0,0,0,0,0,0,0,0.0
886505552dfffff,Hulu Langat,0,0,False,0.0,0.0,1460300,11210,0,0,0,0,0,0,0,0,0,0,0,0.0
8865051b67fffff,Hulu Langat,0,0,False,0.0,0.0,1460300,11210,0,0,0,0,0,0,0,0,0,0,0,0.0
88650542a1fffff,Hulu Langat,0,0,False,0.0,0.0,1460300,11210,0,0,0,0,0,0,0,0,0,0,0,0.0
8865051867fffff,Hulu Langat,1,11,True,2.0,1059.8396051819866,1460300,11210,1,1,0,6,0,0,0,1,0,2,0,5.5
88650519d7fffff,Hulu Langat,10,31,True,11.0,5829.117828500926,1460300,11210,2,0,0,0,0,0,0,7,1,1,17,26.1
8865051953fffff,Hulu Langat,19,129,True,20.0,10598.396051819867,1460300,11210,2,0,0,2,0,0,0,19,106,0,0,94.8
8865055195fffff,Hulu Langat,0,0,False,0.0,0.0,1460300,11210,0,0,0,0,0,0,0,0,0,0,0,0.0
88650554adfffff,Hulu Langat,6,214,True,7.0,3709.438618136953,1460300,11210,1,3,0,3,2,2,1,6,29,1,166,198.2
8865055441fffff,Hulu Langat,0,0,False,0.0,0.0,1460300,11210,0,0,0,0,0,0,0,0,0,0,0,0.0
886505cebbfffff,Hulu Langat,0,0,False,0.0,0.0,1460300,11210,0,0,0,0,0,0,0,0,0,0,0,0.0
886505550bfffff,Hulu Langat,0,0,False,0.0,0.0,1460300,11210,0,0,0,0,0,0,0,0,0,0,0,0.0
886505562bfffff,Hulu Langat,0,0,False,0.0,0.0,1460300,11210,0,0,0,0,0,0,0,0,0,0,0,0.0
886505183bfffff,Hulu Langat,3,92,True,4.0,2119.679210363973,1460300,11210,1,1,3,2,25,12,10,3,19,2,14,55.8
8865051929fffff,Hulu Langat,0,0,False,0.0,0.0,1460300,11210,0,0,0,0,0,0,0,0,0,0,0,0.0
8865051b1dfffff,Hulu Langat,0,0,False,0.0,0.0,1460300,11210,0,0,0,0,0,0,0,0,0,0,0,0.0
886505cc17fffff,Hulu Langat,0,0,False,0.0,0.0,1460300,11210,0,0,0,0,0,0,0,0,0,0,0,0.0
886505574dfffff,Hulu Langat,0,0,False,0.0,0.0,1460300,11210,0,0,0,0,0,0,0,0,0,0,0,0.0
8865055763fffff,Hulu Langat,0,0,False,0.0,0.0,1460300,11210,0,0,0,0,0,0,0,0,0,0,0,0.0
886505cddbfffff,Hulu Langat,0,0,False,0.0,0.0,1460300,11210,0,0,0,0,0,0,0,0,0,0,0,0.0
8865051b17fffff,Hulu Langat,2,3,True,3.0,1589.75940777298,1460300,11210,0,0,0,1,0,0,0,2,0,0,0,2.4
8865051849fffff,Hulu Langat,0,1,False,0.0,0.0,1460300,11210,0,0,0,1,0,0,0,0,0,0,0,0.4
8865051845fffff,Hulu Langat,0,0,False,0.0,0.0,1460300,11210,0,0,0,0,0,0,0,0,0,0,0,0.0
886505cc85fffff,Hulu Langat,0,0,False,0.0,0.0,1460300,11210,0,0,0,0,0,0,0,0,0,0,0,0.0
886505ccb1fffff,Hulu Langat,0,6,True,1.0,529.9198025909933,1460300,11210,0,0,0,1,3,0,0,0,0,0,2,3.9
886505cda7fffff,Hulu Langat,0,0,False,0.0,0.0,1460300,11210,0,0,0,0,0,0,0,0,0,0,0,0.0
8865055565fffff,Hulu Langat,0,0,False,0.0,0.0,1460300,11210,0,0,0,0,0,0,0,0,0,0,0,0.0
886505ce95fffff,Hulu Langat,0,1,False,0.0,0.0,1460300,11210,0,0,0,0,1,0,0,0,0,0,0,0.5
8865055615fffff,Hulu Langat,0,0,False,0.0,0.0,1460300,11210,0,0,0,0,0,0,0,0,0,0,0,0.0
886505cc39fffff,Hulu Langat,0,0,False,0.0,0.0,1460300,11210,0,0,0,0,0,0,0,0,0,0,0,0.0
886505cc99fffff,Hulu Langat,1,5,True,2.0,1059.8396051819866,1460300,11210,0,0,0,0,0,0,0,1,0,0,4,5.0
8865051a43fffff,Hulu Langat,0,2,False,0.0,0.0,1460300,11210,0,1,0,1,0,0,0,0,0,0,0,0.9
88650519b1fffff,Hulu Langat,10,136,True,11.0,5829.117828500926,1460300,11210,1,0,0,1,3,0,12,10,17,3,87,115.4
88650554ddfffff,Hulu Langat,7,10,True,8.0,4239.358420727946,1460300,11210,0,0,0,0,0,0,0,7,0,0,3,10.0
8865055443fffff,Hulu Langat,0,0,False,0.0,0.0,1460300,11210,0,0,0,0,0,0,0,0,0,0,0,0.0
8865051815fffff,Hulu Langat,1,7,True,2.0,1059.8396051819866,1460300,11210,0,0,0,3,0,0,0,1,0,3,0,4.0
8865050b45fffff,Hulu Langat,13,187,True,14.0,7418.877236273906,1460300,11210,1,2,0,2,18,6,2,13,141,1,0,126.89999999999999
886505cd93fffff,Hulu Langat,0,0,False,0.0,0.0,1460300,11210,0,0,0,0,0,0,0,0,0,0,0,0.0
88650554d1fffff,Hulu Langat,13,96,True,14.0,7418.877236273906,1460300,11210,0,0,0,1,1,0,0,13,32,0,49,85.3
8865055097fffff,Hulu Langat,0,0,False,0.0,0.0,1460300,11210,0,0,0,0,0,0,0,0,0,0,0,0.0
88650555c5fffff,Hulu Langat,0,0,False,0.0,0.0,1460300,11210,0,0,0,0,0,0,0,0,0,0,0,0.0
8865055687fffff,Hulu Langat,7,27,True,8.0,4239.358420727946,1460300,11210,0,0,0,4,0,0,7,7,2,0,7,18.4
886505c5c7fffff,Hulu Langat,0,0,False,0.0,0.0,1460300,11210,0,0,0,0,0,0,0,0,0,0,0,0.0
8865051ae7fffff,Hulu Langat,0,0,False,0.0,0.0,1460300,11210,0,0,0,0,0,0,0,0,0,0,0,0.0
8865051839fffff,Hulu Langat,0,9,True,1.0,529.9198025909933,1460300,11210,1,0,0,8,0,0,0,0,0,0,0,3.6
886505428dfffff,Hulu Langat,0,0,False,0.0,0.0,1460300,11210,0,0,0,0,0,0,0,0,0,0,0,0.0
88650550abfffff,Hulu Langat,0,0,False,0.0,0.0,1460300,11210,0,0,0,0,0,0,0,0,0,0,0,0.0
886505556dfffff,Hulu Langat,0,0,False,0.0,0.0,1460300,11210,0,0,0,0,0,0,0,0,0,0,0,0.0
8865055447fffff,Hulu Langat,0,0,False,0.0,0.0,1460300,11210,0,0,0,0,0,0,0,0,0,0,0,0.0
8865051ae1fffff,Hulu Langat,1,5,True,2.0,1059.8396051819866,1460300,11210,1,0,0,0,0,0,3,1,0,0,0,2.0
8865055403fffff,Hulu Langat,1,69,True,2.0,1059.8396051819866,1460300,11210,1,0,0,0,2,1,1,1,57,0,6,49.0
886505ccc9fffff,Hulu Langat,0,0,False,0.0,0.0,1460300,11210,0,0,0,0,0,0,0,0,0,0,0,0.0
88650555edfffff,Hulu Langat,0,0,False,0.0,0.0,1460300,11210,0,0,0,0,0,0,0,0,0,0,0,0.0
88650550d7fffff,Hulu Langat,0,0,False,0.0,0.0,1460300,11210,0,0,0,0,0,0,0,0,0,0,0,0.0
886505cd97fffff,Hulu Langat,0,0,False,0.0,0.0,1460300,11210,0,0,0,0,0,0,0,0,0,0,0,0.0
886505c5c3fffff,Hulu Langat,0,0,False,0.0,0.0,1460300,11210,0,0,0,0,0,0,0,0,0,0,0,0.0
886505cdb7fffff,Hulu Langat,0,0,False,0.0,0.0,1460300,11210,0,0,0,0,0,0,0,0,0,0,0,0.0
886505555dfffff,Hulu Langat,0,0,False,0.0,0.0,1460300,11210,0,0,0,0,0,0,0,0,0,0,0,0.0
886505182dfffff,Hulu Langat,26,365,True,27.0,14307.83466995682,1460300,11210,1,2,0,4,2,2,4,26,236,1,86,283.59999999999997
886505cc07fffff,Hulu Langat,0,0,False,0.0,0.0,1460300,11210,0,0,0,0,0,0,0,0,0,0,0,0.0
8865055407fffff,Hulu Langat,1,1,True,2.0,1059.8396051819866,1460300,11210,0,0,0,0,0,0,0,1,0,0,0,1.0
886505181dfffff,Hulu Langat,2,47,True,3.0,1589.75940777298,1460300,11210,6,4,0,3,5,1,1,2,8,4,13,31.8
886505548bfffff,Hulu Langat,20,231,True,21.0,11128.31585441086,1460300,11210,4,2,0,2,1,0,0,20,187,0,15,169.79999999999998
886505cca9fffff,Hulu Langat,0,0,False,0.0,0.0,1460300,11210,0,0,0,0,0,0,0,0,0,0,0,0.0
8865050b69fffff,Hulu Langat,38,63,True,39.0,20666.87230104874,1460300,11210,3,1,0,3,1,0,0,38,5,0,12,56.9
8865054219fffff,Hulu Langat,0,0,False,0.0,0.0,1460300,11210,0,0,0,0,0,0,0,0,0,0,0,0.0
8865054359fffff,Hulu Langat,0,0,False,0.0,0.0,1460300,11210,0,0,0,0,0,0,0,0,0,0,0,0.0
8865055469fffff,Hulu Langat,1,2,True,2.0,1059.8396051819866,1460300,11210,1,0,0,0,0,0,0,1,0,0,0,1.4
8865050b65fffff,Hulu Langat,5,68,True,6.0,3179.51881554596,1460300,11210,3,2,0,1,0,0,2,5,49,1,5,47.9
8865051865fffff,Hulu Langat,1,6,True,2.0,1059.8396051819866,1460300,11210,0,0,0,1,0,0,1,1,0,0,3,4.6
886505cc91fffff,Hulu Langat,0,0,False,0.0,0.0,1460300,11210,0,0,0,0,0,0,0,0,0,0,0,0.0
8865055669fffff,Hulu Langat,0,0,False,0.0,0.0,1460300,11210,0,0,0,0,0,0,0,0,0,0,0,0.0
886505cdbdfffff,Hulu Langat,0,0,False,0.0,0.0,1460300,11210,0,0,0,0,0,0,0,0,0,0,0,0.0
886505cc83fffff,Hulu Langat,0,7,True,1.0,529.9198025909933,1460300,11210,1,1,0,0,4,1,0,0,0,0,0,3.4
886505545bfffff,Hulu Langat,0,0,False,0.0,0.0,1460300,11210,0,0,0,0,0,0,0,0,0,0,0,0.0
8865055753fffff,Hulu Langat,0,0,False,0.0,0.0,1460300,11210,0,0,0,0,0,0,0,0,0,0,0,0.0
88650519e5fffff,Hulu Langat,4,28,True,5.0,2649.599012954967,1460300,11210,2,2,0,1,1,0,0,4,13,5,0,18.8
886505428bfffff,Hulu Langat,0,0,False,0.0,0.0,1460300,11210,0,0,0,0,0,0,0,0,0,0,0,0.0
88650542edfffff,Hulu Langat,0,0,False,0.0,0.0,1460300,11210,0,0,0,0,0,0,0,0,0,0,0,0.0
88650556a5fffff,Hulu Langat,0,1,False,0.0,0.0,1460300,11210,1,0,0,0,0,0,0,0,0,0,0,0.4
886505cc15fffff,Hulu Langat,0,0,False,0.0,0.0,1460300,11210,0,0,0,0,0,0,0,0,0,0,0,0.0
88650554cdfffff,Hulu Langat,0,1,False,0.0,0.0,1460300,11210,0,0,0,0,0,0,0,0,0,0,1,1.0
88650542c1fffff,Hulu Langat,0,0,False,0.0,0.0,1460300,11210,0,0,0,0,0,0,0,0,0,0,0,0.0
8865055751fffff,Hulu Langat,0,0,False,0.0,0.0,1460300,11210,0,0,0,0,0,0,0,0,0,0,0,0.0
886505cde9fffff,Hulu Langat,0,0,False,0.0,0.0,1460300,11210,0,0,0,0,0,0,0,0,0,0,0,0.0
886505cd99fffff,Hulu Langat,0,0,False,0.0,0.0,1460300,11210,0,0,0,0,0,0,0,0,0,0,0,0.0
8865051b31fffff,Hulu Langat,9,367,True,10.0,5299.198025909934,1460300,11210,0,0,0,0,0,0,0,9,6,0,352,365.2
8865051841fffff,Hulu Langat,16,25,True,17.0,9008.636644046886,1460300,11210,1,1,0,6,0,0,0,16,0,0,1,20.3
886505c5a3fffff,Hulu Langat,28,40,True,29.0,15367.674275138806,1460300,11210,6,2,0,2,0,0,0,28,2,0,0,33.6
8865055515fffff,Hulu Langat,1,5,True,2.0,1059.8396051819866,1460300,11210,0,1,0,2,1,0,0,1,0,0,0,2.8
8865055755fffff,Hulu Langat,0,0,False,0.0,0.0,1460300,11210,0,0,0,0,0,0,0,0,0,0,0,0.0
88650552d3fffff,Hulu Langat,0,0,False,0.0,0.0,1460300,11210,0,0,0,0,0,0,0,0,0,0,0,0.0
886505cde1fffff,Hulu Langat,0,0,False,0.0,0.0,1460300,11210,0,0,0,0,0,0,0,0,0,0,0,0.0
88650550b7fffff,Hulu Langat,0,0,False,0.0,0.0,1460300,11210,0,0,0,0,0,0,0,0,0,0,0,0.0
886505cd91fffff,Hulu Langat,0,0,False,0.0,0.0,1460300,11210,0,0,0,0,0,0,0,0,0,0,0,0.0
8865055297fffff,Hulu Langat,0,0,False,0.0,0.0,1460300,11210,0,0,0,0,0,0,0,0,0,0,0,0.0
88650542d9fffff,Hulu Langat,0,0,False,0.0,0.0,1460300,11210,0,0,0,0,0,0,0,0,0,0,0,0.0
8865054233fffff,Hulu Langat,0,0,False,0.0,0.0,1460300,11210,0,0,0,0,0,0,0,0,0,0,0,0.0
8865051843fffff,Hulu Langat,4,25,True,5.0,2649.599012954967,1460300,11210,2,0,0,8,1,0,0,4,4,5,1,15.3
88650519e1fffff,Hulu Langat,0,70,True,1.0,529.9198025909933,1460300,11210,4,1,0,1,1,0,1,0,59,3,0,46.3
8865055091fffff,Hulu Langat,0,0,False,0.0,0.0,1460300,11210,0,0,0,0,0,0,0,0,0,0,0,0.0
886505ccd9fffff,Hulu Langat,0,0,False,0.0,0.0,1460300,11210,0,0,0,0,0,0,0,0,0,0,0,0.0
886505cdc1fffff,Hulu Langat,0,0,False,0.0,0.0,1460300,11210,0,0,0,0,0,0,0,0,0,0,0,0.0
886505cca7fffff,Hulu Langat,0,1,False,0.0,0.0,1460300,11210,1,0,0,0,0,0,0,0,0,0,0,0.4
8865051967fffff,Hulu Langat,0,0,False,0.0,0.0,1460300,11210,0,0,0,0,0,0,0,0,0,0,0,0.0
8865051ae9fffff,Hulu Langat,4,6,True,5.0,2649.599012954967,1460300,11210,0,1,0,0,1,0,0,4,0,0,0,5.0
886505ce85fffff,Hulu Langat,0,0,False,0.0,0.0,1460300,11210,0,0,0,0,0,0,0,0,0,0,0,0.0
886505cccbfffff,Hulu Langat,0,0,False,0.0,0.0,1460300,11210,0,0,0,0,0,0,0,0,0,0,0,0.0
88650556adfffff,Hulu Langat,0,0,False,0.0,0.0,1460300,11210,0,0,0,0,0,0,0,0,0,0,0,0.0
88650519a7fffff,Hulu Langat,10,18,True,11.0,5829.117828500926,1460300,11210,2,0,0,3,0,0,0,10,3,0,0,14.1
8865051b65fffff,Hulu Langat,0,0,False,0.0,0.0,1460300,11210,0,0,0,0,0,0,0,0,0,0,0,0.0
88650519e7fffff,Hulu Langat,1,13,True,2.0,1059.8396051819866,1460300,11210,2,1,0,1,1,1,2,1,3,1,0,6.8
886505508dfffff,Hulu Langat,0,0,False,0.0,0.0,1460300,11210,0,0,0,0,0,0,0,0,0,0,0,0.0
886505ce81fffff,Hulu Langat,0,2,False,0.0,0.0,1460300,11210,0,0,0,0,0,0,0,0,0,1,1,1.6
8865055647fffff,Hulu Langat,0,5,True,1.0,529.9198025909933,1460300,11210,1,0,1,0,0,0,0,0,0,1,2,3.7
8865054239fffff,Hulu Langat,0,0,False,0.0,0.0,1460300,11210,0,0,0,0,0,0,0,0,0,0,0,0.0
8865054001fffff,Hulu Langat,0,0,False,0.0,0.0,1460300,11210,0,0,0,0,0,0,0,0,0,0,0,0.0
88650554d7fffff,Hulu Langat,10,26,True,11.0,5829.117828500926,1460300,11210,4,0,0,1,0,0,1,10,7,1,2,19.7
886505cd1dfffff,Hulu Langat,0,0,False,0.0,0.0,1460300,11210,0,0,0,0,0,0,0,0,0,0,0,0.0
886505561bfffff,Hulu Langat,0,0,False,0.0,0.0,1460300,11210,0,0,0,0,0,0,0,0,0,0,0,0.0
8865054225fffff,Hulu Langat,0,0,False,0.0,0.0,1460300,11210,0,0,0,0,0,0,0,0,0,0,0,0.0
8865051905fffff,Hulu Langat,0,0,False,0.0,0.0,1460300,11210,0,0,0,0,0,0,0,0,0,0,0,0.0
8865054227fffff,Hulu Langat,0,0,False,0.0,0.0,1460300,11210,0,0,0,0,0,0,0,0,0,0,0,0.0
886505ccc5fffff,Hulu Langat,0,0,False,0.0,0.0,1460300,11210,0,0,0,0,0,0,0,0,0,0,0,0.0
8865054049fffff,Hulu Langat,0,0,False,0.0,0.0,1460300,11210,0,0,0,0,0,0,0,0,0,0,0,0.0
8865054215fffff,Hulu Langat,0,2,False,0.0,0.0,1460300,11210,0,0,0,0,0,0,0,0,0,2,0,1.2
886505c5ebfffff,Hulu Langat,0,0,False,0.0,0.0,1460300,11210,0,0,0,0,0,0,0,0,0,0,0,0.0
8865055659fffff,Hulu Langat,0,0,False,0.0,0.0,1460300,11210,0,0,0,0,0,0,0,0,0,0,0,0.0
8865055655fffff,Hulu Langat,0,0,False,0.0,0.0,1460300,11210,0,0,0,0,0,0,0,0,0,0,0,0.0
8865055455fffff,Hulu Langat,0,0,False,0.0,0.0,1460300,11210,0,0,0,0,0,0,0,0,0,0,0,0.0
8865055197fffff,Hulu Langat,0,0,False,0.0,0.0,1460300,11210,0,0,0,0,0,0,0,0,0,0,0,0.0
8865051991fffff,Hulu Langat,3,35,True,4.0,2119.679210363973,1460300,11210,0,0,0,1,1,0,0,3,9,0,21,31.2
8865055609fffff,Hulu Langat,0,1,False,0.0,0.0,1460300,11210,0,0,1,0,0,0,0,0,0,0,0,0.7
88650550b9fffff,Hulu Langat,0,0,False,0.0,0.0,1460300,11210,0,0,0,0,0,0,0,0,0,0,0,0.0
886505424bfffff,Hulu Langat,0,0,False,0.0,0.0,1460300,11210,0,0,0,0,0,0,0,0,0,0,0,0.0
886505572bfffff,Hulu Langat,0,0,False,0.0,0.0,1460300,11210,0,0,0,0,0,0,0,0,0,0,0,0.0
8865055295fffff,Hulu Langat,0,0,False,0.0,0.0,1460300,11210,0,0,0,0,0,0,0,0,0,0,0,0.0
886505cd13fffff,Hulu Langat,0,0,False,0.0,0.0,1460300,11210,0,0,0,0,0,0,0,0,0,0,0,0.0
88650554b1fffff,Hulu Langat,60,410,True,40.069999999999936,21233.88648982107,1460300,11210,3,2,0,2,10,0,6,59,321,5,1,296.9
8865054649fffff,Hulu Langat,22,437,True,23.0,12188.155459592846,1460300,11210,7,5,0,2,11,4,4,22,350,5,26,310.4
8865050b49fffff,Hulu Langat,27,114,True,28.0,14837.754472547813,1460300,11210,1,0,0,2,0,0,0,27,20,1,63,105.8
886505c5adfffff,Hulu Langat,0,0,False,0.0,0.0,1460300,11210,0,0,0,0,0,0,0,0,0,0,0,0.0
8865051935fffff,Hulu Langat,2,6,True,3.0,1589.75940777298,1460300,11210,0,0,0,2,1,0,0,2,0,1,0,3.9
886505cce3fffff,Hulu Langat,0,0,False,0.0,0.0,1460300,11210,0,0,0,0,0,0,0,0,0,0,0,0.0
88650554ebfffff,Hulu Langat,0,0,False,0.0,0.0,1460300,11210,0,0,0,0,0,0,0,0,0,0,0,0.0
886505cdedfffff,Hulu Langat,0,0,False,0.0,0.0,1460300,11210,0,0,0,0,0,0,0,0,0,0,0,0.0
8865055617fffff,Hulu Langat,0,0,False,0.0,0.0,1460300,11210,0,0,0,0,0,0,0,0,0,0,0,0.0
8865054011fffff,Hulu Langat,0,0,False,0.0,0.0,1460300,11210,0,0,0,0,0,0,0,0,0,0,0,0.0
886505ccabfffff,Hulu Langat,0,0,False,0.0,0.0,1460300,11210,0,0,0,0,0,0,0,0,0,0,0,0.0
886505cdc5fffff,Hulu Langat,0,0,False,0.0,0.0,1460300,11210,0,0,0,0,0,0,0,0,0,0,0,0.0
88650554d5fffff,Hulu Langat,10,11,True,11.0,5829.117828500926,1460300,11210,1,0,0,0,0,0,0,10,0,0,0,10.4
886505193bfffff,Hulu Langat,4,9,True,5.0,2649.599012954967,1460300,11210,2,1,1,1,0,0,0,4,0,0,0,6.4
886505185bfffff,Hulu Langat,0,19,True,1.0,529.9198025909933,1460300,11210,1,7,0,0,0,0,1,0,0,10,0,10.1
8865055293fffff,Hulu Langat,0,0,False,0.0,0.0,1460300,11210,0,0,0,0,0,0,0,0,0,0,0,0.0
886505cea7fffff,Hulu Langat,0,0,False,0.0,0.0,1460300,11210,0,0,0,0,0,0,0,0,0,0,0,0.0
8865055739fffff,Hulu Langat,0,0,False,0.0,0.0,1460300,11210,0,0,0,0,0,0,0,0,0,0,0,0.0
8865055405fffff,Hulu Langat,0,0,False,0.0,0.0,1460300,11210,0,0,0,0,0,0,0,0,0,0,0,0.0
8865055483fffff,Hulu Langat,16,316,True,17.0,9008.636644046886,1460300,11210,4,4,1,1,32,5,4,16,244,2,3,215.0
8865055719fffff,Hulu Langat,0,0,False,0.0,0.0,1460300,11210,0,0,0,0,0,0,0,0,0,0,0,0.0
886505ccb5fffff,Hulu Langat,0,0,False,0.0,0.0,1460300,11210,0,0,0,0,0,0,0,0,0,0,0,0.0
8865055085fffff,Hulu Langat,0,0,False,0.0,0.0,1460300,11210,0,0,0,0,0,0,0,0,0,0,0,0.0
8865055733fffff,Hulu Langat,0,0,False,0.0,0.0,1460300,11210,0,0,0,0,0,0,0,0,0,0,0,0.0
88650556e9fffff,Hulu Langat,0,0,False,0.0,0.0,1460300,11210,0,0,0,0,0,0,0,0,0,0,0,0.0
8865051b21fffff,Hulu Langat,1,1,True,2.0,1059.8396051819866,1460300,11210,0,0,0,0,0,0,0,1,0,0,0,1.0
88650519bdfffff,Hulu Langat,27,117,True,28.0,14837.754472547813,1460300,11210,2,1,1,3,6,1,1,27,32,0,43,99.3
8865051989fffff,Hulu Langat,2,36,True,3.0,1589.75940777298,1460300,11210,0,0,0,0,0,0,0,2,0,0,33,35.0
886505ceb5fffff,Hulu Langat,0,0,False,0.0,0.0,1460300,11210,0,0,0,0,0,0,0,0,0,0,0,0.0
886505554dfffff,Hulu Langat,0,0,False,0.0,0.0,1460300,11210,0,0,0,0,0,0,0,0,0,0,0,0.0
88650519cdfffff,Hulu Langat,10,201,True,11.0,5829.117828500926,1460300,11210,5,1,0,3,5,2,8,10,161,2,3,135.7
886505cd9dfffff,Hulu Langat,0,0,False,0.0,0.0,1460300,11210,0,0,0,0,0,0,0,0,0,0,0,0.0
886505549dfffff,Hulu Langat,12,192,True,13.0,6888.957433682914,1460300,11210,5,2,0,2,8,1,16,12,94,2,50,140.5
88650556ddfffff,Hulu Langat,18,175,True,19.0,10068.476249228874,1460300,11210,0,8,0,3,14,6,3,18,7,4,112,153.1
8865050b41fffff,Hulu Langat,39,94,True,40.0,21196.79210363973,1460300,11210,2,2,0,8,4,0,0,39,37,1,1,73.5
886505561dfffff,Hulu Langat,0,0,False,0.0,0.0,1460300,11210,0,0,0,0,0,0,0,0,0,0,0,0.0
88650519c3fffff,Hulu Langat,15,86,True,16.0,8478.716841455893,1460300,11210,1,2,0,2,11,3,0,14,28,0,23,65.8
88650519ebfffff,Hulu Langat,0,28,True,1.0,529.9198025909933,1460300,11210,0,0,0,0,0,0,1,0,0,4,22,24.6
8865051a11fffff,Hulu Langat,6,16,True,7.0,3709.438618136953,1460300,11210,3,2,0,1,1,0,0,6,1,1,1,11.4
8865051a4bfffff,Hulu Langat,0,0,False,0.0,0.0,1460300,11210,0,0,0,0,0,0,0,0,0,0,0,0.0
8865054257fffff,Hulu Langat,0,0,False,0.0,0.0,1460300,11210,0,0,0,0,0,0,0,0,0,0,0,0.0
88650552b1fffff,Hulu Langat,0,0,False,0.0,0.0,1460300,11210,0,0,0,0,0,0,0,0,0,0,0,0.0
886505509bfffff,Hulu Langat,0,0,False,0.0,0.0,1460300,11210,0,0,0,0,0,0,0,0,0,0,0,0.0
8865055431fffff,Hulu Langat,0,1,False,0.0,0.0,1460300,11210,0,0,0,1,0,0,0,0,0,0,0,0.4
8865051b41fffff,Hulu Langat,5,61,True,6.0,3179.51881554596,1460300,11210,2,3,0,7,5,3,4,5,3,7,22,43.2
8865054213fffff,Hulu Langat,0,1,False,0.0,0.0,1460300,11210,0,1,0,0,0,0,0,0,0,0,0,0.5
886505574bfffff,Hulu Langat,0,0,False,0.0,0.0,1460300,11210,0,0,0,0,0,0,0,0,0,0,0,0.0
8865055489fffff,Hulu Langat,2,2,True,3.0,1589.75940777298,1460300,11210,0,0,0,0,0,0,0,2,0,0,0,2.0
88650550c1fffff,Hulu Langat,0,0,False,0.0,0.0,1460300,11210,0,0,0,0,0,0,0,0,0,0,0,0.0
886505c5bbfffff,Hulu Langat,12,17,True,13.0,6888.957433682914,1460300,11210,0,0,0,0,1,0,0,10,2,2,0,13.1
8865051b1bfffff,Hulu Langat,0,0,False,0.0,0.0,1460300,11210,0,0,0,0,0,0,0,0,0,0,0,0.0
8865054053fffff,Hulu Langat,0,0,False,0.0,0.0,1460300,11210,0,0,0,0,0,0,0,0,0,0,0,0.0
8865051801fffff,Hulu Langat,3,57,True,4.0,2119.679210363973,1460300,11210,2,6,0,1,5,2,1,3,3,3,31,45.8
8865051b09fffff,Hulu Langat,0,17,True,1.0,529.9198025909933,1460300,11210,1,0,0,1,2,0,1,0,3,9,0,9.5
88650554e3fffff,Hulu Langat,4,78,True,5.0,2649.599012954967,1460300,11210,1,2,0,1,1,0,2,4,67,0,0,53.599999999999994
886505ce97fffff,Hulu Langat,0,30,True,1.0,529.9198025909933,1460300,11210,0,0,0,6,0,0,0,0,0,7,0,6.6
88650554cbfffff,Hulu Langat,0,1,False,0.0,0.0,1460300,11210,0,0,0,0,0,0,1,0,0,0,0,0.2
886505401bfffff,Hulu Langat,0,0,False,0.0,0.0,1460300,11210,0,0,0,0,0,0,0,0,0,0,0,0.0
88650554a7fffff,Hulu Langat,19,355,True,20.0,10598.396051819867,1460300,11210,2,2,1,3,14,0,14,19,275,7,15,244.2
8865054205fffff,Hulu Langat,0,0,False,0.0,0.0,1460300,11210,0,0,0,0,0,0,0,0,0,0,0,0.0
886505cd8bfffff,Hulu Langat,0,0,False,0.0,0.0,1460300,11210,0,0,0,0,0,0,0,0,0,0,0,0.0
88650519b5fffff,Hulu Langat,0,78,True,1.0,529.9198025909933,1460300,11210,3,1,0,1,0,0,0,0,0,1,72,74.7
886505cd11fffff,Hulu Langat,0,0,False,0.0,0.0,1460300,11210,0,0,0,0,0,0,0,0,0,0,0,0.0
8865055625fffff,Hulu Langat,0,0,False,0.0,0.0,1460300,11210,0,0,0,0,0,0,0,0,0,0,0,0.0
8865051a05fffff,Hulu Langat,0,3,True,1.0,529.9198025909933,1460300,11210,1,0,0,1,0,1,0,0,0,0,0,1.3
8865054059fffff,Hulu Langat,0,0,False,0.0,0.0,1460300,11210,0,0,0,0,0,0,0,0,0,0,0,0.0
88650556dbfffff,Hulu Langat,13,144,True,14.0,7418.877236273906,1460300,11210,2,0,0,0,0,0,2,13,1,0,126,140.9
88650556edfffff,Hulu Langat,0,0,False,0.0,0.0,1460300,11210,0,0,0,0,0,0,0,0,0,0,0,0.0
8865051961fffff,Hulu Langat,0,0,False,0.0,0.0,1460300,11210,0,0,0,0,0,0,0,0,0,0,0,0.0
8865051b4dfffff,Hulu Langat,0,9,True,1.0,529.9198025909933,1460300,11210,0,0,0,1,0,0,1,0,0,0,7,7.6
8865054221fffff,Hulu Langat,0,0,False,0.0,0.0,1460300,11210,0,0,0,0,0,0,0,0,0,0,0,0.0
886505cd81fffff,Hulu Langat,0,0,False,0.0,0.0,1460300,11210,0,0,0,0,0,0,0,0,0,0,0,0.0
8865051aebfffff,Hulu Langat,1,13,True,2.0,1059.8396051819866,1460300,11210,1,1,0,0,6,0,1,1,3,0,0,7.2
8865051b61fffff,Hulu Langat,38,38,True,39.0,20666.87230104874,1460300,11210,0,0,0,0,0,0,0,38,0,0,0,38.0
8865051951fffff,Hulu Langat,11,56,True,12.0,6359.03763109192,1460300,11210,1,2,1,3,4,0,1,11,32,1,0,39.5
886505c599fffff,Hulu Langat,0,0,False,0.0,0.0,1460300,11210,0,0,0,0,0,0,0,0,0,0,0,0.0
8865051847fffff,Hulu Langat,0,3,True,1.0,529.9198025909933,1460300,11210,0,0,0,1,0,0,0,0,0,1,1,2.0
886505501bfffff,Hulu Langat,0,0,False,0.0,0.0,1460300,11210,0,0,0,0,0,0,0,0,0,0,0,0.0
88650556a9fffff,Hulu Langat,0,0,False,0.0,0.0,1460300,11210,0,0,0,0,0,0,0,0,0,0,0,0.0
88650546a7fffff,WP Kuala Lumpur,17,48,True,18.0,4846.467971315284,2005700,10234,3,1,0,5,2,2,1,17,3,0,14,39.0
88650546ddfffff,WP Kuala Lumpur,2,37,True,3.0,807.7446618858806,2005700,10234,0,0,0,16,0,0,2,2,0,4,13,24.2
8865057309fffff,WP Kuala Lumpur,18,39,True,19.0,5115.71619194391,2005700,10234,2,1,0,1,4,1,0,18,6,4,2,30.8
886505732dfffff,WP Kuala Lumpur,0,64,True,1.0,269.2482206286269,2005700,10234,3,4,0,4,2,0,2,0,29,6,13,43.1
886505735dfffff,WP Kuala Lumpur,2,47,True,3.0,807.7446618858806,2005700,10234,1,0,0,1,9,0,9,2,5,5,14,29.6
8865050b2dfffff,WP Kuala Lumpur,20,298,True,21.0,5654.212633201165,2005700,10234,4,1,1,2,36,2,3,20,29,4,195,260.9
8865050931fffff,WP Kuala Lumpur,1,91,True,2.0,538.4964412572538,2005700,10234,3,1,12,5,17,0,13,1,5,20,13,52.699999999999996
8865054457fffff,WP Kuala Lumpur,0,2,False,0.0,0.0,2005700,10234,0,1,0,0,1,0,0,0,0,0,0,1.0
886505095bfffff,WP Kuala Lumpur,16,449,True,17.0,4577.219750686657,2005700,10234,2,3,2,9,31,10,12,16,235,4,125,338.09999999999997
886505734dfffff,WP Kuala Lumpur,18,29,True,19.0,5115.71619194391,2005700,10234,0,0,0,7,1,0,0,18,0,3,0,23.1
886505086dfffff,WP Kuala Lumpur,19,62,True,20.0,5384.964412572537,2005700,10234,1,0,0,0,0,0,5,19,9,4,23,52.1
88650509e1fffff,WP Kuala Lumpur,37,53,True,38.0,10231.43238388782,2005700,10234,1,0,0,11,2,0,0,37,0,0,2,44.8
886505445bfffff,WP Kuala Lumpur,15,38,True,16.0,4307.97153005803,2005700,10234,6,2,0,0,3,2,3,15,3,4,0,26.0
8865050b15fffff,WP Kuala Lumpur,34,208,True,35.0,9423.68772200194,2005700,10234,4,5,0,8,5,4,2,34,123,5,17,152.29999999999998
88650546e5fffff,WP Kuala Lumpur,22,120,True,23.0,6192.709074458418,2005700,10234,6,1,1,1,7,4,2,22,69,2,4,85.39999999999999
8865050855fffff,WP Kuala Lumpur,14,33,True,15.0,4038.7233094294033,2005700,10234,2,1,0,3,3,0,1,14,6,1,0,23.0
88650546ebfffff,WP Kuala Lumpur,44,296,True,45.0,12116.16992828821,2005700,10234,12,12,1,11,15,12,28,44,95,26,36,197.1
8865050961fffff,WP Kuala Lumpur,26,339,True,27.0,7269.701956972925,2005700,10234,7,5,3,8,33,0,18,26,217,8,13,226.39999999999998
8865050985fffff,WP Kuala Lumpur,0,11,True,1.0,269.2482206286269,2005700,10234,0,0,0,8,1,0,0,0,0,1,1,5.3
8865050923fffff,WP Kuala Lumpur,45,890,True,46.0,12385.418148916837,2005700,10234,14,10,52,19,204,19,74,45,93,47,298,617.2
886505096dfffff,WP Kuala Lumpur,20,550,True,21.0,5654.212633201165,2005700,10234,4,3,0,5,4,0,10,20,422,4,78,404.9
8865050907fffff,WP Kuala Lumpur,1,32,True,2.0,538.4964412572538,2005700,10234,1,4,1,8,3,0,4,1,2,6,2,16.6
8865050821fffff,WP Kuala Lumpur,20,161,True,21.0,5654.212633201165,2005700,10234,6,3,0,3,18,0,6,20,26,5,73,129.5
88650509e3fffff,WP Kuala Lumpur,0,15,True,1.0,269.2482206286269,2005700,10234,1,2,0,4,1,0,2,0,0,3,2,7.7
8865050b3dfffff,WP Kuala Lumpur,8,270,True,9.0,2423.233985657642,2005700,10234,3,0,0,0,5,4,5,8,40,0,205,247.7
88650544c9fffff,WP Kuala Lumpur,15,100,True,16.0,4307.97153005803,2005700,10234,11,7,0,14,12,6,9,15,8,12,6,58.1
886505090bfffff,WP Kuala Lumpur,0,111,True,1.0,269.2482206286269,2005700,10234,2,0,0,3,1,0,1,0,0,0,104,106.7
8865050b07fffff,WP Kuala Lumpur,6,16,True,7.0,1884.737544400388,2005700,10234,1,0,0,3,0,0,0,6,0,0,6,13.6
8865054469fffff,WP Kuala Lumpur,11,19,True,12.0,3230.9786475435226,2005700,10234,0,0,0,1,0,0,0,11,2,3,2,16.6
88650509a7fffff,WP Kuala Lumpur,48,55,True,49.0,13193.162810802718,2005700,10234,0,1,0,5,0,0,1,48,0,0,0,50.7
88650509a9fffff,WP Kuala Lumpur,2,19,True,3.0,807.7446618858806,2005700,10234,0,1,0,12,0,0,0,2,2,0,2,10.7
88650546b3fffff,WP Kuala Lumpur,6,17,True,7.0,1884.737544400388,2005700,10234,1,0,0,9,0,0,0,6,0,1,0,10.6
8865050869fffff,WP Kuala Lumpur,10,156,True,11.0,2961.730426914896,2005700,10234,0,2,3,3,37,14,13,10,14,8,52,109.0
8865054639fffff,WP Kuala Lumpur,93,99,True,94.0,25309.332739090925,2005700,10234,1,4,0,1,0,0,0,93,0,0,0,95.8
88650509c7fffff,WP Kuala Lumpur,2,131,True,3.0,807.7446618858806,2005700,10234,5,35,6,14,20,2,10,2,5,28,1,65.6
8865057367fffff,WP Kuala Lumpur,7,171,True,8.0,2153.985765029015,2005700,10234,1,0,1,3,35,4,4,7,76,5,35,120.8
886505469dfffff,WP Kuala Lumpur,42,120,True,43.0,11577.673487030956,2005700,10234,1,4,2,12,23,0,6,42,7,5,18,89.2
88650546c3fffff,WP Kuala Lumpur,16,37,True,17.0,4577.219750686657,2005700,10234,0,0,0,17,0,0,1,16,0,1,2,25.6
8865054607fffff,WP Kuala Lumpur,94,109,True,95.0,25578.580959719555,2005700,10234,2,2,0,0,4,0,0,94,4,3,0,102.4
8865050b05fffff,WP Kuala Lumpur,3,103,True,4.0,1076.9928825145075,2005700,10234,0,0,0,2,6,4,1,3,31,7,49,83.9
8865050925fffff,WP Kuala Lumpur,43,258,True,44.0,11846.921707659583,2005700,10234,0,0,16,22,83,3,23,43,15,16,37,167.7
886505095dfffff,WP Kuala Lumpur,15,172,True,16.0,4307.97153005803,2005700,10234,1,0,0,4,3,2,6,14,81,7,53,133.6
8865050827fffff,WP Kuala Lumpur,11,37,True,12.0,3230.9786475435226,2005700,10234,3,1,0,7,9,0,0,11,0,5,1,24.0
8865050935fffff,WP Kuala Lumpur,2,279,True,3.0,807.7446618858806,2005700,10234,9,4,27,2,60,6,35,2,28,22,79,179.1
88650544c7fffff,WP Kuala Lumpur,13,33,True,14.0,3769.475088800776,2005700,10234,1,0,0,3,0,0,0,13,12,2,2,26.2
8865050b21fffff,WP Kuala Lumpur,4,289,True,5.0,1346.2411031431343,2005700,10234,6,3,0,2,24,3,8,4,238,1,0,191.0
88650509e9fffff,WP Kuala Lumpur,13,121,True,14.0,3769.475088800776,2005700,10234,0,1,1,2,19,8,2,13,19,1,55,97.8
886505460bfffff,WP Kuala Lumpur,33,77,True,34.0,9154.439501373314,2005700,10234,3,5,0,14,5,1,4,32,3,6,3,53.8
886505096bfffff,WP Kuala Lumpur,30,146,True,31.0,8346.694839487433,2005700,10234,7,4,0,5,5,1,1,30,8,2,83,129.8
8865050959fffff,WP Kuala Lumpur,18,286,True,19.0,5115.71619194391,2005700,10234,9,1,0,0,10,3,9,18,82,8,144,236.6
8865050b63fffff,WP Kuala Lumpur,9,233,True,10.0,2692.4822062862686,2005700,10234,2,1,0,2,7,4,3,9,85,1,119,196.29999999999998
8865050987fffff,WP Kuala Lumpur,0,3,True,1.0,269.2482206286269,2005700,10234,0,1,0,1,0,0,0,0,0,0,1,1.9
88650546bdfffff,WP Kuala Lumpur,32,278,True,33.0,8885.191280744688,2005700,10234,4,2,0,4,20,8,1,32,173,15,19,199.5
88650546e1fffff,WP Kuala Lumpur,82,188,True,83.0,22347.60231217603,2005700,10234,4,4,0,13,5,1,2,82,54,20,3,147.0
88650509bdfffff,WP Kuala Lumpur,300,430,True,301.0,81043.71440921669,2005700,10234,3,6,1,8,34,5,27,300,13,11,20,368.7
88650544d7fffff,WP Kuala Lumpur,27,455,True,28.0,7538.950177601552,2005700,10234,3,0,0,9,5,3,0,27,59,5,342,422.1
88650509adfffff,WP Kuala Lumpur,2,75,True,3.0,807.7446618858806,2005700,10234,2,4,0,6,36,7,5,2,6,7,0,38.1
8865054411fffff,WP Kuala Lumpur,0,84,True,1.0,269.2482206286269,2005700,10234,3,3,0,6,0,1,1,0,66,3,1,54.8
886505092bfffff,WP Kuala Lumpur,37,153,True,38.0,10231.43238388782,2005700,10234,6,3,8,11,20,4,23,37,24,10,7,97.3
8865050805fffff,WP Kuala Lumpur,7,123,True,8.0,2153.985765029015,2005700,10234,1,4,0,3,19,10,4,7,65,3,7,80.2
8865054619fffff,WP Kuala Lumpur,32,262,True,33.0,8885.191280744688,2005700,10234,8,2,7,28,62,11,43,31,18,18,27,146.8
8865057329fffff,WP Kuala Lumpur,8,45,True,9.0,2423.233985657642,2005700,10234,2,1,0,5,0,0,2,8,20,4,3,31.099999999999998
8865054611fffff,WP Kuala Lumpur,20,95,True,21.0,5654.212633201165,2005700,10234,6,4,0,6,17,2,11,20,5,7,15,61.2
8865050865fffff,WP Kuala Lumpur,22,69,True,23.0,6192.709074458418,2005700,10234,2,1,0,6,2,0,1,22,6,2,27,59.3
886505090dfffff,WP Kuala Lumpur,4,120,True,5.0,1346.2411031431343,2005700,10234,1,0,0,0,6,0,8,4,4,1,96,108.4
8865050b03fffff,WP Kuala Lumpur,0,3,True,1.0,269.2482206286269,2005700,10234,1,2,0,0,0,0,0,0,0,0,0,1.4
8865057343fffff,WP Kuala Lumpur,1,10,True,2.0,538.4964412572538,2005700,10234,2,3,0,1,1,0,0,1,1,1,0,5.5
88650544cbfffff,WP Kuala Lumpur,0,282,True,1.0,269.2482206286269,2005700,10234,10,4,1,5,9,11,13,0,189,6,33,190.2
886505446bfffff,WP Kuala Lumpur,3,13,True,4.0,1076.9928825145075,2005700,10234,0,1,0,1,3,0,0,3,3,2,0,8.7
8865050825fffff,WP Kuala Lumpur,21,112,True,22.0,5923.460853829792,2005700,10234,4,4,0,14,19,5,4,21,22,1,17,76.0
88650509a3fffff,WP Kuala Lumpur,1,1,True,2.0,538.4964412572538,2005700,10234,0,0,0,0,0,0,0,1,0,0,0,1.0
8865050b55fffff,WP Kuala Lumpur,1,6,True,2.0,538.4964412572538,2005700,10234,0,1,0,3,0,0,0,1,0,1,0,3.3
8865050823fffff,WP Kuala Lumpur,14,33,True,15.0,4038.7233094294033,2005700,10234,3,0,0,0,4,2,0,13,5,3,2,24.5
8865050b11fffff,WP Kuala Lumpur,9,276,True,10.0,2692.4822062862686,2005700,10234,2,1,0,8,16,2,13,9,219,5,1,182.39999999999998
8865054613fffff,WP Kuala Lumpur,45,258,True,46.0,12385.418148916837,2005700,10234,9,9,1,9,67,5,19,45,17,59,18,162.5
88650546edfffff,WP Kuala Lumpur,1,10,True,2.0,538.4964412572538,2005700,10234,1,0,0,3,1,0,1,1,0,3,0,5.1
8865054653fffff,WP Kuala Lumpur,51,112,True,52.0,14000.907472688596,2005700,10234,0,4,0,22,5,1,9,51,10,9,1,80.0
886505093dfffff,WP Kuala Lumpur,11,320,True,12.0,3230.9786475435226,2005700,10234,13,6,14,9,65,1,38,11,11,35,117,218.9
88650546e9fffff,WP Kuala Lumpur,2,99,True,3.0,807.7446618858806,2005700,10234,3,5,1,14,8,6,6,2,3,17,32,64.5
8865054621fffff,WP Kuala Lumpur,12,234,True,13.0,3500.2268681721494,2005700,10234,1,1,1,1,19,5,3,12,152,4,35,170.4
8865050b29fffff,WP Kuala Lumpur,9,233,True,10.0,2692.4822062862686,2005700,10234,1,3,1,1,42,9,7,9,109,2,49,165.4
886505082dfffff,WP Kuala Lumpur,33,341,True,34.0,9154.439501373314,2005700,10234,2,2,2,6,36,2,7,33,201,7,43,246.89999999999998
8865054659fffff,WP Kuala Lumpur,46,119,True,47.0,12654.666369545464,2005700,10234,5,4,0,4,13,1,5,46,25,3,13,91.9
8865050b01fffff,WP Kuala Lumpur,0,0,False,0.0,0.0,2005700,10234,0,0,0,0,0,0,0,0,0,0,0,0.0
8865054693fffff,WP Kuala Lumpur,15,21,True,16.0,4307.97153005803,2005700,10234,0,0,0,3,1,0,0,15,0,2,0,17.9
8865054605fffff,WP Kuala Lumpur,86,193,True,87.0,23424.595194690537,2005700,10234,4,10,0,12,24,15,11,84,6,2,23,145.5
8865050919fffff,WP Kuala Lumpur,23,80,True,24.0,6461.957295087045,2005700,10234,0,4,0,16,6,4,3,23,20,2,2,54.2
886505086bfffff,WP Kuala Lumpur,9,106,True,10.0,2692.4822062862686,2005700,10234,4,7,0,4,6,0,1,9,6,0,69,92.1
8865050969fffff,WP Kuala Lumpur,42,216,True,43.0,11577.673487030956,2005700,10234,2,3,1,3,12,2,4,42,92,5,49,170.4
88650509b1fffff,WP Kuala Lumpur,602,733,True,364.4199999999938,98119.43656148257,2005700,10234,1,13,0,9,20,3,39,602,27,4,11,664.1
88650509b7fffff,WP Kuala Lumpur,660,865,True,364.4199999999938,98119.43656148257,2005700,10234,1,4,1,8,24,7,10,660,8,1,141,831.0
8865050b31fffff,WP Kuala Lumpur,58,113,True,59.0,15885.645017088986,2005700,10234,4,2,0,6,1,2,4,58,5,3,28,98.6
886505549bfffff,WP Kuala Lumpur,10,353,True,11.0,2961.730426914896,2005700,10234,2,2,1,6,64,16,10,10,217,2,21,231.0
8865054603fffff,WP Kuala Lumpur,56,92,True,57.0,15347.148575831732,2005700,10234,0,1,1,6,4,0,4,56,7,6,5,75.9
8865050807fffff,WP Kuala Lumpur,29,103,True,30.0,8077.446618858807,2005700,10234,5,4,1,3,7,3,6,29,16,2,27,80.5
88650546d1fffff,WP Kuala Lumpur,9,36,True,10.0,2692.4822062862686,2005700,10234,0,3,0,7,0,1,3,9,0,10,3,23.4
886505734bfffff,WP Kuala Lumpur,34,78,True,35.0,9423.68772200194,2005700,10234,1,0,0,10,10,0,2,34,0,0,21,64.8
8865057347fffff,WP Kuala Lumpur,1,2,True,2.0,538.4964412572538,2005700,10234,0,0,0,0,1,0,0,1,0,0,0,1.5
8865050845fffff,WP Kuala Lumpur,43,57,True,44.0,11846.921707659583,2005700,10234,1,1,0,5,0,1,1,43,0,5,0,49.6
886505444dfffff,WP Kuala Lumpur,52,64,True,53.0,14270.155693317223,2005700,10234,2,3,0,4,0,1,1,52,0,1,0,57.2
8865050909fffff,WP Kuala Lumpur,4,187,True,5.0,1346.2411031431343,2005700,10234,4,1,0,1,2,0,0,4,32,0,143,172.9
8865050967fffff,WP Kuala Lumpur,20,122,True,21.0,5654.212633201165,2005700,10234,6,2,1,6,33,0,11,20,29,13,1,74.3
8865050839fffff,WP Kuala Lumpur,32,70,True,33.0,8885.191280744688,2005700,10234,6,4,0,4,5,2,6,32,2,5,4,51.1
886505082bfffff,WP Kuala Lumpur,11,207,True,12.0,3230.9786475435226,2005700,10234,2,5,3,2,26,10,12,11,110,6,18,136.2
8865054481fffff,WP Kuala Lumpur,7,54,True,8.0,2153.985765029015,2005700,10234,3,1,0,5,6,4,3,7,23,2,0,33.6
8865054615fffff,WP Kuala Lumpur,1,39,True,2.0,538.4964412572538,2005700,10234,2,2,2,11,2,0,1,1,1,15,2,21.5
8865057345fffff,WP Kuala Lumpur,1,9,True,2.0,538.4964412572538,2005700,10234,1,0,0,2,4,0,0,1,0,0,1,5.2
8865050953fffff,WP Kuala Lumpur,39,333,True,40.0,10769.928825145074,2005700,10234,2,2,1,22,72,8,10,39,41,11,125,252.6
8865054451fffff,WP Kuala Lumpur,20,54,True,21.0,5654.212633201165,2005700,10234,6,3,0,7,4,0,1,20,8,0,5,39.5
88650509e7fffff,WP Kuala Lumpur,57,126,True,58.0,15616.39679646036,2005700,10234,1,0,0,16,18,0,3,57,26,5,0,94.6
88650546c5fffff,WP Kuala Lumpur,35,561,True,36.0,9692.935942630567,2005700,10234,11,11,51,3,133,44,67,35,107,52,41,330.8
8865050941fffff,WP Kuala Lumpur,18,40,True,19.0,5115.71619194391,2005700,10234,0,5,0,9,1,0,2,18,0,4,1,28.4
88650544d5fffff,WP Kuala Lumpur,3,284,True,4.0,1076.9928825145075,2005700,10234,0,0,0,3,16,0,2,3,18,0,242,267.2
8865050841fffff,WP Kuala Lumpur,13,28,True,14.0,3769.475088800776,2005700,10234,0,2,0,6,2,2,0,13,1,1,1,20.7
8865050927fffff,WP Kuala Lumpur,43,331,True,44.0,11846.921707659583,2005700,10234,4,0,25,25,95,2,33,43,16,23,63,215.2
88650546c7fffff,WP Kuala Lumpur,23,243,True,24.0,6461.957295087045,2005700,10234,8,3,10,13,71,10,31,23,38,18,13,137.0
8865050829fffff,WP Kuala Lumpur,64,227,True,65.0,17501.134340860746,2005700,10234,1,1,1,4,13,5,2,63,127,0,9,173.5
886505092dfffff,WP Kuala Lumpur,16,296,True,17.0,4577.219750686657,2005700,10234,4,0,12,4,97,3,21,16,85,26,28,184.9
8865050955fffff,WP Kuala Lumpur,23,56,True,24.0,6461.957295087045,2005700,10234,4,2,0,7,5,0,4,23,7,0,2,38.6
8865050809fffff,WP Kuala Lumpur,33,127,True,34.0,9154.439501373314,2005700,10234,1,0,1,7,9,5,3,33,66,2,0,91.89999999999999
886505441dfffff,WP Kuala Lumpur,6,43,True,7.0,1884.737544400388,2005700,10234,7,2,0,10,5,0,0,6,4,0,9,28.1
88650546d9fffff,WP Kuala Lumpur,22,61,True,23.0,6192.709074458418,2005700,10234,3,0,1,27,0,0,1,22,0,5,2,39.9
8865057305fffff,WP Kuala Lumpur,10,37,True,11.0,2961.730426914896,2005700,10234,1,2,0,5,4,0,2,10,4,4,4,25.0
88650509c9fffff,WP Kuala Lumpur,27,54,True,28.0,7538.950177601552,2005700,10234,3,2,0,8,2,2,2,27,4,2,2,40.8
88650544dbfffff,WP Kuala Lumpur,7,73,True,8.0,2153.985765029015,2005700,10234,7,0,0,4,1,0,0,7,5,1,48,64.0
8865057365fffff,WP Kuala Lumpur,0,134,True,1.0,269.2482206286269,2005700,10234,1,2,0,4,2,0,0,0,61,1,63,110.3
8865057341fffff,WP Kuala Lumpur,0,0,False,0.0,0.0,2005700,10234,0,0,0,0,0,0,0,0,0,0,0,0.0
886505448dfffff,WP Kuala Lumpur,9,24,True,10.0,2692.4822062862686,2005700,10234,3,1,1,1,0,1,0,9,3,4,1,17.8
88650546c1fffff,WP Kuala Lumpur,52,330,True,53.0,14270.155693317223,2005700,10234,10,10,22,13,61,8,40,52,43,23,44,212.0
8865050861fffff,WP Kuala Lumpur,16,29,True,17.0,4577.219750686657,2005700,10234,0,1,0,8,0,0,1,16,0,1,2,22.5
8865050b09fffff,WP Kuala Lumpur,9,120,True,10.0,2692.4822062862686,2005700,10234,0,1,0,4,1,0,1,9,104,0,0,84.6
8865054631fffff,WP Kuala Lumpur,25,75,True,26.0,7000.453736344299,2005700,10234,3,1,0,5,2,0,0,25,23,2,14,61.0
8865050b17fffff,WP Kuala Lumpur,20,52,True,21.0,5654.212633201165,2005700,10234,3,0,0,5,3,0,0,20,18,3,0,39.1
88650546b7fffff,WP Kuala Lumpur,31,231,True,32.0,8615.94306011606,2005700,10234,4,0,1,0,0,1,1,31,7,1,184,223.5
8865057361fffff,WP Kuala Lumpur,11,57,True,12.0,3230.9786475435226,2005700,10234,1,6,0,16,4,1,3,11,11,2,2,34.8
8865050b39fffff,WP Kuala Lumpur,42,160,True,43.0,11577.673487030956,2005700,10234,3,3,0,5,3,1,3,42,64,0,36,130.1
886505468bfffff,WP Kuala Lumpur,3,50,True,4.0,1076.9928825145075,2005700,10234,3,0,0,14,4,0,7,3,0,12,7,27.400000000000002
8865050847fffff,WP Kuala Lumpur,4,13,True,5.0,1346.2411031431343,2005700,10234,0,0,0,0,4,1,1,4,2,0,1,9.1
88650509abfffff,WP Kuala Lumpur,1,39,True,2.0,538.4964412572538,2005700,10234,1,0,0,24,3,0,2,1,3,3,2,18.8
886505081dfffff,WP Kuala Lumpur,7,51,True,8.0,2153.985765029015,2005700,10234,1,0,1,1,5,0,1,7,6,5,23,41.4
88650544d1fffff,WP Kuala Lumpur,26,838,True,27.0,7269.701956972925,2005700,10234,4,0,3,6,21,15,15,26,244,7,497,725.1
8865050957fffff,WP Kuala Lumpur,14,60,True,15.0,4038.7233094294033,2005700,10234,0,3,0,4,0,0,0,14,0,3,36,54.9
8865050863fffff,WP Kuala Lumpur,4,26,True,5.0,1346.2411031431343,2005700,10234,1,0,0,0,5,1,0,4,15,0,0,17.9
88650546b1fffff,WP Kuala Lumpur,13,110,True,14.0,3769.475088800776,2005700,10234,4,3,0,3,1,0,2,13,83,0,1,77.3
88650544cdfffff,WP Kuala Lumpur,9,21,True,10.0,2692.4822062862686,2005700,10234,4,0,0,1,3,0,0,9,1,2,1,15.4
88650544d3fffff,WP Kuala Lumpur,35,413,True,36.0,9692.935942630567,2005700,10234,7,2,1,4,18,4,10,35,214,6,112,319.5
8865050901fffff,WP Kuala Lumpur,4,16,True,5.0,1346.2411031431343,2005700,10234,1,0,0,0,1,0,0,4,0,1,9,14.5
8865054691fffff,WP Kuala Lumpur,82,157,True,83.0,22347.60231217603,2005700,10234,1,3,1,36,13,1,2,80,9,9,0,116.1
8865054635fffff,WP Kuala Lumpur,42,455,True,43.0,11577.673487030956,2005700,10234,3,3,0,7,16,2,5,41,12,11,354,425.5
8865055499fffff,WP Kuala Lumpur,22,200,True,23.0,6192.709074458418,2005700,10234,5,5,0,4,36,6,6,21,114,1,1,130.7
8865050903fffff,WP Kuala Lumpur,2,9,True,3.0,807.7446618858806,2005700,10234,2,1,1,1,0,0,1,2,0,1,0,5.2
8865050b27fffff,WP Kuala Lumpur,18,125,True,19.0,5115.71619194391,2005700,10234,1,4,0,2,3,3,1,18,89,4,0,89.1
8865050803fffff,WP Kuala Lumpur,25,317,True,26.0,7000.453736344299,2005700,10234,0,1,0,1,1,3,2,25,6,3,275,309.3
886505084bfffff,WP Kuala Lumpur,0,6,True,1.0,269.2482206286269,2005700,10234,0,0,0,0,1,0,2,0,0,3,0,2.7
88650544e3fffff,WP Kuala Lumpur,10,75,True,11.0,2961.730426914896,2005700,10234,3,1,0,0,3,1,4,10,17,5,30,59.4
88650509edfffff,WP Kuala Lumpur,122,501,True,123.0,33117.53113732111,2005700,10234,2,13,0,9,86,19,32,122,31,11,172,392.1
886505461bfffff,WP Kuala Lumpur,29,306,True,30.0,8077.446618858807,2005700,10234,6,4,17,13,102,6,44,29,31,22,28,176.2
8865050b0bfffff,WP Kuala Lumpur,0,3,True,1.0,269.2482206286269,2005700,10234,0,0,0,3,0,0,0,0,0,0,0,1.2000000000000002
88650546e7fffff,WP Kuala Lumpur,25,68,True,26.0,7000.453736344299,2005700,10234,5,1,0,2,1,1,1,25,0,1,30,60.1
886505093bfffff,WP Kuala Lumpur,40,338,True,41.0,11039.177045773702,2005700,10234,5,3,8,8,41,15,16,40,150,13,37,233.29999999999998
88650546d3fffff,WP Kuala Lumpur,4,21,True,5.0,1346.2411031431343,2005700,10234,0,1,0,3,1,0,0,4,0,10,2,14.2
88650544c3fffff,WP Kuala Lumpur,2,80,True,3.0,807.7446618858806,2005700,10234,8,2,0,5,0,3,0,2,56,3,1,51.699999999999996
886505463dfffff,WP Kuala Lumpur,78,166,True,79.0,21270.609429661523,2005700,10234,6,1,0,5,4,1,1,75,32,3,34,140.8
88650544ebfffff,WP Kuala Lumpur,4,36,True,5.0,1346.2411031431343,2005700,10234,1,1,3,1,4,0,10,4,4,1,6,20.8
8865054453fffff,WP Kuala Lumpur,3,14,True,4.0,1076.9928825145075,2005700,10234,2,0,0,0,1,1,1,3,0,0,6,11.0
8865054643fffff,WP Kuala Lumpur,20,197,True,21.0,5654.212633201165,2005700,10234,1,0,2,11,33,4,17,20,88,12,6,122.89999999999999
8865050b1dfffff,WP Kuala Lumpur,15,26,True,16.0,4307.97153005803,2005700,10234,1,1,0,1,0,1,1,15,6,0,0,21.2
88650546dbfffff,WP Kuala Lumpur,24,125,True,25.0,6731.205515715672,2005700,10234,1,1,3,10,25,1,12,24,19,14,15,83.1
8865050b13fffff,WP Kuala Lumpur,11,32,True,12.0,3230.9786475435226,2005700,10234,0,1,0,8,1,0,0,11,5,1,5,24.3
8865050917fffff,WP Kuala Lumpur,32,218,True,33.0,8885.191280744688,2005700,10234,9,1,3,10,41,4,27,32,33,15,39,141.2
886505469bfffff,WP Kuala Lumpur,89,374,True,90.0,24232.33985657642,2005700,10234,1,1,3,29,67,5,10,89,35,16,117,292.7
88650544d9fffff,WP Kuala Lumpur,5,207,True,6.0,1615.4893237717613,2005700,10234,1,1,0,1,3,0,0,5,105,1,90,171.9
88650509ebfffff,WP Kuala Lumpur,0,95,True,1.0,269.2482206286269,2005700,10234,3,7,1,35,10,0,10,0,5,23,0,43.7
8865054419fffff,WP Kuala Lumpur,4,10,True,5.0,1346.2411031431343,2005700,10234,2,2,0,1,0,0,0,4,0,0,1,7.2
886505736dfffff,WP Kuala Lumpur,8,87,True,9.0,2423.233985657642,2005700,10234,0,2,0,2,5,0,0,8,67,0,3,62.199999999999996
8865050929fffff,WP Kuala Lumpur,9,194,True,10.0,2692.4822062862686,2005700,10234,6,11,11,3,46,16,22,9,25,14,27,114.1
88650546a3fffff,WP Kuala Lumpur,18,323,True,19.0,5115.71619194391,2005700,10234,12,7,1,5,39,12,20,18,135,11,63,222.6
8865050b23fffff,WP Kuala Lumpur,3,87,True,4.0,1076.9928825145075,2005700,10234,0,4,0,2,2,0,1,3,38,0,37,70.6
8865054697fffff,WP Kuala Lumpur,35,51,True,36.0,9692.935942630567,2005700,10234,1,1,0,11,0,0,1,35,0,1,1,42.1
8865055491fffff,WP Kuala Lumpur,4,174,True,5.0,1346.2411031431343,2005700,10234,1,1,0,3,3,0,4,4,154,2,2,119.39999999999999
8865050921fffff,WP Kuala Lumpur,43,897,True,44.0,11846.921707659583,2005700,10234,2,1,90,13,295,10,72,43,120,30,195,576.4
8865054459fffff,WP Kuala Lumpur,56,213,True,57.0,15347.148575831732,2005700,10234,5,2,0,6,18,17,11,56,38,3,57,166.5
8865050913fffff,WP Kuala Lumpur,2,161,True,3.0,807.7446618858806,2005700,10234,6,4,5,16,16,2,27,2,11,25,46,99.4
88650546d5fffff,WP Kuala Lumpur,2,74,True,3.0,807.7446618858806,2005700,10234,0,2,0,69,0,0,0,2,0,0,1,31.6
886505080bfffff,WP Kuala Lumpur,29,221,True,30.0,8077.446618858807,2005700,10234,4,1,0,2,3,1,7,29,5,5,164,205.8
8865054699fffff,WP Kuala Lumpur,20,101,True,21.0,5654.212633201165,2005700,10234,0,1,2,18,27,0,2,20,19,7,5,65.5
886505094bfffff,WP Kuala Lumpur,39,285,True,40.0,10769.928825145074,2005700,10234,2,5,0,11,5,0,7,37,65,6,145,242.7
886505084dfffff,WP Kuala Lumpur,5,32,True,6.0,1615.4893237717613,2005700,10234,0,1,0,11,1,0,2,5,0,9,3,19.2
8865054627fffff,WP Kuala Lumpur,23,66,True,24.0,6461.957295087045,2005700,10234,0,2,0,2,3,3,0,23,32,0,1,51.199999999999996
886505461dfffff,WP Kuala Lumpur,38,79,True,39.0,10500.680604516449,2005700,10234,5,3,0,5,3,2,8,38,2,5,8,60.0
8865050965fffff,WP Kuala Lumpur,54,107,True,55.0,14808.65213457448,2005700,10234,1,11,0,10,1,0,2,54,21,4,3,84.9
886505462bfffff,WP Kuala Lumpur,30,65,True,31.0,8346.694839487433,2005700,10234,1,1,0,8,0,0,1,30,23,0,1,51.4
88650546a1fffff,WP Kuala Lumpur,3,72,True,4.0,1076.9928825145075,2005700,10234,1,0,0,3,1,0,0,3,0,2,62,68.3
88650546c9fffff,WP Kuala Lumpur,13,578,True,14.0,3769.475088800776,2005700,10234,6,9,33,10,141,14,64,13,146,29,101,357.9
88650546adfffff,WP Kuala Lumpur,22,60,True,23.0,6192.709074458418,2005700,10234,2,2,0,6,7,1,4,19,5,6,3,38.1
8865054681fffff,WP Kuala Lumpur,12,62,True,13.0,3500.2268681721494,2005700,10234,5,1,0,7,9,0,2,12,2,3,21,46.4
88650544c5fffff,WP Kuala Lumpur,5,73,True,6.0,1615.4893237717613,2005700,10234,3,0,3,3,8,2,6,5,11,5,26,52.4
8865054657fffff,WP Kuala Lumpur,85,187,True,86.0,23155.34697406191,2005700,10234,1,6,3,31,12,0,21,85,10,6,12,135.7
8865050949fffff,WP Kuala Lumpur,4,50,True,5.0,1346.2411031431343,2005700,10234,1,2,0,9,2,2,2,4,21,5,2,31.099999999999998
8865054637fffff,WP Kuala Lumpur,21,149,True,22.0,5923.460853829792,2005700,10234,3,1,2,9,24,4,9,21,15,10,51,111.0
8865057349fffff,WP Kuala Lumpur,1,1,True,2.0,538.4964412572538,2005700,10234,0,0,0,0,0,0,0,1,0,0,0,1.0
8865057363fffff,WP Kuala Lumpur,21,157,True,22.0,5923.460853829792,2005700,10234,2,3,0,24,39,2,9,20,6,5,33,94.4
8865055493fffff,WP Kuala Lumpur,18,104,True,19.0,5115.71619194391,2005700,10234,1,0,0,0,3,2,1,18,59,1,19,82.0
88650546cdfffff,WP Kuala Lumpur,32,445,True,33.0,8885.191280744688,2005700,10234,11,7,10,12,173,13,43,32,62,49,33,259.1
8865050945fffff,WP Kuala Lumpur,34,154,True,35.0,9423.68772200194,2005700,10234,0,3,1,3,5,6,4,34,58,4,36,122.7
88650509b5fffff,WP Kuala Lumpur,857,917,True,364.4199999999938,98119.43656148257,2005700,10234,0,3,0,9,4,0,0,856,14,0,30,902.9
88650509c5fffff,WP Kuala Lumpur,17,148,True,18.0,4846.467971315284,2005700,10234,4,7,2,24,25,3,12,17,10,31,13,88.1
8865054441fffff,WP Kuala Lumpur,20,80,True,21.0,5654.212633201165,2005700,10234,1,2,0,15,6,0,1,20,16,4,15,59.2
8865054623fffff,WP Kuala Lumpur,40,154,True,41.0,11039.177045773702,2005700,10234,1,3,1,7,15,2,6,38,3,2,74,130.4
8865050801fffff,WP Kuala Lumpur,9,19,True,10.0,2692.4822062862686,2005700,10234,0,1,1,3,0,1,0,9,1,1,2,15.2
8865050947fffff,WP Kuala Lumpur,39,110,True,40.0,10769.928825145074,2005700,10234,2,0,0,2,7,0,2,39,17,8,33,94.2
8865050915fffff,WP Kuala Lumpur,17,57,True,18.0,4846.467971315284,2005700,10234,2,5,1,13,8,0,3,17,0,7,1,36.0
88650546bbfffff,WP Kuala Lumpur,12,189,True,13.0,3500.2268681721494,2005700,10234,3,3,0,3,4,2,4,12,147,0,11,133.6
8865054689fffff,WP Kuala Lumpur,11,66,True,12.0,3230.9786475435226,2005700,10234,0,0,0,40,8,0,1,11,2,4,0,35.0
88650509cdfffff,WP Kuala Lumpur,68,377,True,69.0,18578.127223375253,2005700,10234,7,8,1,16,82,8,89,68,37,16,38,218.2
8865057369fffff,WP Kuala Lumpur,6,10,True,7.0,1884.737544400388,2005700,10234,0,0,0,4,0,0,0,6,0,0,0,7.6
8865054655fffff,WP Kuala Lumpur,32,102,True,33.0,8885.191280744688,2005700,10234,1,2,0,18,10,1,27,32,3,3,5,60.4
886505091bfffff,WP Kuala Lumpur,29,82,True,30.0,8077.446618858807,2005700,10234,7,3,1,6,14,0,8,29,6,6,2,54.8
88650509a1fffff,WP Kuala Lumpur,5,23,True,6.0,1615.4893237717613,2005700,10234,0,4,1,10,2,0,0,5,0,1,0,13.3
8865054443fffff,WP Kuala Lumpur,38,54,True,39.0,10500.680604516449,2005700,10234,2,3,0,6,3,1,1,38,0,0,0,44.9
886505730dfffff,WP Kuala Lumpur,18,37,True,19.0,5115.71619194391,2005700,10234,2,0,0,11,0,0,0,18,1,3,2,27.7
886505463bfffff,WP Kuala Lumpur,2,18,True,3.0,807.7446618858806,2005700,10234,3,1,0,2,0,0,1,2,0,0,9,13.7
8865054651fffff,WP Kuala Lumpur,111,180,True,112.0,30155.80071040621,2005700,10234,2,2,0,47,3,0,8,111,1,0,5,140.4
8865054683fffff,WP Kuala Lumpur,15,50,True,16.0,4307.97153005803,2005700,10234,0,0,2,5,5,1,3,15,2,11,6,36.0
88650546cbfffff,WP Kuala Lumpur,4,47,True,5.0,1346.2411031431343,2005700,10234,6,5,2,8,4,0,1,4,0,7,10,29.9
8865050905fffff,WP Kuala Lumpur,18,75,True,19.0,5115.71619194391,2005700,10234,6,4,4,1,6,0,8,18,15,4,9,52.1
886505441bfffff,WP Kuala Lumpur,1,31,True,2.0,538.4964412572538,2005700,10234,1,1,0,2,0,0,1,1,0,25,0,17.9
88650546d7fffff,WP Kuala Lumpur,2,20,True,3.0,807.7446618858806,2005700,10234,0,0,0,11,0,0,0,2,1,4,2,11.5
8865054629fffff,WP Kuala Lumpur,14,16,True,15.0,4038.7233094294033,2005700,10234,1,0,0,1,0,0,0,14,0,0,0,14.8
8865054445fffff,WP Kuala Lumpur,20,35,True,21.0,5654.212633201165,2005700,10234,0,0,0,4,3,0,3,19,1,4,0,25.8
886505445dfffff,WP Kuala Lumpur,21,138,True,22.0,5923.460853829792,2005700,10234,4,2,0,14,12,4,2,21,36,4,39,104.2
8865050b35fffff,WP Kuala Lumpur,24,113,True,25.0,6731.205515715672,2005700,10234,6,0,0,4,3,0,3,24,61,3,9,83.6
8865050b25fffff,WP Kuala Lumpur,28,280,True,29.0,7808.19839823018,2005700,10234,5,1,2,3,63,13,16,28,137,4,5,177.6
88650544c1fffff,WP Kuala Lumpur,21,182,True,22.0,5923.460853829792,2005700,10234,5,3,0,17,20,5,20,18,60,6,24,114.39999999999999
88650546a5fffff,WP Kuala Lumpur,11,34,True,12.0,3230.9786475435226,2005700,10234,0,2,0,5,6,1,2,11,5,1,0,22.0
8865050943fffff,WP Kuala Lumpur,21,94,True,22.0,5923.460853829792,2005700,10234,0,1,0,5,2,0,2,21,2,1,60,86.9
8865054687fffff,WP Kuala Lumpur,3,225,True,4.0,1076.9928825145075,2005700,10234,1,1,0,1,8,1,11,3,3,8,188,205.9
8865054449fffff,WP Kuala Lumpur,105,392,True,106.0,28540.31138663445,2005700,10234,10,4,3,10,23,8,3,105,190,20,15,293.2
8865054489fffff,WP Kuala Lumpur,7,43,True,8.0,2153.985765029015,2005700,10234,1,1,0,4,11,0,3,7,7,6,3,27.1
8865050b37fffff,WP Kuala Lumpur,10,77,True,11.0,2961.730426914896,2005700,10234,7,0,0,2,6,2,5,10,32,5,6,50.0
8865054633fffff,WP Kuala Lumpur,18,114,True,19.0,5115.71619194391,2005700,10234,5,6,0,10,2,3,2,18,62,5,1,77.3
8865054413fffff,WP Kuala Lumpur,0,8,True,1.0,269.2482206286269,2005700,10234,0,0,0,0,0,0,0,0,0,0,8,8.0
88650546b5fffff,WP Kuala Lumpur,18,152,True,19.0,5115.71619194391,2005700,10234,5,4,2,9,15,1,8,18,82,5,3,100.0
8865050939fffff,WP Kuala Lumpur,31,342,True,32.0,8615.94306011606,2005700,10234,17,10,26,7,66,6,32,31,68,20,53,218.79999999999998
8865054617fffff,WP Kuala Lumpur,7,30,True,8.0,2153.985765029015,2005700,10234,2,1,1,9,1,1,2,7,0,3,3,18.8
886505444bfffff,WP Kuala Lumpur,33,99,True,34.0,9154.439501373314,2005700,10234,2,3,2,3,4,2,5,33,7,10,28,80.8
886505094dfffff,WP Kuala Lumpur,31,201,True,32.0,8615.94306011606,2005700,10234,4,0,1,4,7,9,11,31,83,12,39,149.4
88650546b9fffff,WP Kuala Lumpur,22,52,True,23.0,6192.709074458418,2005700,10234,3,2,0,3,0,0,3,22,1,10,8,40.7
88650544ddfffff,WP Kuala Lumpur,15,365,True,16.0,4307.97153005803,2005700,10234,9,2,1,0,13,5,9,15,10,6,295,336.7
88650554d3fffff,WP Kuala Lumpur,11,64,True,12.0,3230.9786475435226,2005700,10234,2,0,0,5,0,1,0,11,44,0,1,46.1
886505080dfffff,WP Kuala Lumpur,3,28,True,4.0,1076.9928825145075,2005700,10234,0,1,0,3,3,2,2,3,10,1,3,18.2
88650509a5fffff,WP Kuala Lumpur,1,98,True,2.0,538.4964412572538,2005700,10234,2,3,0,21,18,1,2,1,22,7,21,62.199999999999996
8865054685fffff,WP Kuala Lumpur,12,235,True,13.0,3500.2268681721494,2005700,10234,5,1,2,7,9,11,18,12,32,6,132,190.3
8865050963fffff,WP Kuala Lumpur,5,91,True,6.0,1615.4893237717613,2005700,10234,5,7,5,1,10,4,14,5,8,7,25,59.0
8865050911fffff,WP Kuala Lumpur,11,80,True,12.0,3230.9786475435226,2005700,10234,2,0,5,13,15,1,9,11,15,6,3,47.4
8865050951fffff,WP Kuala Lumpur,31,146,True,32.0,8615.94306011606,2005700,10234,1,0,0,0,0,0,2,31,0,3,109,142.6
886505468dfffff,WP Kuala Lumpur,17,272,True,18.0,4846.467971315284,2005700,10234,15,3,4,3,26,15,19,17,143,7,20,177.1
886505083dfffff,WP Kuala Lumpur,23,78,True,24.0,6461.957295087045,2005700,10234,4,3,0,9,11,4,3,22,11,8,1,50.3
8865050937fffff,WP Kuala Lumpur,0,40,True,1.0,269.2482206286269,2005700,10234,3,0,5,11,6,0,3,0,0,7,4,20.9
886505465bfffff,WP Kuala Lumpur,38,77,True,39.0,10500.680604516449,2005700,10234,3,4,0,18,2,2,3,38,4,1,2,56.4
886505448bfffff,WP Kuala Lumpur,1,18,True,2.0,538.4964412572538,2005700,10234,1,3,0,2,3,1,3,1,2,2,0,8.9
8865054447fffff,WP Kuala Lumpur,60,97,True,61.0,16424.14145834624,2005700,10234,4,5,0,3,8,0,3,59,9,4,1,78.6
88650546e3fffff,WP Kuala Lumpur,20,277,True,21.0,5654.212633201165,2005700,10234,11,5,0,9,17,7,11,20,138,11,47,194.9
886505462dfffff,WP Kuala Lumpur,15,34,True,16.0,4307.97153005803,2005700,10234,2,1,0,4,0,0,0,15,9,2,1,26.4
8865054455fffff,WP Kuala Lumpur,7,167,True,8.0,2153.985765029015,2005700,10234,3,1,0,6,3,9,2,7,8,3,125,149.9
88650546abfffff,WP Kuala Lumpur,19,330,True,20.0,5384.964412572537,2005700,10234,15,2,1,14,15,9,27,19,58,15,153,252.3
88650509e5fffff,WP Kuala Lumpur,29,105,True,30.0,8077.446618858807,2005700,10234,0,4,0,12,13,2,13,29,23,5,4,69.0
8865050b2bfffff,WP Kuala Lumpur,18,368,True,19.0,5115.71619194391,2005700,10234,0,4,4,2,46,9,8,18,44,7,225,312.7
8865054695fffff,WP Kuala Lumpur,68,132,True,69.0,18578.127223375253,2005700,10234,4,2,0,14,8,1,1,68,9,6,19,109.8
886505098dfffff,WP Kuala Lumpur,1,61,True,2.0,538.4964412572538,2005700,10234,1,7,0,20,8,0,0,1,3,16,5,33.6
8865050867fffff,WP Kuala Lumpur,74,133,True,75.0,20193.616547147016,2005700,10234,3,0,0,4,9,1,0,74,31,3,7,112.3
88650546a9fffff,WP Kuala Lumpur,18,63,True,19.0,5115.71619194391,2005700,10234,3,3,0,5,4,1,1,18,4,7,17,49.4
8865050b0dfffff,WP Kuala Lumpur,1,121,True,2.0,538.4964412572538,2005700,10234,4,1,0,9,0,1,0,1,27,3,74,101.9
886505091dfffff,WP Kuala Lumpur,7,27,True,8.0,2153.985765029015,2005700,10234,1,0,0,19,0,0,0,7,0,0,0,15.0
8865050b6bfffff,WP Kuala Lumpur,10,264,True,11.0,2961.730426914896,2005700,10234,2,1,0,1,8,2,0,10,232,2,6,186.29999999999998
8865050933fffff,WP Kuala Lumpur,25,41,True,26.0,7000.453736344299,2005700,10234,2,0,1,4,1,0,3,25,1,3,1,32.7
886505736bfffff,WP Kuala Lumpur,8,23,True,9.0,2423.233985657642,2005700,10234,0,0,0,5,2,0,2,8,2,3,1,15.6
8865050b3bfffff,WP Kuala Lumpur,6,142,True,7.0,1884.737544400388,2005700,10234,6,2,1,1,5,1,4,6,4,12,98,122.3
8865050843fffff,WP Kuala Lumpur,27,76,True,28.0,7538.950177601552,2005700,10234,0,1,1,5,5,5,3,27,11,3,15,60.3
8865050b33fffff,WP Kuala Lumpur,30,151,True,31.0,8346.694839487433,2005700,10234,0,0,0,2,6,3,3,30,96,2,8,112.3
8865050301fffff,WP Putrajaya,1,15,True,2.0,1111.0072009725989,118800,10056,0,0,0,1,1,0,0,1,0,8,4,10.7
88650518c3fffff,WP Putrajaya,1,11,True,2.0,1111.0072009725989,118800,10056,0,3,0,3,2,0,0,1,1,1,0,6.0
886505188bfffff,WP Putrajaya,0,3,True,1.0,555.5036004862994,118800,10056,1,1,0,1,0,0,0,0,0,0,0,1.3
88650518d5fffff,WP Putrajaya,5,21,True,6.0,3333.0216029177964,118800,10056,0,0,0,3,0,0,4,5,5,2,1,12.7
8865050367fffff,WP Putrajaya,12,18,True,13.0,7221.546806321892,118800,10056,0,1,0,3,0,0,0,12,0,2,0,14.9
8865050169fffff,WP Putrajaya,3,5,True,4.0,2222.0144019451977,118800,10056,1,0,0,0,0,0,0,3,0,1,0,4.0
8865050309fffff,WP Putrajaya,1,6,True,2.0,1111.0072009725989,118800,10056,0,0,0,5,0,0,0,1,0,0,0,3.0
886505030dfffff,WP Putrajaya,0,0,False,0.0,0.0,118800,10056,0,0,0,0,0,0,0,0,0,0,0,0.0
8865050339fffff,WP Putrajaya,2,9,True,3.0,1666.5108014588982,118800,10056,0,0,0,6,0,0,1,2,0,0,0,4.6000000000000005
8865050321fffff,WP Putrajaya,1,34,True,2.0,1111.0072009725989,118800,10056,0,0,0,7,6,0,3,1,1,3,11,20.9
8865051893fffff,WP Putrajaya,1,1,True,2.0,1111.0072009725989,118800,10056,0,0,0,0,0,0,0,1,0,0,0,1.0
8865050335fffff,WP Putrajaya,1,24,True,2.0,1111.0072009725989,118800,10056,0,0,0,0,5,2,1,1,0,12,2,13.9
88650518bbfffff,WP Putrajaya,1,2,True,2.0,1111.0072009725989,118800,10056,0,0,0,1,0,0,0,1,0,0,0,1.4
8865050307fffff,WP Putrajaya,0,18,True,1.0,555.5036004862994,118800,10056,0,0,0,5,2,0,3,0,0,3,5,10.4
8865050327fffff,WP Putrajaya,1,22,True,2.0,1111.0072009725989,118800,10056,2,4,0,3,6,1,3,1,1,0,0,9.8
8865050163fffff,WP Putrajaya,2,7,True,3.0,1666.5108014588982,118800,10056,0,1,0,4,0,0,0,2,0,0,0,4.1
8865050145fffff,WP Putrajaya,2,5,True,3.0,1666.5108014588982,118800,10056,0,1,0,2,0,0,0,2,0,0,0,3.3
8865050161fffff,WP Putrajaya,0,2,False,0.0,0.0,118800,10056,0,0,0,1,0,0,0,0,0,0,1,1.4
8865051899fffff,WP Putrajaya,1,9,True,2.0,1111.0072009725989,118800,10056,0,0,1,4,0,0,0,1,0,3,0,5.1
8865050353fffff,WP Putrajaya,1,5,True,2.0,1111.0072009725989,118800,10056,2,1,0,1,0,0,0,1,0,0,0,2.7
8865050305fffff,WP Putrajaya,6,29,True,7.0,3888.525203404096,118800,10056,0,1,0,2,3,0,2,6,0,6,8,20.8
8865050147fffff,WP Putrajaya,4,5,True,5.0,2777.5180024314973,118800,10056,0,0,0,1,0,0,0,4,0,0,0,4.4
886505010dfffff,WP Putrajaya,5,21,True,6.0,3333.0216029177964,118800,10056,1,1,0,7,2,0,1,5,4,0,0,12.7
8865051883fffff,WP Putrajaya,1,1,True,2.0,1111.0072009725989,118800,10056,0,0,0,0,0,0,0,1,0,0,0,1.0
8865050319fffff,WP Putrajaya,2,6,True,3.0,1666.5108014588982,118800,10056,1,0,0,2,0,0,0,2,0,0,1,4.2
88650518d3fffff,WP Putrajaya,12,40,True,13.0,7221.546806321892,118800,10056,1,1,0,1,1,0,1,12,1,3,19,35.5
886505016bfffff,WP Putrajaya,9,14,True,10.0,5555.036004862995,118800,10056,0,1,0,2,0,0,1,9,0,1,0,11.1
88650518cbfffff,WP Putrajaya,0,0,False,0.0,0.0,118800,10056,0,0,0,0,0,0,0,0,0,0,0,0.0
8865051889fffff,WP Putrajaya,2,73,True,3.0,1666.5108014588982,118800,10056,2,5,0,4,14,2,6,2,29,8,1,42.199999999999996
8865051895fffff,WP Putrajaya,0,1,False,0.0,0.0,118800,10056,0,0,1,0,0,0,0,0,0,0,0,0.7
88650518d7fffff,WP Putrajaya,1,38,True,2.0,1111.0072009725989,118800,10056,0,0,0,3,4,0,4,1,4,3,18,27.6
886505189bfffff,WP Putrajaya,0,4,True,1.0,555.5036004862994,118800,10056,0,0,1,0,2,0,1,0,0,0,0,1.9
886505031dfffff,WP Putrajaya,1,20,True,2.0,1111.0072009725989,118800,10056,0,1,1,9,1,0,0,1,0,4,3,11.7
8865050363fffff,WP Putrajaya,4,6,True,5.0,2777.5180024314973,118800,10056,0,0,0,0,0,0,0,4,0,1,1,5.6
8865051891fffff,WP Putrajaya,0,1,False,0.0,0.0,118800,10056,0,0,0,1,0,0,0,0,0,0,0,0.4
88650518d1fffff,WP Putrajaya,10,25,True,11.0,6110.539605349293,118800,10056,2,3,1,3,4,0,0,10,2,0,0,17.6
8865050329fffff,WP Putrajaya,18,25,True,19.0,10554.56840923969,118800,10056,2,1,0,1,0,1,1,18,0,1,0,21.0
88650518b3fffff,WP Putrajaya,0,1,False,0.0,0.0,118800,10056,0,0,0,1,0,0,0,0,0,0,0,0.4
886505016dfffff,WP Putrajaya,0,2,False,0.0,0.0,118800,10056,0,0,0,0,0,0,0,0,0,0,2,2.0
88650518ddfffff,WP Putrajaya,1,2,True,2.0,1111.0072009725989,118800,10056,0,0,0,1,0,0,0,1,0,0,0,1.4
8865050311fffff,WP Putrajaya,2,2,True,3.0,1666.5108014588982,118800,10056,0,0,0,0,0,0,0,2,0,0,0,2.0
8865050149fffff,WP Putrajaya,20,41,True,19.86,11032.301505657906,118800,10056,3,3,0,5,2,1,0,20,1,5,1,30.9
8865050315fffff,WP Putrajaya,1,9,True,2.0,1111.0072009725989,118800,10056,0,0,0,8,0,0,0,1,0,0,0,4.2
886505032bfffff,WP Putrajaya,1,55,True,2.0,1111.0072009725989,118800,10056,3,0,1,4,3,0,7,1,2,20,14,34.8
8865050357fffff,WP Putrajaya,0,4,True,1.0,555.5036004862994,118800,10056,0,1,0,3,0,0,0,0,0,0,0,1.7000000000000002
886505189dfffff,WP Putrajaya,0,2,False,0.0,0.0,118800,10056,0,0,0,0,0,0,0,0,0,0,2,2.0
886505014dfffff,WP Putrajaya,9,17,True,10.0,5555.036004862995,118800,10056,2,1,0,3,1,0,0,9,0,1,0,12.6
886505014bfffff,WP Putrajaya,6,15,True,7.0,3888.525203404096,118800,10056,0,1,0,3,0,0,1,6,1,1,2,11.2
8865050325fffff,WP Putrajaya,0,24,True,1.0,555.5036004862994,118800,10056,0,0,2,1,2,0,0,0,0,2,17,21.0
886505032dfffff,WP Putrajaya,5,20,True,6.0,3333.0216029177964,118800,10056,1,1,0,2,3,0,1,5,1,4,2,13.5
886505030bfffff,WP Putrajaya,1,4,True,2.0,1111.0072009725989,118800,10056,0,0,0,1,1,0,0,1,0,0,0,1.9
8865050355fffff,WP Putrajaya,1,3,True,2.0,1111.0072009725989,118800,10056,0,1,0,1,0,0,0,1,0,0,0,1.9
886505033dfffff,WP Putrajaya,0,5,True,1.0,555.5036004862994,118800,10056,0,1,0,1,0,0,0,0,1,2,0,2.8
8865051897fffff,WP Putrajaya,0,1,False,0.0,0.0,118800,10056,0,0,1,0,0,0,0,0,0,0,0,0.7
8865050323fffff,WP Putrajaya,6,39,True,7.0,3888.525203404096,118800,10056,1,1,0,1,10,2,3,6,5,7,3,24.599999999999998
8865050141fffff,WP Putrajaya,2,17,True,3.0,1666.5108014588982,118800,10056,1,1,0,9,1,0,0,2,1,1,1,9.3
8865050303fffff,WP Putrajaya,0,0,False,0.0,0.0,118800,10056,0,0,0,0,0,0,0,0,0,0,0,0.0
8865050351fffff,WP Putrajaya,1,1,True,2.0,1111.0072009725989,118800,10056,0,0,0,0,0,0,0,1,0,0,0,1.0
