h3_index,district,lat,lon,pop_est,activity_score,equity_mult,has_station,oof_proba_randomCV,oof_proba_spatialCV,rank_randomCV,champion_model,feature_set,DIAGNOSTIC_ONLY
88650542b7fffff,Gombak,3.244925949290787,101.81852360251324,0.0,0.0,1.0,0,0.0037764753,0.0036986754,3500,XGBoost (tuned),D,not a siting recommendation
8865054e59fffff,Gombak,3.3022477872659315,101.7832684945779,0.0,0.0,1.0,0,0.0040390347,0.0037262694,2823,XGBoost (tuned),D,not a siting recommendation
8865057853fffff,Gombak,3.326174732907921,101.582610003941,2507.439446366782,11.6,1.0,0,0.15284596,0.13480386,402,XGBoost (tuned),D,not a siting recommendation
8865057851fffff,Gombak,3.325455357575781,101.59156315892648,2507.439446366782,1.0,1.0,0,0.0059346748,0.007875294,1680,XGBoost (tuned),D,not a siting recommendation
8865057a5dfffff,Gombak,3.2681150126526384,101.6268768813176,0.0,0.0,1.0,0,0.0037626922,0.0039467486,3544,XGBoost (tuned),D,not a siting recommendation
8865054c51fffff,Gombak,3.3669572741422864,101.75318427521005,0.0,0.0,1.0,0,0.0039669117,0.0037262694,3036,XGBoost (tuned),D,not a siting recommendation
8865054e19fffff,Gombak,3.31914372762288,101.76680179042842,0.0,0.0,1.0,0,0.004125696,0.0037262694,2658,XGBoost (tuned),D,not a siting recommendation
8865054739fffff,Gombak,3.2337923297277227,101.76343107667816,0.0,0.0,1.0,0,0.0037603874,0.0036534914,3565,XGBoost (tuned),D,not a siting recommendation
8865057a99fffff,Gombak,3.2826693713890336,101.54254350007793,2507.439446366782,14.8,1.0,1,0.049025152,0.15831196,872,XGBoost (tuned),D,not a siting recommendation
8865056063fffff,Gombak,3.313402588330069,101.45063583139604,0.0,0.0,1.0,0,0.003575286,0.004040748,3866,XGBoost (tuned),D,not a siting recommendation
8865057a3dfffff,Gombak,3.3078374959705625,101.61700071757272,0.0,0.0,1.0,0,0.0038642776,0.0039467486,3250,XGBoost (tuned),D,not a siting recommendation
88650578cdfffff,Gombak,3.335703870896597,101.56093466378545,1671.6262975778548,3.1,1.0,0,0.046018064,0.037126657,900,XGBoost (tuned),D,not a siting recommendation
88650571a3fffff,Gombak,3.268646268036305,101.52322018128004,0.0,0.0,1.0,0,0.003875148,0.003965431,3211,XGBoost (tuned),D,not a siting recommendation
8865057159fffff,Gombak,3.209166821958711,101.58539909898408,6686.505190311419,12.3,1.0,0,0.04623354,0.09576784,899,XGBoost (tuned),D,not a siting recommendation
886505454dfffff,Gombak,3.263975325492137,101.77522867954168,0.0,0.0,1.0,0,0.004012065,0.0036534914,2909,XGBoost (tuned),D,not a siting recommendation
8865056145fffff,Gombak,3.3488295365269938,101.49447683330354,0.0,0.0,1.0,0,0.0040018894,0.004040748,2965,XGBoost (tuned),D,not a siting recommendation
88650545c9fffff,Gombak,3.261644770795865,101.70741740248988,0.0,0.0,1.0,0,0.0035691233,0.0036469363,3910,XGBoost (tuned),D,not a siting recommendation
8865057aabfffff,Gombak,3.312152216925069,101.56328495386204,1671.6262975778548,14.3,1.0,0,0.052594963,0.11221757,848,XGBoost (tuned),D,not a siting recommendation
8865054569fffff,Gombak,3.2794277320389105,101.776655253455,0.0,0.0,1.0,0,0.00407275,0.003702993,2762,XGBoost (tuned),D,not a siting recommendation
8865057b45fffff,Gombak,3.3337167174304625,101.68250081588062,0.0,0.0,1.0,0,0.0041113426,0.003719584,2695,XGBoost (tuned),D,not a siting recommendation
886505718dfffff,Gombak,3.24438243016463,101.53452572461048,0.0,0.4,1.0,0,0.004140825,0.00410294,2641,XGBoost (tuned),D,not a siting recommendation
8865054ccbfffff,Gombak,3.370563658766791,101.70843566831168,0.0,0.0,1.0,0,0.0038671864,0.003719584,3236,XGBoost (tuned),D,not a siting recommendation
8865055591fffff,Gombak,3.1624798879443854,101.77937319569322,1671.6262975778548,1.0,1.0,0,0.0061227144,0.006253554,1653,XGBoost (tuned),D,not a siting recommendation
8865057325fffff,Gombak,3.213664768454634,101.62638118078836,17552.076124567473,277.5,1.0,0,0.19587557,0.2339302,330,XGBoost (tuned),D,not a siting recommendation
8865057a2dfffff,Gombak,3.313768313429678,101.64008955638296,0.0,0.0,1.0,0,0.0036062833,0.0039467486,3801,XGBoost (tuned),D,not a siting recommendation
8865056105fffff,Gombak,3.3657331992118893,101.477977184128,0.0,0.0,1.0,0,0.0043477993,0.004040748,2329,XGBoost (tuned),D,not a siting recommendation
88650545a1fffff,Gombak,3.3094498192292807,101.69379090752822,0.0,0.0,1.0,0,0.0035691233,0.003719584,3910,XGBoost (tuned),D,not a siting recommendation
8865054403fffff,Gombak,3.2307392068823164,101.7045703718262,4179.065743944637,25.4,1.0,0,0.18366016,0.28796077,354,XGBoost (tuned),D,not a siting recommendation
8865057addfffff,Gombak,3.273144280507096,101.564217185176,0.0,0.0,1.0,0,0.00381995,0.0039690468,3400,XGBoost (tuned),D,not a siting recommendation
886505449dfffff,Gombak,3.2284001755581864,101.63675033821748,10029.757785467127,23.4,1.0,0,0.19985448,0.21767913,321,XGBoost (tuned),D,not a siting recommendation
8865054ee9fffff,Gombak,3.336041497448619,101.750332473296,0.0,0.0,1.0,0,0.0037594978,0.0037262694,3581,XGBoost (tuned),D,not a siting recommendation
8865056155fffff,Gombak,3.3428943866983283,101.47137716463617,0.0,0.0,1.0,0,0.004236994,0.004040748,2499,XGBoost (tuned),D,not a siting recommendation
88650540a7fffff,Gombak,3.30745236991276,101.81529247850372,0.0,0.0,1.0,0,0.0037764753,0.0037723498,3500,XGBoost (tuned),D,not a siting recommendation
8865056141fffff,Gombak,3.341456751331509,101.48929105637797,0.0,0.0,1.0,0,0.0041912636,0.004040748,2563,XGBoost (tuned),D,not a siting recommendation
8865057b49fffff,Gombak,3.318258439401637,101.68107797679964,0.0,0.0,1.0,0,0.0041113426,0.003719584,2695,XGBoost (tuned),D,not a siting recommendation
8865057a85fffff,Gombak,3.304062595690397,101.56705272048804,0.0,1.0,1.0,0,0.0040368177,0.0044904156,2825,XGBoost (tuned),D,not a siting recommendation
886505452dfffff,Gombak,3.303688645591756,101.76537545935354,0.0,0.0,1.0,0,0.004125696,0.0037262694,2658,XGBoost (tuned),D,not a siting recommendation
8865056117fffff,Gombak,3.3605166175860712,101.44591703685656,0.0,0.0,1.0,0,0.0041423296,0.004040748,2639,XGBoost (tuned),D,not a siting recommendation
8865056111fffff,Gombak,3.352424028754781,101.44968967582192,0.0,0.0,1.0,0,0.004307477,0.004040748,2387,XGBoost (tuned),D,not a siting recommendation
8865057aa5fffff,Gombak,3.3268940504585927,101.57365654642444,2507.439446366782,11.9,1.0,0,0.087749496,0.073732786,629,XGBoost (tuned),D,not a siting recommendation
8865054521fffff,Gombak,3.304408990226316,101.75642847486073,0.0,0.0,1.0,0,0.0039669117,0.0037262694,3036,XGBoost (tuned),D,not a siting recommendation
88650544e5fffff,Gombak,3.2483479227247187,101.67915086622536,6686.505190311419,8.2,1.0,0,0.01895702,0.028773492,1208,XGBoost (tuned),D,not a siting recommendation
886505443dfffff,Gombak,3.2461915374362458,101.70599382370732,7522.318339100346,27.9,1.0,0,0.10277632,0.13900676,562,XGBoost (tuned),D,not a siting recommendation
8865057a9bfffff,Gombak,3.2833876116188887,101.53358996515422,2507.439446366782,2.0,1.0,0,0.011847989,0.011061076,1405,XGBoost (tuned),D,not a siting recommendation
88650571c1fffff,Gombak,3.2282083041394536,101.54206159629749,0.0,0.0,1.0,0,0.00375289,0.0039412696,3605,XGBoost (tuned),D,not a siting recommendation
8865057ad3fffff,Gombak,3.2745807059276766,101.54631169444517,835.8131487889274,2.2,1.0,0,0.023549303,0.018588899,1129,XGBoost (tuned),D,not a siting recommendation
8865057a17fffff,Gombak,3.293816902394189,101.59767746573152,0.0,0.0,1.0,0,0.003981523,0.0039467486,2997,XGBoost (tuned),D,not a siting recommendation
8865054e47fffff,Gombak,3.324348421055138,101.7988289581648,0.0,0.0,1.0,0,0.0035691233,0.003749759,3910,XGBoost (tuned),D,not a siting recommendation
886505452bfffff,Gombak,3.2970417172111137,101.75124202859053,0.0,0.0,1.0,0,0.0040718797,0.0037262694,2763,XGBoost (tuned),D,not a siting recommendation
8865057a45fffff,Gombak,3.2821337194782068,101.64619800045256,2507.439446366782,2.6,1.0,0,0.016257111,0.018435333,1273,XGBoost (tuned),D,not a siting recommendation
8865056151fffff,Gombak,3.335521332405324,101.4661916124803,0.0,0.0,1.0,0,0.004236994,0.004040748,2499,XGBoost (tuned),D,not a siting recommendation
88650544a1fffff,Gombak,3.257871824784613,101.65749036775618,1671.6262975778548,117.9,1.0,0,0.32820052,0.3176511,175,XGBoost (tuned),D,not a siting recommendation
886505714bfffff,Gombak,3.2158175985952964,101.59953323986292,835.8131487889274,14.1,1.0,0,0.068353675,0.068205714,754,XGBoost (tuned),D,not a siting recommendation
8865054597fffff,Gombak,3.288783258230382,101.66033365876268,0.0,0.0,1.0,0,0.003856893,0.003719584,3255,XGBoost (tuned),D,not a siting recommendation
8865057101fffff,Gombak,3.240076208868817,101.58823587548945,0.0,0.0,1.0,0,0.0038718472,0.0039690468,3221,XGBoost (tuned),D,not a siting recommendation
88650540edfffff,Gombak,3.281751461388544,101.84445470518232,0.0,0.0,1.0,0,0.003825541,0.003819785,3366,XGBoost (tuned),D,not a siting recommendation
88650545c7fffff,Gombak,3.277818332455021,101.6998930146309,0.0,0.0,1.0,0,0.0035691233,0.0036963532,3910,XGBoost (tuned),D,not a siting recommendation
8865054431fffff,Gombak,3.246910387861429,101.69704647885992,835.8131487889274,9.5,1.0,0,0.07725075,0.08113354,688,XGBoost (tuned),D,not a siting recommendation
886505719dfffff,Gombak,3.2384472078181874,101.51143565722104,0.0,0.0,1.0,0,0.0037756267,0.003965431,3518,XGBoost (tuned),D,not a siting recommendation
886505615dfffff,Gombak,3.334802712883207,101.47514866743217,0.0,0.0,1.0,0,0.0042496044,0.004040748,2465,XGBoost (tuned),D,not a siting recommendation
8865054eabfffff,Gombak,3.3536620772100263,101.72491119777436,0.0,0.0,1.0,0,0.0037603874,0.003719584,3565,XGBoost (tuned),D,not a siting recommendation
88650571e1fffff,Gombak,3.251034613729749,101.54866270661944,0.0,0.4,1.0,0,0.0040296447,0.00407705,2837,XGBoost (tuned),D,not a siting recommendation
8865057ad7fffff,Gombak,3.2819510742534503,101.55149673444468,0.0,0.5,1.0,0,0.004390679,0.0049329363,2274,XGBoost (tuned),D,not a siting recommendation
886505710dfffff,Gombak,3.2393583101936083,101.597186510527,0.0,0.0,1.0,0,0.00375289,0.0039467486,3605,XGBoost (tuned),D,not a siting recommendation
8865054425fffff,Gombak,3.2602063259261262,101.72531191554488,0.0,0.5,1.0,0,0.004397006,0.004445228,2272,XGBoost (tuned),D,not a siting recommendation
8865054485fffff,Gombak,3.242417459911702,101.65606891245748,8358.131487889274,24.0,1.0,0,0.10461278,0.15385291,549,XGBoost (tuned),D,not a siting recommendation
886505475bfffff,Gombak,3.194809856220207,101.76433875696902,8358.131487889274,18.1,1.0,0,0.036765825,0.058242813,978,XGBoost (tuned),D,not a siting recommendation
8865054293fffff,Gombak,3.214747662208985,101.80672445446623,0.0,0.0,1.0,0,0.0037754262,0.0036448229,3521,XGBoost (tuned),D,not a siting recommendation
8865054745fffff,Gombak,3.2154667052115227,101.79778123918555,0.0,0.0,1.0,0,0.0037754262,0.0036448229,3521,XGBoost (tuned),D,not a siting recommendation
8865054433fffff,Gombak,3.2476291829774047,101.68809882622575,5850.692041522491,9.2,1.0,0,0.023758756,0.025216784,1126,XGBoost (tuned),D,not a siting recommendation
8865056327fffff,Gombak,3.332646503574132,101.50201804582538,0.0,0.0,1.0,0,0.0041243033,0.003965431,2664,XGBoost (tuned),D,not a siting recommendation
886505459bfffff,Gombak,3.273327091623809,101.65891194985284,1671.6262975778548,1.0,1.0,0,0.005675702,0.0056829127,1742,XGBoost (tuned),D,not a siting recommendation
8865057ae3fffff,Gombak,3.30334373185358,101.576005765341,0.0,1.0,1.0,0,0.004246389,0.0044904156,2472,XGBoost (tuned),D,not a siting recommendation
8865054e97fffff,Gombak,3.34036551077284,101.69663770965042,0.0,0.0,1.0,0,0.0038671864,0.003719584,3236,XGBoost (tuned),D,not a siting recommendation
88650540d1fffff,Gombak,3.253730583602024,101.80582187313892,0.0,0.0,1.0,0,0.0038763464,0.0036765242,3209,XGBoost (tuned),D,not a siting recommendation
88650540a1fffff,Gombak,3.2993653960610065,101.81905081822384,0.0,0.0,1.0,0,0.0040100897,0.0037723498,2910,XGBoost (tuned),D,not a siting recommendation
8865056021fffff,Gombak,3.329585074109587,101.44309128620398,0.0,0.0,1.0,0,0.0042686397,0.004040748,2447,XGBoost (tuned),D,not a siting recommendation
8865054763fffff,Gombak,3.231634812907823,101.79026465106598,0.0,0.0,1.0,0,0.003707827,0.0036534914,3669,XGBoost (tuned),D,not a siting recommendation
8865057123fffff,Gombak,3.2636197686119104,101.58588807754856,1671.6262975778548,1.8,1.0,0,0.005735688,0.009901929,1732,XGBoost (tuned),D,not a siting recommendation
8865054557fffff,Gombak,3.266853794517043,101.73944448075312,0.0,0.0,1.0,0,0.0037603874,0.0036469363,3565,XGBoost (tuned),D,not a siting recommendation
88650545e3fffff,Gombak,3.2932736535355187,101.70131647287631,0.0,0.0,1.0,0,0.0038671864,0.003719584,3236,XGBoost (tuned),D,not a siting recommendation
886505440bfffff,Gombak,3.2226541515301457,101.70833196965508,0.0,0.4,1.0,0,0.00526208,0.0049050986,1786,XGBoost (tuned),D,not a siting recommendation
8865056303fffff,Gombak,3.3024395064927243,101.49023236637156,835.8131487889274,1.2000000000000002,1.0,0,0.008981379,0.008617926,1495,XGBoost (tuned),D,not a siting recommendation
8865054e43fffff,Gombak,3.3169814804476423,101.79364199651052,0.0,0.0,1.0,0,0.0037533075,0.003749759,3593,XGBoost (tuned),D,not a siting recommendation
8865057a69fffff,Gombak,3.289502520239395,101.65138368907373,0.0,0.0,1.0,0,0.003856893,0.003719584,3255,XGBoost (tuned),D,not a siting recommendation
8865054715fffff,Gombak,3.2264266853109835,101.75824570991536,2507.439446366782,2.0,1.0,0,0.012237932,0.010376345,1389,XGBoost (tuned),D,not a siting recommendation
8865057a33fffff,Gombak,3.309275965611756,101.59909667499451,3343.252595155709,3.9,1.0,0,0.017158438,0.03562968,1238,XGBoost (tuned),D,not a siting recommendation
8865054e49fffff,Gombak,3.3081731703753183,101.80634702367686,0.0,0.0,1.0,0,0.0035691233,0.003749759,3910,XGBoost (tuned),D,not a siting recommendation
8865055587fffff,Gombak,3.1764894571653,101.79868469305104,0.0,0.0,1.0,0,0.0037754262,0.0044538863,3521,XGBoost (tuned),D,not a siting recommendation
8865057a5bfffff,Gombak,3.261464709823271,101.61274121724932,0.0,0.0,1.0,0,0.0038718472,0.0039467486,3221,XGBoost (tuned),D,not a siting recommendation
886505459dfffff,Gombak,3.279976278994224,101.67304688776616,0.0,0.0,1.0,0,0.0038438234,0.0036963532,3341,XGBoost (tuned),D,not a siting recommendation
8865057125fffff,Gombak,3.270270751283132,101.6000245444918,0.0,0.0,1.0,0,0.0036062833,0.0039467486,3801,XGBoost (tuned),D,not a siting recommendation
886505409bfffff,Gombak,3.263255569691759,101.78417395153208,0.0,0.0,1.0,0,0.003924029,0.0036534914,3111,XGBoost (tuned),D,not a siting recommendation
8865054407fffff,Gombak,3.238105885449198,101.70975554521276,5850.692041522491,11.1,1.0,0,0.05637141,0.05556654,817,XGBoost (tuned),D,not a siting recommendation
8865054519fffff,Gombak,3.267573272931144,101.73049765544928,1671.6262975778548,1.0,1.0,0,0.006199676,0.0058508785,1641,XGBoost (tuned),D,not a siting recommendation
8865056367fffff,Gombak,3.315746236208701,101.51851351980136,835.8131487889274,1.6,1.0,0,0.008670078,0.0077829,1514,XGBoost (tuned),D,not a siting recommendation
8865054c1bfffff,Gombak,3.376490508804313,101.73152350146194,0.0,0.0,1.0,0,0.0036958277,0.003719584,3697,XGBoost (tuned),D,not a siting recommendation
8865057a51fffff,Gombak,3.2688336484307983,101.61792640632927,0.0,0.0,1.0,0,0.0038975338,0.0039467486,3172,XGBoost (tuned),D,not a siting recommendation
886505789bfffff,Gombak,3.3400188815909013,101.50720375554528,0.0,0.8999999999999999,1.0,0,0.0069636106,0.006154065,1573,XGBoost (tuned),D,not a siting recommendation
8865054e9bfffff,Gombak,3.324907219050181,101.69521424512072,0.0,0.0,1.0,0,0.0038671864,0.003719584,3236,XGBoost (tuned),D,not a siting recommendation
886505453bfffff,Gombak,3.291114335326751,101.72816095080049,5850.692041522491,10.7,1.0,0,0.11144759,0.09910318,518,XGBoost (tuned),D,not a siting recommendation
8865054541fffff,Gombak,3.2646950259344543,101.76628309604864,0.0,0.0,1.0,0,0.0037906705,0.0036534914,3439,XGBoost (tuned),D,not a siting recommendation
8865054567fffff,Gombak,3.2956013189407884,101.7691356236378,0.0,0.0,1.0,0,0.0037603874,0.0037262694,3565,XGBoost (tuned),D,not a siting recommendation
8865057143fffff,Gombak,3.2239034469021743,101.59576768351684,6686.505190311419,15.6,1.0,0,0.05086748,0.14484544,860,XGBoost (tuned),D,not a siting recommendation
88650570a5fffff,Gombak,3.223707061461404,101.5010675355437,0.0,0.9,1.0,0,0.00509723,0.006075037,1814,XGBoost (tuned),D,not a siting recommendation
8865054591fffff,Gombak,3.28069548213,101.66409756481696,0.0,0.0,1.0,0,0.0038335924,0.0036963532,3348,XGBoost (tuned),D,not a siting recommendation
8865056313fffff,Gombak,3.296503604851659,101.46713571352628,0.0,1.0,1.0,0,0.004002135,0.004443281,2962,XGBoost (tuned),D,not a siting recommendation
8865054c59fffff,Gombak,3.358867351779408,101.75694561796529,0.0,0.0,1.0,0,0.0037603874,0.0037262694,3565,XGBoost (tuned),D,not a siting recommendation
8865054711fffff,Gombak,3.2190611079713336,101.75306048409128,10029.757785467127,14.2,1.0,0,0.03703107,0.034482684,975,XGBoost (tuned),D,not a siting recommendation
8865057a39fffff,Gombak,3.300467704557933,101.61181491876488,0.0,0.0,1.0,0,0.0037626922,0.0039467486,3544,XGBoost (tuned),D,not a siting recommendation
886505788bfffff,Gombak,3.3459528848940536,101.53030119058192,0.0,0.0,1.0,0,0.003575286,0.003965431,3866,XGBoost (tuned),D,not a siting recommendation
8865056109fffff,Gombak,3.3502675100844126,101.47656286255794,0.0,0.0,1.0,0,0.0042496044,0.004040748,2465,XGBoost (tuned),D,not a siting recommendation
8865054753fffff,Gombak,3.202893247898612,101.76057956540468,3343.252595155709,29.3,1.0,1,0.21150193,0.31335145,304,XGBoost (tuned),D,not a siting recommendation
8865057a29fffff,Gombak,3.306398797642189,101.6349035436612,0.0,0.0,1.0,0,0.003981523,0.0039467486,2997,XGBoost (tuned),D,not a siting recommendation
886505451bfffff,Gombak,3.2682926956892246,101.72155052074312,0.0,0.0,1.0,0,0.0039443574,0.0036469363,3077,XGBoost (tuned),D,not a siting recommendation
88650545e9fffff,Gombak,3.284466501699403,101.71402703336985,0.0,0.0,1.0,0,0.003977637,0.0036963532,3005,XGBoost (tuned),D,not a siting recommendation
8865057a11fffff,Gombak,3.2857283246836446,101.60144375147684,0.0,0.0,1.0,0,0.0037626922,0.0039467486,3544,XGBoost (tuned),D,not a siting recommendation
88650571a9fffff,Gombak,3.2598401800509214,101.5359420479418,0.0,1.0,1.0,0,0.0038551604,0.004459006,3260,XGBoost (tuned),D,not a siting recommendation
8865057129fffff,Gombak,3.254814079053393,101.59860546418024,0.0,0.0,1.0,0,0.00375289,0.0039467486,3605,XGBoost (tuned),D,not a siting recommendation
88650544b9fffff,Gombak,3.243854208900887,101.63817091695276,3343.252595155709,5.3,1.0,0,0.015238666,0.036850896,1304,XGBoost (tuned),D,not a siting recommendation
8865057859fffff,Gombak,3.317365485920204,101.59533003291612,835.8131487889274,3.6,1.0,0,0.014262673,0.020342078,1329,XGBoost (tuned),D,not a siting recommendation
8865054eb9fffff,Gombak,3.347013964491508,101.71077450418838,0.0,0.0,1.0,0,0.0036958277,0.003719584,3697,XGBoost (tuned),D,not a siting recommendation
8865054e1bfffff,Gombak,3.3198643632767806,101.75785443208731,0.0,0.0,1.0,0,0.0037603874,0.0037262694,3565,XGBoost (tuned),D,not a siting recommendation
8865057a65fffff,Gombak,3.304959871103638,101.65280514988848,0.0,0.0,1.0,0,0.0035691233,0.003719584,3910,XGBoost (tuned),D,not a siting recommendation
886505614bfffff,Gombak,3.334084034864252,101.48410542492223,0.0,0.0,1.0,0,0.0041912636,0.004040748,2563,XGBoost (tuned),D,not a siting recommendation
8865054e09fffff,Gombak,3.3250694012195825,101.78988250413413,0.0,0.0,1.0,0,0.0037533075,0.0037262694,3593,XGBoost (tuned),D,not a siting recommendation
88650545c5fffff,Gombak,3.277098904763249,101.70884110818903,0.0,0.0,1.0,0,0.0037603874,0.0036963532,3565,XGBoost (tuned),D,not a siting recommendation
8865057b5dfffff,Gombak,3.3196982819461014,101.6631774570828,0.0,0.0,1.0,0,0.003982518,0.003719584,2993,XGBoost (tuned),D,not a siting recommendation
8865054c5dfffff,Gombak,3.3662358230599674,101.76213306629538,0.0,0.0,1.0,0,0.0037603874,0.0037262694,3565,XGBoost (tuned),D,not a siting recommendation
8865057a47fffff,Gombak,3.2828527535715315,101.6372477598795,1671.6262975778548,1.0,1.0,0,0.00586877,0.007714485,1697,XGBoost (tuned),D,not a siting recommendation
88650545cbfffff,Gombak,3.262363909830714,101.69846968329718,0.0,0.0,1.0,0,0.003726475,0.0036469363,3651,XGBoost (tuned),D,not a siting recommendation
8865057b59fffff,Gombak,3.312329043558877,101.65799123215284,0.0,0.0,1.0,0,0.003982518,0.003719584,2993,XGBoost (tuned),D,not a siting recommendation
8865054e87fffff,Gombak,3.34629320842569,101.71972412827688,0.0,0.0,1.0,0,0.0039049885,0.003719584,3154,XGBoost (tuned),D,not a siting recommendation
8865057a4dfffff,Gombak,3.2740460669895985,101.64996235506712,21313.235294117647,165.3,1.0,0,0.03156625,0.03366258,1034,XGBoost (tuned),D,not a siting recommendation
8865054499fffff,Gombak,3.221032436860757,101.63156568799208,5014.878892733564,22.2,1.0,0,0.11510138,0.16193847,505,XGBoost (tuned),D,not a siting recommendation
88650540b5fffff,Gombak,3.3008067039296125,101.80116028198748,0.0,0.0,1.0,0,0.0035691233,0.003749759,3910,XGBoost (tuned),D,not a siting recommendation
88650540ddfffff,Gombak,3.2530107810593627,101.81476586496274,0.0,0.0,1.0,0,0.0038334997,0.0036986754,3350,XGBoost (tuned),D,not a siting recommendation
88650578c7fffff,Gombak,3.344514207773128,101.54821157035212,1671.6262975778548,1.0,1.0,0,0.0058871103,0.0077677877,1690,XGBoost (tuned),D,not a siting recommendation
8865054465fffff,Gombak,3.243315583832814,101.74178011682096,835.8131487889274,1.3,1.0,0,0.009079154,0.010681824,1490,XGBoost (tuned),D,not a siting recommendation
8865057147fffff,Gombak,3.231271866116081,101.60095219124324,0.0,0.0,1.0,0,0.0037626922,0.0039467486,3544,XGBoost (tuned),D,not a siting recommendation
88650571bbfffff,Gombak,3.2546227159588,101.50389729553277,0.0,0.0,1.0,0,0.0041767647,0.003965431,2591,XGBoost (tuned),D,not a siting recommendation
8865054599fffff,Gombak,3.272608060125588,101.66786123860132,0.0,0.0,1.0,0,0.0039314018,0.0036963532,3096,XGBoost (tuned),D,not a siting recommendation
8865054ee1fffff,Gombak,3.344130594707678,101.7465711446054,0.0,0.0,1.0,0,0.0037594978,0.0037262694,3581,XGBoost (tuned),D,not a siting recommendation
8865057a95fffff,Gombak,3.2981292354310163,101.54396032778612,835.8131487889274,11.0,1.0,0,0.015193264,0.0266915,1306,XGBoost (tuned),D,not a siting recommendation
886505475dfffff,Gombak,3.201456123822973,101.77846743244405,8358.131487889274,24.9,1.0,0,0.080317855,0.13011488,667,XGBoost (tuned),D,not a siting recommendation
88650545ddfffff,Gombak,3.263082993186172,101.68952165622169,0.0,0.0,1.0,0,0.0035691233,0.0036469363,3910,XGBoost (tuned),D,not a siting recommendation
88650545b3fffff,Gombak,3.3042403224046413,101.66175549450094,0.0,0.0,1.0,0,0.0037626922,0.003719584,3544,XGBoost (tuned),D,not a siting recommendation
88650540c3fffff,Gombak,3.260375994101965,101.81995191607317,0.0,0.0,1.0,0,0.0038996302,0.0036986754,3165,XGBoost (tuned),D,not a siting recommendation
8865054e37fffff,Gombak,3.3581460172269906,101.76589406658276,0.0,0.0,1.0,0,0.0035691233,0.0037262694,3910,XGBoost (tuned),D,not a siting recommendation
8865057b53fffff,Gombak,3.321137895513373,101.64527571206663,0.0,0.0,1.0,0,0.0037626922,0.0039467486,3544,XGBoost (tuned),D,not a siting recommendation
88650545bbfffff,Gombak,3.296151954323144,101.66551952455984,0.0,0.0,1.0,0,0.0037626922,0.003719584,3544,XGBoost (tuned),D,not a siting recommendation
8865057115fffff,Gombak,3.241511839205698,101.5703336979199,1671.6262975778548,1.0,1.0,0,0.0055392636,0.0078718085,1760,XGBoost (tuned),D,not a siting recommendation
88650545e1fffff,Gombak,3.2925539371396595,101.71026494082008,0.0,0.0,1.0,0,0.0035691233,0.003719584,3910,XGBoost (tuned),D,not a siting recommendation
8865054585fffff,Gombak,3.2939933135114394,101.69236769685769,0.0,0.6,1.0,0,0.00942876,0.009289606,1476,XGBoost (tuned),D,not a siting recommendation
8865054735fffff,Gombak,3.2492432271322187,101.76485702284369,0.0,0.0,1.0,0,0.0037603874,0.0036534914,3565,XGBoost (tuned),D,not a siting recommendation
886505466bfffff,Gombak,3.171997798012492,101.75772856210656,6686.505190311419,16.2,1.0,0,0.03183716,0.047324296,1031,XGBoost (tuned),D,not a siting recommendation
88650571edfffff,Gombak,3.2503168247351044,101.55761488815956,2507.439446366782,4.2,1.0,0,0.018731687,0.030630404,1211,XGBoost (tuned),D,not a siting recommendation
8865054523fffff,Gombak,3.3051292784289643,101.74748117967432,0.0,0.0,1.0,0,0.0035691233,0.0037262694,3910,XGBoost (tuned),D,not a siting recommendation
8865054e91fffff,Gombak,3.332276070225521,101.70040085618606,0.0,0.0,1.0,0,0.0035691233,0.003719584,3910,XGBoost (tuned),D,not a siting recommendation
886505784bfffff,Gombak,3.324016433805721,101.60946855961662,0.0,0.0,1.0,0,0.0037626922,0.0039467486,3544,XGBoost (tuned),D,not a siting recommendation
88650545d1fffff,Gombak,3.2638020208027267,101.68057332168398,835.8131487889274,10.3,1.0,0,0.07150631,0.085243896,728,XGBoost (tuned),D,not a siting recommendation
88650544b1fffff,Gombak,3.251940788850784,101.63440647045644,3343.252595155709,4.3,1.0,0,0.024422795,0.03965427,1116,XGBoost (tuned),D,not a siting recommendation
8865057b41fffff,Gombak,3.3263475208975763,101.67731427191782,0.0,0.0,1.0,0,0.004069867,0.003719584,2766,XGBoost (tuned),D,not a siting recommendation
88650540bdfffff,Gombak,3.2927198489901786,101.80491907506672,0.0,0.0,1.0,0,0.0038803073,0.003749759,3202,XGBoost (tuned),D,not a siting recommendation
8865057aedfffff,Gombak,3.3019058324762964,101.59391094809408,4179.065743944637,13.5,1.0,1,0.058939386,0.12228931,799,XGBoost (tuned),D,not a siting recommendation
886505458dfffff,Gombak,3.2859056457603515,101.69613047197812,0.0,0.0,1.0,0,0.003977637,0.0036963532,3005,XGBoost (tuned),D,not a siting recommendation
8865056347fffff,Gombak,3.2929132748057093,101.51191255526068,0.0,1.4,1.0,0,0.0041842107,0.004719095,2573,XGBoost (tuned),D,not a siting recommendation
8865054ee5fffff,Gombak,3.3514989421872143,101.75175831070888,0.0,0.0,1.0,0,0.0040718797,0.0037262694,2763,XGBoost (tuned),D,not a siting recommendation
8865057a81fffff,Gombak,3.296692019559006,101.56186724754504,0.0,1.0,1.0,0,0.004235113,0.0044904156,2507,XGBoost (tuned),D,not a siting recommendation
8865056025fffff,Gombak,3.336958395720768,101.44827661188332,0.0,0.0,1.0,0,0.004307477,0.004040748,2387,XGBoost (tuned),D,not a siting recommendation
8865054e1dfffff,Gombak,3.3265111911560976,101.77198865956736,0.0,0.0,1.0,0,0.0040404294,0.0037262694,2820,XGBoost (tuned),D,not a siting recommendation
88650571c3fffff,Gombak,3.228925586172368,101.53310952777905,0.0,0.9,1.0,0,0.004467489,0.005486487,2159,XGBoost (tuned),D,not a siting recommendation
886505633dfffff,Gombak,3.317901954328868,101.491647062222,0.0,0.0,1.0,0,0.003575286,0.004040748,3866,XGBoost (tuned),D,not a siting recommendation
8865054e01fffff,Gombak,3.333157676462179,101.78612277868008,0.0,0.0,1.0,0,0.0037533075,0.0037262694,3593,XGBoost (tuned),D,not a siting recommendation
886505613dfffff,Gombak,3.3745453308517304,101.46524728471522,0.0,0.0,1.0,0,0.004236994,0.004040748,2499,XGBoost (tuned),D,not a siting recommendation
8865057ab9fffff,Gombak,3.305500151362609,101.54914572593904,835.8131487889274,8.0,1.0,0,0.012983677,0.021066947,1361,XGBoost (tuned),D,not a siting recommendation
8865054409fffff,Gombak,3.221935651910849,101.71727829076993,21313.235294117647,36.5,1.0,0,0.053813934,0.063144095,839,XGBoost (tuned),D,not a siting recommendation
8865057a13fffff,Gombak,3.286447075848736,101.59249198995563,0.0,0.5,1.0,0,0.007256341,0.005042411,1555,XGBoost (tuned),D,not a siting recommendation
8865057a03fffff,Gombak,3.292379002053861,101.61558075740976,1671.6262975778548,1.0,1.0,0,0.0055596996,0.0076986738,1757,XGBoost (tuned),D,not a siting recommendation
88650544abfffff,Gombak,3.2505038091602017,101.652305146234,13373.010380622838,51.1,1.0,1,0.06372633,0.08606572,773,XGBoost (tuned),D,not a siting recommendation
8865054e15fffff,Gombak,3.3345997011797723,101.7682282486012,0.0,0.0,1.0,0,0.0037594978,0.0037262694,3581,XGBoost (tuned),D,not a siting recommendation
88650540abfffff,Gombak,3.291999341557271,101.8138641565861,0.0,0.0,1.0,0,0.0037533075,0.0037723498,3593,XGBoost (tuned),D,not a siting recommendation
8865057abdfffff,Gombak,3.31287113607887,101.55433126854471,3343.252595155709,9.9,1.0,0,0.048994716,0.104084246,873,XGBoost (tuned),D,not a siting recommendation
88650545e7fffff,Gombak,3.3006417269986223,101.7065026157094,0.0,0.0,1.0,0,0.0035691233,0.003719584,3910,XGBoost (tuned),D,not a siting recommendation
8865056315fffff,Gombak,3.3031576836309093,101.48127666025944,0.0,0.4,1.0,0,0.0047072014,0.0042064823,1932,XGBoost (tuned),D,not a siting recommendation
886505718bfffff,Gombak,3.237729924534112,101.52038866310905,0.0,0.0,1.0,0,0.0038422716,0.003965431,3343,XGBoost (tuned),D,not a siting recommendation
8865057a8bfffff,Gombak,3.289321512271954,101.55668191883764,0.0,0.8,1.0,0,0.0042993412,0.0044041444,2420,XGBoost (tuned),D,not a siting recommendation
886505785bfffff,Gombak,3.3180847481376885,101.5863772171877,5850.692041522491,8.9,1.0,0,0.034635678,0.08375385,1003,XGBoost (tuned),D,not a siting recommendation
88650571bdfffff,Gombak,3.261275702391525,101.51803550657426,835.8131487889274,1.4,1.0,0,0.011518352,0.010867848,1417,XGBoost (tuned),D,not a siting recommendation
886505636bfffff,Gombak,3.3002846295119914,101.5170976943122,0.0,1.4,1.0,0,0.004650115,0.0044319974,1957,XGBoost (tuned),D,not a siting recommendation
8865056369fffff,Gombak,3.299566222194601,101.5260522054186,0.0,0.0,1.0,0,0.003922462,0.003965431,3113,XGBoost (tuned),D,not a siting recommendation
88650545abfffff,Gombak,3.3020813353045795,101.68860468928052,0.0,0.0,1.0,0,0.0041113426,0.003719584,2695,XGBoost (tuned),D,not a siting recommendation
8865057ad9fffff,Gombak,3.265774321263592,101.55903221470902,0.0,0.0,1.0,0,0.00381995,0.003916395,3400,XGBoost (tuned),D,not a siting recommendation
8865056139fffff,Gombak,3.3671714949779887,101.4600612690842,0.0,0.0,1.0,0,0.0042496044,0.004040748,2465,XGBoost (tuned),D,not a siting recommendation
8865054e0bfffff,Gombak,3.3257903246065226,101.780935737795,0.0,0.0,1.0,0,0.0037533075,0.0037262694,3593,XGBoost (tuned),D,not a siting recommendation
8865056115fffff,Gombak,3.3597977274707804,101.45487539942684,0.0,0.0,1.0,0,0.0041423296,0.004040748,2639,XGBoost (tuned),D,not a siting recommendation
8865056359fffff,Gombak,3.2707996334653986,101.49635800874914,0.0,0.0,1.0,0,0.003975792,0.003965431,3008,XGBoost (tuned),D,not a siting recommendation
886505631bfffff,Gombak,3.2884136948753144,101.47090684056816,2507.439446366782,15.3,1.0,0,0.12610245,0.15756118,469,XGBoost (tuned),D,not a siting recommendation
8865057b4dfffff,Gombak,3.3256273986140124,101.68626441223198,0.0,0.0,1.0,0,0.0041113426,0.003719584,2695,XGBoost (tuned),D,not a siting recommendation
8865057ad1fffff,Gombak,3.2738625215328625,101.55526459038175,835.8131487889274,2.3,1.0,0,0.05873695,0.02357117,801,XGBoost (tuned),D,not a siting recommendation
8865057183fffff,Gombak,3.2458173898379417,101.51661993562078,0.0,0.0,1.0,0,0.003935766,0.003965431,3084,XGBoost (tuned),D,not a siting recommendation
8865054547fffff,Gombak,3.2727811649078364,101.76252317843668,0.0,0.0,1.0,0,0.0035691233,0.003702993,3910,XGBoost (tuned),D,not a siting recommendation
8865054593fffff,Gombak,3.281414628977847,101.65514793557207,0.0,0.0,1.0,0,0.0035691233,0.0036963532,3910,XGBoost (tuned),D,not a siting recommendation
8865056329fffff,Gombak,3.31646486682202,101.50955833285852,835.8131487889274,24.8,1.0,0,0.07685353,0.1220026,691,XGBoost (tuned),D,not a siting recommendation
8865057ac1fffff,Gombak,3.2797958420067728,101.578354629983,0.0,0.0,1.0,0,0.0038987673,0.0039690468,3169,XGBoost (tuned),D,not a siting recommendation
8865056227fffff,Gombak,3.281041807286723,101.46572214927122,835.8131487889274,4.1,1.0,0,0.063613504,0.0877018,775,XGBoost (tuned),D,not a siting recommendation
8865056363fffff,Gombak,3.3083745730342344,101.51332812928848,0.0,0.0,1.0,0,0.0038658327,0.003965431,3248,XGBoost (tuned),D,not a siting recommendation
8865056135fffff,Gombak,3.382638631601014,101.46147496300102,0.0,0.0,1.0,0,0.0042496044,0.004040748,2465,XGBoost (tuned),D,not a siting recommendation
8865057a25fffff,Gombak,3.321857616281277,101.63632438112428,0.0,0.0,1.0,0,0.0037799608,0.0039467486,3485,XGBoost (tuned),D,not a siting recommendation
8865054e07fffff,Gombak,3.341246305771824,101.78236282015908,0.0,0.0,1.0,0,0.0040390347,0.0037262694,2823,XGBoost (tuned),D,not a siting recommendation
8865057adbfffff,Gombak,3.266492392728716,101.55007965725532,0.0,0.0,1.0,0,0.0038975338,0.003916395,3172,XGBoost (tuned),D,not a siting recommendation
8865054751fffff,Gombak,3.202174712800668,101.76952365448292,10865.570934256057,14.4,1.0,0,0.037787084,0.055028755,970,XGBoost (tuned),D,not a siting recommendation
88650544a9fffff,Gombak,3.2497852358755592,101.6612540258087,2507.439446366782,6.1,1.0,0,0.021299634,0.024086287,1164,XGBoost (tuned),D,not a siting recommendation
88650540e1fffff,Gombak,3.2824720169215453,101.83551090878584,0.0,0.0,1.0,0,0.0039051513,0.0037733067,3150,XGBoost (tuned),D,not a siting recommendation
8865057a93fffff,Gombak,3.291476741274576,101.52982120102726,0.0,1.0,1.0,0,0.004002135,0.004459006,2962,XGBoost (tuned),D,not a siting recommendation
8865054ccdfffff,Gombak,3.3772119014850133,101.72257343773192,0.0,0.0,1.0,0,0.0039049885,0.003719584,3154,XGBoost (tuned),D,not a siting recommendation
886505558bfffff,Gombak,3.161043956280222,101.79725763827672,0.0,0.0,1.0,0,0.0038127606,0.00445973,3416,XGBoost (tuned),D,not a siting recommendation
8865057a59fffff,Gombak,3.2607462446961333,101.621691656707,0.0,0.0,1.0,0,0.0038718472,0.0039467486,3221,XGBoost (tuned),D,not a siting recommendation
88650571e3fffff,Gombak,3.251752346620539,101.5397102242908,0.0,0.0,1.0,0,0.003875148,0.0039412696,3211,XGBoost (tuned),D,not a siting recommendation
88650540b9fffff,Gombak,3.2853536832113788,101.7997325836467,0.0,0.0,1.0,0,0.003677333,0.0037263401,3742,XGBoost (tuned),D,not a siting recommendation
88650578d1fffff,Gombak,3.330489769402267,101.52888473564644,1671.6262975778548,19.5,1.0,0,0.12543887,0.2247949,472,XGBoost (tuned),D,not a siting recommendation
8865057a9dfffff,Gombak,3.2900399790209938,101.54772864690906,1671.6262975778548,1.0,1.0,0,0.0057450742,0.0077677877,1730,XGBoost (tuned),D,not a siting recommendation
8865057327fffff,Gombak,3.214382433409144,101.61743217097629,15880.44982698962,64.9,1.0,0,0.1902816,0.24709731,339,XGBoost (tuned),D,not a siting recommendation
8865057ae1fffff,Gombak,3.302624810762361,101.58495850801695,3343.252595155709,11.0,1.0,0,0.058070492,0.10236888,806,XGBoost (tuned),D,not a siting recommendation
88650571a1fffff,Gombak,3.26792836617445,101.53217364011876,0.0,1.2,1.0,0,0.01234176,0.010601419,1385,XGBoost (tuned),D,not a siting recommendation
8865056001fffff,Gombak,3.306747702730915,101.43649367273466,2507.439446366782,2.6,1.0,0,0.014242463,0.015175097,1330,XGBoost (tuned),D,not a siting recommendation
8865057145fffff,Gombak,3.230554026393912,101.60990218387472,0.0,0.0,1.0,0,0.0037839243,0.0039467486,3450,XGBoost (tuned),D,not a siting recommendation
8865056323fffff,Gombak,3.3252741943452984,101.496832481358,0.0,0.0,1.0,0,0.0041770223,0.003965431,2589,XGBoost (tuned),D,not a siting recommendation
8865057acbfffff,Gombak,3.272425982909806,101.57316947840592,0.0,1.0,1.0,0,0.0040368177,0.0044904156,2825,XGBoost (tuned),D,not a siting recommendation
88650544a7fffff,Gombak,3.2659587686238263,101.65372647750532,1671.6262975778548,5.3,1.0,0,0.040441606,0.040092424,946,XGBoost (tuned),D,not a siting recommendation
8865054527fffff,Gombak,3.3124967890089225,101.75266773532856,0.0,0.0,1.0,0,0.0039669117,0.0037262694,3036,XGBoost (tuned),D,not a siting recommendation
8865054429fffff,Gombak,3.24475367089612,101.72388758836,16716.262975778547,28.3,1.0,0,0.053338647,0.06653218,844,XGBoost (tuned),D,not a siting recommendation
8865054511fffff,Gombak,3.2756598814691777,101.72673636968663,0.0,0.0,1.0,0,0.003977637,0.0036963532,3005,XGBoost (tuned),D,not a siting recommendation
8865057a23fffff,Gombak,3.3152073544679244,101.62218665971773,0.0,0.0,1.0,0,0.0037799608,0.0039467486,3485,XGBoost (tuned),D,not a siting recommendation
88650578c9fffff,Gombak,3.328332511976912,101.55574872548584,1671.6262975778548,4.3,1.0,0,0.115700774,0.11747258,501,XGBoost (tuned),D,not a siting recommendation
8865054085fffff,Gombak,3.28391296135437,101.81762237328806,0.0,0.0,1.0,0,0.0038568657,0.0037487864,3257,XGBoost (tuned),D,not a siting recommendation
8865057a0bfffff,Gombak,3.284290652298892,101.61934636405756,0.0,0.6,1.0,0,0.010425902,0.010610555,1448,XGBoost (tuned),D,not a siting recommendation
88650545edfffff,Gombak,3.2918341643835185,101.71921310026828,0.0,0.0,1.0,0,0.0037603874,0.003719584,3565,XGBoost (tuned),D,not a siting recommendation
8865056101fffff,Gombak,3.3583597696875858,101.47279123450512,0.0,0.0,1.0,0,0.003575286,0.004040748,3866,XGBoost (tuned),D,not a siting recommendation
8865057167fffff,Gombak,3.2540958402985787,101.6075561715363,0.0,0.0,1.0,0,0.0035828962,0.0039467486,3859,XGBoost (tuned),D,not a siting recommendation
8865057117fffff,Gombak,3.242229570748743,101.56138215623118,1671.6262975778548,1.4,1.0,0,0.006357622,0.008264514,1619,XGBoost (tuned),D,not a siting recommendation
88650540b3fffff,Gombak,3.2941606960411813,101.787027973583,0.0,0.0,1.0,0,0.0037533075,0.0037262694,3593,XGBoost (tuned),D,not a siting recommendation
88650555b1fffff,Gombak,3.1852901757481047,101.78598421335798,0.0,0.0,1.0,0,0.0038127606,0.0036219882,3416,XGBoost (tuned),D,not a siting recommendation
8865056343fffff,Gombak,3.2855419902796847,101.50672756126376,8358.131487889274,12.0,1.0,0,0.08771345,0.110105075,630,XGBoost (tuned),D,not a siting recommendation
88650540d9fffff,Gombak,3.245645632671636,101.80957995388142,0.0,0.0,1.0,0,0.0037996215,0.0036986754,3427,XGBoost (tuned),D,not a siting recommendation
8865057165fffff,Gombak,3.253377545640275,101.61650657531524,0.0,0.0,1.0,0,0.0037626922,0.0039467486,3544,XGBoost (tuned),D,not a siting recommendation
886505600dfffff,Gombak,3.30602981465451,101.44545086309162,835.8131487889274,4.2,1.0,0,0.015307642,0.01597892,1303,XGBoost (tuned),D,not a siting recommendation
8865056337fffff,Gombak,3.3267113875497434,101.4789199390151,1671.6262975778548,1.6,1.0,0,0.016665665,0.014539357,1260,XGBoost (tuned),D,not a siting recommendation
88650571c7fffff,Gombak,3.23629519029372,101.53829377618148,1671.6262975778548,14.6,1.0,0,0.10061955,0.1157279,569,XGBoost (tuned),D,not a siting recommendation
88650545d5fffff,Gombak,3.271169828969959,101.68575889630284,1671.6262975778548,11.4,1.0,0,0.016455567,0.023757452,1264,XGBoost (tuned),D,not a siting recommendation
8865056065fffff,Gombak,3.3200571503967624,101.46477792073038,0.0,0.0,1.0,0,0.004539466,0.004040748,2094,XGBoost (tuned),D,not a siting recommendation
886505604dfffff,Gombak,3.2891314777200766,101.4619509163947,1671.6262975778548,1.0,1.0,0,0.006758369,0.0075685256,1588,XGBoost (tuned),D,not a siting recommendation
88650545b5fffff,Gombak,3.310889545332912,101.67589168365744,0.0,0.0,1.0,0,0.0036958277,0.003719584,3697,XGBoost (tuned),D,not a siting recommendation
886505442bfffff,Gombak,3.245472631761319,101.71494086034748,1671.6262975778548,4.4,1.0,0,0.040863216,0.050902944,943,XGBoost (tuned),D,not a siting recommendation
88650540b1fffff,Gombak,3.29344030050473,101.79597368059244,0.0,0.0,1.0,0,0.003962304,0.003749759,3040,XGBoost (tuned),D,not a siting recommendation
8865054eb7fffff,Gombak,3.3631941440910564,101.70324841374044,0.0,0.0,1.0,0,0.0040293518,0.003719584,2841,XGBoost (tuned),D,not a siting recommendation
886505559bfffff,Gombak,3.1551160645733187,101.77418887703608,10865.570934256057,132.1,1.0,0,0.068775,0.09230447,751,XGBoost (tuned),D,not a siting recommendation
8865054c53fffff,Gombak,3.3676786672521257,101.74423517346588,0.0,0.0,1.0,0,0.0037603874,0.003719584,3565,XGBoost (tuned),D,not a siting recommendation
8865054e11fffff,Gombak,3.327232000808442,101.76304126987128,0.0,0.0,1.0,0,0.00402459,0.0037262694,2853,XGBoost (tuned),D,not a siting recommendation
8865054089fffff,Gombak,3.2684614222877406,101.81619405553944,0.0,0.0,1.0,0,0.0037764753,0.0036986754,3500,XGBoost (tuned),D,not a siting recommendation
8865054529fffff,Gombak,3.296321546184473,101.76018898154192,0.0,0.0,1.0,0,0.0037594978,0.0037262694,3581,XGBoost (tuned),D,not a siting recommendation
8865056137fffff,Gombak,3.383357968802034,101.45251618286068,0.0,0.0,1.0,0,0.0042496044,0.004040748,2465,XGBoost (tuned),D,not a siting recommendation
8865056307fffff,Gombak,3.309811438081247,101.49541753394422,0.0,0.0,1.0,0,0.003975792,0.003965431,3008,XGBoost (tuned),D,not a siting recommendation
8865057ab1fffff,Gombak,3.3135899976437004,101.54537728205776,3343.252595155709,4.0,1.0,0,0.015313357,0.03780118,1302,XGBoost (tuned),D,not a siting recommendation
8865056351fffff,Gombak,3.278888619719775,101.492588018475,1671.6262975778548,1.0,1.0,0,0.0060433676,0.0077588726,1663,XGBoost (tuned),D,not a siting recommendation
886505616bfffff,Gombak,3.3569215755653,101.49070588001274,0.0,0.0,1.0,0,0.0043477993,0.004040748,2329,XGBoost (tuned),D,not a siting recommendation
8865056ac3fffff,Gombak,3.3988262714039217,101.45392962599134,0.0,0.0,1.0,0,0.0042496044,0.004040748,2465,XGBoost (tuned),D,not a siting recommendation
8865054539fffff,Gombak,3.290394450029025,101.73710849199615,0.0,0.0,1.0,0,0.0036958277,0.003719584,3697,XGBoost (tuned),D,not a siting recommendation
8865057b57fffff,Gombak,3.3285075434690143,101.65046201063308,0.0,0.0,1.0,0,0.0037626922,0.003719584,3544,XGBoost (tuned),D,not a siting recommendation
8865054401fffff,Gombak,3.2300205901397456,101.71351703423724,5014.878892733564,7.0,1.0,0,0.02020604,0.026231794,1186,XGBoost (tuned),D,not a siting recommendation
886505476bfffff,Gombak,3.223550579674596,101.7940230616049,0.0,0.0,1.0,0,0.0038371943,0.0036448229,3346,XGBoost (tuned),D,not a siting recommendation
8865054ea5fffff,Gombak,3.36840000232948,101.73528576148333,0.0,0.0,1.0,0,0.0037603874,0.003719584,3565,XGBoost (tuned),D,not a siting recommendation
88650540e3fffff,Gombak,3.283192516930066,101.82656679801462,0.0,0.0,1.0,0,0.0038009502,0.0037487864,3424,XGBoost (tuned),D,not a siting recommendation
8865056319fffff,Gombak,3.2876958546495008,101.47986246756454,835.8131487889274,3.0,1.0,1,0.04516357,0.066576675,908,XGBoost (tuned),D,not a siting recommendation
886505470bfffff,Gombak,3.2176235095556835,101.77094972018884,1671.6262975778548,6.800000000000001,1.0,0,0.052161217,0.058390927,851,XGBoost (tuned),D,not a siting recommendation
8865054533fffff,Gombak,3.29920189239158,101.72439930880527,0.0,0.0,1.0,0,0.0039049885,0.003719584,3154,XGBoost (tuned),D,not a siting recommendation
8865057aa7fffff,Gombak,3.3276133101681338,101.56470278679868,2507.439446366782,3.8,1.0,0,0.015749915,0.02880112,1288,XGBoost (tuned),D,not a siting recommendation
8865056123fffff,Gombak,3.381919234667305,101.47043344624106,0.0,0.0,1.0,0,0.0043477993,0.004040748,2329,XGBoost (tuned),D,not a siting recommendation
8865057155fffff,Gombak,3.224621061507383,101.58681742393304,3343.252595155709,6.9,1.0,0,0.10489454,0.14144486,547,XGBoost (tuned),D,not a siting recommendation
8865054555fffff,Gombak,3.2661342605065027,101.74839099623436,0.0,0.0,1.0,0,0.0037906705,0.0036534914,3439,XGBoost (tuned),D,not a siting recommendation
88650578d7fffff,Gombak,3.338580777953482,101.52511525875592,1671.6262975778548,6.0,1.0,0,0.1034501,0.118083544,555,XGBoost (tuned),D,not a siting recommendation
8865054661fffff,Gombak,3.1793622765527143,101.76291306853794,5850.692041522491,7.8,1.0,0,0.03281251,0.039988548,1023,XGBoost (tuned),D,not a siting recommendation
88650571adfffff,Gombak,3.2672104077187947,101.54112679891789,0.0,0.6,1.0,0,0.011050805,0.010464764,1429,XGBoost (tuned),D,not a siting recommendation
886505635dfffff,Gombak,3.2781707763581727,101.50154271240032,0.0,0.4,1.0,0,0.004459734,0.0041280887,2181,XGBoost (tuned),D,not a siting recommendation
8865054415fffff,Gombak,3.2314577687452046,101.69562340130396,12537.19723183391,55.5,1.0,0,0.15196307,0.12033491,409,XGBoost (tuned),D,not a siting recommendation
8865054707fffff,Gombak,3.2330732120533723,101.77237591292382,0.0,0.5,1.0,0,0.0043666363,0.0058410354,2296,XGBoost (tuned),D,not a siting recommendation
8865054e53fffff,Gombak,3.3110558087472244,101.77056207805244,0.0,0.0,1.0,0,0.0040404294,0.0037262694,2820,XGBoost (tuned),D,not a siting recommendation
8865054501fffff,Gombak,3.281587540310499,101.74981644889752,0.0,0.0,1.0,0,0.0040196213,0.003702993,2859,XGBoost (tuned),D,not a siting recommendation
886505460dfffff,Gombak,3.1727156975262565,101.74878490961098,17552.076124567473,65.2,1.0,0,0.21342357,0.33200425,298,XGBoost (tuned),D,not a siting recommendation
8865056157fffff,Gombak,3.343613116342553,101.46241977260716,0.0,0.0,1.0,0,0.003575286,0.004040748,3866,XGBoost (tuned),D,not a siting recommendation
8865057b43fffff,Gombak,3.327067585841097,101.66836382459924,0.0,0.0,1.0,0,0.0037626922,0.003719584,3544,XGBoost (tuned),D,not a siting recommendation
8865057189fffff,Gombak,3.2370125853395413,101.52934136956988,0.0,0.0,1.0,0,0.00375289,0.003965431,3605,XGBoost (tuned),D,not a siting recommendation
8865054099fffff,Gombak,3.262535758592936,101.79311891160008,0.0,0.0,1.0,0,0.0037533075,0.0036534914,3593,XGBoost (tuned),D,not a siting recommendation
88650555bbfffff,Gombak,3.177925973332505,101.78079950399814,0.0,0.0,1.0,0,0.0038127606,0.0035983317,3416,XGBoost (tuned),D,not a siting recommendation
8865057323fffff,Gombak,3.207014665719908,101.61224784240645,5014.878892733564,56.0,1.0,0,0.13701865,0.30707473,442,XGBoost (tuned),D,not a siting recommendation
8865054565fffff,Gombak,3.29488103553978,101.77808195445816,0.0,0.0,1.0,0,0.0037533075,0.0037262694,3593,XGBoost (tuned),D,not a siting recommendation
886505455bfffff,Gombak,3.251401123709839,101.73801952902724,835.8131487889274,23.4,1.0,0,0.2497103,0.30156955,248,XGBoost (tuned),D,not a siting recommendation
8865054eadfffff,Gombak,3.3603098475522435,101.73904778868824,0.0,0.0,1.0,0,0.0037603874,0.003719584,3565,XGBoost (tuned),D,not a siting recommendation
8865054701fffff,Gombak,3.224988741301329,101.77613500870302,835.8131487889274,1.7,1.0,0,0.012196724,0.010479554,1391,XGBoost (tuned),D,not a siting recommendation
88650545dbfffff,Gombak,3.256434280019402,101.6753878893165,1671.6262975778548,4.2,1.0,0,0.014175317,0.016983679,1332,XGBoost (tuned),D,not a siting recommendation
8865054e41fffff,Gombak,3.316260618184155,101.80258810749083,0.0,0.0,1.0,0,0.0037533075,0.003749759,3593,XGBoost (tuned),D,not a siting recommendation
886505451dfffff,Gombak,3.274940285986073,101.73568353678522,0.0,0.0,1.0,0,0.003977637,0.0036963532,3005,XGBoost (tuned),D,not a siting recommendation
88650540d3fffff,Gombak,3.254450331180021,101.79687756839192,0.0,0.0,1.0,0,0.0037533075,0.0036765242,3593,XGBoost (tuned),D,not a siting recommendation
8865054515fffff,Gombak,3.283027133057094,101.73192236013074,0.0,1.4,1.0,0,0.004329662,0.004159488,2363,XGBoost (tuned),D,not a siting recommendation
88650545cdfffff,Gombak,3.2690120627317105,101.71260307705492,0.0,0.0,1.0,0,0.0039443574,0.0036469363,3077,XGBoost (tuned),D,not a siting recommendation
8865054c55fffff,Gombak,3.3743259811559936,101.75837183303578,0.0,0.0,1.0,0,0.0039669117,0.0037262694,3036,XGBoost (tuned),D,not a siting recommendation
88650571d5fffff,Gombak,3.2296428125692462,101.52415715924788,835.8131487889274,4.0,1.0,0,0.019077871,0.018699123,1204,XGBoost (tuned),D,not a siting recommendation
8865054505fffff,Gombak,3.288954510949394,101.75500264469684,0.0,0.0,1.0,0,0.0035691233,0.0037262694,3910,XGBoost (tuned),D,not a siting recommendation
8865054743fffff,Gombak,3.2088208753847147,101.78365250168606,13373.010380622838,23.3,1.0,0,0.0403012,0.049980875,948,XGBoost (tuned),D,not a siting recommendation
8865057aadfffff,Gombak,3.318803952789146,101.57742409876498,1671.6262975778548,48.5,1.0,1,0.27150348,0.28284866,223,XGBoost (tuned),D,not a siting recommendation
8865054e93fffff,Gombak,3.3329964225458366,101.69145098987528,0.0,0.0,1.0,0,0.0036958277,0.003719584,3697,XGBoost (tuned),D,not a siting recommendation
8865056061fffff,Gombak,3.312684474217525,101.4595927661215,1671.6262975778548,1.4,1.0,0,0.0063871164,0.008843622,1617,XGBoost (tuned),D,not a siting recommendation
886505450dfffff,Gombak,3.280867660047205,101.75876302798248,0.0,0.0,1.0,0,0.0035691233,0.003702993,3910,XGBoost (tuned),D,not a siting recommendation
886505630bfffff,Gombak,3.2943495791387445,101.49400271298828,0.0,0.5,1.0,0,0.0047596954,0.0050630793,1901,XGBoost (tuned),D,not a siting recommendation
88650545adfffff,Gombak,3.308729870872588,101.70274005804868,0.0,0.0,1.0,0,0.0038671864,0.003719584,3236,XGBoost (tuned),D,not a siting recommendation
8865054cc9fffff,Gombak,3.3698424981467943,101.7173860084855,0.0,0.0,1.0,0,0.0035691233,0.003719584,3910,XGBoost (tuned),D,not a siting recommendation
8865057141fffff,Gombak,3.223185777075635,101.60471764013596,0.0,0.0,1.0,0,0.0038718472,0.0039467486,3221,XGBoost (tuned),D,not a siting recommendation
8865057ac9fffff,Gombak,3.2717076288004208,101.58212146964968,0.0,0.0,1.0,0,0.0038415163,0.0039690468,3344,XGBoost (tuned),D,not a siting recommendation
8865054093fffff,Gombak,3.271341472594456,101.7804147189664,0.0,0.0,1.0,0,0.0038714057,0.003702993,3226,XGBoost (tuned),D,not a siting recommendation
8865057aa1fffff,Gombak,3.3195230998149547,101.56847067806984,3343.252595155709,7.800000000000001,1.0,0,0.035044726,0.054313887,998,XGBoost (tuned),D,not a siting recommendation
886505710bfffff,Gombak,3.2327073793699794,101.58305129673232,1671.6262975778548,1.0,1.0,0,0.0051151053,0.0078066275,1807,XGBoost (tuned),D,not a siting recommendation
886505454bfffff,Gombak,3.2573287706535874,101.76109722856424,0.0,0.0,1.0,0,0.0039190636,0.0036534914,3119,XGBoost (tuned),D,not a siting recommendation
88650544a3fffff,Gombak,3.258590513554044,101.64854114785344,5014.878892733564,17.4,1.0,0,0.037804365,0.039131857,969,XGBoost (tuned),D,not a siting recommendation
886505449bfffff,Gombak,3.2217502719956497,101.6226166427948,1671.6262975778548,160.0,1.0,0,0.11582191,0.16526805,500,XGBoost (tuned),D,not a siting recommendation
8865057a01fffff,Gombak,3.291659966652628,101.62453194741944,0.0,0.0,1.0,0,0.0038642776,0.0039467486,3250,XGBoost (tuned),D,not a siting recommendation
88650555b5fffff,Gombak,3.192654446267002,101.79116906316392,0.0,0.0,1.0,0,0.0038127606,0.0036219882,3416,XGBoost (tuned),D,not a siting recommendation
8865054721fffff,Gombak,3.2478043540749493,101.78274713115616,0.0,0.0,1.0,0,0.0035459758,0.0036534914,3995,XGBoost (tuned),D,not a siting recommendation
886505611dfffff,Gombak,3.3517052481662644,101.45864770158548,0.0,0.0,1.0,0,0.003575286,0.004040748,3866,XGBoost (tuned),D,not a siting recommendation
88650571b5fffff,Gombak,3.2693641132449884,101.514266422824,835.8131487889274,1.8,1.0,0,0.0059219557,0.0055119134,1683,XGBoost (tuned),D,not a siting recommendation
8865057195fffff,Gombak,3.2465347855155757,101.50766659201948,0.0,0.0,1.0,0,0.003552099,0.003965431,3969,XGBoost (tuned),D,not a siting recommendation
88650545c1fffff,Gombak,3.2697313739990315,101.70365532480513,0.0,0.0,1.0,0,0.0039443574,0.0036469363,3077,XGBoost (tuned),D,not a siting recommendation
8865054e57fffff,Gombak,3.318423035226836,101.77574883755936,0.0,0.0,1.0,0,0.0037594978,0.0037262694,3581,XGBoost (tuned),D,not a siting recommendation
8865057a09fffff,Gombak,3.283571731198271,101.62829721427408,0.0,0.0,1.0,0,0.0038409324,0.0039467486,3345,XGBoost (tuned),D,not a siting recommendation
8865054625fffff,Gombak,3.20361172905746,101.7516351656291,5014.878892733564,32.8,1.0,0,0.10556012,0.23110692,543,XGBoost (tuned),D,not a siting recommendation
8865057111fffff,Gombak,3.234142670641339,101.5651491927008,1671.6262975778548,4.0,1.0,0,0.012886661,0.026310613,1365,XGBoost (tuned),D,not a siting recommendation
88650540c5fffff,Gombak,3.2670210652488736,101.83408184486863,0.0,0.0,1.0,0,0.0039505484,0.0037228686,3064,XGBoost (tuned),D,not a siting recommendation
88650544edfffff,Gombak,3.2402619211401658,101.68291361082048,3343.252595155709,18.7,1.0,0,0.17085178,0.27123052,369,XGBoost (tuned),D,not a siting recommendation
8865057187fffff,Gombak,3.2531876438532703,101.5218043589562,9193.9446366782,19.8,1.0,0,0.10729778,0.13355754,538,XGBoost (tuned),D,not a siting recommendation
8865057193fffff,Gombak,3.2398816064179123,101.49352874885253,0.0,0.0,1.0,0,0.004148922,0.004040748,2624,XGBoost (tuned),D,not a siting recommendation
8865054e39fffff,Gombak,3.3419674639666166,101.77341536819782,0.0,0.0,1.0,0,0.0037603874,0.0037262694,3565,XGBoost (tuned),D,not a siting recommendation
8865057335fffff,Gombak,3.20773210594402,101.60329856441577,2507.439446366782,184.1,1.0,0,0.03439588,0.09575771,1006,XGBoost (tuned),D,not a siting recommendation
8865054ed7fffff,Gombak,3.323466688320744,101.71311298693853,0.0,0.0,1.0,0,0.0035691233,0.003719584,3910,XGBoost (tuned),D,not a siting recommendation
8865054ed1fffff,Gombak,3.3153780692923296,101.71687532686344,0.0,0.0,1.0,0,0.0038671864,0.003719584,3236,XGBoost (tuned),D,not a siting recommendation
8865054733fffff,Gombak,3.2425964577536743,101.75072591642908,0.0,0.0,1.0,0,0.0035459758,0.0036534914,3995,XGBoost (tuned),D,not a siting recommendation
8865056341fffff,Gombak,3.2848239211236403,101.51568199532484,4179.065743944637,8.1,1.0,0,0.017370682,0.04395958,1232,XGBoost (tuned),D,not a siting recommendation
8865057899fffff,Gombak,3.3392998589794813,101.51615965685652,835.8131487889274,15.2,1.0,0,0.10746976,0.08085057,537,XGBoost (tuned),D,not a siting recommendation
8865056361fffff,Gombak,3.307656053974251,101.52228297833952,1671.6262975778548,1.0,1.0,0,0.0057450742,0.0077677877,1730,XGBoost (tuned),D,not a siting recommendation
8865057ae7fffff,Gombak,3.310714206088857,101.58119141929956,1671.6262975778548,13.0,1.0,0,0.13320096,0.23229325,451,XGBoost (tuned),D,not a siting recommendation
8865054ea9fffff,Gombak,3.352941089904493,101.73386054528086,0.0,0.0,1.0,0,0.0036958277,0.003719584,3697,XGBoost (tuned),D,not a siting recommendation
88650540e9fffff,Gombak,3.2743862317177896,101.83926820520404,0.0,0.0,1.0,0,0.003706145,0.003819785,3671,XGBoost (tuned),D,not a siting recommendation
8865056325fffff,Gombak,3.331927650422135,101.5109739083929,835.8131487889274,18.6,1.0,0,0.031833928,0.070542805,1032,XGBoost (tuned),D,not a siting recommendation
8865054ed9fffff,Gombak,3.307289803848004,101.720637434156,0.0,0.0,1.0,0,0.0036958277,0.003719584,3697,XGBoost (tuned),D,not a siting recommendation
8865054ec3fffff,Gombak,3.322025929187482,101.73101049400522,0.0,0.0,1.0,0,0.0036958277,0.003719584,3697,XGBoost (tuned),D,not a siting recommendation
8865057a19fffff,Gombak,3.277640099748916,101.60520980531902,0.0,0.0,1.0,0,0.0036062833,0.0039467486,3801,XGBoost (tuned),D,not a siting recommendation
8865054483fffff,Gombak,3.235767984123119,101.6419351313856,2507.439446366782,53.0,1.0,0,0.110198274,0.24009944,525,XGBoost (tuned),D,not a siting recommendation
8865054703fffff,Gombak,3.225707740538017,101.76719051483508,0.0,0.0,1.0,0,0.0037603874,0.0036534914,3565,XGBoost (tuned),D,not a siting recommendation
8865057a6bfffff,Gombak,3.2902217256858246,101.64243341367272,1671.6262975778548,12.5,1.0,0,0.04551372,0.07535054,903,XGBoost (tuned),D,not a siting recommendation
8865056069fffff,Gombak,3.3045938647674373,101.4633643553736,0.0,0.0,1.0,0,0.004236994,0.004040748,2499,XGBoost (tuned),D,not a siting recommendation
8865057a97fffff,Gombak,3.2988477574811097,101.53500641671734,1671.6262975778548,1.0,1.0,0,0.0057450742,0.0077677877,1730,XGBoost (tuned),D,not a siting recommendation
8865054cc1fffff,Gombak,3.3779332357979848,101.713623064767,0.0,0.0,1.0,0,0.0038671864,0.003719584,3236,XGBoost (tuned),D,not a siting recommendation
8865054727fffff,Gombak,3.255889661203654,101.77898802180664,0.0,0.0,1.0,0,0.0038714057,0.0036534914,3226,XGBoost (tuned),D,not a siting recommendation
886505473dfffff,Gombak,3.2411580407978904,101.76861658430046,0.0,0.0,1.0,0,0.0035459758,0.0036534914,3995,XGBoost (tuned),D,not a siting recommendation
8865057a1bfffff,Gombak,3.278358737070325,101.5962583831546,0.0,0.0,1.0,0,0.00375289,0.0039467486,3605,XGBoost (tuned),D,not a siting recommendation
8865057b4bfffff,Gombak,3.318978389266163,101.6721278703142,0.0,0.0,1.0,0,0.0036958277,0.003719584,3697,XGBoost (tuned),D,not a siting recommendation
88650540a3fffff,Gombak,3.300086078031949,101.81010570671216,0.0,0.0,1.0,0,0.0035691233,0.0037723498,3910,XGBoost (tuned),D,not a siting recommendation
8865054eb1fffff,Gombak,3.355103878415288,101.70701157527942,0.0,0.0,1.0,0,0.0040293518,0.003719584,2841,XGBoost (tuned),D,not a siting recommendation
8865054e85fffff,Gombak,3.34557239473319,101.72867344332296,0.0,0.0,1.0,0,0.0036958277,0.003719584,3697,XGBoost (tuned),D,not a siting recommendation
8865054435fffff,Gombak,3.2542775456978124,101.70223186973185,12537.19723183391,16.2,1.0,0,0.03162081,0.03593341,1033,XGBoost (tuned),D,not a siting recommendation
886505408dfffff,Gombak,3.275826937826224,101.82138035680735,0.0,0.0,1.0,0,0.0035912932,0.0037487864,3851,XGBoost (tuned),D,not a siting recommendation
8865054761fffff,Gombak,3.2309155315555955,101.79920855212325,0.0,0.0,1.0,0,0.0035459758,0.0036765242,3995,XGBoost (tuned),D,not a siting recommendation
8865057ac7fffff,Gombak,3.2878844078267764,101.57458755855971,0.0,0.0,1.0,0,0.0036062833,0.0039690468,3801,XGBoost (tuned),D,not a siting recommendation
88650544a5fffff,Gombak,3.2652399085810573,101.66267573190495,0.0,0.0,1.0,0,0.003726475,0.0036469363,3651,XGBoost (tuned),D,not a siting recommendation
8865054561fffff,Gombak,3.287514347622079,101.77289555500856,0.0,0.0,1.0,0,0.0037603874,0.0037262694,3565,XGBoost (tuned),D,not a siting recommendation
886505716dfffff,Gombak,3.245290735848908,101.62027170143357,0.0,0.0,1.0,0,0.0037839243,0.0039467486,3450,XGBoost (tuned),D,not a siting recommendation
88650578c3fffff,Gombak,3.3371424408963155,101.54302556262913,1671.6262975778548,1.7,1.0,0,0.005260573,0.007735542,1787,XGBoost (tuned),D,not a siting recommendation
88650544adfffff,Gombak,3.257153080253244,101.6664392817175,835.8131487889274,3.5,1.0,0,0.0356328,0.04204778,992,XGBoost (tuned),D,not a siting recommendation
886505712dfffff,Gombak,3.262183118891228,101.60379047395604,0.0,0.0,1.0,0,0.0038176628,0.0039467486,3405,XGBoost (tuned),D,not a siting recommendation
8865055581fffff,Gombak,3.168407503625289,101.80244215862132,0.0,0.0,1.0,0,0.0037754262,0.0044538863,3521,XGBoost (tuned),D,not a siting recommendation
88650571b9fffff,Gombak,3.2539052080765853,101.51285097679448,1671.6262975778548,1.0,1.0,0,0.005923135,0.0077677877,1682,XGBoost (tuned),D,not a siting recommendation
8865056339fffff,Gombak,3.310529783949274,101.4864617884962,0.0,0.0,1.0,0,0.004236994,0.004040748,2499,XGBoost (tuned),D,not a siting recommendation
88650545a3fffff,Gombak,3.31016971073596,101.68484144925752,0.0,0.0,1.0,0,0.0038671864,0.003719584,3236,XGBoost (tuned),D,not a siting recommendation
8865054487fffff,Gombak,3.243135862131747,101.64712006741745,12537.19723183391,32.3,1.0,1,0.16651735,0.2786797,377,XGBoost (tuned),D,not a siting recommendation
8865057119fffff,Gombak,3.2260561248167483,101.56891599755724,2507.439446366782,11.0,1.0,0,0.06049109,0.08146923,791,XGBoost (tuned),D,not a siting recommendation
8865057109fffff,Gombak,3.231989650461202,101.59200189538862,0.0,0.0,1.0,0,0.0037811983,0.0039690468,3465,XGBoost (tuned),D,not a siting recommendation
8865057b55fffff,Gombak,3.327787593384824,101.65941307069728,0.0,0.0,1.0,0,0.0036958277,0.003719584,3697,XGBoost (tuned),D,not a siting recommendation
8865056311fffff,Gombak,3.295785653798146,101.47609167759047,835.8131487889274,2.2,1.0,0,0.014320772,0.009006468,1328,XGBoost (tuned),D,not a siting recommendation
8865054e9dfffff,Gombak,3.3315556605293324,101.70935041439208,0.0,0.0,1.0,0,0.0036958277,0.003719584,3697,XGBoost (tuned),D,not a siting recommendation
88650540d7fffff,Gombak,3.2618158922552767,101.802063559326,0.0,0.0,1.0,0,0.0038334997,0.0036765242,3350,XGBoost (tuned),D,not a siting recommendation
886505440dfffff,Gombak,3.2293019185768883,101.72246338811672,21313.235294117647,55.0,1.0,0,0.10855023,0.108352296,535,XGBoost (tuned),D,not a siting recommendation
8865054747fffff,Gombak,3.2161856941431086,101.78883771143278,1671.6262975778548,2.0,1.0,0,0.014596022,0.014210097,1317,XGBoost (tuned),D,not a siting recommendation
8865057a35fffff,Gombak,3.3159267890256845,101.6132347546028,0.0,0.0,1.0,0,0.0037799608,0.0039467486,3485,XGBoost (tuned),D,not a siting recommendation
8865054ea1fffff,Gombak,3.361031008652737,101.73009840886958,0.0,0.0,1.0,0,0.0037603874,0.003719584,3565,XGBoost (tuned),D,not a siting recommendation
8865054e83fffff,Gombak,3.338924402724032,101.71453720045638,0.0,0.0,1.0,0,0.0035691233,0.003719584,3910,XGBoost (tuned),D,not a siting recommendation
8865054669fffff,Gombak,3.171279845298536,101.76667190409728,5850.692041522491,7.3,1.0,0,0.025970446,0.05274252,1087,XGBoost (tuned),D,not a siting recommendation
88650540d5fffff,Gombak,3.2610959707384106,101.81100789429016,0.0,0.0,1.0,0,0.0038996302,0.0036986754,3165,XGBoost (tuned),D,not a siting recommendation
8865054e3bfffff,Gombak,3.342688564894132,101.76446760467164,0.0,0.0,1.0,0,0.00402459,0.0037262694,2853,XGBoost (tuned),D,not a siting recommendation
8865057161fffff,Gombak,3.2460089159090257,101.6113216372214,0.0,0.0,1.0,0,0.0037839243,0.0039467486,3450,XGBoost (tuned),D,not a siting recommendation
8865054eedfffff,Gombak,3.3434096084944565,101.75551953000074,0.0,0.0,1.0,0,0.0037594978,0.0037262694,3581,XGBoost (tuned),D,not a siting recommendation
88650578d9fffff,Gombak,3.322399110469417,101.532653981006,835.8131487889274,3.6,1.0,0,0.054106314,0.052969776,836,XGBoost (tuned),D,not a siting recommendation
8865054e8dfffff,Gombak,3.3374830647896827,101.73243545612657,0.0,0.0,1.0,0,0.0036958277,0.003719584,3697,XGBoost (tuned),D,not a siting recommendation
8865054587fffff,Gombak,3.294712917007776,101.68341861318486,0.0,0.0,1.0,0,0.0041113426,0.003719584,2695,XGBoost (tuned),D,not a siting recommendation
886505631dfffff,Gombak,3.2950676452073706,101.48504734421874,0.0,0.6000000000000001,1.0,0,0.0067962697,0.006841477,1584,XGBoost (tuned),D,not a siting recommendation
8865056331fffff,Gombak,3.318620411103339,101.4826909793736,0.0,1.0,1.0,0,0.0044662086,0.004443281,2160,XGBoost (tuned),D,not a siting recommendation
8865057169fffff,Gombak,3.2379223461262905,101.61508687100024,0.0,0.0,1.0,0,0.0037839243,0.0039467486,3450,XGBoost (tuned),D,not a siting recommendation
8865054087fffff,Gombak,3.284633350134713,101.80867763502556,0.0,0.0,1.0,0,0.0038568657,0.0037487864,3257,XGBoost (tuned),D,not a siting recommendation
8865054507fffff,Gombak,3.2896745085500143,101.74605572343503,0.0,0.0,1.0,0,0.0039049885,0.0037262694,3154,XGBoost (tuned),D,not a siting recommendation
88650544b7fffff,Gombak,3.260027723569256,101.63064179190772,1671.6262975778548,2.4,1.0,0,0.020141833,0.01890268,1187,XGBoost (tuned),D,not a siting recommendation
8865057163fffff,Gombak,3.246727040280711,101.6023712692692,0.0,0.0,1.0,0,0.0038718472,0.0039467486,3221,XGBoost (tuned),D,not a siting recommendation
886505713dfffff,Gombak,3.2562503886149616,101.58070314042271,0.0,0.0,1.0,0,0.0035828962,0.0039690468,3859,XGBoost (tuned),D,not a siting recommendation
8865054709fffff,Gombak,3.2169046289443024,101.77989387162737,10029.757785467127,15.1,1.0,0,0.06538655,0.08842955,769,XGBoost (tuned),D,not a siting recommendation
8865057a2bfffff,Gombak,3.3071181753624685,101.62595228288892,0.0,0.0,1.0,0,0.0036062833,0.0039467486,3801,XGBoost (tuned),D,not a siting recommendation
8865057199fffff,Gombak,3.2310770982180195,101.50625152383572,0.0,0.0,1.0,0,0.0040901923,0.003965431,2721,XGBoost (tuned),D,not a siting recommendation
8865056159fffff,Gombak,3.3274298967601443,101.46996322119354,0.0,1.6,1.0,0,0.011879287,0.010745351,1404,XGBoost (tuned),D,not a siting recommendation
8865056309fffff,Gombak,3.293631455651711,101.50295778347646,0.0,0.0,1.0,0,0.004333952,0.003965431,2360,XGBoost (tuned),D,not a siting recommendation
8865054495fffff,Gombak,3.2364861601653443,101.63298601586204,835.8131487889274,8.6,1.0,0,0.06962921,0.11954252,742,XGBoost (tuned),D,not a siting recommendation
8865056353fffff,Gombak,3.2796064060346466,101.48363302636324,1671.6262975778548,1.4,1.0,0,0.0066453577,0.009372377,1596,XGBoost (tuned),D,not a siting recommendation
8865057a57fffff,Gombak,3.2769214059380265,101.6141609239737,0.0,0.0,1.0,0,0.0037626922,0.0039467486,3544,XGBoost (tuned),D,not a siting recommendation
8865054729fffff,Gombak,3.239719404508788,101.7865060075795,0.0,0.0,1.0,0,0.0035459758,0.0036534914,3995,XGBoost (tuned),D,not a siting recommendation
886505633bfffff,Gombak,3.3112480719676527,101.47750574509452,835.8131487889274,2.5,1.0,0,0.011584288,0.008831438,1414,XGBoost (tuned),D,not a siting recommendation
8865057191fffff,Gombak,3.239164435132534,101.5024823523281,0.0,0.0,1.0,0,0.0041584885,0.003965431,2614,XGBoost (tuned),D,not a siting recommendation
8865054667fffff,Gombak,3.1874450678653403,101.75915400026628,21313.235294117647,58.1,1.0,0,0.06956403,0.13334899,745,XGBoost (tuned),D,not a siting recommendation
8865054091fffff,Gombak,3.270621543138302,101.78936002180008,0.0,0.0,1.0,0,0.0038714057,0.003702993,3226,XGBoost (tuned),D,not a siting recommendation
8865056153fffff,Gombak,3.3362398933710318,101.45723426048968,0.0,0.0,1.0,0,0.0041939253,0.004040748,2557,XGBoost (tuned),D,not a siting recommendation
88650540bbfffff,Gombak,3.286073960524635,101.79078721957109,0.0,0.0,1.0,0,0.0039915917,0.003702993,2979,XGBoost (tuned),D,not a siting recommendation
886505781dfffff,Gombak,3.341636153309669,101.58402871525828,0.0,1.0,1.0,0,0.0038234591,0.0044904156,3379,XGBoost (tuned),D,not a siting recommendation
8865054ebbfffff,Gombak,3.3477346628707623,101.7018245714782,0.0,0.0,1.0,0,0.0040293518,0.003719584,2841,XGBoost (tuned),D,not a siting recommendation
8865056addfffff,Gombak,3.3914517249874585,101.44874329302662,0.0,1.0,1.0,0,0.0046341415,0.004443281,1972,XGBoost (tuned),D,not a siting recommendation
886505455dfffff,Gombak,3.2580482425144788,101.75215136549622,0.0,0.0,1.0,0,0.0037906705,0.0036534914,3439,XGBoost (tuned),D,not a siting recommendation
8865057ab3fffff,Gombak,3.314308801559991,101.53642299482334,2507.439446366782,21.5,1.0,1,0.26693767,0.39584896,234,XGBoost (tuned),D,not a siting recommendation
88650571d1fffff,Gombak,3.2222731122777017,101.51897309372328,4179.065743944637,7.0,1.0,0,0.0147074135,0.036178958,1315,XGBoost (tuned),D,not a siting recommendation
8865056163fffff,Gombak,3.3650139624374797,101.4869346953839,0.0,0.0,1.0,0,0.0041912636,0.004040748,2563,XGBoost (tuned),D,not a siting recommendation
8865057121fffff,Gombak,3.262901471840585,101.59483942724864,0.0,0.0,1.0,0,0.0036062833,0.0039690468,3801,XGBoost (tuned),D,not a siting recommendation
8865057181fffff,Gombak,3.245099938034536,101.52557297995853,5014.878892733564,7.6,1.0,0,0.027941272,0.041228566,1065,XGBoost (tuned),D,not a siting recommendation
8865057b47fffff,Gombak,3.3344369548196173,101.67355033462302,0.0,0.0,1.0,0,0.004069867,0.003719584,2766,XGBoost (tuned),D,not a siting recommendation
88650571e9fffff,Gombak,3.242947246462442,101.55243031316878,2507.439446366782,2.0,1.0,0,0.008845628,0.011061076,1504,XGBoost (tuned),D,not a siting recommendation
8865055593fffff,Gombak,3.163197774504786,101.77043050693358,5014.878892733564,6.7,1.0,0,0.03371911,0.06084139,1011,XGBoost (tuned),D,not a siting recommendation
8865057a53fffff,Gombak,3.269552227994118,101.60897562724688,0.0,0.0,1.0,0,0.0038176628,0.0039467486,3405,XGBoost (tuned),D,not a siting recommendation
8865054ed5fffff,Gombak,3.322746337274701,101.72206189502609,0.0,0.0,1.0,0,0.0036958277,0.003719584,3697,XGBoost (tuned),D,not a siting recommendation
88650544bbfffff,Gombak,3.2445725001597365,101.62922146148442,0.0,0.0,1.0,0,0.0035828962,0.0039467486,3859,XGBoost (tuned),D,not a siting recommendation
8865054095fffff,Gombak,3.2779875811194588,101.79454623253136,0.0,0.0,1.0,0,0.0038950024,0.0037263401,3180,XGBoost (tuned),D,not a siting recommendation
88650545ebfffff,Gombak,3.2851861018323625,101.70507890679256,0.0,0.0,1.0,0,0.0038438234,0.0036963532,3341,XGBoost (tuned),D,not a siting recommendation
8865054517fffff,Gombak,3.283746845421105,101.72297485128938,0.0,1.4,1.0,0,0.0041031726,0.0044535142,2706,XGBoost (tuned),D,not a siting recommendation
886505626dfffff,Gombak,3.255340167440621,101.4949433155934,0.0,0.0,1.0,0,0.004203034,0.003965431,2544,XGBoost (tuned),D,not a siting recommendation
886505632bfffff,Gombak,3.317183439548584,101.50060284685787,1671.6262975778548,2.2,1.0,0,0.012979009,0.014989106,1362,XGBoost (tuned),D,not a siting recommendation
8865057ab5fffff,Gombak,3.32096122075115,101.55056293155027,1671.6262975778548,1.5,1.0,0,0.0065453392,0.010015784,1604,XGBoost (tuned),D,not a siting recommendation
88650555a3fffff,Gombak,3.191935869110063,101.80011187488616,0.0,0.0,1.0,0,0.0037754262,0.0036448229,3521,XGBoost (tuned),D,not a siting recommendation
886505713bfffff,Gombak,3.24959897969593,101.56656676848932,5850.692041522491,8.7,1.0,0,0.0337697,0.052506573,1008,XGBoost (tuned),D,not a siting recommendation
88650544bdfffff,Gombak,3.251222326838419,101.64335596097624,3343.252595155709,15.8,1.0,0,0.100946136,0.16167125,568,XGBoost (tuned),D,not a siting recommendation
886505474bfffff,Gombak,3.200737481024881,101.7874108988685,0.0,0.0,1.0,0,0.003924029,0.0036219882,3111,XGBoost (tuned),D,not a siting recommendation
8865054ee3fffff,Gombak,3.3448515234738867,101.73762244890598,0.0,0.0,1.0,0,0.0040293518,0.003719584,2841,XGBoost (tuned),D,not a siting recommendation
8865054713fffff,Gombak,3.2197798256567896,101.74411540027182,835.8131487889274,8.0,1.0,0,0.040744808,0.036028806,945,XGBoost (tuned),D,not a siting recommendation
8865057a1dfffff,Gombak,3.2850095168138598,101.61039520965134,0.0,0.0,1.0,0,0.0039304197,0.0039467486,3097,XGBoost (tuned),D,not a siting recommendation
8865054ec5fffff,Gombak,3.3286734491820344,101.74514555775448,0.0,0.6,1.0,0,0.0069896886,0.008962512,1571,XGBoost (tuned),D,not a siting recommendation
886505634bfffff,Gombak,3.2774528760092227,101.51049710771672,1671.6262975778548,12.0,1.0,0,0.033421066,0.062115066,1016,XGBoost (tuned),D,not a siting recommendation
8865057acdfffff,Gombak,3.2790773178427703,101.58730665790203,0.0,0.0,1.0,0,0.0036062833,0.0039690468,3801,XGBoost (tuned),D,not a siting recommendation
8865054509fffff,Gombak,3.273500927645788,101.7535769415804,0.0,0.0,1.0,0,0.0035691233,0.003702993,3910,XGBoost (tuned),D,not a siting recommendation
88650578ddfffff,Gombak,3.329770741653601,101.53783969948744,835.8131487889274,9.7,1.0,0,0.08490103,0.07503513,646,XGBoost (tuned),D,not a siting recommendation
8865054e99fffff,Gombak,3.324186982265829,101.70416377016316,0.0,0.0,1.0,0,0.0035691233,0.003719584,3910,XGBoost (tuned),D,not a siting recommendation
886505606dfffff,Gombak,3.311966302076896,101.468549404162,835.8131487889274,2.5,1.0,0,0.020794006,0.013176711,1170,XGBoost (tuned),D,not a siting recommendation
8865057a67fffff,Gombak,3.305679362869367,101.64385449946812,0.0,0.0,1.0,0,0.0037799608,0.0039467486,3485,XGBoost (tuned),D,not a siting recommendation
8865056333fffff,Gombak,3.3193388098124754,101.47373459873543,835.8131487889274,5.5,1.0,0,0.08238476,0.117469594,661,XGBoost (tuned),D,not a siting recommendation
886505610dfffff,Gombak,3.357640702139,101.48174870616678,0.0,0.0,1.0,0,0.004236994,0.004040748,2499,XGBoost (tuned),D,not a siting recommendation
886505472dfffff,Gombak,3.24708483512328,101.79169171778337,0.0,0.0,1.0,0,0.0039321114,0.0036534914,3095,XGBoost (tuned),D,not a siting recommendation
8865054503fffff,Gombak,3.28230736466701,101.74086955947357,0.0,0.0,1.0,0,0.0037603874,0.0036963532,3565,XGBoost (tuned),D,not a siting recommendation
88650555a7fffff,Gombak,3.199300034204968,101.80529689542944,0.0,0.0,1.0,0,0.0037746048,0.0036448229,3524,XGBoost (tuned),D,not a siting recommendation
8865057ac5fffff,Gombak,3.2871657702496133,101.58353992550936,0.0,1.2,1.0,0,0.012044583,0.0107429745,1396,XGBoost (tuned),D,not a siting recommendation
88650540e7fffff,Gombak,3.290558159175426,101.83175337908196,0.0,0.0,1.0,0,0.0040356754,0.0037970233,2830,XGBoost (tuned),D,not a siting recommendation
886505781bfffff,Gombak,3.334984498692432,101.5698887622891,1671.6262975778548,1.0,1.0,0,0.006059555,0.0078718085,1662,XGBoost (tuned),D,not a siting recommendation
8865057139fffff,Gombak,3.24888107867156,101.57551834718684,0.0,0.0,1.0,0,0.00381995,0.0039690468,3400,XGBoost (tuned),D,not a siting recommendation
886505711dfffff,Gombak,3.233425052783117,101.57410039569584,1671.6262975778548,43.0,1.0,0,0.024068832,0.053075038,1120,XGBoost (tuned),D,not a siting recommendation
8865057b5bfffff,Gombak,3.313048707068512,101.6490405470905,0.0,0.0,1.0,0,0.0037626922,0.003719584,3544,XGBoost (tuned),D,not a siting recommendation
8865057131fffff,Gombak,3.2569684593029486,101.57175152486438,0.0,0.0,1.0,0,0.0038718472,0.0039690468,3221,XGBoost (tuned),D,not a siting recommendation
8865054717fffff,Gombak,3.227145575560784,101.74930059436376,835.8131487889274,3.6,1.0,0,0.023599667,0.0464178,1127,XGBoost (tuned),D,not a siting recommendation
8865054765fffff,Gombak,3.2382805493624898,101.80439418290848,0.0,0.0,1.0,0,0.0035459758,0.0036765242,3995,XGBoost (tuned),D,not a siting recommendation
8865057a05fffff,Gombak,3.299029348575112,101.62971767398032,2507.439446366782,2.6,1.0,0,0.02248679,0.018527895,1147,XGBoost (tuned),D,not a siting recommendation
886505785dfffff,Gombak,3.3247359245218235,101.60051601095896,0.0,0.7,1.0,0,0.0040638126,0.004317151,2770,XGBoost (tuned),D,not a siting recommendation
8865056355fffff,Gombak,3.286260002292284,101.497772828335,1671.6262975778548,1.4,1.0,0,0.0060373754,0.008057093,1664,XGBoost (tuned),D,not a siting recommendation
88650540a9fffff,Gombak,3.291278778265763,101.82280892473104,0.0,0.0,1.0,0,0.0038803073,0.0037723498,3202,XGBoost (tuned),D,not a siting recommendation
88650540cbfffff,Gombak,3.2522909236116417,101.82370954344393,0.0,0.0,1.0,0,0.0038996302,0.0036986754,3165,XGBoost (tuned),D,not a siting recommendation
88650544b5fffff,Gombak,3.259309146502075,101.63959162243025,0.0,1.2,1.0,0,0.008733095,0.010749092,1511,XGBoost (tuned),D,not a siting recommendation
8865054559fffff,Gombak,3.2506818799977784,101.74696567058584,835.8131487889274,4.800000000000001,1.0,0,0.019117702,0.03910704,1201,XGBoost (tuned),D,not a siting recommendation
8865054e17fffff,Gombak,3.335320627900232,101.7592805163918,0.0,0.0,1.0,0,0.0037594978,0.0037262694,3581,XGBoost (tuned),D,not a siting recommendation
8865057197fffff,Gombak,3.247252125008155,101.49871294957688,0.0,0.0,1.0,0,0.004203034,0.003965431,2544,XGBoost (tuned),D,not a siting recommendation
8865054ecbfffff,Gombak,3.313937542683354,101.73477215047804,0.0,0.0,1.0,0,0.0035691233,0.003719584,3910,XGBoost (tuned),D,not a siting recommendation
88650578c1fffff,Gombak,3.336423184984448,101.55198026375804,0.0,0.0,1.0,0,0.003722027,0.003916395,3666,XGBoost (tuned),D,not a siting recommendation
8865057153fffff,Gombak,3.217969933678723,101.57268257078933,2507.439446366782,6.1,1.0,0,0.03554688,0.04622295,994,XGBoost (tuned),D,not a siting recommendation
8865054551fffff,Gombak,3.2587676590532406,101.74320519202358,1671.6262975778548,1.8,1.0,0,0.007992727,0.007136924,1533,XGBoost (tuned),D,not a siting recommendation
8865057337fffff,Gombak,3.2084494913766872,101.59434898313452,8358.131487889274,7.6,1.0,0,0.025303038,0.050260436,1102,XGBoost (tuned),D,not a siting recommendation
88650545b1fffff,Gombak,3.303520716832027,101.67070553288444,0.0,0.0,1.0,0,0.0036958277,0.003719584,3697,XGBoost (tuned),D,not a siting recommendation
8865057a3bfffff,Gombak,3.3011867970549647,101.60286308515064,3343.252595155709,6.8,1.0,0,0.1225812,0.08995924,479,XGBoost (tuned),D,not a siting recommendation
8865054e3dfffff,Gombak,3.3493352887447805,101.7786026285818,0.0,0.0,1.0,0,0.0035691233,0.0037262694,3910,XGBoost (tuned),D,not a siting recommendation
886505442dfffff,Gombak,3.252120312195383,101.72907307774231,835.8131487889274,15.3,1.0,0,0.18780155,0.21934596,346,XGBoost (tuned),D,not a siting recommendation
88650571d7fffff,Gombak,3.2303599832708687,101.51520449112606,0.0,0.0,1.0,0,0.003935766,0.003965431,3084,XGBoost (tuned),D,not a siting recommendation
8865057b51fffff,Gombak,3.320418117381743,101.65422673752656,0.0,0.0,1.0,0,0.003982518,0.003719584,2993,XGBoost (tuned),D,not a siting recommendation
8865054759fffff,Gombak,3.1940914398813995,101.77328250378588,21313.235294117647,43.7,1.0,0,0.08495268,0.07430296,645,XGBoost (tuned),D,not a siting recommendation
88650540ebfffff,Gombak,3.275106612456834,101.83032443806404,0.0,0.0,1.0,0,0.00398388,0.0037487864,2986,XGBoost (tuned),D,not a siting recommendation
8865054545fffff,Gombak,3.272061346537517,101.771469104372,0.0,0.0,1.0,0,0.0035691233,0.003702993,3910,XGBoost (tuned),D,not a siting recommendation
8865057abbfffff,Gombak,3.3062188430789154,101.54019177708714,835.8131487889274,9.2,1.0,0,0.025107346,0.02718637,1106,XGBoost (tuned),D,not a siting recommendation
8865054737fffff,Gombak,3.2499625811187296,101.755911501998,0.0,0.0,1.0,0,0.0035459758,0.0036534914,3995,XGBoost (tuned),D,not a siting recommendation
8865057a21fffff,Gombak,3.3144878625827023,101.6311382604516,0.0,0.0,1.0,0,0.003981523,0.0039467486,2997,XGBoost (tuned),D,not a siting recommendation
8865054083fffff,Gombak,3.2772674222172347,101.8034912536215,0.0,0.0,1.0,0,0.0037533075,0.0037263401,3593,XGBoost (tuned),D,not a siting recommendation
886505602dfffff,Gombak,3.3288667400995973,101.4520488943649,0.0,0.0,1.0,0,0.004526878,0.004040748,2105,XGBoost (tuned),D,not a siting recommendation
8865054769fffff,Gombak,3.2228314174034574,101.80296661979968,0.0,0.0,1.0,0,0.0037533075,0.0036448229,3593,XGBoost (tuned),D,not a siting recommendation
8865057a27fffff,Gombak,3.322577279625765,101.62737274512084,0.0,0.0,1.0,0,0.0037626922,0.0039467486,3544,XGBoost (tuned),D,not a siting recommendation
88650555b7fffff,Gombak,3.1933729698772217,101.782225939324,4179.065743944637,4.6,1.0,0,0.038156595,0.039330684,964,XGBoost (tuned),D,not a siting recommendation
8865054535fffff,Gombak,3.3058495101399585,101.7385335742145,0.0,1.2,1.0,0,0.010529086,0.010752602,1443,XGBoost (tuned),D,not a siting recommendation
8865054543fffff,Gombak,3.2654146709591108,101.7573372014729,0.0,0.0,1.0,0,0.0039190636,0.0036534914,3119,XGBoost (tuned),D,not a siting recommendation
8865057a83fffff,Gombak,3.297410656103811,101.55291393820274,2507.439446366782,36.5,1.0,0,0.033590928,0.074441016,1014,XGBoost (tuned),D,not a siting recommendation
88650571b7fffff,Gombak,3.2700819017411398,101.5053123651729,835.8131487889274,1.9,1.0,1,0.024028637,0.024780344,1122,XGBoost (tuned),D,not a siting recommendation
8865055597fffff,Gombak,3.1705618394436117,101.77561493516362,2507.439446366782,2.8,1.0,0,0.017317688,0.01251026,1236,XGBoost (tuned),D,not a siting recommendation
8865056131fffff,Gombak,3.3752645586635186,101.45628884155036,0.0,0.7,1.0,0,0.004307477,0.004368345,2387,XGBoost (tuned),D,not a siting recommendation
88650544b3fffff,Gombak,3.252659195137875,101.62545667509572,0.0,0.0,1.0,0,0.0035828962,0.0039467486,3859,XGBoost (tuned),D,not a siting recommendation
8865057aa3fffff,Gombak,3.320242189155492,101.55951695552424,2507.439446366782,3.9,1.0,0,0.015452167,0.034938432,1297,XGBoost (tuned),D,not a siting recommendation
8865054601fffff,Gombak,3.1734335437806065,101.73984094703027,21313.235294117647,100.7,1.0,0,0.07426311,0.09792145,706,XGBoost (tuned),D,not a siting recommendation
8865057893fffff,Gombak,3.3481104615940445,101.50343337128388,0.0,0.0,1.0,0,0.0041243033,0.003965431,2664,XGBoost (tuned),D,not a siting recommendation
8865054ebdfffff,Gombak,3.354383006733599,101.71596154096696,0.0,0.0,1.0,0,0.0040293518,0.003719584,2841,XGBoost (tuned),D,not a siting recommendation
8865057185fffff,Gombak,3.252470023348154,101.53075744159572,0.0,0.8,1.0,0,0.0047082854,0.0053237323,1931,XGBoost (tuned),D,not a siting recommendation
8865054589fffff,Gombak,3.2785377040971606,101.69094461309392,0.0,0.6,1.0,0,0.009006965,0.009231909,1493,XGBoost (tuned),D,not a siting recommendation
8865057819fffff,Gombak,3.334265068431624,101.57884255884692,4179.065743944637,8.5,1.0,0,0.05908814,0.09876556,798,XGBoost (tuned),D,not a siting recommendation
8865057aa9fffff,Gombak,3.3114332402418687,101.57223833758766,1671.6262975778548,3.0,1.0,0,0.011302537,0.017047819,1422,XGBoost (tuned),D,not a siting recommendation
88650542b3fffff,Gombak,3.237561039866705,101.8133378015428,0.0,0.0,1.0,0,0.0035459758,0.0036986754,3995,XGBoost (tuned),D,not a siting recommendation
8865057157fffff,Gombak,3.2253386208319905,101.577866861806,1671.6262975778548,6.2,1.0,1,0.09691758,0.19444185,585,XGBoost (tuned),D,not a siting recommendation
8865054417fffff,Gombak,3.2321762756690027,101.68667612309092,3343.252595155709,148.9,1.0,1,0.19198744,0.3042449,337,XGBoost (tuned),D,not a siting recommendation
88650540b7fffff,Gombak,3.301527273694195,101.79221454446947,0.0,0.0,1.0,0,0.003677333,0.0037262694,3742,XGBoost (tuned),D,not a siting recommendation
88650555bdfffff,Gombak,3.184571771513147,101.79492699456166,0.0,0.0,1.0,0,0.0037474406,0.0036448229,3611,XGBoost (tuned),D,not a siting recommendation
88650571e5fffff,Gombak,3.2584044321964543,101.55384738849722,4179.065743944637,17.1,1.0,0,0.07285811,0.17933553,716,XGBoost (tuned),D,not a siting recommendation
88650544e7fffff,Gombak,3.249066607043918,101.67020259927943,5850.692041522491,43.5,1.0,0,0.072465405,0.09302831,720,XGBoost (tuned),D,not a siting recommendation
8865057a91fffff,Gombak,3.2907583887083574,101.5387750741649,4179.065743944637,4.4,1.0,0,0.014496691,0.034122035,1319,XGBoost (tuned),D,not a siting recommendation
8865057a37fffff,Gombak,3.3166461661963216,101.60428254552838,0.0,0.0,1.0,0,0.003981523,0.0039467486,2997,XGBoost (tuned),D,not a siting recommendation
8865057113fffff,Gombak,3.2348602328853597,101.55619768816884,4179.065743944637,5.1,1.0,0,0.03136082,0.07413949,1037,XGBoost (tuned),D,not a siting recommendation
886505446dfffff,Gombak,3.2352304009821817,101.74554047193672,0.0,1.0,1.0,0,0.0041359495,0.0037778728,2648,XGBoost (tuned),D,not a siting recommendation
8865057105fffff,Gombak,3.247445108904597,101.5934205979984,0.0,0.0,1.0,0,0.0037811983,0.0039690468,3465,XGBoost (tuned),D,not a siting recommendation
886505473bfffff,Gombak,3.234511392723816,101.75448592954253,0.0,0.7,1.0,0,0.0040079835,0.0039100777,2933,XGBoost (tuned),D,not a siting recommendation
8865057107fffff,Gombak,3.2481631217213294,101.58446962383042,0.0,0.0,1.0,0,0.0038075678,0.0039690468,3422,XGBoost (tuned),D,not a siting recommendation
8865055583fffff,Gombak,3.169125668547752,101.79350006284504,0.0,0.0,1.0,0,0.0037474406,0.004425392,3611,XGBoost (tuned),D,not a siting recommendation
886505443bfffff,Gombak,3.239543297710554,101.69186122995325,1671.6262975778548,29.3,1.0,0,0.18542217,0.21457538,351,XGBoost (tuned),D,not a siting recommendation
8865054ed3fffff,Gombak,3.3160982472978606,101.70792645157084,0.0,0.0,1.0,0,0.0037603874,0.003719584,3565,XGBoost (tuned),D,not a siting recommendation
886505450bfffff,Gombak,3.274220634691739,101.7446303942232,0.0,0.0,1.0,0,0.0040529403,0.0036963532,2790,XGBoost (tuned),D,not a siting recommendation
886505606bfffff,Gombak,3.3053118686468763,101.45440775744564,1671.6262975778548,1.0,1.0,0,0.00582413,0.007447523,1703,XGBoost (tuned),D,not a siting recommendation
88650540c1fffff,Gombak,3.259655962405574,101.82889562425548,0.0,0.0,1.0,0,0.0038009502,0.0036986754,3424,XGBoost (tuned),D,not a siting recommendation
8865057ad5fffff,Gombak,3.281232720271576,101.56044966783244,0.0,0.0,1.0,0,0.0039660414,0.003916395,3039,XGBoost (tuned),D,not a siting recommendation
8865054663fffff,Gombak,3.180080348159539,101.75396938445388,21313.235294117647,95.6,1.0,1,0.09963253,0.16458473,573,XGBoost (tuned),D,not a siting recommendation
8865054ec7fffff,Gombak,3.3293940877835952,101.73619723617432,0.0,0.0,1.0,0,0.0037603874,0.003719584,3565,XGBoost (tuned),D,not a siting recommendation
88650545a5fffff,Gombak,3.3168183683577506,101.69897726784882,2507.439446366782,2.0,1.0,0,0.012007628,0.010180767,1399,XGBoost (tuned),D,not a siting recommendation
8865054e33fffff,Gombak,3.3507777818953333,101.7607067277894,0.0,0.0,1.0,0,0.0035691233,0.0037262694,3910,XGBoost (tuned),D,not a siting recommendation
8865054e51fffff,Gombak,3.310335233795617,101.77950878256642,0.0,0.0,1.0,0,0.0040390347,0.0037262694,2823,XGBoost (tuned),D,not a siting recommendation
8865054595fffff,Gombak,3.288063939718378,101.66928332231856,0.0,0.0,1.0,0,0.0038671864,0.003719584,3236,XGBoost (tuned),D,not a siting recommendation
886505789dfffff,Gombak,3.346672135717911,101.52134555034574,0.0,0.0,1.0,0,0.003722027,0.003965431,3666,XGBoost (tuned),D,not a siting recommendation
8865056ad9fffff,Gombak,3.384077246210629,101.44355710624336,0.0,0.0,1.0,0,0.004204082,0.004040748,2541,XGBoost (tuned),D,not a siting recommendation
8865054665fffff,Gombak,3.186726823983493,101.76809771579076,6686.505190311419,8.1,1.0,0,0.021448012,0.04262551,1162,XGBoost (tuned),D,not a siting recommendation
88650571b3fffff,Gombak,3.2627109987435547,101.5001277677722,0.0,0.0,1.0,0,0.004203034,0.003965431,2544,XGBoost (tuned),D,not a siting recommendation
8865054493fffff,Gombak,3.2298361313539994,101.61885187286174,0.0,0.4,1.0,0,0.003959279,0.0047902274,3043,XGBoost (tuned),D,not a siting recommendation
8865054e31fffff,Gombak,3.350056564061204,101.76965483388716,0.0,0.0,1.0,0,0.0035691233,0.0037262694,3910,XGBoost (tuned),D,not a siting recommendation
8865056143fffff,Gombak,3.342175598341448,101.48033425936744,0.0,0.0,1.0,0,0.003575286,0.004040748,3866,XGBoost (tuned),D,not a siting recommendation
88650578dbfffff,Gombak,3.323117968472842,101.52369905528028,4179.065743944637,43.1,1.0,0,0.239114,0.46128374,260,XGBoost (tuned),D,not a siting recommendation
8865054705fffff,Gombak,3.2323540397602475,101.78132043785963,0.0,0.0,1.0,0,0.0035459758,0.0036534914,3995,XGBoost (tuned),D,not a siting recommendation
88650571ddfffff,Gombak,3.2215560543473845,101.52792542402604,15044.636678200692,20.4,1.0,0,0.057911865,0.08495906,808,XGBoost (tuned),D,not a siting recommendation
886505471dfffff,Gombak,3.2183423359178343,101.76200525753691,12537.19723183391,14.4,1.0,0,0.036077466,0.05111092,986,XGBoost (tuned),D,not a siting recommendation
8865054723fffff,Gombak,3.248523818097776,101.77380223270302,0.0,0.0,1.0,0,0.0035459758,0.0036534914,3995,XGBoost (tuned),D,not a siting recommendation
8865054755fffff,Gombak,3.209539637183209,101.77470869272874,10865.570934256057,13.0,1.0,0,0.02940612,0.039912213,1053,XGBoost (tuned),D,not a siting recommendation
886505615bfffff,Gombak,3.3281483476299423,101.46100620616912,0.0,0.0,1.0,0,0.003575286,0.004040748,3866,XGBoost (tuned),D,not a siting recommendation
8865057b69fffff,Gombak,3.341085978440564,101.68768750212344,0.0,0.0,1.0,0,0.0041113426,0.003719584,2695,XGBoost (tuned),D,not a siting recommendation
88650578cbfffff,Gombak,3.329051655825275,101.546794362908,835.8131487889274,4.1,1.0,0,0.03041354,0.035147224,1043,XGBoost (tuned),D,not a siting recommendation
8865056ac1fffff,Gombak,3.3981066558293773,101.46288878335118,0.0,0.0,1.0,0,0.0042496044,0.004040748,2465,XGBoost (tuned),D,not a siting recommendation
8865054ee7fffff,Gombak,3.3522200448769124,101.74280958306586,0.0,0.0,1.0,0,0.0036958277,0.003719584,3697,XGBoost (tuned),D,not a siting recommendation
8865057a8dfffff,Gombak,3.2959733258561204,101.57082025539098,0.0,2.0,1.0,0,0.006640442,0.005781252,1598,XGBoost (tuned),D,not a siting recommendation
88650545e5fffff,Gombak,3.2999218379528923,101.71545111663428,0.0,0.0,1.0,0,0.0040293518,0.003719584,2841,XGBoost (tuned),D,not a siting recommendation
8865057103fffff,Gombak,3.2407940518926166,101.5792849378132,0.0,0.0,1.0,0,0.00375289,0.0039690468,3605,XGBoost (tuned),D,not a siting recommendation
8865054719fffff,Gombak,3.2109769986164487,101.75682014110852,835.8131487889274,14.2,1.0,0,0.14872392,0.11079261,414,XGBoost (tuned),D,not a siting recommendation
8865057a07fffff,Gombak,3.299748555044788,101.6207664485153,1671.6262975778548,4.5,1.0,0,0.090715975,0.09175478,613,XGBoost (tuned),D,not a siting recommendation
8865057135fffff,Gombak,3.2643380091457948,101.57693642527748,3343.252595155709,3.0,1.0,0,0.014463864,0.020411551,1322,XGBoost (tuned),D,not a siting recommendation
8865057ae9fffff,Gombak,3.294535767214178,101.58872536490604,2507.439446366782,5.0,1.0,0,0.02308919,0.04023558,1136,XGBoost (tuned),D,not a siting recommendation
8865056357fffff,Gombak,3.2869779571020223,101.48881779696106,1671.6262975778548,1.8,1.0,0,0.0073579648,0.009628031,1549,XGBoost (tuned),D,not a siting recommendation
8865057a43fffff,Gombak,3.2754838490857803,101.63206224906811,0.0,0.0,1.0,0,0.0037626922,0.0039467486,3544,XGBoost (tuned),D,not a siting recommendation
8865054725fffff,Gombak,3.255170023733761,101.7879329511413,0.0,0.0,1.0,0,0.0038714057,0.0036534914,3226,XGBoost (tuned),D,not a siting recommendation
886505716bfffff,Gombak,3.2386403559263246,101.6061368425044,0.0,0.0,1.0,0,0.00375289,0.0039467486,3605,XGBoost (tuned),D,not a siting recommendation
8865054749fffff,Gombak,3.200018784465756,101.79635405333678,0.0,0.0,1.0,0,0.0037474406,0.0036448229,3611,XGBoost (tuned),D,not a siting recommendation
8865054081fffff,Gombak,3.276547207766258,101.81243596185335,0.0,0.0,1.0,0,0.0035691233,0.0037487864,3910,XGBoost (tuned),D,not a siting recommendation
8865056321fffff,Gombak,3.3245555104703546,101.50578830503372,835.8131487889274,2.2,1.0,0,0.012025976,0.008454069,1398,XGBoost (tuned),D,not a siting recommendation
8865056335fffff,Gombak,3.32599282005828,101.48787635921089,0.0,0.0,1.0,0,0.004236994,0.004040748,2499,XGBoost (tuned),D,not a siting recommendation
8865056365fffff,Gombak,3.3150275477681745,101.52746840726375,835.8131487889274,1.7999999999999998,1.0,0,0.025097126,0.016390266,1107,XGBoost (tuned),D,not a siting recommendation
8865057a4bfffff,Gombak,3.2673963207191044,101.63582705179054,1671.6262975778548,1.0,1.0,0,0.0051472387,0.007714485,1799,XGBoost (tuned),D,not a siting recommendation
8865054ea7fffff,Gombak,3.3691212793143643,101.72633603968298,0.0,0.0,1.0,0,0.0037603874,0.003719584,3565,XGBoost (tuned),D,not a siting recommendation
8865057a49fffff,Gombak,3.266677572689671,101.64477691732682,1671.6262975778548,1.0,1.0,0,0.005885266,0.0075838272,1693,XGBoost (tuned),D,not a siting recommendation
8865054647fffff,Gombak,3.164633388786229,101.75254419657573,9193.9446366782,45.6,1.0,1,0.11703304,0.21593504,493,XGBoost (tuned),D,not a siting recommendation
8865056133fffff,Gombak,3.375983726898923,101.44733010174429,0.0,0.0,1.0,0,0.003575286,0.004040748,3866,XGBoost (tuned),D,not a siting recommendation
8865057857fffff,Gombak,3.3335455801738525,101.58779605303684,3343.252595155709,5.2,1.0,0,0.0155356815,0.037046727,1293,XGBoost (tuned),D,not a siting recommendation
886505456bfffff,Gombak,3.280147723936789,101.7677092963083,0.0,0.0,1.0,0,0.0037594978,0.003702993,3581,XGBoost (tuned),D,not a siting recommendation
8865057a87fffff,Gombak,3.304781402213256,101.55809937388004,4179.065743944637,9.4,1.0,0,0.015977787,0.045430463,1281,XGBoost (tuned),D,not a siting recommendation
8865057a15fffff,Gombak,3.29309798065423,101.60662926337326,0.0,0.0,1.0,0,0.0037626922,0.0039467486,3544,XGBoost (tuned),D,not a siting recommendation
886505458bfffff,Gombak,3.279257019630089,101.68199590399875,0.0,0.0,1.0,0,0.0038438234,0.0036963532,3341,XGBoost (tuned),D,not a siting recommendation
8865057849fffff,Gombak,3.3232968854871405,101.61842080447778,0.0,0.0,1.0,0,0.0037626922,0.0039467486,3544,XGBoost (tuned),D,not a siting recommendation
8865057ae5fffff,Gombak,3.309995114525618,101.5901441985758,1671.6262975778548,16.1,1.0,0,0.053816944,0.11666792,838,XGBoost (tuned),D,not a siting recommendation
8865056301fffff,Gombak,3.30172127172053,101.49918777436616,0.0,1.0,1.0,0,0.004002135,0.0043604937,2962,XGBoost (tuned),D,not a siting recommendation
8865057a63fffff,Gombak,3.298310085208505,101.63866859473858,1671.6262975778548,2.4,1.0,0,0.013826591,0.019608444,1341,XGBoost (tuned),D,not a siting recommendation
88650555b3fffff,Gombak,3.186008526591316,101.77704112029453,0.0,0.0,1.0,0,0.0035459758,0.0036219882,3995,XGBoost (tuned),D,not a siting recommendation
886505632dfffff,Gombak,3.3238367684930115,101.51474382981536,835.8131487889274,2.7,1.0,0,0.0106225815,0.016747875,1440,XGBoost (tuned),D,not a siting recommendation
886505409dfffff,Gombak,3.269901558228692,101.79830501245324,0.0,0.0,1.0,0,0.0035691233,0.0036765242,3910,XGBoost (tuned),D,not a siting recommendation
8865057137fffff,Gombak,3.2650561933828177,101.56798447085704,0.0,0.0,1.0,0,0.0038718472,0.0039690468,3221,XGBoost (tuned),D,not a siting recommendation
8865057a89fffff,Gombak,3.2886029885207195,101.5656348895285,0.0,0.0,1.0,0,0.003922462,0.0039690468,3113,XGBoost (tuned),D,not a siting recommendation
8865054e4bfffff,Gombak,3.3088939145498566,101.79740125579852,0.0,0.0,1.0,0,0.003962304,0.003749759,3040,XGBoost (tuned),D,not a siting recommendation
886505634dfffff,Gombak,3.284105794883565,101.52463613009576,835.8131487889274,21.5,1.0,0,0.06394796,0.1586106,771,XGBoost (tuned),D,not a siting recommendation
88650571c5fffff,Gombak,3.235577739455907,101.5472458825218,1671.6262975778548,1.0,1.0,0,0.0055392636,0.0077677877,1760,XGBoost (tuned),D,not a siting recommendation
88650540c7fffff,Gombak,3.267741271375713,101.82513810713336,0.0,0.0,1.0,0,0.0036362563,0.0036986754,3765,XGBoost (tuned),D,not a siting recommendation
8865056349fffff,Gombak,3.2767349187323065,101.51945120400173,0.0,0.0,1.0,0,0.0038987673,0.003965431,3169,XGBoost (tuned),D,not a siting recommendation
88650571e7fffff,Gombak,3.25912233428325,101.54489486853204,1671.6262975778548,1.0,1.0,0,0.005168643,0.0077677877,1794,XGBoost (tuned),D,not a siting recommendation
886505712bfffff,Gombak,3.2555322618453144,101.58965445366854,0.0,0.0,1.0,0,0.00375289,0.0039690468,3605,XGBoost (tuned),D,not a siting recommendation
8865057127fffff,Gombak,3.270989218238381,101.59107315848554,0.0,0.0,1.0,0,0.0036062833,0.0039690468,3801,XGBoost (tuned),D,not a siting recommendation
8865054549fffff,Gombak,3.256609243530122,101.7700427808077,0.0,0.0,1.0,0,0.0037603874,0.0036534914,3565,XGBoost (tuned),D,not a siting recommendation
8865056147fffff,Gombak,3.34954855271033,101.48551999692056,0.0,0.0,1.0,0,0.004236994,0.004040748,2499,XGBoost (tuned),D,not a siting recommendation
8865054491fffff,Gombak,3.229118181055651,101.62780125778303,0.0,0.5,1.0,0,0.0044754725,0.0049916464,2156,XGBoost (tuned),D,not a siting recommendation
88650545bdfffff,Gombak,3.3028010544454576,101.67965526461796,0.0,0.0,1.0,0,0.0036958277,0.003719584,3697,XGBoost (tuned),D,not a siting recommendation
88650545b9fffff,Gombak,3.2954324639648918,101.6744692222786,0.0,0.0,1.0,0,0.004069867,0.003719584,2766,XGBoost (tuned),D,not a siting recommendation
8865056119fffff,Gombak,3.3443317872145184,101.45346208370344,0.0,0.0,1.0,0,0.0042496044,0.004040748,2465,XGBoost (tuned),D,not a siting recommendation
8865054467fffff,Gombak,3.2440346549001275,101.73283400732454,835.8131487889274,3.8,1.0,0,0.046497334,0.06759317,896,XGBoost (tuned),D,not a siting recommendation
88650571a7fffff,Gombak,3.276016904586809,101.528405000833,2507.439446366782,2.0,1.0,0,0.00877239,0.011061076,1510,XGBoost (tuned),D,not a siting recommendation
886505471bfffff,Gombak,3.2116955981324278,101.74787539928508,7522.318339100346,94.0,1.0,0,0.499128,0.5989013,79,XGBoost (tuned),D,not a siting recommendation
8865056067fffff,Gombak,3.320775432796694,101.45582094578144,0.0,0.0,1.0,0,0.0041939253,0.004040748,2557,XGBoost (tuned),D,not a siting recommendation
88650545d7fffff,Gombak,3.271888972554458,101.6768102208916,2507.439446366782,2.0,1.0,0,0.009202664,0.009750735,1484,XGBoost (tuned),D,not a siting recommendation
8865054461fffff,Gombak,3.235949354443361,101.73659470428076,0.0,0.0,1.0,0,0.0038237914,0.0036469363,3378,XGBoost (tuned),D,not a siting recommendation
8865057149fffff,Gombak,3.2151000434757804,101.60848285719406,2507.439446366782,9.6,1.0,0,0.02551003,0.035258185,1095,XGBoost (tuned),D,not a siting recommendation
8865057a31fffff,Gombak,3.308556759406871,101.60804884813408,0.0,0.0,1.0,0,0.0037799608,0.0039467486,3485,XGBoost (tuned),D,not a siting recommendation
886505719bfffff,Gombak,3.231794157351497,101.49729825779912,835.8131487889274,4.0,1.0,0,0.07699465,0.13296965,690,XGBoost (tuned),D,not a siting recommendation
88650571ebfffff,Gombak,3.2436648662875047,101.54347816915458,1671.6262975778548,1.5,1.0,0,0.0072686314,0.010015784,1554,XGBoost (tuned),D,not a siting recommendation
8865056305fffff,Gombak,3.3090930344230696,101.50437298101586,1671.6262975778548,2.8,1.0,0,0.010718617,0.012322205,1436,XGBoost (tuned),D,not a siting recommendation
886505714dfffff,Gombak,3.222468052087036,101.61366729336903,0.0,1.5,1.0,0,0.0073504318,0.0056302757,1551,XGBoost (tuned),D,not a siting recommendation
8865054ec1fffff,Gombak,3.321305464118892,101.73995878345542,0.0,0.0,1.0,0,0.0035691233,0.003719584,3910,XGBoost (tuned),D,not a siting recommendation
8865054439fffff,Gombak,3.2388246191270857,101.7008085415575,5014.878892733564,119.2,1.0,0,0.36109805,0.6807171,152,XGBoost (tuned),D,not a siting recommendation
8865054eb5fffff,Gombak,3.362473156982085,101.71219872097494,0.0,0.0,1.0,0,0.0038671864,0.003719584,3236,XGBoost (tuned),D,not a siting recommendation
8865057813fffff,Gombak,3.3430752970858046,101.56612074637016,0.0,0.0,1.0,0,0.0036062833,0.0039690468,3801,XGBoost (tuned),D,not a siting recommendation
8865054563fffff,Gombak,3.288234457286852,101.76394925536135,0.0,0.0,1.0,0,0.0037603874,0.0037262694,3565,XGBoost (tuned),D,not a siting recommendation
8865054e5bfffff,Gombak,3.302968244585041,101.7743221327326,0.0,0.0,1.0,0,0.004125696,0.0037262694,2658,XGBoost (tuned),D,not a siting recommendation
8865057889fffff,Gombak,3.3452335755592304,101.53925653072488,0.0,0.0,1.0,0,0.0040594935,0.0039412696,2781,XGBoost (tuned),D,not a siting recommendation
8865054e89fffff,Gombak,3.330114669248546,101.72724860480685,0.0,0.0,1.0,0,0.0036958277,0.003719584,3697,XGBoost (tuned),D,not a siting recommendation
8865054767fffff,Gombak,3.2390000042630267,101.79545025144756,0.0,0.0,1.0,0,0.0038371943,0.0036765242,3346,XGBoost (tuned),D,not a siting recommendation
8865054ec9fffff,Gombak,3.3132171941994373,101.743720097959,0.0,0.0,1.0,0,0.0036958277,0.003719584,3697,XGBoost (tuned),D,not a siting recommendation
88650545b7fffff,Gombak,3.311609322960448,101.66694161114886,0.0,0.0,1.0,0,0.003982518,0.003719584,2993,XGBoost (tuned),D,not a siting recommendation
8865054513fffff,Gombak,3.276379421081431,101.7177888933478,0.0,0.0,1.0,0,0.0038813984,0.0036963532,3201,XGBoost (tuned),D,not a siting recommendation
8865057ac3fffff,Gombak,3.2805143095028666,101.5694022998192,0.0,0.0,1.0,0,0.00381995,0.0039690468,3400,XGBoost (tuned),D,not a siting recommendation
8865057151fffff,Gombak,3.217252543756002,101.58163309623912,6686.505190311419,15.2,1.0,0,0.057854168,0.15036175,809,XGBoost (tuned),D,not a siting recommendation
8865054e8bfffff,Gombak,3.330835193517068,101.71829966407256,0.0,0.0,1.0,0,0.0039049885,0.003719584,3154,XGBoost (tuned),D,not a siting recommendation
8865056225fffff,Gombak,3.280324135243414,101.47467773648776,835.8131487889274,19.5,1.0,0,0.25617045,0.310193,240,XGBoost (tuned),D,not a siting recommendation
8865056107fffff,Gombak,3.366452376745292,101.4690193752204,0.0,0.0,1.0,0,0.0042496044,0.004040748,2465,XGBoost (tuned),D,not a siting recommendation
8865056103fffff,Gombak,3.359078778151397,101.46383346545076,0.0,0.0,1.0,0,0.004236994,0.004040748,2499,XGBoost (tuned),D,not a siting recommendation
8865057a41fffff,Gombak,3.274764986163425,101.64101245466516,0.0,0.0,1.0,0,0.0039304197,0.0039467486,3097,XGBoost (tuned),D,not a siting recommendation
886505453dfffff,Gombak,3.297761831960985,101.74229476520378,0.0,0.0,1.0,0,0.00410563,0.003719584,2705,XGBoost (tuned),D,not a siting recommendation
8865054e95fffff,Gombak,3.339644985514053,101.705587609235,0.0,0.0,1.0,0,0.0035691233,0.003719584,3910,XGBoost (tuned),D,not a siting recommendation
8865054eebfffff,Gombak,3.336762309765059,101.74138411973412,0.0,0.0,1.0,0,0.0037603874,0.003719584,3565,XGBoost (tuned),D,not a siting recommendation
88650571b1fffff,Gombak,3.26199337884578,101.5090817866414,0.0,0.0,1.0,0,0.0038219357,0.003965431,3381,XGBoost (tuned),D,not a siting recommendation
8865054e03fffff,Gombak,3.3338787173471247,101.77717566950402,0.0,0.4,1.0,0,0.0041386606,0.004047866,2643,XGBoost (tuned),D,not a siting recommendation
88650544e9fffff,Gombak,3.232894727594323,101.67772853760763,4179.065743944637,65.8,1.0,1,0.14810383,0.22854637,415,XGBoost (tuned),D,not a siting recommendation
8865056acbfffff,Gombak,3.390732278587121,101.45770241008924,0.0,0.0,1.0,0,0.004534687,0.004040748,2098,XGBoost (tuned),D,not a siting recommendation
8865054525fffff,Gombak,3.311776327171587,101.76161506216646,0.0,0.0,1.0,0,0.0035691233,0.0037262694,3910,XGBoost (tuned),D,not a siting recommendation
8865054731fffff,Gombak,3.241877276722198,101.7596714057289,0.0,0.0,1.0,0,0.0039597247,0.0036534914,3042,XGBoost (tuned),D,not a siting recommendation
88650578c5fffff,Gombak,3.3437947815954177,101.5571663090413,1671.6262975778548,1.0,1.0,0,0.0058871103,0.0077677877,1690,XGBoost (tuned),D,not a siting recommendation
886505456dfffff,Gombak,3.2867941820147704,101.78184154321842,0.0,0.0,1.0,0,0.003918675,0.0037262694,3121,XGBoost (tuned),D,not a siting recommendation
8865057ab7fffff,Gombak,3.3216801945423216,101.54160860657012,1671.6262975778548,4.0,1.0,0,0.026647583,0.048533402,1077,XGBoost (tuned),D,not a siting recommendation
8865054583fffff,Gombak,3.2873445647629733,101.67823267932036,0.0,0.0,1.0,0,0.004083716,0.003719584,2722,XGBoost (tuned),D,not a siting recommendation
8865056317fffff,Gombak,3.30387580307563,101.47232065645252,1671.6262975778548,1.8,1.0,0,0.007001932,0.00823653,1569,XGBoost (tuned),D,not a siting recommendation
8865054097fffff,Gombak,3.278707684413244,101.78560089900265,0.0,0.0,1.0,0,0.0039833877,0.003702993,2991,XGBoost (tuned),D,not a siting recommendation
8865055589fffff,Gombak,3.160325911294867,101.80619939126196,0.0,0.0,1.0,0,0.003781746,0.00445973,3454,XGBoost (tuned),D,not a siting recommendation
8865057a0dfffff,Gombak,3.2909408745100968,101.63348283298087,2507.439446366782,4.3,1.0,0,0.06789063,0.087059736,758,XGBoost (tuned),D,not a siting recommendation
886505630dfffff,Gombak,3.3010029793737945,101.50814288382055,3343.252595155709,3.0,1.0,0,0.014470895,0.019467536,1321,XGBoost (tuned),D,not a siting recommendation
886505614dfffff,Gombak,3.34073784572812,101.49824755524486,0.0,0.0,1.0,0,0.0041770223,0.003965431,2589,XGBoost (tuned),D,not a siting recommendation
8865054edbfffff,Gombak,3.308009865725591,101.71168890039816,0.0,0.0,1.0,0,0.0035691233,0.003719584,3910,XGBoost (tuned),D,not a siting recommendation
88650578d3fffff,Gombak,3.331208739011644,101.51992947180744,1671.6262975778548,16.2,1.0,0,0.14634924,0.27778342,421,XGBoost (tuned),D,not a siting recommendation
88650571a5fffff,Gombak,3.2752988336321303,101.5373584977882,0.0,0.4,1.0,0,0.004386079,0.0047835847,2280,XGBoost (tuned),D,not a siting recommendation
8865054cc5fffff,Gombak,3.385302874760199,101.71881060302722,0.0,0.0,1.0,0,0.0035691233,0.003719584,3910,XGBoost (tuned),D,not a siting recommendation
8865054423fffff,Gombak,3.2535585232488824,101.71117924767428,0.0,0.4,1.0,0,0.004015025,0.003961717,2863,XGBoost (tuned),D,not a siting recommendation
8865057a55fffff,Gombak,3.276202655697149,101.6231117386972,0.0,0.0,1.0,0,0.0038113028,0.0039467486,3419,XGBoost (tuned),D,not a siting recommendation
8865054e81fffff,Gombak,3.3382037624626246,101.7234864828938,0.0,0.0,1.0,0,0.0035691233,0.003719584,3910,XGBoost (tuned),D,not a siting recommendation
8865054e35fffff,Gombak,3.357424624977214,101.77484220395904,0.0,0.0,1.0,0,0.004125696,0.0037262694,2658,XGBoost (tuned),D,not a siting recommendation
8865054c19fffff,Gombak,3.375769057815893,101.74047325553632,0.0,0.0,1.0,0,0.0039049885,0.003719584,3154,XGBoost (tuned),D,not a siting recommendation
8865054ea3fffff,Gombak,3.3617521118159983,101.72114871949158,0.0,0.0,1.0,0,0.0039049885,0.003719584,3154,XGBoost (tuned),D,not a siting recommendation
8865054741fffff,Gombak,3.20810205961082,101.79259599884875,0.0,0.4,1.0,0,0.0039870427,0.0040058885,2982,XGBoost (tuned),D,not a siting recommendation
88650545d3fffff,Gombak,3.2645209926208545,101.67162468010484,835.8131487889274,2.7,1.0,0,0.020971553,0.021643344,1168,XGBoost (tuned),D,not a siting recommendation
8865054e55fffff,Gombak,3.317702286148481,101.78469557306003,0.0,0.0,1.0,0,0.003918675,0.0037262694,3121,XGBoost (tuned),D,not a siting recommendation
8865057aebfffff,Gombak,3.295254575054668,101.5797729613186,0.0,0.0,1.0,0,0.0036062833,0.0039690468,3801,XGBoost (tuned),D,not a siting recommendation
88650545c3fffff,Gombak,3.270450629431636,101.69470726441423,0.0,0.0,1.0,0,0.003820536,0.0036963532,3393,XGBoost (tuned),D,not a siting recommendation
88650571abfffff,Gombak,3.2605579694401285,101.52698892714848,2507.439446366782,5.7,1.0,0,0.022205753,0.046059392,1152,XGBoost (tuned),D,not a siting recommendation
8865057891fffff,Gombak,3.347391327971127,101.51238961043886,0.0,0.0,1.0,0,0.0038658327,0.003965431,3248,XGBoost (tuned),D,not a siting recommendation
8865054757fffff,Gombak,3.210258344946915,101.76576457239634,0.0,1.0,1.0,0,0.01026711,0.009354569,1453,XGBoost (tuned),D,not a siting recommendation
8865054405fffff,Gombak,3.237387096736317,101.71870224049856,7522.318339100346,16.4,1.0,1,0.08047654,0.13669777,665,XGBoost (tuned),D,not a siting recommendation
8865056ac9fffff,Gombak,3.3900127722380287,101.46666123041577,0.0,0.0,1.0,0,0.0042496044,0.004040748,2465,XGBoost (tuned),D,not a siting recommendation
886505715dfffff,Gombak,3.2165350987084462,101.59058331940416,5014.878892733564,7.2,1.0,0,0.07705417,0.103632316,689,XGBoost (tuned),D,not a siting recommendation
886505474dfffff,Gombak,3.2073831899209173,101.8015391837973,0.0,0.0,1.0,0,0.0037533075,0.0036448229,3593,XGBoost (tuned),D,not a siting recommendation
8865054eddfffff,Gombak,3.314657834400903,101.72582389330604,0.0,0.0,1.0,0,0.0040293518,0.003719584,2841,XGBoost (tuned),D,not a siting recommendation
8865054531fffff,Gombak,3.298481890374376,101.73334719180193,5014.878892733564,7.5,1.0,0,0.024393886,0.0349212,1117,XGBoost (tuned),D,not a siting recommendation
886505470dfffff,Gombak,3.224269687660371,101.7850791910995,835.8131487889274,1.6,1.0,0,0.014099315,0.018835936,1335,XGBoost (tuned),D,not a siting recommendation
88650545a9fffff,Gombak,3.3013615594690777,101.69755380645124,0.0,0.0,1.0,0,0.0035691233,0.003719584,3910,XGBoost (tuned),D,not a siting recommendation
8865057a61fffff,Gombak,3.2975907650045677,101.64761921036872,1671.6262975778548,1.4,1.0,0,0.0068829525,0.0066009904,1578,XGBoost (tuned),D,not a siting recommendation
886505613bfffff,Gombak,3.367890553850296,101.45110286614262,0.0,0.0,1.0,0,0.0042496044,0.004040748,2465,XGBoost (tuned),D,not a siting recommendation
8865056345fffff,Gombak,3.292195036660179,101.5208670279184,0.0,2.0,1.0,0,0.0070753093,0.005516298,1564,XGBoost (tuned),D,not a siting recommendation
8865054497fffff,Gombak,3.2372042808528465,101.6240365955932,0.0,0.5,1.0,0,0.0051813447,0.0050141127,1793,XGBoost (tuned),D,not a siting recommendation
8865054421fffff,Gombak,3.2528394453949057,101.72012631715124,0.0,0.8,1.0,0,0.0044496343,0.0041530025,2193,XGBoost (tuned),D,not a siting recommendation
8865054c5bfffff,Gombak,3.35958862857448,101.74799685852696,0.0,0.0,1.0,0,0.0037603874,0.0037262694,3565,XGBoost (tuned),D,not a siting recommendation
88650545a7fffff,Gombak,3.3175384324122548,101.69002777611816,0.0,0.0,1.0,0,0.0035691233,0.003719584,3910,XGBoost (tuned),D,not a siting recommendation
88650578d5fffff,Gombak,3.3378616385725435,101.53407056082096,1671.6262975778548,1.2,1.0,0,0.007102314,0.011385745,1562,XGBoost (tuned),D,not a siting recommendation
8865054581fffff,Gombak,3.2866251334237617,101.68718172934716,0.0,0.0,1.0,0,0.0035691233,0.003719584,3910,XGBoost (tuned),D,not a siting recommendation
88650544e1fffff,Gombak,3.2409804893565077,101.6739656845798,5850.692041522491,40.4,1.0,0,0.11846954,0.14031433,491,XGBoost (tuned),D,not a siting recommendation
88650555b9fffff,Gombak,3.1772077418376434,101.7897422545352,0.0,0.0,1.0,0,0.0037474406,0.0035983317,3611,XGBoost (tuned),D,not a siting recommendation
886505472bfffff,Gombak,3.240438750040248,101.77756145172393,0.0,0.0,1.0,0,0.003927781,0.0036534914,3105,XGBoost (tuned),D,not a siting recommendation
8865055595fffff,Gombak,3.169843780506937,101.784557654886,0.0,0.0,1.0,0,0.0038127606,0.0035983317,3416,XGBoost (tuned),D,not a siting recommendation
8865054e13fffff,Gombak,3.327952753503701,101.75409356912692,835.8131487889274,1.7,1.0,0,0.009876651,0.009134429,1465,XGBoost (tuned),D,not a siting recommendation
8865054437fffff,Gombak,3.254996512682208,101.69328418374434,21313.235294117647,54.3,1.0,0,0.04333951,0.04447767,925,XGBoost (tuned),D,not a siting recommendation
8865056149fffff,Gombak,3.333365298408031,101.49306188452758,0.0,0.0,1.0,0,0.004361206,0.004040748,2303,XGBoost (tuned),D,not a siting recommendation
8865057133fffff,Gombak,3.257686473849904,101.56279960741529,0.0,0.0,1.0,0,0.00381995,0.0039690468,3400,XGBoost (tuned),D,not a siting recommendation
886505610bfffff,Gombak,3.3509864085896024,101.46760543063856,0.0,0.0,1.0,0,0.003575286,0.004040748,3866,XGBoost (tuned),D,not a siting recommendation
886505636dfffff,Gombak,3.30693747730264,101.53123752774653,0.0,0.4,1.0,0,0.0042782123,0.0047835847,2436,XGBoost (tuned),D,not a siting recommendation
886505408bfffff,Gombak,3.269181517925288,101.8072496905062,0.0,0.0,1.0,0,0.0038334997,0.0036765242,3350,XGBoost (tuned),D,not a siting recommendation
8865054e5dfffff,Gombak,3.309614602376559,101.78845517528843,0.0,0.0,1.0,0,0.0037533075,0.0037262694,3593,XGBoost (tuned),D,not a siting recommendation
886505476dfffff,Gombak,3.2301961957630505,101.80815214061184,0.0,0.0,1.0,0,0.0037533075,0.0036986754,3593,XGBoost (tuned),D,not a siting recommendation
88650545d9fffff,Gombak,3.2557154241425645,101.68433619013236,2507.439446366782,5.7,1.0,0,0.033422567,0.07522827,1015,XGBoost (tuned),D,not a siting recommendation
8865054553fffff,Gombak,3.259487020210305,101.7342587085664,2507.439446366782,14.5,1.0,0,0.12255616,0.19592746,480,XGBoost (tuned),D,not a siting recommendation
8865054427fffff,Gombak,3.2609255761411613,101.71636481337926,0.0,0.0,1.0,0,0.003820536,0.0036469363,3393,XGBoost (tuned),D,not a siting recommendation
8865056005fffff,Gombak,3.314120644355057,101.44167860040864,2507.439446366782,2.0,1.0,0,0.009094946,0.00965391,1487,XGBoost (tuned),D,not a siting recommendation
88650540dbfffff,Gombak,3.246365261302324,101.80063599216496,0.0,0.0,1.0,0,0.0037533075,0.0036765242,3593,XGBoost (tuned),D,not a siting recommendation
8865054e0dfffff,Gombak,3.3324365785848324,101.7950695757094,0.0,0.0,1.0,0,0.003677333,0.003749759,3742,XGBoost (tuned),D,not a siting recommendation
8865054537fffff,Gombak,3.3065696852995483,101.72958565890158,0.0,0.6,1.0,0,0.008850015,0.008962512,1503,XGBoost (tuned),D,not a siting recommendation
886505466dfffff,Gombak,3.1786441515906176,101.77185644185924,12537.19723183391,14.4,1.0,0,0.04596006,0.061477393,901,XGBoost (tuned),D,not a siting recommendation
886505612bfffff,Gombak,3.373826043523277,101.4742054308156,0.0,0.0,1.0,0,0.0042496044,0.004040748,2465,XGBoost (tuned),D,not a siting recommendation
8865057a6dfffff,Gombak,3.2968713880229084,101.65656952044952,0.0,0.0,1.0,0,0.0036958277,0.003719584,3697,XGBoost (tuned),D,not a siting recommendation
8865054ecdfffff,Gombak,3.320584942128723,101.74890676295622,0.0,0.0,1.0,0,0.0035691233,0.0037262694,3910,XGBoost (tuned),D,not a siting recommendation
88650540e5fffff,Gombak,3.28983748434602,101.84069751921945,0.0,0.0,1.0,0,0.003825541,0.0038437888,3366,XGBoost (tuned),D,not a siting recommendation
8865056029fffff,Gombak,3.321493656952774,101.44686367431164,0.0,1.0,1.0,0,0.004002135,0.004443281,2962,XGBoost (tuned),D,not a siting recommendation
8865054463fffff,Gombak,3.2366682530478927,101.72764862699464,835.8131487889274,1.7000000000000002,1.0,0,0.026288528,0.034213588,1085,XGBoost (tuned),D,not a siting recommendation
88650576e3fffff,Klang,3.1019977765733358,101.368196370955,0.0,1.4,1.241009386809704,0,0.0046669985,0.0050004455,1952,XGBoost (tuned),D,not a siting recommendation
8865053a8dfffff,Klang,2.934915849913434,101.3169083189258,6084.735576923076,5.2,1.241009386809704,0,0.026544714,0.03293974,1081,XGBoost (tuned),D,not a siting recommendation
8865053915fffff,Klang,3.040193806653952,101.36256300984503,0.0,2.0,1.241009386809704,0,0.0064900527,0.008588945,1610,XGBoost (tuned),D,not a siting recommendation
88650576bbfffff,Klang,3.1048526450094154,101.33237860147956,0.0,0.0,1.241009386809704,0,0.0036020093,0.004015357,3821,XGBoost (tuned),D,not a siting recommendation
8865057751fffff,Klang,3.1191051557987506,101.44641142421384,1216.9471153846152,42.4,1.241009386809704,0,0.01955564,0.018462706,1196,XGBoost (tuned),D,not a siting recommendation
88650576c5fffff,Klang,3.085831810235744,101.37574117777628,0.0,0.4,1.241009386809704,0,0.0047448776,0.004941513,1907,XGBoost (tuned),D,not a siting recommendation
8865057631fffff,Klang,3.107225128660644,101.40023806015054,1216.9471153846152,59.0,1.241009386809704,0,0.014593072,0.013945098,1318,XGBoost (tuned),D,not a siting recommendation
8865053b49fffff,Klang,2.957267545844242,101.42711849376646,1216.9471153846152,3.0,1.241009386809704,0,0.009303154,0.022104073,1478,XGBoost (tuned),D,not a siting recommendation
8865057487fffff,Klang,3.1600189406725474,101.32386931139138,0.0,0.6000000000000001,1.241009386809704,0,0.0061199153,0.0071137794,1654,XGBoost (tuned),D,not a siting recommendation
8865053a67fffff,Klang,2.944671312918037,101.38991475603623,0.0,0.0,1.241009386809704,0,0.0059933523,0.0077934163,1669,XGBoost (tuned),D,not a siting recommendation
8865053a55fffff,Klang,2.9152098476256687,101.36920041170112,0.0,0.0,1.241009386809704,0,0.0048721684,0.007865108,1870,XGBoost (tuned),D,not a siting recommendation
8865050c0dfffff,Klang,3.028070049771738,101.51471047353772,0.0,0.0,1.241009386809704,0,0.0043651066,0.0039444403,2298,XGBoost (tuned),D,not a siting recommendation
8865057629fffff,Klang,3.105082444777345,101.4270958083059,0.0,0.0,1.241009386809704,0,0.0036020093,0.004015357,3821,XGBoost (tuned),D,not a siting recommendation
8865052349fffff,Klang,2.915656856605188,101.26556888979935,0.0,0.0,1.241009386809704,0,0.0058438294,0.007974189,1699,XGBoost (tuned),D,not a siting recommendation
88650574d5fffff,Klang,3.1364765342022025,101.32623709138976,0.0,0.0,1.241009386809704,0,0.0043551293,0.0039948863,2319,XGBoost (tuned),D,not a siting recommendation
8865053ab3fffff,Klang,2.953203042962308,101.2825067829838,0.0,0.0,1.241009386809704,0,0.0055920854,0.0076485556,1752,XGBoost (tuned),D,not a siting recommendation
8865050ce1fffff,Klang,3.039717149541513,101.46620186980311,1216.9471153846152,12.1,1.241009386809704,0,0.024557337,0.013843949,1115,XGBoost (tuned),D,not a siting recommendation
8865057657fffff,Klang,3.0756086540786765,101.40637048309809,2433.8942307692305,3.9,1.241009386809704,0,0.020546924,0.0225619,1177,XGBoost (tuned),D,not a siting recommendation
8865057723fffff,Klang,3.165464994359344,101.45064795234056,0.0,0.0,1.241009386809704,0,0.0045728832,0.0039948863,2074,XGBoost (tuned),D,not a siting recommendation
8865057553fffff,Klang,3.1764123803907403,101.4110615521826,0.0,0.5,1.241009386809704,0,0.00759168,0.0058672656,1541,XGBoost (tuned),D,not a siting recommendation
8865052a43fffff,Klang,3.032578976308077,101.26266574599494,0.0,0.0,1.241009386809704,0,0.004460634,0.005103182,2173,XGBoost (tuned),D,not a siting recommendation
88650531a9fffff,Klang,2.898794260497392,101.2820679641338,0.0,1.0,1.241009386809704,0,0.005518588,0.008338692,1763,XGBoost (tuned),D,not a siting recommendation
8865050c45fffff,Klang,3.0192777254994483,101.52742362315352,0.0,0.0,1.241009386809704,0,0.004401061,0.003921633,2266,XGBoost (tuned),D,not a siting recommendation
8865053939fffff,Klang,3.047562048060376,101.36774330254082,1216.9471153846152,26.0,1.241009386809704,0,0.023000412,0.020101184,1140,XGBoost (tuned),D,not a siting recommendation
88650538e1fffff,Klang,2.998121153574484,101.30462677694275,0.0,0.0,1.241009386809704,0,0.0044844067,0.005277655,2145,XGBoost (tuned),D,not a siting recommendation
88650539a9fffff,Klang,3.0584949778369643,101.32815792341756,0.0,0.0,1.241009386809704,0,0.0042135227,0.0049979766,2527,XGBoost (tuned),D,not a siting recommendation
886505388bfffff,Klang,2.9848074248438654,101.2763623575419,0.0,0.0,1.241009386809704,0,0.0044976836,0.0072966167,2121,XGBoost (tuned),D,not a siting recommendation
8865053aadfffff,Klang,2.957726811130114,101.32349268800644,1216.9471153846152,61.5,1.241009386809704,0,0.01749861,0.029839924,1229,XGBoost (tuned),D,not a siting recommendation
8865053ae5fffff,Klang,2.948938072500092,101.33621599295552,2433.8942307692305,2.7,1.241009386809704,0,0.013714391,0.015715344,1345,XGBoost (tuned),D,not a siting recommendation
8865052a47fffff,Klang,3.0399486712830246,101.26784529989877,0.0,0.0,1.241009386809704,0,0.004460634,0.0050694053,2173,XGBoost (tuned),D,not a siting recommendation
886505318dfffff,Klang,2.883352573945648,101.28066396594257,0.0,0.0,1.241009386809704,0,0.0054325676,0.006474952,1767,XGBoost (tuned),D,not a siting recommendation
8865053925fffff,Klang,3.068953866944869,101.39223743735076,0.0,0.0,1.241009386809704,0,0.0035537973,0.0039444403,3944,XGBoost (tuned),D,not a siting recommendation
88650539abfffff,Klang,3.059207741780509,101.3192038879112,0.0,0.0,1.241009386809704,0,0.004461932,0.0049979766,2165,XGBoost (tuned),D,not a siting recommendation
886505754bfffff,Klang,3.1742658762274383,101.43792394879796,2433.8942307692305,2.2,1.241009386809704,0,0.0151430555,0.016042646,1307,XGBoost (tuned),D,not a siting recommendation
88650576e5fffff,Klang,3.1086533183034386,101.38233142648424,1216.9471153846152,24.0,1.241009386809704,0,0.009925775,0.021113062,1463,XGBoost (tuned),D,not a siting recommendation
88650576abfffff,Klang,3.110795202176327,101.355469282098,0.0,0.0,1.241009386809704,0,0.004175765,0.004015357,2595,XGBoost (tuned),D,not a siting recommendation
886505234bfffff,Klang,2.916366758349943,101.25661686033082,0.0,0.0,1.241009386809704,0,0.006393051,0.007974189,1615,XGBoost (tuned),D,not a siting recommendation
88650538ddfffff,Klang,2.968649161424473,101.28391115763776,0.0,0.0,1.241009386809704,0,0.0056580678,0.0073745605,1744,XGBoost (tuned),D,not a siting recommendation
8865053b23fffff,Klang,3.0057359239154318,101.40450140850888,17037.259615384613,140.0,1.241009386809704,0,0.09499992,0.11128204,591,XGBoost (tuned),D,not a siting recommendation
8865053b2dfffff,Klang,3.004310962716528,101.42240108620486,15820.312499999998,188.3,1.241009386809704,0,0.03241768,0.04165941,1029,XGBoost (tuned),D,not a siting recommendation
886505748dfffff,Klang,3.151218671561892,101.33660041274943,2433.8942307692305,1.0,1.241009386809704,0,0.006238459,0.007113506,1635,XGBoost (tuned),D,not a siting recommendation
8865053b65fffff,Klang,2.995519778220289,101.43511956735465,3650.8413461538457,39.9,1.241009386809704,0,0.04794157,0.046415474,885,XGBoost (tuned),D,not a siting recommendation
8865053a29fffff,Klang,2.945382563228219,101.3809656915423,1216.9471153846152,36.4,1.241009386809704,0,0.009466892,0.032222923,1475,XGBoost (tuned),D,not a siting recommendation
88650574c9fffff,Klang,3.1269635256701416,101.34792242479652,0.0,0.0,1.241009386809704,0,0.0036020093,0.0040514506,3821,XGBoost (tuned),D,not a siting recommendation
886505771dfffff,Klang,3.1352724564619,101.43887102197596,1216.9471153846152,12.5,1.241009386809704,0,0.15209898,0.220389,408,XGBoost (tuned),D,not a siting recommendation
8865050cb1fffff,Klang,3.050651127998663,101.426633080731,1216.9471153846152,12.5,1.241009386809704,0,0.023587272,0.020055832,1128,XGBoost (tuned),D,not a siting recommendation
8865053b07fffff,Klang,2.990290528474141,101.40309174935744,4867.788461538461,30.2,1.241009386809704,0,0.012606945,0.028657144,1376,XGBoost (tuned),D,not a siting recommendation
88650531adfffff,Klang,2.906160512797884,101.28724553576872,1216.9471153846152,13.0,1.241009386809704,0,0.018108325,0.02968841,1218,XGBoost (tuned),D,not a siting recommendation
886505234dfffff,Klang,2.923023772023695,101.27074662254302,0.0,0.0,1.241009386809704,0,0.0041456334,0.007819769,2634,XGBoost (tuned),D,not a siting recommendation
8865052365fffff,Klang,2.953913696551717,101.2735542387326,0.0,0.0,1.241009386809704,0,0.0039745457,0.0076485556,3011,XGBoost (tuned),D,not a siting recommendation
8865053953fffff,Klang,3.0166650144832543,101.36492687436434,1216.9471153846152,53.8,1.241009386809704,0,0.009267322,0.024894955,1481,XGBoost (tuned),D,not a siting recommendation
88650538c5fffff,Klang,2.9826736837927705,101.30322139491918,0.0,0.0,1.241009386809704,0,0.005732581,0.0072966167,1734,XGBoost (tuned),D,not a siting recommendation
88650538d7fffff,Klang,2.9774391484128846,101.271183617229,0.0,0.0,1.241009386809704,0,0.005958461,0.0073745605,1676,XGBoost (tuned),D,not a siting recommendation
8865057713fffff,Klang,3.136702181395437,101.42096523211583,1216.9471153846152,8.9,1.241009386809704,0,0.0087898495,0.01721435,1509,XGBoost (tuned),D,not a siting recommendation
8865053ad3fffff,Klang,2.913526856380052,101.29242325580267,1216.9471153846152,17.0,1.241009386809704,0,0.022102928,0.04062171,1153,XGBoost (tuned),D,not a siting recommendation
8865053b53fffff,Klang,2.9601141467506094,101.39132366038872,1216.9471153846152,61.6,1.241009386809704,0,0.032804444,0.0397612,1024,XGBoost (tuned),D,not a siting recommendation
8865050e8bfffff,Klang,2.9698617152995204,101.46432065772834,1216.9471153846152,26.1,1.241009386809704,0,0.027875923,0.015939618,1067,XGBoost (tuned),D,not a siting recommendation
8865052343fffff,Klang,2.924443846119285,101.25284218554512,0.0,0.0,1.241009386809704,0,0.0048721684,0.007819769,1870,XGBoost (tuned),D,not a siting recommendation
8865057467fffff,Klang,3.1609564716553216,101.4096508832546,2433.8942307692305,1.5,1.241009386809704,0,0.006253539,0.0077938735,1631,XGBoost (tuned),D,not a siting recommendation
8865050c4dfffff,Klang,3.011199386094542,101.53118935963208,0.0,0.0,1.241009386809704,0,0.004338516,0.0035624362,2356,XGBoost (tuned),D,not a siting recommendation
8865053801fffff,Klang,2.9871952197430063,101.34420860088022,8518.629807692307,155.0,1.241009386809704,0,0.024865517,0.039430175,1109,XGBoost (tuned),D,not a siting recommendation
886505392dfffff,Klang,3.0608722463763423,101.39600869976258,0.0,0.0,1.241009386809704,0,0.004461932,0.0039444403,2165,XGBoost (tuned),D,not a siting recommendation
8865050e13fffff,Klang,2.967012415687204,101.50010754376706,1216.9471153846152,9.0,1.241009386809704,0,0.017028147,0.011952901,1242,XGBoost (tuned),D,not a siting recommendation
8865053887fffff,Klang,3.000255709937304,101.27776660546692,0.0,0.0,1.241009386809704,0,0.0036244688,0.005277655,3779,XGBoost (tuned),D,not a siting recommendation
8865050ccdfffff,Klang,3.0161920665749133,101.468557542725,17037.259615384613,113.7,1.241009386809704,1,0.07021959,0.044750012,737,XGBoost (tuned),D,not a siting recommendation
8865053b31fffff,Klang,2.999081488861841,101.39037131693736,1216.9471153846152,6.1,1.241009386809704,0,0.042778544,0.12284384,930,XGBoost (tuned),D,not a siting recommendation
886505745dfffff,Klang,3.1233923446548086,101.3926945515629,0.0,0.0,1.241009386809704,0,0.0036020093,0.0040514506,3821,XGBoost (tuned),D,not a siting recommendation
886505385dfffff,Klang,2.9636712787317405,101.34657353336804,1216.9471153846152,11.6,1.241009386809704,0,0.02183577,0.040433113,1158,XGBoost (tuned),D,not a siting recommendation
8865050e17fffff,Klang,2.974376703800955,101.505287484466,2433.8942307692305,15.3,1.241009386809704,0,0.07512339,0.028674623,700,XGBoost (tuned),D,not a siting recommendation
886505763bfffff,Klang,3.0998560654467457,101.39505663377778,1216.9471153846152,52.0,1.241009386809704,0,0.015506493,0.013801276,1295,XGBoost (tuned),D,not a siting recommendation
88650576c1fffff,Klang,3.078462826761814,101.3705602345291,0.0,0.0,1.241009386809704,0,0.0043999334,0.0039444403,2269,XGBoost (tuned),D,not a siting recommendation
88650575dbfffff,Klang,3.173332477447145,101.35214650316917,0.0,0.5,1.241009386809704,0,0.0065871966,0.0046037626,1600,XGBoost (tuned),D,not a siting recommendation
8865050ca5fffff,Klang,3.063958566366255,101.45489582466476,17037.259615384613,164.5,1.241009386809704,0,0.11583882,0.11275519,499,XGBoost (tuned),D,not a siting recommendation
8865050f53fffff,Klang,3.001694707662237,101.55284630494818,0.0,0.0,1.241009386809704,0,0.0036244688,0.0035888571,3779,XGBoost (tuned),D,not a siting recommendation
88650505a5fffff,Klang,2.9558439482276326,101.44501414508753,0.0,0.0,1.241009386809704,0,0.0063365977,0.0040321904,1622,XGBoost (tuned),D,not a siting recommendation
8865057463fffff,Klang,3.153586357341531,101.40446855522508,0.0,0.0,1.241009386809704,0,0.004148024,0.0039948863,2627,XGBoost (tuned),D,not a siting recommendation
8865053989fffff,Klang,3.0356754811750624,101.32157131103716,0.0,0.0,1.241009386809704,0,0.0044118767,0.005103182,2252,XGBoost (tuned),D,not a siting recommendation
8865053935fffff,Klang,3.063011970365398,101.36915170555088,0.0,0.0,1.241009386809704,0,0.0035537973,0.0039444403,3944,XGBoost (tuned),D,not a siting recommendation
8865050c55fffff,Klang,3.0133394094445123,101.50434894111068,0.0,0.0,1.241009386809704,0,0.0047508557,0.0039713886,1905,XGBoost (tuned),D,not a siting recommendation
8865057603fffff,Klang,3.0910593392260126,101.4077806469769,7301.6826923076915,150.1,1.241009386809704,0,0.031193322,0.034218047,1038,XGBoost (tuned),D,not a siting recommendation
8865053abbfffff,Klang,2.945125062502212,101.28628071256864,0.0,0.0,1.241009386809704,0,0.005053972,0.0077934163,1827,XGBoost (tuned),D,not a siting recommendation
8865053a43fffff,Klang,2.9144991973590035,101.3781490144575,0.0,0.0,1.241009386809704,0,0.0054899384,0.007865108,1765,XGBoost (tuned),D,not a siting recommendation
886505751bfffff,Klang,3.1852139530496526,101.39833445923932,2433.8942307692305,1.0,1.241009386809704,0,0.0058240937,0.00686967,1704,XGBoost (tuned),D,not a siting recommendation
8865052a5bfffff,Klang,3.018551379302868,101.24335188042171,2433.8942307692305,2.9,1.241009386809704,0,0.019084202,0.02101929,1203,XGBoost (tuned),D,not a siting recommendation
8865053a83fffff,Klang,2.9363369617706123,101.29900600327838,0.0,2.0,1.241009386809704,0,0.008183659,0.012704255,1528,XGBoost (tuned),D,not a siting recommendation
8865057551fffff,Klang,3.1756969338425263,101.4200159790928,0.0,0.0,1.241009386809704,0,0.0043585915,0.0039948863,2311,XGBoost (tuned),D,not a siting recommendation
88650576a1fffff,Klang,3.118165168062463,101.36065064318024,0.0,1.0,1.241009386809704,0,0.0043177227,0.0046559055,2368,XGBoost (tuned),D,not a siting recommendation
8865050ee9fffff,Klang,2.9750892678814997,101.49634116989724,1216.9471153846152,24.4,1.241009386809704,0,0.044777058,0.02186374,914,XGBoost (tuned),D,not a siting recommendation
886505768bfffff,Klang,3.087972377681313,101.3488802943858,0.0,0.0,1.241009386809704,0,0.0036020093,0.0039444403,3821,XGBoost (tuned),D,not a siting recommendation
8865050f15fffff,Klang,3.0252152561731447,101.55049740486908,0.0,0.0,1.241009386809704,0,0.0035694386,0.0034984814,3881,XGBoost (tuned),D,not a siting recommendation
8865050c6bfffff,Klang,3.027356427450776,101.52365765559028,0.0,0.0,1.241009386809704,0,0.004204082,0.0038950208,2541,XGBoost (tuned),D,not a siting recommendation
8865057559fffff,Klang,3.1676113284695457,101.42378744902784,1216.9471153846152,1.9,1.241009386809704,0,0.018399645,0.019192457,1216,XGBoost (tuned),D,not a siting recommendation
8865057417fffff,Klang,3.1490751339205185,101.3634675765364,0.0,0.0,1.241009386809704,0,0.003552099,0.0039948863,3969,XGBoost (tuned),D,not a siting recommendation
8865053905fffff,Klang,3.046136168286381,101.38564750344334,1216.9471153846152,5.0,1.241009386809704,0,0.014372328,0.011729955,1326,XGBoost (tuned),D,not a siting recommendation
88650576bdfffff,Klang,3.11150905640856,101.34651465062502,0.0,0.0,1.241009386809704,0,0.0045331223,0.004015357,2099,XGBoost (tuned),D,not a siting recommendation
8865050cc1fffff,Klang,3.016905104158518,101.45960895063727,1216.9471153846152,75.89999999999999,1.241009386809704,0,0.112630814,0.10613174,510,XGBoost (tuned),D,not a siting recommendation
8865050ec7fffff,Klang,2.9684371645138814,101.48221469501604,0.0,0.0,1.241009386809704,0,0.0069450187,0.004025966,1574,XGBoost (tuned),D,not a siting recommendation
8865050f17fffff,Klang,3.025929030593049,101.5415511216772,0.0,0.0,1.241009386809704,0,0.0035694386,0.0034984814,3881,XGBoost (tuned),D,not a siting recommendation
88650575cdfffff,Klang,3.185929400137306,101.3893791090658,0.0,0.0,1.241009386809704,0,0.0043585915,0.0039948863,2311,XGBoost (tuned),D,not a siting recommendation
88650576e9fffff,Klang,3.0932008755738223,101.38092226813258,6084.735576923076,9.8,1.241009386809704,0,0.022061389,0.043215815,1154,XGBoost (tuned),D,not a siting recommendation
8865053b1dfffff,Klang,2.9755579287288283,101.39273269068352,1216.9471153846152,13.0,1.241009386809704,0,0.008485011,0.030783167,1519,XGBoost (tuned),D,not a siting recommendation
88650539d1fffff,Klang,3.0209381195606797,101.3112118120822,0.0,0.0,1.241009386809704,0,0.0047054035,0.0051517086,1933,XGBoost (tuned),D,not a siting recommendation
8865057669fffff,Klang,3.0882032178658,101.4435877031312,2433.8942307692305,46.1,1.241009386809704,0,0.017127233,0.025389513,1239,XGBoost (tuned),D,not a siting recommendation
8865053987fffff,Klang,3.051838438348003,101.31402370873796,0.0,0.0,1.241009386809704,0,0.004498753,0.0050694053,2116,XGBoost (tuned),D,not a siting recommendation
8865057733fffff,Klang,3.159526077641265,101.42755868829518,1216.9471153846152,1.4,1.241009386809704,0,0.011235144,0.022695705,1425,XGBoost (tuned),D,not a siting recommendation
8865053951fffff,Klang,3.0159526506844845,101.37387836636152,17037.259615384613,88.2,1.241009386809704,0,0.043956257,0.050094105,920,XGBoost (tuned),D,not a siting recommendation
8865053a87fffff,Klang,2.943703827285991,101.30418427162304,1216.9471153846152,13.0,1.241009386809704,0,0.019863026,0.03325045,1190,XGBoost (tuned),D,not a siting recommendation
8865052a05fffff,Klang,3.056112945284384,101.26029369938738,0.0,0.0,1.241009386809704,0,0.0035537973,0.0049979766,3944,XGBoost (tuned),D,not a siting recommendation
886505390bfffff,Klang,3.031400423193846,101.3752868947681,1216.9471153846152,43.9,1.241009386809704,0,0.009767919,0.026099393,1468,XGBoost (tuned),D,not a siting recommendation
886505745bfffff,Klang,3.1167369705164365,101.3785591171154,0.0,0.0,1.241009386809704,0,0.0043999334,0.0040514506,2269,XGBoost (tuned),D,not a siting recommendation
886505383dfffff,Klang,3.003353868651302,101.33666375720202,0.0,0.0,1.241009386809704,0,0.0044020223,0.005277655,2264,XGBoost (tuned),D,not a siting recommendation
8865057489fffff,Klang,3.1438475626098703,101.33141867812527,0.0,0.0,1.241009386809704,0,0.0045274817,0.0039948863,2103,XGBoost (tuned),D,not a siting recommendation
886505772dfffff,Klang,3.164033832517912,101.46855347527205,0.0,0.0,1.241009386809704,0,0.003552099,0.0039948863,3969,XGBoost (tuned),D,not a siting recommendation
886505744dfffff,Klang,3.1293327990767907,101.41578321931044,1216.9471153846152,3.0,1.241009386809704,0,0.009235311,0.011611013,1482,XGBoost (tuned),D,not a siting recommendation
8865053b39fffff,Klang,2.991002656667665,101.39414184693592,1216.9471153846152,11.0,1.241009386809704,0,0.007778762,0.025450042,1538,XGBoost (tuned),D,not a siting recommendation
8865057439fffff,Klang,3.155731043411494,101.37760476947432,0.0,0.9,1.241009386809704,0,0.0059628943,0.0056061996,1674,XGBoost (tuned),D,not a siting recommendation
8865050c39fffff,Klang,3.037576550709173,101.49304800334838,0.0,0.0,1.241009386809704,0,0.0035694386,0.0039444403,3881,XGBoost (tuned),D,not a siting recommendation
8865050eedfffff,Klang,2.9824538044641287,101.50152121665562,1216.9471153846152,90.0,1.241009386809704,0,0.034037683,0.012995629,1007,XGBoost (tuned),D,not a siting recommendation
8865050e89fffff,Klang,2.969149464690908,101.47326782472852,0.0,0.0,1.241009386809704,0,0.0062527778,0.004025966,1632,XGBoost (tuned),D,not a siting recommendation
886505762bfffff,Klang,3.105796725916166,101.41814351979694,0.0,1.0,1.241009386809704,0,0.0045079263,0.0046144514,2111,XGBoost (tuned),D,not a siting recommendation
8865052a63fffff,Klang,3.0554006587844613,101.26924942036602,0.0,0.0,1.241009386809704,0,0.0035537973,0.005041875,3944,XGBoost (tuned),D,not a siting recommendation
8865050c13fffff,Klang,3.023558007397481,101.47373807952351,1216.9471153846152,23.5,1.241009386809704,0,0.06270862,0.039182905,781,XGBoost (tuned),D,not a siting recommendation
886505230bfffff,Klang,2.9332313685542157,101.24011430134613,0.0,0.0,1.241009386809704,0,0.0049949493,0.007846992,1845,XGBoost (tuned),D,not a siting recommendation
8865053acdfffff,Klang,2.9180519608697075,101.33340308796018,0.0,0.0,1.241009386809704,0,0.006156498,0.007974189,1649,XGBoost (tuned),D,not a siting recommendation
886505231dfffff,Klang,2.933941391859171,101.23116103561097,0.0,0.0,1.241009386809704,0,0.0049949493,0.007846992,1845,XGBoost (tuned),D,not a siting recommendation
8865050ccbfffff,Klang,3.009539081083736,101.45442859940198,1216.9471153846152,210.3,1.241009386809704,0,0.029686624,0.03836858,1052,XGBoost (tuned),D,not a siting recommendation
8865057683fffff,Klang,3.0960555148021025,101.34510700240456,0.0,0.0,1.241009386809704,0,0.0036020093,0.0039444403,3821,XGBoost (tuned),D,not a siting recommendation
8865057427fffff,Klang,3.1778431086740437,101.3931518163615,0.0,0.0,1.241009386809704,0,0.003552099,0.0039948863,3969,XGBoost (tuned),D,not a siting recommendation
8865050c41fffff,Klang,3.0119127776185093,101.5222428524219,0.0,0.0,1.241009386809704,0,0.0042877295,0.003921633,2425,XGBoost (tuned),D,not a siting recommendation
8865053aedfffff,Klang,2.9408607607374897,101.33998792237271,0.0,0.0,1.241009386809704,0,0.0061839954,0.007951373,1644,XGBoost (tuned),D,not a siting recommendation
8865050cebfffff,Klang,3.0323507145066912,101.46102112164692,1216.9471153846152,21.0,1.241009386809704,0,0.034692723,0.03229611,1002,XGBoost (tuned),D,not a siting recommendation
8865053809fffff,Klang,2.9791164360356497,101.34798067782734,8518.629807692307,366.6,1.241009386809704,0,0.06262765,0.08018112,782,XGBoost (tuned),D,not a siting recommendation
8865053a57fffff,Klang,2.9159204491679143,101.36025151725076,0.0,0.0,1.241009386809704,0,0.0048721684,0.007974189,1870,XGBoost (tuned),D,not a siting recommendation
88650539d9fffff,Klang,3.012857674086533,101.31498547609056,0.0,0.0,1.241009386809704,0,0.004460634,0.0052112807,2173,XGBoost (tuned),D,not a siting recommendation
8865053999fffff,Klang,3.0297310380121143,101.29848406007932,0.0,0.0,1.241009386809704,0,0.0044118767,0.005103182,2252,XGBoost (tuned),D,not a siting recommendation
8865052163fffff,Klang,3.003812278739379,101.23299390843556,0.0,0.0,1.241009386809704,0,0.0036244688,0.005277655,3779,XGBoost (tuned),D,not a siting recommendation
88650574b1fffff,Klang,3.168819726048117,101.3111370219507,0.0,0.0,1.241009386809704,0,0.0041151787,0.0039948863,2688,XGBoost (tuned),D,not a siting recommendation
8865050e31fffff,Klang,2.989105529641412,101.51564780043402,0.0,0.0,1.241009386809704,0,0.0045777024,0.0040010074,2068,XGBoost (tuned),D,not a siting recommendation
88650538a5fffff,Klang,3.0223620759644687,101.29330447374116,0.0,0.0,1.241009386809704,0,0.0043453104,0.0051313573,2333,XGBoost (tuned),D,not a siting recommendation
886505746dfffff,Klang,3.1521562945801698,101.42237627749007,0.0,0.0,1.241009386809704,0,0.004390327,0.0039948863,2275,XGBoost (tuned),D,not a siting recommendation
88650539bdfffff,Klang,3.059920453252031,101.31024956282523,0.0,0.0,1.241009386809704,0,0.0042135227,0.0049979766,2527,XGBoost (tuned),D,not a siting recommendation
88650576a5fffff,Klang,3.125535214849982,101.36583215164818,0.0,0.4,1.241009386809704,0,0.0049317945,0.0050327745,1853,XGBoost (tuned),D,not a siting recommendation
8865052369fffff,Klang,2.938468257724767,101.27215036781791,0.0,0.0,1.241009386809704,0,0.0061839954,0.007887972,1644,XGBoost (tuned),D,not a siting recommendation
8865052a0bfffff,Klang,3.041372650727935,101.24993432812424,0.0,0.0,1.241009386809704,0,0.0043453104,0.0050694053,2333,XGBoost (tuned),D,not a siting recommendation
8865053833fffff,Klang,3.0047775876599427,101.31875891030931,0.0,0.0,1.241009386809704,0,0.004446197,0.005277655,2194,XGBoost (tuned),D,not a siting recommendation
886505232bfffff,Klang,2.956045356468538,101.24669488429063,0.0,0.0,1.241009386809704,0,0.0039745457,0.0074312035,3011,XGBoost (tuned),D,not a siting recommendation
8865053a85fffff,Klang,2.942993135076516,101.3131356183648,1216.9471153846152,24.0,1.241009386809704,0,0.011411596,0.039497796,1420,XGBoost (tuned),D,not a siting recommendation
886505741dfffff,Klang,3.1402755494350183,101.37619561042736,2433.8942307692305,13.5,1.241009386809704,0,0.046654243,0.20772015,893,XGBoost (tuned),D,not a siting recommendation
8865057433fffff,Klang,3.164531501098732,101.3648762322375,0.0,0.0,1.241009386809704,0,0.0045882915,0.0039948863,2064,XGBoost (tuned),D,not a siting recommendation
8865057701fffff,Klang,3.141926476901815,101.45300575559212,0.0,0.5,1.241009386809704,0,0.00570028,0.0057853237,1738,XGBoost (tuned),D,not a siting recommendation
8865052141fffff,Klang,2.980282781908211,101.23536772937936,0.0,0.0,1.241009386809704,0,0.005732581,0.0073745605,1734,XGBoost (tuned),D,not a siting recommendation
886505755bfffff,Klang,3.16832666396356,101.41483335790336,0.0,0.0,1.241009386809704,0,0.0043585915,0.0039948863,2311,XGBoost (tuned),D,not a siting recommendation
8865050e07fffff,Klang,2.980315467792122,101.52835938093192,0.0,0.0,1.241009386809704,0,0.004598482,0.004837975,2057,XGBoost (tuned),D,not a siting recommendation
8865057405fffff,Klang,3.1543013071665875,101.39551425319895,0.0,0.0,1.241009386809704,0,0.0043551293,0.0039948863,2319,XGBoost (tuned),D,not a siting recommendation
8865050ebdfffff,Klang,2.993382146738066,101.46196498150692,3650.8413461538457,49.0,1.241009386809704,0,0.023016496,0.02201785,1139,XGBoost (tuned),D,not a siting recommendation
8865053b19fffff,Klang,2.968191757583678,101.387553381405,15820.312499999998,23.7,1.241009386809704,0,0.046335213,0.07320703,898,XGBoost (tuned),D,not a siting recommendation
8865052a03fffff,Klang,3.0494548273283955,101.24615797752976,0.0,0.0,1.241009386809704,0,0.0035644206,0.0050694053,3934,XGBoost (tuned),D,not a siting recommendation
8865053a2bfffff,Klang,2.946093764130425,101.37201633474396,2433.8942307692305,26.0,1.241009386809704,0,0.023413967,0.03769653,1131,XGBoost (tuned),D,not a siting recommendation
8865053b6dfffff,Klang,2.9874415122391067,101.43888842050572,8518.629807692307,27.9,1.241009386809704,0,0.026623372,0.03662615,1079,XGBoost (tuned),D,not a siting recommendation
8865050e3bfffff,Klang,2.9817410752598983,101.51046757004788,0.0,1.0,1.241009386809704,0,0.0042939065,0.004606694,2422,XGBoost (tuned),D,not a siting recommendation
8865050e8dfffff,Klang,2.9765142471600967,101.47844764774008,1216.9471153846152,11.1,1.241009386809704,0,0.030305335,0.014525549,1046,XGBoost (tuned),D,not a siting recommendation
8865050e97fffff,Klang,2.979363608558112,101.4426570431502,9735.576923076922,20.6,1.241009386809704,0,0.028419077,0.04779399,1059,XGBoost (tuned),D,not a siting recommendation
8865050c07fffff,Klang,3.036862915391612,101.50199611955009,0.0,0.0,1.241009386809704,0,0.0045727245,0.0039444403,2075,XGBoost (tuned),D,not a siting recommendation
8865052351fffff,Klang,2.917786413997475,101.23871194273237,0.0,0.0,1.241009386809704,0,0.0057602134,0.007974189,1727,XGBoost (tuned),D,not a siting recommendation
8865050c89fffff,Klang,3.0256974620650574,101.44689129477118,1216.9471153846152,16.3,1.241009386809704,0,0.115316585,0.048663337,502,XGBoost (tuned),D,not a siting recommendation
88650538d5fffff,Klang,2.9767281131700383,101.28013687235295,0.0,0.0,1.241009386809704,0,0.0056580678,0.0073745605,1744,XGBoost (tuned),D,not a siting recommendation
8865053ab5fffff,Klang,2.959859705448003,101.29663751496597,0.0,0.0,1.241009386809704,0,0.0055920854,0.0073745605,1752,XGBoost (tuned),D,not a siting recommendation
8865052121fffff,Klang,3.0199742885461505,101.22544061393224,0.0,0.0,1.241009386809704,0,0.004460634,0.0051517086,2173,XGBoost (tuned),D,not a siting recommendation
886505773dfffff,Klang,3.158095465912239,101.4454653137662,0.0,0.0,1.241009386809704,0,0.004710523,0.0039948863,1926,XGBoost (tuned),D,not a siting recommendation
8865053b55fffff,Klang,2.966768329851028,101.40545205544144,1216.9471153846152,8.0,1.241009386809704,0,0.012189482,0.021291664,1392,XGBoost (tuned),D,not a siting recommendation
8865053983fffff,Klang,3.0444692196269987,101.308843677656,0.0,0.0,1.241009386809704,0,0.004460634,0.0050694053,2173,XGBoost (tuned),D,not a siting recommendation
8865050e11fffff,Klang,2.966299967153876,101.50905352138776,3650.8413461538457,3.6,1.241009386809704,0,0.054900836,0.04301984,825,XGBoost (tuned),D,not a siting recommendation
886505749dfffff,Klang,3.145275986873881,101.3135058700844,0.0,0.0,1.241009386809704,0,0.0043585915,0.0039948863,2311,XGBoost (tuned),D,not a siting recommendation
8865050c59fffff,Klang,2.9978961364450565,101.50293501576508,0.0,0.0,1.241009386809704,0,0.0047744494,0.0039713886,1897,XGBoost (tuned),D,not a siting recommendation
886505386dfffff,Klang,2.992426761609261,101.37624116348762,0.0,0.0,1.241009386809704,0,0.0045116856,0.0053212103,2107,XGBoost (tuned),D,not a siting recommendation
8865057645fffff,Klang,3.080835305331435,101.43840632190047,1216.9471153846152,1.9,1.241009386809704,0,0.012002968,0.019386329,1400,XGBoost (tuned),D,not a siting recommendation
88650539c3fffff,Klang,3.0275945397121555,101.32534476740015,0.0,0.0,1.241009386809704,0,0.0035694386,0.005103182,3881,XGBoost (tuned),D,not a siting recommendation
8865053b57fffff,Klang,2.967480068655905,101.39650286496276,1216.9471153846152,49.4,1.241009386809704,0,0.015809635,0.028644377,1287,XGBoost (tuned),D,not a siting recommendation
8865053b2bfffff,Klang,2.9976569562288096,101.40827149859597,1216.9471153846152,62.4,1.241009386809704,0,0.020611765,0.0133621935,1174,XGBoost (tuned),D,not a siting recommendation
8865057431fffff,Klang,3.1638166046558127,101.37383174799622,0.0,0.0,1.241009386809704,0,0.0045882915,0.0039948863,2064,XGBoost (tuned),D,not a siting recommendation
8865050e81fffff,Klang,2.9772266622417667,101.46950044099464,1216.9471153846152,13.4,1.241009386809704,0,0.02995805,0.014506866,1049,XGBoost (tuned),D,not a siting recommendation
8865053a33fffff,Klang,2.9482270698094752,101.3451665147468,0.0,0.0,1.241009386809704,0,0.005053972,0.007709343,1827,XGBoost (tuned),D,not a siting recommendation
8865052a1bfffff,Klang,3.035426081356078,101.226842842297,0.0,0.0,1.241009386809704,0,0.004460634,0.005103182,2173,XGBoost (tuned),D,not a siting recommendation
8865053ad5fffff,Klang,2.9201830319695707,101.3065520486344,3650.8413461538457,3.0,1.241009386809704,0,0.028786205,0.03752613,1055,XGBoost (tuned),D,not a siting recommendation
88650576b3fffff,Klang,3.112936603933434,101.32860451520204,0.0,0.8,1.241009386809704,0,0.013778981,0.014198086,1342,XGBoost (tuned),D,not a siting recommendation
8865050e0dfffff,Klang,2.9715259525617723,101.54106975617869,0.0,0.0,1.241009386809704,0,0.0036370163,0.0048107044,3762,XGBoost (tuned),D,not a siting recommendation
8865050c1bfffff,Klang,3.015478978253378,101.47750583823792,4867.788461538461,78.3,1.241009386809704,0,0.06340289,0.062205072,777,XGBoost (tuned),D,not a siting recommendation
8865053b01fffff,Klang,2.982212170641474,101.40686171402054,1216.9471153846152,35.8,1.241009386809704,0,0.032520078,0.047162455,1028,XGBoost (tuned),D,not a siting recommendation
8865057633fffff,Klang,3.1079392501490597,101.39128488985848,1216.9471153846152,69.3,1.241009386809704,0,0.011701057,0.031181961,1410,XGBoost (tuned),D,not a siting recommendation
8865050c11fffff,Klang,3.022844753975736,101.4826864146707,1216.9471153846152,48.9,1.241009386809704,0,0.11015171,0.15973863,526,XGBoost (tuned),D,not a siting recommendation
8865050e1bfffff,Klang,2.9589359277225027,101.50387368678972,0.0,0.6,1.241009386809704,0,0.016371282,0.010636326,1269,XGBoost (tuned),D,not a siting recommendation
8865057659fffff,Klang,3.0594455028125136,101.41391189716468,1216.9471153846152,2.0,1.241009386809704,0,0.010016696,0.0301654,1459,XGBoost (tuned),D,not a siting recommendation
8865050c97fffff,Klang,3.035916528564796,101.41627184440168,1216.9471153846152,1.7,1.241009386809704,0,0.0065811896,0.0067933346,1601,XGBoost (tuned),D,not a siting recommendation
8865050cb9fffff,Klang,3.0425705625227675,101.43040287596476,1216.9471153846152,125.1,1.241009386809704,0,0.052912228,0.111565426,845,XGBoost (tuned),D,not a siting recommendation
8865050ca7fffff,Klang,3.064672337103279,101.44594551114317,1216.9471153846152,16.7,1.241009386809704,0,0.041873466,0.021044487,938,XGBoost (tuned),D,not a siting recommendation
8865057655fffff,Klang,3.074894979576177,101.41532231194957,1216.9471153846152,3.3,1.241009386809704,0,0.041562337,0.028414158,940,XGBoost (tuned),D,not a siting recommendation
8865050ed5fffff,Klang,2.96178476653716,101.4680881471211,1216.9471153846152,93.3,1.241009386809704,0,0.23860931,0.3236371,261,XGBoost (tuned),D,not a siting recommendation
8865053a8bfffff,Klang,2.9282598156996937,101.3027791407549,2433.8942307692305,1.0,1.241009386809704,0,0.0063403486,0.012037958,1621,XGBoost (tuned),D,not a siting recommendation
886505748bfffff,Klang,3.144561802015274,101.32246241904706,0.0,0.0,1.241009386809704,0,0.0041151787,0.0039948863,2688,XGBoost (tuned),D,not a siting recommendation
8865050c15fffff,Klang,3.0302106116019725,101.48786713640038,0.0,0.0,1.241009386809704,0,0.0048932936,0.0039444403,1864,XGBoost (tuned),D,not a siting recommendation
8865050c93fffff,Klang,3.028549353048905,101.41109144579652,1216.9471153846152,3.3,1.241009386809704,0,0.016361779,0.014674214,1270,XGBoost (tuned),D,not a siting recommendation
8865050e57fffff,Klang,2.9575112130037056,101.52176466946798,1216.9471153846152,47.0,1.241009386809704,0,0.046535414,0.055840194,895,XGBoost (tuned),D,not a siting recommendation
88650531e3fffff,Klang,2.890718482508175,101.28584128582106,0.0,0.0,1.241009386809704,0,0.0051880316,0.0065321843,1791,XGBoost (tuned),D,not a siting recommendation
8865050c01fffff,Klang,3.0287836212761987,101.50576299270756,0.0,0.0,1.241009386809704,0,0.0046298765,0.0039444403,2001,XGBoost (tuned),D,not a siting recommendation
8865052a07fffff,Klang,3.0568251791191674,101.25133769162932,0.0,0.0,1.241009386809704,0,0.0042135227,0.0049979766,2527,XGBoost (tuned),D,not a siting recommendation
886505743bfffff,Klang,3.1564458297137725,101.36864958862198,0.0,0.4,1.241009386809704,0,0.0044074953,0.00436894,2258,XGBoost (tuned),D,not a siting recommendation
8865050d93fffff,Klang,3.080121308628504,101.44735730766725,1216.9471153846152,37.8,1.241009386809704,0,0.025438957,0.025234519,1099,XGBoost (tuned),D,not a siting recommendation
88650574d7fffff,Klang,3.137190609859937,101.31728087634148,0.0,0.0,1.241009386809704,0,0.0044045434,0.0039948863,2260,XGBoost (tuned),D,not a siting recommendation
8865050c9dfffff,Klang,3.027123509928537,101.42899195972991,1216.9471153846152,111.7,1.241009386809704,0,0.07980321,0.13763976,673,XGBoost (tuned),D,not a siting recommendation
88650574d9fffff,Klang,3.121020917985747,101.32483019891204,0.0,1.6,1.241009386809704,0,0.011039045,0.010607767,1431,XGBoost (tuned),D,not a siting recommendation
8865057615fffff,Klang,3.0917732375988205,101.39882814729852,1216.9471153846152,82.0,1.241009386809704,0,0.020522464,0.014454964,1179,XGBoost (tuned),D,not a siting recommendation
88650574c3fffff,Klang,3.135762404213042,101.3351930163888,0.0,0.0,1.241009386809704,0,0.0045274817,0.0040514506,2103,XGBoost (tuned),D,not a siting recommendation
8865052265fffff,Klang,2.902342416005535,101.23730970966167,0.0,0.0,1.241009386809704,0,0.0046260892,0.0077500166,2015,XGBoost (tuned),D,not a siting recommendation
8865050c1dfffff,Klang,3.022131449718324,101.49163445256312,0.0,0.0,1.241009386809704,0,0.004638351,0.0039713886,1969,XGBoost (tuned),D,not a siting recommendation
8865050e05fffff,Klang,2.979602589645043,101.53730483758136,0.0,0.0,1.241009386809704,0,0.0036298886,0.0048107044,3768,XGBoost (tuned),D,not a siting recommendation
8865050cd7fffff,Klang,3.0190439118985197,101.4327613991441,19471.153846153844,291.0,1.241009386809704,0,0.07424135,0.07014547,707,XGBoost (tuned),D,not a siting recommendation
886505236bfffff,Klang,2.9391785903229533,101.26319791449323,0.0,0.0,1.241009386809704,0,0.005915834,0.007951373,1685,XGBoost (tuned),D,not a siting recommendation
8865053941fffff,Klang,3.021894941682969,101.39696053737404,1216.9471153846152,11.0,1.241009386809704,0,0.014223582,0.013208085,1331,XGBoost (tuned),D,not a siting recommendation
88650576b9fffff,Klang,3.1041390080474334,101.34133348033382,0.0,0.0,1.241009386809704,0,0.0036020093,0.004015357,3821,XGBoost (tuned),D,not a siting recommendation
8865057711fffff,Klang,3.135987345849756,101.42991827452688,2433.8942307692305,3.0,1.241009386809704,0,0.01607705,0.0148824435,1276,XGBoost (tuned),D,not a siting recommendation
8865053909fffff,Klang,3.030687732815377,101.3842384718642,15820.312499999998,15.5,1.241009386809704,0,0.054534603,0.038534425,830,XGBoost (tuned),D,not a siting recommendation
8865050ebbfffff,Klang,2.9867291326060146,101.44783685154768,2433.8942307692305,203.4,1.241009386809704,0,0.09080271,0.108953014,612,XGBoost (tuned),D,not a siting recommendation
8865057609fffff,Klang,3.082263141313976,101.4205034649948,2433.8942307692305,36.4,1.241009386809704,0,0.02461287,0.03659327,1113,XGBoost (tuned),D,not a siting recommendation
88650575c9fffff,Klang,3.178558390291356,101.38419650829668,0.0,0.0,1.241009386809704,0,0.0045882915,0.0039948863,2064,XGBoost (tuned),D,not a siting recommendation
8865053a25fffff,Klang,2.9608256728204645,101.38237421893665,1216.9471153846152,24.0,1.241009386809704,0,0.009888148,0.037266526,1464,XGBoost (tuned),D,not a siting recommendation
88650539d5fffff,Klang,3.0283067575602685,101.31639148754402,0.0,0.0,1.241009386809704,0,0.0043453104,0.005103182,2333,XGBoost (tuned),D,not a siting recommendation
886505761dfffff,Klang,3.083690767008449,101.40259943040915,1216.9471153846152,50.9,1.241009386809704,0,0.015623409,0.017261049,1291,XGBoost (tuned),D,not a siting recommendation
88650539dbfffff,Klang,3.013569567599334,101.30603228472997,0.0,0.0,1.241009386809704,0,0.004460634,0.0052112807,2173,XGBoost (tuned),D,not a siting recommendation
8865057541fffff,Klang,3.181635890905109,101.44310679833843,0.0,0.0,1.241009386809704,0,0.0042946385,0.0039948863,2421,XGBoost (tuned),D,not a siting recommendation
8865057663fffff,Klang,3.0969997072186684,101.43086621011952,2433.8942307692305,4.8,1.241009386809704,0,0.010198705,0.01888305,1454,XGBoost (tuned),D,not a siting recommendation
886505385bfffff,Klang,2.9570157463396014,101.33244383370857,1216.9471153846152,11.0,1.241009386809704,0,0.012773407,0.027001712,1367,XGBoost (tuned),D,not a siting recommendation
8865057455fffff,Klang,3.1314764866033147,101.38892245163754,0.0,1.4,1.241009386809704,0,0.0041242917,0.0045409333,2666,XGBoost (tuned),D,not a siting recommendation
8865057637fffff,Klang,3.115308558539437,101.39646642107108,1216.9471153846152,4.0,1.241009386809704,0,0.014383945,0.012126708,1324,XGBoost (tuned),D,not a siting recommendation
8865057469fffff,Klang,3.144786589571936,101.41719401308734,0.0,0.4,1.241009386809704,0,0.0048872214,0.00436894,1865,XGBoost (tuned),D,not a siting recommendation
8865050c87fffff,Klang,3.041857286466464,101.439353067706,7301.6826923076915,81.89999999999999,1.241009386809704,0,0.04549772,0.13012682,904,XGBoost (tuned),D,not a siting recommendation
8865057681fffff,Klang,3.095341934731588,101.35406125620356,3650.8413461538457,2.0,1.241009386809704,0,0.010978397,0.013158997,1432,XGBoost (tuned),D,not a siting recommendation
886505771bfffff,Klang,3.1286181290005115,101.42473622053704,1216.9471153846152,11.0,1.241009386809704,0,0.014474315,0.014332544,1320,XGBoost (tuned),D,not a siting recommendation
8865053b69fffff,Klang,2.9800758241601035,101.4337086527386,2433.8942307692305,10.3,1.241009386809704,0,0.02342767,0.023238283,1130,XGBoost (tuned),D,not a siting recommendation
8865057445fffff,Klang,3.1374169630401845,101.41201189516548,1216.9471153846152,2.3,1.241009386809704,0,0.025858853,0.024472343,1092,XGBoost (tuned),D,not a siting recommendation
8865050ed7fffff,Klang,2.9624968528552964,101.45914102001376,13386.418269230768,62.8,1.241009386809704,0,0.054937515,0.035451144,824,XGBoost (tuned),D,not a siting recommendation
8865052a55fffff,Klang,3.0332908308325632,101.25371044928733,0.0,0.0,1.241009386809704,0,0.0035694386,0.005103182,3881,XGBoost (tuned),D,not a siting recommendation
8865053b27fffff,Klang,3.013102684426934,101.40968140918292,24010.366586538483,50.4,1.241009386809704,0,0.04545572,0.035030436,906,XGBoost (tuned),D,not a siting recommendation
8865053b35fffff,Klang,3.006448328381273,101.395551129161,1216.9471153846152,170.7,1.241009386809704,0,0.109905146,0.11482888,527,XGBoost (tuned),D,not a siting recommendation
88650538d1fffff,Klang,2.969360086319905,101.27495823530218,0.0,0.0,1.241009386809704,0,0.0056580678,0.0073745605,1744,XGBoost (tuned),D,not a siting recommendation
886505380dfffff,Klang,2.986483506910645,101.35315992090948,1216.9471153846152,11.0,1.241009386809704,0,0.016450059,0.025450042,1265,XGBoost (tuned),D,not a siting recommendation
8865053881fffff,Klang,2.9921757896106307,101.28154124650312,0.0,0.0,1.241009386809704,0,0.0048511657,0.0053212103,1875,XGBoost (tuned),D,not a siting recommendation
88650576b5fffff,Klang,3.119593150708536,101.34274100265038,0.0,0.0,1.241009386809704,0,0.0043551293,0.0040514506,2319,XGBoost (tuned),D,not a siting recommendation
8865050cc3fffff,Klang,3.017618090945869,101.4506600623966,1216.9471153846152,30.5,1.241009386809704,0,0.06647873,0.12002878,759,XGBoost (tuned),D,not a siting recommendation
8865053927fffff,Klang,3.069667272275909,101.38328506355116,0.0,0.0,1.241009386809704,0,0.004575267,0.0039444403,2070,XGBoost (tuned),D,not a siting recommendation
8865057687fffff,Klang,3.103425317615056,101.35028806847995,0.0,0.4,1.241009386809704,0,0.0051544295,0.004391319,1797,XGBoost (tuned),D,not a siting recommendation
886505772bfffff,Klang,3.1573800785517343,101.45441818310648,2433.8942307692305,1.0,1.241009386809704,0,0.006849627,0.007113506,1582,XGBoost (tuned),D,not a siting recommendation
8865057449fffff,Klang,3.121963495899112,101.4106013529954,0.0,0.0,1.241009386809704,0,0.004236099,0.0040514506,2504,XGBoost (tuned),D,not a siting recommendation
886505396dfffff,Klang,3.0439969599069565,101.41250160845206,6084.735576923076,7.899999999999999,1.241009386809704,0,0.020349462,0.023272622,1184,XGBoost (tuned),D,not a siting recommendation
8865050e9dfffff,Klang,2.9705739162815656,101.45537319443712,23121.995192307688,101.5,1.241009386809704,1,0.039945167,0.035436857,953,XGBoost (tuned),D,not a siting recommendation
8865053127fffff,Klang,2.9099758761682604,101.33717476575052,0.0,0.0,1.241009386809704,0,0.0061822054,0.007865108,1647,XGBoost (tuned),D,not a siting recommendation
886505389dfffff,Klang,2.9855185702454383,101.26740876968344,0.0,0.0,1.241009386809704,0,0.0046776067,0.0053212103,1939,XGBoost (tuned),D,not a siting recommendation
8865050e69fffff,Klang,2.9701002808069314,101.55895909420217,0.0,0.0,1.241009386809704,0,0.0056156917,0.0048107044,1748,XGBoost (tuned),D,not a siting recommendation
8865057705fffff,Klang,3.1492955182591453,101.45818818303366,0.0,0.5,1.241009386809704,0,0.005098033,0.0057853237,1813,XGBoost (tuned),D,not a siting recommendation
8865050eb7fffff,Klang,3.002173141123696,101.44924839391594,2433.8942307692305,73.5,1.241009386809704,0,0.034428082,0.03382072,1005,XGBoost (tuned),D,not a siting recommendation
88650538c7fffff,Klang,2.9833849815594937,101.29426867058312,0.0,0.0,1.241009386809704,0,0.005903948,0.0072966167,1689,XGBoost (tuned),D,not a siting recommendation
8865050c57fffff,Klang,3.0140526496298343,101.4954015378524,0.0,0.0,1.241009386809704,0,0.004489203,0.0039713886,2135,XGBoost (tuned),D,not a siting recommendation
8865057607fffff,Klang,3.098427992336364,101.41296201013236,0.0,0.0,1.241009386809704,0,0.0036020093,0.0039444403,3821,XGBoost (tuned),D,not a siting recommendation
8865053ad1fffff,Klang,2.9128167581672737,101.30137413559255,1216.9471153846152,23.0,1.241009386809704,0,0.021667192,0.03660896,1161,XGBoost (tuned),D,not a siting recommendation
8865057753fffff,Klang,3.1198198210007364,101.43745934892164,1216.9471153846152,16.1,1.241009386809704,0,0.052864388,0.034631748,846,XGBoost (tuned),D,not a siting recommendation
8865053b6bfffff,Klang,2.9807879897467617,101.42475996746506,21905.048076923074,46.4,1.241009386809704,0,0.11072312,0.09052011,522,XGBoost (tuned),D,not a siting recommendation
8865057685fffff,Klang,3.102711573770836,101.35924236549477,0.0,1.0,1.241009386809704,0,0.003994742,0.0046144514,2976,XGBoost (tuned),D,not a siting recommendation
8865050e01fffff,Klang,2.972238714492704,101.5321246370772,0.0,0.0,1.241009386809704,0,0.0036370163,0.004837975,3762,XGBoost (tuned),D,not a siting recommendation
8865057619fffff,Klang,3.0763222761069797,101.3974183605076,0.0,0.0,1.241009386809704,0,0.0043999334,0.0039444403,2269,XGBoost (tuned),D,not a siting recommendation
88650538e5fffff,Klang,3.005489370479831,101.30980605245728,0.0,0.0,1.241009386809704,0,0.0044844067,0.005277655,2145,XGBoost (tuned),D,not a siting recommendation
88650576c3fffff,Klang,3.0791762383084498,101.36160694120991,0.0,0.0,1.241009386809704,0,0.0036020093,0.0039444403,3821,XGBoost (tuned),D,not a siting recommendation
886505212bfffff,Klang,3.012604373061553,101.220261646624,0.0,0.0,1.241009386809704,0,0.00431602,0.0052112807,2373,XGBoost (tuned),D,not a siting recommendation
88650538adfffff,Klang,3.014281409696804,101.29707880449452,0.0,0.0,1.241009386809704,0,0.00431602,0.0052112807,2373,XGBoost (tuned),D,not a siting recommendation
88650538e7fffff,Klang,3.0062011020992334,101.30085290556563,0.0,0.0,1.241009386809704,0,0.0043872576,0.005277655,2278,XGBoost (tuned),D,not a siting recommendation
8865053837fffff,Klang,3.012145729216567,101.32393837815304,0.0,0.0,1.241009386809704,0,0.0044118767,0.0052112807,2252,XGBoost (tuned),D,not a siting recommendation
8865057425fffff,Klang,3.177127772020876,101.40210683113116,0.0,0.0,1.241009386809704,0,0.004148024,0.0039948863,2627,XGBoost (tuned),D,not a siting recommendation
8865050c4bfffff,Klang,3.0045479111517523,101.51706222632764,0.0,0.0,1.241009386809704,0,0.0043090335,0.0039713886,2385,XGBoost (tuned),D,not a siting recommendation
8865057689fffff,Klang,3.0872589081616044,101.3578342137841,0.0,0.0,1.241009386809704,0,0.0043999334,0.0039444403,2269,XGBoost (tuned),D,not a siting recommendation
8865057667fffff,Klang,3.104368110538971,101.4360478020419,0.0,0.0,1.241009386809704,0,0.004611945,0.004015357,2019,XGBoost (tuned),D,not a siting recommendation
8865053121fffff,Klang,2.901900155175225,101.3409462137597,0.0,0.0,1.241009386809704,0,0.0053270995,0.0077500166,1780,XGBoost (tuned),D,not a siting recommendation
886505216dfffff,Klang,3.002389805337437,101.2509038463923,0.0,0.0,1.241009386809704,0,0.004757543,0.005277655,1902,XGBoost (tuned),D,not a siting recommendation
88650575cbfffff,Klang,3.179273616813937,101.37524090735984,0.0,0.0,1.241009386809704,0,0.0041151787,0.0039948863,2688,XGBoost (tuned),D,not a siting recommendation
8865057729fffff,Klang,3.1566646369390448,101.46337075628652,1216.9471153846152,1.3,1.241009386809704,0,0.008962338,0.009524298,1497,XGBoost (tuned),D,not a siting recommendation
8865053883fffff,Klang,2.9928870960434573,101.27258761321642,0.0,0.0,1.241009386809704,0,0.00464204,0.0053212103,1961,XGBoost (tuned),D,not a siting recommendation
886505230dfffff,Klang,2.9398888731314465,101.25424517445508,0.0,0.0,1.241009386809704,0,0.005955429,0.007951373,1678,XGBoost (tuned),D,not a siting recommendation
8865052357fffff,Klang,2.9258637223108064,101.23493660376089,0.0,0.0,1.241009386809704,0,0.0041456334,0.0076917047,2634,XGBoost (tuned),D,not a siting recommendation
8865050ee5fffff,Klang,2.9905312687422,101.49775471796792,3650.8413461538457,2.6,1.241009386809704,0,0.022334201,0.021597087,1150,XGBoost (tuned),D,not a siting recommendation
8865053ac9fffff,Klang,2.910686169924622,101.32822504240688,0.0,0.0,1.241009386809704,0,0.0062873573,0.007865108,1629,XGBoost (tuned),D,not a siting recommendation
8865050eb1fffff,Klang,2.994094740854406,101.4530168057824,3650.8413461538457,24.7,1.241009386809704,0,0.029759895,0.08171714,1051,XGBoost (tuned),D,not a siting recommendation
88650538a1fffff,Klang,3.014993200320777,101.28812503580754,0.0,0.0,1.241009386809704,0,0.0044118767,0.0052112807,2252,XGBoost (tuned),D,not a siting recommendation
886505746bfffff,Klang,3.145501482596301,101.4082403404665,0.0,2.0,1.241009386809704,0,0.0067721144,0.0071193287,1586,XGBoost (tuned),D,not a siting recommendation
88650575c3fffff,Klang,3.1873601285000444,101.37146752974972,0.0,0.0,1.241009386809704,0,0.0045882915,0.0039948863,2064,XGBoost (tuned),D,not a siting recommendation
886505380bfffff,Klang,2.979827986583344,101.33902940115873,4867.788461538461,29.4,1.241009386809704,0,0.037833236,0.040744726,968,XGBoost (tuned),D,not a siting recommendation
8865057441fffff,Klang,3.1300474154084905,101.40682992380312,0.0,0.0,1.241009386809704,0,0.0044045434,0.0040514506,2260,XGBoost (tuned),D,not a siting recommendation
8865050e23fffff,Klang,2.9957569565060065,101.52977430713314,0.0,0.0,1.241009386809704,0,0.00444519,0.0036092268,2198,XGBoost (tuned),D,not a siting recommendation
8865057435fffff,Klang,3.171187458322928,101.37901405458064,0.0,0.0,1.241009386809704,0,0.003552099,0.0039948863,3969,XGBoost (tuned),D,not a siting recommendation
8865050c47fffff,Klang,3.019991232515781,101.51847677849575,0.0,0.0,1.241009386809704,0,0.0042617884,0.003921633,2450,XGBoost (tuned),D,not a siting recommendation
886505743dfffff,Klang,3.1631016534312084,101.38278697140044,0.0,0.0,1.241009386809704,0,0.0045882915,0.0039948863,2064,XGBoost (tuned),D,not a siting recommendation
8865050cbdfffff,Klang,3.0499377389443274,101.4355836082892,2433.8942307692305,55.9,1.241009386809704,0,0.023911145,0.045218885,1125,XGBoost (tuned),D,not a siting recommendation
8865050c03fffff,Klang,3.029497141905747,101.49681521352127,0.0,0.0,1.241009386809704,0,0.004658215,0.0039444403,1954,XGBoost (tuned),D,not a siting recommendation
8865053863fffff,Klang,2.9938506642358678,101.35833931138237,1216.9471153846152,6.0,1.241009386809704,0,0.014376219,0.022962976,1325,XGBoost (tuned),D,not a siting recommendation
8865052147fffff,Klang,2.9883626422270746,101.23159155254598,0.0,0.0,1.241009386809704,0,0.0036244688,0.0053212103,3779,XGBoost (tuned),D,not a siting recommendation
886505399dfffff,Klang,3.0371000860406583,101.30366379474368,0.0,0.0,1.241009386809704,0,0.0046195467,0.0050694053,2017,XGBoost (tuned),D,not a siting recommendation
8865057481fffff,Klang,3.151933074897752,101.3276441097889,0.0,0.5,1.241009386809704,0,0.0050468505,0.0046037626,1831,XGBoost (tuned),D,not a siting recommendation
886505740bfffff,Klang,3.139560983981402,101.38515012130658,1216.9471153846152,2.4,1.241009386809704,0,0.0075376146,0.01042974,1545,XGBoost (tuned),D,not a siting recommendation
8865057703fffff,Klang,3.142641586037672,101.44405326300796,0.0,0.5,1.241009386809704,0,0.0048436187,0.0046037626,1876,XGBoost (tuned),D,not a siting recommendation
8865057543fffff,Klang,3.182351613365103,101.43415292016417,0.0,0.4,1.241009386809704,0,0.00491424,0.00436894,1861,XGBoost (tuned),D,not a siting recommendation
8865050e99fffff,Klang,2.963208889702981,101.45019359687346,4867.788461538461,69.0,1.241009386809704,0,0.02534164,0.0219078,1100,XGBoost (tuned),D,not a siting recommendation
8865057617fffff,Klang,3.092487083067612,101.3898753542095,1216.9471153846152,50.8,1.241009386809704,0,0.017640786,0.018150168,1226,XGBoost (tuned),D,not a siting recommendation
8865050d97fffff,Klang,3.087489055851362,101.45253872941758,7301.6826923076915,164.1,1.241009386809704,0,0.07185403,0.113273434,725,XGBoost (tuned),D,not a siting recommendation
8865050c05fffff,Klang,3.036149228984724,101.510943937559,0.0,0.0,1.241009386809704,0,0.004260935,0.0039444403,2453,XGBoost (tuned),D,not a siting recommendation
8865050f1dfffff,Klang,3.0171369014214497,101.55426235926905,0.0,0.0,1.241009386809704,0,0.0042617884,0.0035423303,2450,XGBoost (tuned),D,not a siting recommendation
8865057519fffff,Klang,3.184498450769688,101.40728951585892,2433.8942307692305,2.0,1.241009386809704,0,0.008330904,0.009957573,1524,XGBoost (tuned),D,not a siting recommendation
88650539e3fffff,Klang,3.050413183557936,101.33193140180398,0.0,0.0,1.241009386809704,0,0.0035644206,0.0050694053,3934,XGBoost (tuned),D,not a siting recommendation
88650576e7fffff,Klang,3.109367333065175,101.37337767045074,1216.9471153846152,27.0,1.241009386809704,0,0.009519716,0.019191766,1473,XGBoost (tuned),D,not a siting recommendation
8865053991fffff,Klang,3.0378123104997274,101.29470960317953,0.0,0.0,1.241009386809704,0,0.0035694386,0.0050694053,3881,XGBoost (tuned),D,not a siting recommendation
8865050eb3fffff,Klang,2.994807284701224,101.44406833425768,3650.8413461538457,236.4,1.241009386809704,1,0.20378827,0.43695354,317,XGBoost (tuned),D,not a siting recommendation
8865050ecdfffff,Klang,2.959648211341235,101.49492774802962,0.0,0.0,1.241009386809704,0,0.005105415,0.0040321904,1808,XGBoost (tuned),D,not a siting recommendation
8865053861fffff,Klang,2.9931387382410084,101.3672903833058,0.0,0.0,1.241009386809704,0,0.0036244688,0.0053212103,3779,XGBoost (tuned),D,not a siting recommendation
8865057721fffff,Klang,3.1647494406428303,101.45960086201568,0.0,0.4,1.241009386809704,0,0.005020371,0.00436894,1836,XGBoost (tuned),D,not a siting recommendation
886505395dfffff,Klang,3.01524023572122,101.38282956626456,1216.9471153846152,41.0,1.241009386809704,0,0.008259454,0.023917802,1526,XGBoost (tuned),D,not a siting recommendation
8865052167fffff,Klang,3.011181784938826,101.2381728197796,0.0,0.0,1.241009386809704,0,0.0036244688,0.0052112807,3779,XGBoost (tuned),D,not a siting recommendation
886505761bfffff,Klang,3.0770358456025995,101.38846594460078,0.0,0.0,1.241009386809704,0,0.004575267,0.0039444403,2070,XGBoost (tuned),D,not a siting recommendation
8865053985fffff,Klang,3.051125837081473,101.32297770014311,0.0,0.0,1.241009386809704,0,0.0044202413,0.0050694053,2218,XGBoost (tuned),D,not a siting recommendation
8865053805fffff,Klang,2.9945625395356754,101.34938794813988,0.0,0.0,1.241009386809704,0,0.0036244688,0.0053212103,3779,XGBoost (tuned),D,not a siting recommendation
88650576a7fffff,Klang,3.1262493972301577,101.3568774339644,0.0,0.0,1.241009386809704,0,0.0036020093,0.0040514506,3821,XGBoost (tuned),D,not a siting recommendation
8865053a01fffff,Klang,2.9306513295739425,101.37060831028737,2433.8942307692305,1.0,1.241009386809704,0,0.0075005325,0.012547509,1546,XGBoost (tuned),D,not a siting recommendation
8865052a53fffff,Klang,3.0266327027920803,101.23957555339172,0.0,0.0,1.241009386809704,0,0.0035694386,0.005103182,3881,XGBoost (tuned),D,not a siting recommendation
8865053835fffff,Klang,3.0114337330476144,101.3328909904943,0.0,0.0,1.241009386809704,0,0.004734032,0.0052112807,1914,XGBoost (tuned),D,not a siting recommendation
886505764bfffff,Klang,3.066099722442618,101.42804399774442,1216.9471153846152,43.5,1.241009386809704,0,0.07242742,0.15944502,721,XGBoost (tuned),D,not a siting recommendation
886505770bfffff,Klang,3.1345575132906207,101.4478234740405,2433.8942307692305,1.2,1.241009386809704,0,0.009320574,0.0102533335,1477,XGBoost (tuned),D,not a siting recommendation
8865053901fffff,Klang,3.0387682539038927,101.380467125611,1216.9471153846152,151.6,1.241009386809704,0,0.016663525,0.0256068,1262,XGBoost (tuned),D,not a siting recommendation
8865057647fffff,Klang,3.0815492495794445,101.42945504086887,1216.9471153846152,3.6,1.241009386809704,1,0.027239198,0.08025265,1074,XGBoost (tuned),D,not a siting recommendation
88650574e5fffff,Klang,3.165246342701148,101.3559204245476,0.0,0.0,1.241009386809704,0,0.0045882915,0.0039948863,2064,XGBoost (tuned),D,not a siting recommendation
8865053831fffff,Klang,3.004065753697717,101.3277114786986,0.0,0.0,1.241009386809704,0,0.0036244688,0.005277655,3779,XGBoost (tuned),D,not a siting recommendation
8865053ae7fffff,Klang,2.949649025492924,101.32726518097256,3650.8413461538457,11.0,1.241009386809704,0,0.019746255,0.028603863,1192,XGBoost (tuned),D,not a siting recommendation
88650574e9fffff,Klang,3.149789701014552,101.35451214654664,0.0,0.0,1.241009386809704,0,0.0043551293,0.0039948863,2319,XGBoost (tuned),D,not a siting recommendation
8865053965fffff,Klang,3.05207775073484,101.4087311420763,1216.9471153846152,15.3,1.241009386809704,1,0.010018237,0.022342626,1458,XGBoost (tuned),D,not a siting recommendation
886505235dfffff,Klang,2.917076610833291,101.2476645445007,0.0,0.0,1.241009386809704,0,0.006156498,0.007974189,1649,XGBoost (tuned),D,not a siting recommendation
88650575c1fffff,Klang,3.18664479197374,101.38042346576152,0.0,0.0,1.241009386809704,0,0.0043585915,0.0039948863,2311,XGBoost (tuned),D,not a siting recommendation
8865050d99fffff,Klang,3.0713258219986592,101.46007703533536,1216.9471153846152,28.0,1.241009386809704,0,0.018691132,0.017293481,1212,XGBoost (tuned),D,not a siting recommendation
8865057719fffff,Klang,3.127903405238369,101.43368892706026,0.0,0.0,1.241009386809704,0,0.0036020093,0.0040514506,3821,XGBoost (tuned),D,not a siting recommendation
8865050ddbfffff,Klang,3.05516402492265,101.46761441824434,2433.8942307692305,188.9,1.241009386809704,0,0.1511288,0.15953214,410,XGBoost (tuned),D,not a siting recommendation
8865057627fffff,Klang,3.121248991109614,101.41955431288984,1216.9471153846152,35.0,1.241009386809704,0,0.01963922,0.017888036,1194,XGBoost (tuned),D,not a siting recommendation
8865053ac7fffff,Klang,2.926838927065993,101.32068078979432,0.0,0.0,1.241009386809704,0,0.0058192145,0.0076917047,1709,XGBoost (tuned),D,not a siting recommendation
8865050cb7fffff,Klang,3.0587320529345723,101.42286305497622,1216.9471153846152,3.4,1.241009386809704,0,0.008023747,0.011645791,1531,XGBoost (tuned),D,not a siting recommendation
8865050c91fffff,Klang,3.027836457110777,101.42004184991364,4867.788461538461,32.4,1.241009386809704,0,0.04840061,0.0930888,879,XGBoost (tuned),D,not a siting recommendation
8865050e19fffff,Klang,2.958223594923948,101.5128193274096,1216.9471153846152,2.7,1.241009386809704,0,0.022041662,0.021495285,1155,XGBoost (tuned),D,not a siting recommendation
8865050d83fffff,Klang,3.0860605742233305,101.47043989373157,0.0,0.0,1.241009386809704,0,0.0048085796,0.0039444403,1884,XGBoost (tuned),D,not a siting recommendation
88650539d3fffff,Klang,3.0216501235776883,101.30225828726672,0.0,0.0,1.241009386809704,0,0.0044118767,0.0051313573,2252,XGBoost (tuned),D,not a siting recommendation
8865053a89fffff,Klang,2.927549396025785,101.31173010977156,2433.8942307692305,1.0,1.241009386809704,0,0.008858418,0.012037958,1502,XGBoost (tuned),D,not a siting recommendation
8865053b37fffff,Klang,3.0071606820137338,101.3866005567097,1216.9471153846152,34.0,1.241009386809704,0,0.017662391,0.027014833,1225,XGBoost (tuned),D,not a siting recommendation
88650574e7fffff,Klang,3.16596112940427,101.34696432534984,0.0,0.0,1.241009386809704,0,0.003552099,0.0039948863,3969,XGBoost (tuned),D,not a siting recommendation
8865057465fffff,Klang,3.160241301892086,101.41860493300972,1216.9471153846152,1.3,1.241009386809704,0,0.0062994347,0.0076875607,1628,XGBoost (tuned),D,not a siting recommendation
886505388dfffff,Klang,2.991464432174596,101.29049459211387,0.0,0.0,1.241009386809704,0,0.00449281,0.0053212103,2129,XGBoost (tuned),D,not a siting recommendation
88650576cdfffff,Klang,3.0777493625070367,101.37951323580036,0.0,0.0,1.241009386809704,0,0.004575267,0.0039444403,2070,XGBoost (tuned),D,not a siting recommendation
8865050eabfffff,Klang,2.99266950241044,101.47091286100944,4867.788461538461,39.7,1.241009386809704,0,0.074591465,0.08606621,704,XGBoost (tuned),D,not a siting recommendation
8865053ae3fffff,Klang,2.942282393210004,101.32208667601893,4867.788461538461,4.0,1.241009386809704,0,0.013441312,0.028696576,1349,XGBoost (tuned),D,not a siting recommendation
8865053919fffff,Klang,3.0247451521973416,101.36115498444283,1216.9471153846152,8.0,1.241009386809704,0,0.0105816405,0.019296745,1441,XGBoost (tuned),D,not a siting recommendation
886505394bfffff,Klang,3.0145277696517057,101.3917804736508,1216.9471153846152,16.0,1.241009386809704,0,0.008353677,0.038269095,1521,XGBoost (tuned),D,not a siting recommendation
8865053a99fffff,Klang,2.9216035004863325,101.28864991136788,0.0,0.0,1.241009386809704,0,0.0041456334,0.007819769,2634,XGBoost (tuned),D,not a siting recommendation
8865053adbfffff,Klang,2.9054505750413377,101.29619637072425,1216.9471153846152,55.2,1.241009386809704,0,0.02042741,0.03446395,1181,XGBoost (tuned),D,not a siting recommendation
886505393bfffff,Klang,3.048274910028597,101.35879076408872,1216.9471153846152,9.0,1.241009386809704,0,0.011342598,0.019196246,1421,XGBoost (tuned),D,not a siting recommendation
8865053929fffff,Klang,3.053504165918236,101.39082802818668,1216.9471153846152,1.9,1.241009386809704,0,0.017023472,0.011290256,1243,XGBoost (tuned),D,not a siting recommendation
8865053aa1fffff,Klang,2.958437825950328,101.3145412527,1216.9471153846152,37.0,1.241009386809704,0,0.017329765,0.028972331,1234,XGBoost (tuned),D,not a siting recommendation
886505760bfffff,Klang,3.0829769804764915,101.41155159470073,3650.8413461538457,76.1,1.241009386809704,0,0.018805403,0.0721573,1210,XGBoost (tuned),D,not a siting recommendation
8865057621fffff,Klang,3.113165539542043,101.42332517589216,1216.9471153846152,12.0,1.241009386809704,0,0.017004093,0.01348042,1245,XGBoost (tuned),D,not a siting recommendation
8865050c53fffff,Klang,3.006687286537728,101.4902210280059,7301.6826923076915,28.8,1.241009386809704,0,0.04467577,0.0333933,915,XGBoost (tuned),D,not a siting recommendation
8865052355fffff,Klang,2.9251538089819418,101.24388953753956,0.0,0.0,1.241009386809704,0,0.0061839954,0.007819769,1644,XGBoost (tuned),D,not a siting recommendation
8865052125fffff,Klang,3.02734429213825,101.23061973075512,0.0,0.0,1.241009386809704,0,0.0043453104,0.005103182,2333,XGBoost (tuned),D,not a siting recommendation
88650576a9fffff,Klang,3.1100812943756697,101.36442362218098,2433.8942307692305,1.0,1.241009386809704,0,0.005831877,0.0075086155,1700,XGBoost (tuned),D,not a siting recommendation
8865050ea3fffff,Klang,3.0007476742117185,101.46714512157747,6084.735576923076,112.7,1.241009386809704,0,0.09338734,0.031567752,601,XGBoost (tuned),D,not a siting recommendation
88650574e3fffff,Klang,3.158589860634605,101.34178229518378,0.0,0.0,1.241009386809704,0,0.003552099,0.0039948863,3969,XGBoost (tuned),D,not a siting recommendation
8865050cc7fffff,Klang,3.024984361500499,101.45584051915188,1216.9471153846152,2.2,1.241009386809704,0,0.014172186,0.041995108,1333,XGBoost (tuned),D,not a siting recommendation
88650574cdfffff,Klang,3.134333981475071,101.35310399454518,0.0,0.0,1.241009386809704,0,0.004167728,0.0040514506,2601,XGBoost (tuned),D,not a siting recommendation
8865057731fffff,Klang,3.1588107989617007,101.43651214868824,1216.9471153846152,1.4,1.241009386809704,0,0.009048147,0.022695705,1491,XGBoost (tuned),D,not a siting recommendation
8865050c9bfffff,Klang,3.020469528966357,101.41486155634398,1216.9471153846152,42.1,1.241009386809704,0,0.02085151,0.02607158,1169,XGBoost (tuned),D,not a siting recommendation
8865050d9dfffff,Klang,3.078693158092082,101.46525839171716,0.0,1.0,1.241009386809704,0,0.0041470826,0.0045330017,2631,XGBoost (tuned),D,not a siting recommendation
886505773bfffff,Klang,3.151441181761478,101.43132969688332,2433.8942307692305,1.4,1.241009386809704,0,0.0071350597,0.008564807,1559,XGBoost (tuned),D,not a siting recommendation
8865053b05fffff,Klang,2.9895783498763477,101.4120413583474,15820.312499999998,239.8,1.241009386809704,0,0.05776699,0.06302132,810,XGBoost (tuned),D,not a siting recommendation
8865052129fffff,Klang,3.0118931048619406,101.22921737581544,0.0,0.0,1.241009386809704,0,0.004734032,0.0052112807,1914,XGBoost (tuned),D,not a siting recommendation
8865057601fffff,Klang,3.090345388007739,101.41673285282192,1216.9471153846152,26.7,1.241009386809704,0,0.028375916,0.026427275,1060,XGBoost (tuned),D,not a siting recommendation
8865053855fffff,Klang,2.9717494520336505,101.34280158221424,1216.9471153846152,18.0,1.241009386809704,0,0.024221478,0.042094775,1118,XGBoost (tuned),D,not a siting recommendation
88650574c1fffff,Klang,3.135048219951111,101.3441486509151,0.0,0.5,1.241009386809704,0,0.004693416,0.004668908,1934,XGBoost (tuned),D,not a siting recommendation
88650574dbfffff,Klang,3.121734720714527,101.3158743618982,0.0,1.0,1.241009386809704,0,0.0043177227,0.0046559055,2368,XGBoost (tuned),D,not a siting recommendation
8865052159fffff,Klang,2.9662556743581416,101.21605647146568,0.0,0.0,1.241009386809704,0,0.005906509,0.0073745605,1688,XGBoost (tuned),D,not a siting recommendation
8865057623fffff,Klang,3.1138799326005637,101.41437255166385,0.0,1.0,1.241009386809704,0,0.0046691806,0.0046144514,1947,XGBoost (tuned),D,not a siting recommendation
8865050e25fffff,Klang,3.002408083678353,101.54390073503616,0.0,0.0,1.241009386809704,0,0.004427493,0.0035888571,2212,XGBoost (tuned),D,not a siting recommendation
8865053ac1fffff,Klang,2.9187623669358658,101.32445303095858,0.0,0.0,1.241009386809704,0,0.006373969,0.007819769,1618,XGBoost (tuned),D,not a siting recommendation
8865050e87fffff,Klang,2.985304223057961,101.46573282658365,2433.8942307692305,173.79999999999998,1.241009386809704,0,0.10223409,0.14189275,563,XGBoost (tuned),D,not a siting recommendation
8865057429fffff,Klang,3.1616715868721417,101.40069653945272,3650.8413461538457,3.0,1.241009386809704,0,0.014110926,0.014768995,1334,XGBoost (tuned),D,not a siting recommendation
8865050e09fffff,Klang,2.9641623257719534,101.53588966217563,0.0,0.0,1.241009386809704,0,0.005779282,0.0048107044,1726,XGBoost (tuned),D,not a siting recommendation
8865053885fffff,Klang,2.9995442422903147,101.28672028403446,0.0,0.0,1.241009386809704,0,0.0036244688,0.005277655,3779,XGBoost (tuned),D,not a siting recommendation
8865053967fffff,Klang,3.05279098429984,101.3997797318246,1216.9471153846152,15.6,1.241009386809704,0,0.009093953,0.016853547,1488,XGBoost (tuned),D,not a siting recommendation
8865050ea9fffff,Klang,2.991956807929754,101.47986044386818,0.0,0.0,1.241009386809704,0,0.0048867827,0.0039713886,1867,XGBoost (tuned),D,not a siting recommendation
8865057461fffff,Klang,3.1528713531264563,101.41342256346309,0.0,0.4,1.241009386809704,0,0.0048872214,0.00436894,1865,XGBoost (tuned),D,not a siting recommendation
8865050e83fffff,Klang,2.9779390275407773,101.46055293770004,1216.9471153846152,73.5,1.241009386809704,1,0.113997534,0.06533841,508,XGBoost (tuned),D,not a siting recommendation
8865053185fffff,Klang,2.891428099900953,101.27689054097613,0.0,0.0,1.241009386809704,0,0.0051880316,0.0065321843,1791,XGBoost (tuned),D,not a siting recommendation
8865057613fffff,Klang,3.0851181819466,101.3846942215242,2433.8942307692305,1.0,1.241009386809704,0,0.006115175,0.0073882006,1655,XGBoost (tuned),D,not a siting recommendation
886505765bfffff,Klang,3.06015890064592,101.40496044528597,1216.9471153846152,1.9,1.241009386809704,0,0.013586916,0.011327278,1347,XGBoost (tuned),D,not a siting recommendation
8865050cddfffff,Klang,3.010251903265716,101.4454797514596,3650.8413461538457,169.39999999999998,1.241009386809704,0,0.033734106,0.060016952,1010,XGBoost (tuned),D,not a siting recommendation
8865053949fffff,Klang,3.0138152525341937,101.40073108809771,24010.366586538483,45.8,1.241009386809704,0,0.039205946,0.030351581,960,XGBoost (tuned),D,not a siting recommendation
8865050ca9fffff,Klang,3.048510805755277,101.4534837777558,1216.9471153846152,178.6,1.241009386809704,0,0.20558137,0.27656677,314,XGBoost (tuned),D,not a siting recommendation
88650576adfffff,Klang,3.117451096122635,101.36960502618372,0.0,0.0,1.241009386809704,0,0.004175765,0.0040514506,2595,XGBoost (tuned),D,not a siting recommendation
8865057415fffff,Klang,3.1483605123578826,101.37242271468914,0.0,0.0,1.241009386809704,0,0.003552099,0.0039948863,3969,XGBoost (tuned),D,not a siting recommendation
8865053aebfffff,Klang,2.9342052197921404,101.32585904308269,0.0,0.0,1.241009386809704,0,0.0061281403,0.007846992,1652,XGBoost (tuned),D,not a siting recommendation
8865050ce5fffff,Klang,3.047083666181981,101.47138276354198,1216.9471153846152,28.0,1.241009386809704,0,0.028560016,0.01934196,1058,XGBoost (tuned),D,not a siting recommendation
8865057649fffff,Klang,3.065386055814897,101.43699490202896,1216.9471153846152,37.9,1.241009386809704,0,0.0698558,0.11515243,740,XGBoost (tuned),D,not a siting recommendation
886505741bfffff,Klang,3.133619688843593,101.3620590468557,0.0,0.4,1.241009386809704,0,0.0048329476,0.0044307774,1879,XGBoost (tuned),D,not a siting recommendation
8865052309fffff,Klang,2.9325212955007847,101.2490672814732,0.0,0.0,1.241009386809704,0,0.0050212285,0.007846992,1834,XGBoost (tuned),D,not a siting recommendation
88650576e1fffff,Klang,3.101283926081103,101.37715008443756,1216.9471153846152,13.8,1.241009386809704,0,0.086672485,0.23197916,637,XGBoost (tuned),D,not a siting recommendation
8865050e35fffff,Klang,2.996470066522828,101.52082817554589,0.0,0.0,1.241009386809704,0,0.0044528865,0.003921633,2190,XGBoost (tuned),D,not a siting recommendation
8865053955fffff,Klang,3.0233201495820445,101.37905834561349,3650.8413461538457,8.4,1.241009386809704,0,0.015442738,0.023296952,1298,XGBoost (tuned),D,not a siting recommendation
8865053853fffff,Klang,2.96509378185416,101.32867144464352,1216.9471153846152,57.0,1.241009386809704,0,0.016770655,0.027389022,1256,XGBoost (tuned),D,not a siting recommendation
8865050dd1fffff,Klang,3.062530869049992,101.47279556324176,6084.735576923076,173.2,1.241009386809704,0,0.70415324,0.6173339,17,XGBoost (tuned),D,not a siting recommendation
8865053a37fffff,Klang,2.9555934670795807,101.3503452546084,0.0,0.0,1.241009386809704,0,0.0057851616,0.0074312035,1724,XGBoost (tuned),D,not a siting recommendation
886505382dfffff,Klang,3.0092974373286845,101.35974708496032,1216.9471153846152,5.0,1.241009386809704,0,0.01921758,0.026365975,1200,XGBoost (tuned),D,not a siting recommendation
88650576c7fffff,Klang,3.0865453856602456,101.36678784172194,0.0,0.8,1.241009386809704,0,0.005337154,0.006160955,1779,XGBoost (tuned),D,not a siting recommendation
88650539b9fffff,Klang,3.052550987299205,101.30506942801176,0.0,0.0,1.241009386809704,0,0.0044202413,0.005041875,2218,XGBoost (tuned),D,not a siting recommendation
8865052361fffff,Klang,2.946546098395502,101.2683760022406,0.0,0.0,1.241009386809704,0,0.0059933523,0.007709343,1669,XGBoost (tuned),D,not a siting recommendation
88650538cbfffff,Klang,2.967938186112184,101.29286379222616,0.0,0.0,1.241009386809704,0,0.005958461,0.0073745605,1676,XGBoost (tuned),D,not a siting recommendation
8865050e3dfffff,Klang,2.9883925852692026,101.52459389375106,0.0,0.0,1.241009386809704,0,0.004607516,0.0039743665,2021,XGBoost (tuned),D,not a siting recommendation
8865050dcbfffff,Klang,3.0611029643341734,101.49069411438376,0.0,0.0,1.241009386809704,0,0.0035537973,0.0039444403,3944,XGBoost (tuned),D,not a siting recommendation
8865052109fffff,Klang,2.989073532526254,101.22263653395412,0.0,0.0,1.241009386809704,0,0.00464204,0.0053212103,1961,XGBoost (tuned),D,not a siting recommendation
8865050e21fffff,Klang,2.995043796529778,101.53872013929006,0.0,0.0,1.241009386809704,0,0.0044778567,0.0035888571,2154,XGBoost (tuned),D,not a siting recommendation
8865052165fffff,Klang,3.010470413350297,101.24712797809256,0.0,0.0,1.241009386809704,0,0.0044118767,0.0052112807,2252,XGBoost (tuned),D,not a siting recommendation
8865050ea5fffff,Klang,3.0074003109303464,101.48127336617333,2433.8942307692305,184.9,1.241009386809704,0,0.13150743,0.111939594,458,XGBoost (tuned),D,not a siting recommendation
8865057459fffff,Klang,3.116022791302488,101.38751291555218,0.0,0.0,1.241009386809704,0,0.0044910125,0.0040514506,2134,XGBoost (tuned),D,not a siting recommendation
8865050ea1fffff,Klang,3.0000348651754813,101.47609304089885,1216.9471153846152,120.4,1.241009386809704,0,0.035585407,0.017631823,993,XGBoost (tuned),D,not a siting recommendation
8865053b25fffff,Klang,3.0123900653881925,101.41863143648392,1216.9471153846152,103.4,1.241009386809704,0,0.049281776,0.09792481,869,XGBoost (tuned),D,not a siting recommendation
88650538c1fffff,Klang,2.975305890847512,101.29804251943044,0.0,0.0,1.241009386809704,0,0.0036370163,0.0073745605,3762,XGBoost (tuned),D,not a siting recommendation
886505384bfffff,Klang,2.962959952125196,101.35552414187924,1216.9471153846152,4.0,1.241009386809704,0,0.014047821,0.022767445,1336,XGBoost (tuned),D,not a siting recommendation
8865053ad7fffff,Klang,2.920893290821472,101.29760112415744,2433.8942307692305,3.0,1.241009386809704,0,0.011639953,0.023345519,1413,XGBoost (tuned),D,not a siting recommendation
886505751dfffff,Klang,3.1918692066069245,101.41247234726568,0.0,0.0,1.241009386809704,0,0.003552099,0.003948333,3969,XGBoost (tuned),D,not a siting recommendation
8865053a27fffff,Klang,2.961537149111534,101.37342448508608,1216.9471153846152,8.0,1.241009386809704,0,0.0074316715,0.021023931,1548,XGBoost (tuned),D,not a siting recommendation
8865053a21fffff,Klang,2.9534596748618376,101.37719520335683,2433.8942307692305,51.0,1.241009386809704,0,0.013926868,0.029121924,1340,XGBoost (tuned),D,not a siting recommendation
88650538e9fffff,Klang,2.9900415645251504,101.30840041861408,0.0,0.0,1.241009386809704,0,0.0044976836,0.0053212103,2121,XGBoost (tuned),D,not a siting recommendation
8865050c81fffff,Klang,3.0337771940392977,101.44312229653715,2433.8942307692305,62.1,1.241009386809704,0,0.10702048,0.09270536,539,XGBoost (tuned),D,not a siting recommendation
8865053969fffff,Klang,3.0366295372335905,101.40732110485314,1216.9471153846152,2.8,1.241009386809704,0,0.010652948,0.009002995,1438,XGBoost (tuned),D,not a siting recommendation
886505744bfffff,Klang,3.122677947100408,101.40164809907884,0.0,0.0,1.241009386809704,0,0.0043551293,0.0040514506,2319,XGBoost (tuned),D,not a siting recommendation
8865053945fffff,Klang,3.029262197684588,101.40214074780098,1216.9471153846152,1.3,1.241009386809704,0,0.012288488,0.010070155,1388,XGBoost (tuned),D,not a siting recommendation
8865053a0bfffff,Klang,2.9232858450036647,101.3654298402026,0.0,0.4,1.241009386809704,0,0.0051018316,0.008153984,1811,XGBoost (tuned),D,not a siting recommendation
8865053aa5fffff,Klang,2.965804958254016,101.3197199652758,1216.9471153846152,11.0,1.241009386809704,0,0.015435678,0.02692983,1299,XGBoost (tuned),D,not a siting recommendation
88650576a3fffff,Klang,3.118879186277301,101.35169596852803,0.0,0.0,1.241009386809704,0,0.0043679113,0.0040514506,2293,XGBoost (tuned),D,not a siting recommendation
8865050c43fffff,Klang,3.0126261187546235,101.51329604610766,0.0,0.0,1.241009386809704,0,0.0036244688,0.0039713886,3779,XGBoost (tuned),D,not a siting recommendation
8865050c31fffff,Klang,3.045656320691998,101.48928056227182,0.0,0.0,1.241009386809704,0,0.0046879724,0.0039444403,1936,XGBoost (tuned),D,not a siting recommendation
8865050cedfffff,Klang,3.0390036678425494,101.4751508780532,0.0,0.6,1.241009386809704,0,0.012675842,0.010377002,1372,XGBoost (tuned),D,not a siting recommendation
8865053957fffff,Klang,3.0240326765793037,101.37010681099308,24010.366586538483,65.5,1.241009386809704,0,0.03924176,0.051300377,958,XGBoost (tuned),D,not a siting recommendation
8865050cbbfffff,Klang,3.043283787022398,101.421452389406,2433.8942307692305,42.4,1.241009386809704,0,0.04246775,0.043048732,933,XGBoost (tuned),D,not a siting recommendation
8865057651fffff,Klang,3.067526899212425,101.41014130535378,24010.366586538483,83.0,1.241009386809704,0,0.20845936,0.26872188,312,XGBoost (tuned),D,not a siting recommendation
886505392bfffff,Klang,3.054217295531624,101.38187603158516,1216.9471153846152,95.8,1.241009386809704,0,0.028267814,0.014641734,1062,XGBoost (tuned),D,not a siting recommendation
8865053a2dfffff,Klang,2.95274831146718,101.38614460255576,1216.9471153846152,54.0,1.241009386809704,0,0.019094497,0.028906917,1202,XGBoost (tuned),D,not a siting recommendation
8865050cdbfffff,Klang,3.003598406099937,101.4313504837084,24010.366586538483,70.5,1.241009386809704,0,0.12673402,0.1209508,467,XGBoost (tuned),D,not a siting recommendation
88650539a3fffff,Klang,3.067290003675977,101.3154298457992,0.0,0.0,1.241009386809704,0,0.004575267,0.0047568427,2070,XGBoost (tuned),D,not a siting recommendation
886505742dfffff,Klang,3.1690419447547638,101.40587897247345,0.0,0.0,1.241009386809704,0,0.004148024,0.0039948863,2627,XGBoost (tuned),D,not a siting recommendation
8865050eb9fffff,Klang,2.986016702859565,101.45678498704758,3650.8413461538457,119.6,1.241009386809704,0,0.06822912,0.030554086,756,XGBoost (tuned),D,not a siting recommendation
8865057413fffff,Klang,3.141704517699727,101.35828571181796,4867.788461538461,9.9,1.241009386809704,0,0.021010539,0.025578193,1166,XGBoost (tuned),D,not a siting recommendation
8865052307fffff,Klang,2.948677277492018,101.24151678551812,0.0,0.0,1.241009386809704,0,0.005607494,0.007709343,1749,XGBoost (tuned),D,not a siting recommendation
8865050eadfffff,Klang,2.999322005830109,101.4850406633183,8518.629807692307,131.0,1.241009386809704,0,0.08019118,0.027407002,668,XGBoost (tuned),D,not a siting recommendation
8865050e2bfffff,Klang,2.9876795910934764,101.53353968789575,0.0,0.0,1.241009386809704,0,0.0045084166,0.003803932,2110,XGBoost (tuned),D,not a siting recommendation
8865053b21fffff,Klang,3.005023468674437,101.41345139433096,2433.8942307692305,63.2,1.241009386809704,0,0.07328735,0.17339045,711,XGBoost (tuned),D,not a siting recommendation
88650574b9fffff,Klang,3.160733398342485,101.31491238431578,0.0,0.0,1.241009386809704,0,0.0045882915,0.0039948863,2064,XGBoost (tuned),D,not a siting recommendation
8865052a11fffff,Klang,3.0427964207675697,101.23202221130182,0.0,0.0,1.241009386809704,0,0.0035694386,0.0050694053,3881,XGBoost (tuned),D,not a siting recommendation
8865053a07fffff,Klang,2.9387279410487954,101.3668376131764,1216.9471153846152,9.0,1.241009386809704,0,0.013019031,0.024646744,1360,XGBoost (tuned),D,not a siting recommendation
8865053a3bfffff,Klang,2.94014987024732,101.34893811022684,0.0,0.7,1.241009386809704,0,0.0060972213,0.008200229,1657,XGBoost (tuned),D,not a siting recommendation
8865052a57fffff,Klang,3.0340026332208514,101.24475486615252,0.0,0.0,1.241009386809704,0,0.0035694386,0.005103182,3881,XGBoost (tuned),D,not a siting recommendation
8865052a0dfffff,Klang,3.048030629943722,101.26406961440672,0.0,0.0,1.241009386809704,0,0.0044202413,0.0050694053,2218,XGBoost (tuned),D,not a siting recommendation
8865052145fffff,Klang,2.9876517007913903,101.24054628583858,0.0,0.0,1.241009386809704,0,0.0044976836,0.0053212103,2121,XGBoost (tuned),D,not a siting recommendation
8865053923fffff,Klang,3.0622987812945093,101.37810432947232,0.0,0.0,1.241009386809704,0,0.0035537973,0.0039444403,3944,XGBoost (tuned),D,not a siting recommendation
88650539c7fffff,Klang,3.034963100885055,101.33052463491984,0.0,0.0,1.241009386809704,0,0.0035694386,0.005103182,3881,XGBoost (tuned),D,not a siting recommendation
8865053a9dfffff,Klang,2.9289701860298782,101.29382788316724,1216.9471153846152,3.0,1.241009386809704,0,0.013972839,0.02448142,1338,XGBoost (tuned),D,not a siting recommendation
8865053b0dfffff,Klang,2.9815001052599355,101.4158109877517,1216.9471153846152,154.39999999999998,1.241009386809704,0,0.08469246,0.06689877,647,XGBoost (tuned),D,not a siting recommendation
8865057423fffff,Klang,3.1704723419933014,101.38796932038902,0.0,0.0,1.241009386809704,0,0.004148024,0.0039948863,2627,XGBoost (tuned),D,not a siting recommendation
8865053ac5fffff,Klang,2.9261284088781654,101.32963118040033,0.0,0.0,1.241009386809704,0,0.0061839954,0.0076917047,1644,XGBoost (tuned),D,not a siting recommendation
88650574ebfffff,Klang,3.150504213581255,101.3455564251432,4867.788461538461,3.0,1.241009386809704,0,0.015530192,0.01673578,1294,XGBoost (tuned),D,not a siting recommendation
8865053b61fffff,Klang,2.9881538417006523,101.42993969434367,23121.995192307688,61.9,1.241009386809704,0,0.07553956,0.05125841,698,XGBoost (tuned),D,not a siting recommendation
8865053943fffff,Klang,3.0226075712638405,101.38800958788134,1216.9471153846152,18.0,1.241009386809704,0,0.025956783,0.018791217,1089,XGBoost (tuned),D,not a siting recommendation
8865053aa9fffff,Klang,2.95035992873002,101.31831407922076,1216.9471153846152,20.0,1.241009386809704,0,0.024043823,0.044091213,1121,XGBoost (tuned),D,not a siting recommendation
88650576ebfffff,Klang,3.093914615058916,101.37196888949065,2433.8942307692305,3.0,1.241009386809704,0,0.0091873845,0.012845807,1485,XGBoost (tuned),D,not a siting recommendation
886505236dfffff,Klang,2.945835605393165,101.2773285011022,0.0,0.0,1.241009386809704,0,0.0058207763,0.007709343,1706,XGBoost (tuned),D,not a siting recommendation
8865057403fffff,Klang,3.1476458363853905,101.38137756058164,2433.8942307692305,2.0,1.241009386809704,0,0.0073182527,0.010500758,1553,XGBoost (tuned),D,not a siting recommendation
8865050e9bfffff,Klang,2.963920877022108,101.44124587812198,1216.9471153846152,7.0,1.241009386809704,0,0.011267327,0.01114416,1424,XGBoost (tuned),D,not a siting recommendation
8865057737fffff,Klang,3.166895938331583,101.432741245424,2433.8942307692305,2.6,1.241009386809704,0,0.008342403,0.01392281,1523,XGBoost (tuned),D,not a siting recommendation
8865057495fffff,Klang,3.1533617174002333,101.30973063386182,0.0,0.0,1.241009386809704,0,0.003552099,0.0039948863,3969,XGBoost (tuned),D,not a siting recommendation
8865053843fffff,Klang,2.9710380133623717,101.3517525248309,1216.9471153846152,6.0,1.241009386809704,0,0.014351357,0.025031773,1327,XGBoost (tuned),D,not a siting recommendation
8865053ab7fffff,Klang,2.9605705700095384,101.28768521338452,0.0,0.0,1.241009386809704,0,0.0050873426,0.0073745605,1817,XGBoost (tuned),D,not a siting recommendation
8865050c99fffff,Klang,3.0197567459471903,101.4238116249764,13386.418269230768,60.9,1.241009386809704,0,0.05441459,0.09213131,834,XGBoost (tuned),D,not a siting recommendation
886505755dfffff,Klang,3.1749814324351218,101.42897011143886,1216.9471153846152,0.8,1.241009386809704,0,0.0065143406,0.013018903,1606,XGBoost (tuned),D,not a siting recommendation
88650575d9fffff,Klang,3.172617526108682,101.3611026455474,0.0,0.0,1.241009386809704,0,0.0043551293,0.0039948863,2319,XGBoost (tuned),D,not a siting recommendation
8865050ca1fffff,Klang,3.056591391618014,101.44971475978396,1216.9471153846152,174.7,1.241009386809704,0,0.05047759,0.14457473,861,XGBoost (tuned),D,not a siting recommendation
8865053a03fffff,Klang,2.9313622060394997,101.36165903873244,0.0,0.0,1.241009386809704,0,0.005915834,0.007846992,1685,XGBoost (tuned),D,not a siting recommendation
8865053907fffff,Klang,3.046849134126851,101.37669554913327,1216.9471153846152,14.0,1.241009386809704,0,0.02735589,0.019157976,1073,XGBoost (tuned),D,not a siting recommendation
8865050c17fffff,Klang,3.030924030306469,101.47891876176654,0.0,0.9,1.241009386809704,0,0.0061127725,0.0055484013,1656,XGBoost (tuned),D,not a siting recommendation
8865050cd3fffff,Klang,3.0116773954762235,101.42758116957847,24010.366586538483,385.9,1.241009386809704,0,0.0930561,0.13562204,602,XGBoost (tuned),D,not a siting recommendation
8865057409fffff,Klang,3.138846364391904,101.394104339338,0.0,0.0,1.241009386809704,0,0.0044045434,0.0039948863,2260,XGBoost (tuned),D,not a siting recommendation
8865057653fffff,Klang,3.068240409237554,101.40118951809254,1216.9471153846152,1.8,1.241009386809704,0,0.0064782905,0.0066899033,1611,XGBoost (tuned),D,not a siting recommendation
8865053b51fffff,Klang,2.959402570960014,101.40027280901992,1216.9471153846152,6.5,1.241009386809704,0,0.01599344,0.023305476,1280,XGBoost (tuned),D,not a siting recommendation
8865053847fffff,Klang,2.978404835105956,101.3569316636937,1216.9471153846152,8.0,1.241009386809704,0,0.012293947,0.020890452,1386,XGBoost (tuned),D,not a siting recommendation
8865053981fffff,Klang,3.04375678085466,101.31779762481251,0.0,0.0,1.241009386809704,0,0.0035694386,0.0050694053,3881,XGBoost (tuned),D,not a siting recommendation
8865050cabfffff,Klang,3.049224298177056,101.44453384077153,3650.8413461538457,555.8,1.241009386809704,1,0.12182944,0.18962857,484,XGBoost (tuned),D,not a siting recommendation
8865057483fffff,Klang,3.1526474235300967,101.31868751668516,0.0,0.0,1.241009386809704,0,0.0041151787,0.0039948863,2688,XGBoost (tuned),D,not a siting recommendation
8865050dd3fffff,Klang,3.063244743662324,101.46384584217164,8518.629807692307,155.29999999999998,1.241009386809704,1,0.0828416,0.091477446,658,XGBoost (tuned),D,not a siting recommendation
8865057419fffff,Klang,3.132905342115354,101.37101380742338,2433.8942307692305,14.7,1.241009386809704,0,0.032577,0.02894136,1027,XGBoost (tuned),D,not a siting recommendation
88650538ebfffff,Klang,2.9907530237934097,101.2994476496253,0.0,0.0,1.241009386809704,0,0.00449281,0.0053212103,2129,XGBoost (tuned),D,not a siting recommendation
8865053b03fffff,Klang,2.982924185833224,101.39791214669384,3650.8413461538457,9.4,1.241009386809704,0,0.016948001,0.025402918,1250,XGBoost (tuned),D,not a siting recommendation
8865050e39fffff,Klang,2.9810282963498205,101.51941362494703,0.0,0.0,1.241009386809704,0,0.0036298886,0.0039743665,3768,XGBoost (tuned),D,not a siting recommendation
8865050e55fffff,Klang,2.9567987820199297,101.5307097125438,0.0,0.0,1.241009386809704,0,0.006328307,0.004837975,1624,XGBoost (tuned),D,not a siting recommendation
8865057401fffff,Klang,3.146931106061791,101.39033211379072,0.0,0.0,1.241009386809704,0,0.003552099,0.0039948863,3969,XGBoost (tuned),D,not a siting recommendation
8865057411fffff,Klang,3.140990060694031,101.36724080712344,2433.8942307692305,10.5,1.241009386809704,0,0.09666897,0.23916203,586,XGBoost (tuned),D,not a siting recommendation
8865053ac3fffff,Klang,2.919472723988428,101.31550268437572,1216.9471153846152,5.0,1.241009386809704,0,0.01641784,0.025623038,1268,XGBoost (tuned),D,not a siting recommendation
88650539cbfffff,Klang,3.0195139568687663,101.32911799388978,0.0,0.0,1.241009386809704,0,0.004460634,0.0051517086,2173,XGBoost (tuned),D,not a siting recommendation
8865050c5bfffff,Klang,2.9986090962338734,101.49398798841425,1216.9471153846152,224.9,1.241009386809704,0,0.04192084,0.01686074,937,XGBoost (tuned),D,not a siting recommendation
8865053ab1fffff,Klang,2.952492339327507,101.2914590395814,0.0,0.0,1.241009386809704,0,0.0057851616,0.0076485556,1724,XGBoost (tuned),D,not a siting recommendation
88650574edfffff,Klang,3.157160561390894,101.35969411567388,0.0,0.0,1.241009386809704,0,0.0043585915,0.0039948863,2311,XGBoost (tuned),D,not a siting recommendation
8865053959fffff,Klang,3.0078729847546017,101.37764969157745,1216.9471153846152,70.0,1.241009386809704,0,0.01702088,0.027191399,1244,XGBoost (tuned),D,not a siting recommendation
8865052359fffff,Klang,2.909709467321218,101.24248705251352,0.0,0.0,1.241009386809704,0,0.0054261326,0.007865108,1768,XGBoost (tuned),D,not a siting recommendation
8865050ea7fffff,Klang,3.0081132848577568,101.47232540718066,2433.8942307692305,296.9,1.241009386809704,0,0.05471903,0.038602658,828,XGBoost (tuned),D,not a siting recommendation
88650574c7fffff,Klang,3.1431332687163485,101.34037464689553,2433.8942307692305,1.0,1.241009386809704,0,0.005471306,0.007113506,1766,XGBoost (tuned),D,not a siting recommendation
8865050c33fffff,Klang,3.046370019147349,101.48033181149988,0.0,0.0,1.241009386809704,0,0.004855106,0.0039444403,1874,XGBoost (tuned),D,not a siting recommendation
8865057605fffff,Klang,3.097713876249132,101.42191425738316,0.0,0.0,1.241009386809704,0,0.0045060352,0.0039444403,2113,XGBoost (tuned),D,not a siting recommendation
8865050d91fffff,Klang,3.079407259529197,101.45630799774686,1216.9471153846152,4.0,1.241009386809704,0,0.014898993,0.010876438,1311,XGBoost (tuned),D,not a siting recommendation
8865053aabfffff,Klang,2.951070782153435,101.309362688123,1216.9471153846152,86.5,1.241009386809704,0,0.035689462,0.045709867,991,XGBoost (tuned),D,not a siting recommendation
8865053b3bfffff,Klang,2.991714734398759,101.38519165150517,1216.9471153846152,1.2000000000000002,1.241009386809704,0,0.0086167045,0.011796421,1515,XGBoost (tuned),D,not a siting recommendation
8865050e63fffff,Klang,2.978889661966837,101.54624999447428,0.0,0.0,1.241009386809704,0,0.004598482,0.0048107044,2057,XGBoost (tuned),D,not a siting recommendation
886505396bfffff,Klang,3.0373424943852654,101.39837007159018,0.0,0.8,1.241009386809704,0,0.0048737107,0.004849918,1868,XGBoost (tuned),D,not a siting recommendation
8865052169fffff,Klang,2.995020708742101,101.24572499153564,0.0,0.0,1.241009386809704,0,0.0047934107,0.0053212103,1890,XGBoost (tuned),D,not a siting recommendation
8865052a1dfffff,Klang,3.0420845619525214,101.24097841263205,0.0,0.0,1.241009386809704,0,0.0046195467,0.0050694053,2017,XGBoost (tuned),D,not a siting recommendation
8865053a63fffff,Klang,2.937305814612225,101.38473594963084,0.0,0.0,1.241009386809704,0,0.0041200146,0.007887972,2684,XGBoost (tuned),D,not a siting recommendation
8865053921fffff,Klang,3.061585539945351,101.38705666101713,0.0,0.0,1.241009386809704,0,0.0044202413,0.0039444403,2218,XGBoost (tuned),D,not a siting recommendation
8865053b67fffff,Klang,2.9962322213533863,101.42617050549528,9735.576923076922,179.2,1.241009386809704,0,0.044642285,0.031528514,916,XGBoost (tuned),D,not a siting recommendation
8865057639fffff,Klang,3.099142055421765,101.40400946878964,1216.9471153846152,117.5,1.241009386809704,0,0.024671976,0.023850627,1111,XGBoost (tuned),D,not a siting recommendation
886505760dfffff,Klang,3.089631384002564,101.42568476441096,3650.8413461538457,2.8,1.241009386809704,0,0.01129418,0.017881151,1423,XGBoost (tuned),D,not a siting recommendation
8865050d9bfffff,Klang,3.0720397579944416,101.45112668151556,2433.8942307692305,135.79999999999998,1.241009386809704,0,0.020608814,0.023583615,1175,XGBoost (tuned),D,not a siting recommendation
8865057453fffff,Klang,3.1248209785882586,101.37478657742456,2433.8942307692305,2.8,1.241009386809704,0,0.014004831,0.026550218,1337,XGBoost (tuned),D,not a siting recommendation
8865050d8bfffff,Klang,3.077979004375716,101.47420848915604,0.0,1.0,1.241009386809704,0,0.0050876993,0.0045330017,1815,XGBoost (tuned),D,not a siting recommendation
886505399bfffff,Klang,3.0304431004994,101.28952991331738,0.0,0.0,1.241009386809704,0,0.0044118767,0.005103182,2252,XGBoost (tuned),D,not a siting recommendation
8865050e2dfffff,Klang,2.9943305866524565,101.54766567159552,0.0,0.0,1.241009386809704,0,0.0044778567,0.0036987297,2154,XGBoost (tuned),D,not a siting recommendation
8865050c3bfffff,Klang,3.0382901348789604,101.4840995893755,0.0,0.0,1.241009386809704,0,0.004638351,0.0039444403,1969,XGBoost (tuned),D,not a siting recommendation
8865050cc5fffff,Klang,3.0242712099251885,101.4647894475433,24010.366586538483,88.7,1.241009386809704,0,0.058124967,0.02968122,805,XGBoost (tuned),D,not a siting recommendation
8865050eebfffff,Klang,2.9758017823539475,101.4873945575148,1216.9471153846152,9.0,1.241009386809704,0,0.04633929,0.023627857,897,XGBoost (tuned),D,not a siting recommendation
8865052303fffff,Klang,2.94130928914801,101.2363388359322,0.0,0.0,1.241009386809704,0,0.0058782506,0.007951373,1695,XGBoost (tuned),D,not a siting recommendation
886505383bfffff,Klang,2.996697860683514,101.32253211472676,0.0,0.0,1.241009386809704,0,0.0047934107,0.005277655,1890,XGBoost (tuned),D,not a siting recommendation
8865050e95fffff,Klang,2.9786513429989503,101.45160513827796,2433.8942307692305,16.5,1.241009386809704,0,0.08208106,0.11486763,662,XGBoost (tuned),D,not a siting recommendation
8865057735fffff,Klang,3.16618049360856,101.44169474666914,0.0,0.0,1.241009386809704,0,0.004532305,0.0039948863,2101,XGBoost (tuned),D,not a siting recommendation
8865050f19fffff,Klang,3.009772452116492,101.54908147505536,0.0,0.0,1.241009386809704,0,0.0036244688,0.0035423303,3779,XGBoost (tuned),D,not a siting recommendation
8865052a19fffff,Klang,3.034714383414748,101.23579899701444,0.0,0.0,1.241009386809704,0,0.0035694386,0.005103182,3881,XGBoost (tuned),D,not a siting recommendation
8865052a6bfffff,Klang,3.047318452547294,101.27302500264034,0.0,0.0,1.241009386809704,0,0.0035644206,0.0050694053,3934,XGBoost (tuned),D,not a siting recommendation
8865050eb5fffff,Klang,3.001460432880544,101.4581969057759,1216.9471153846152,107.5,1.241009386809704,0,0.02463676,0.012887171,1112,XGBoost (tuned),D,not a siting recommendation
8865057511fffff,Klang,3.1925848746963275,101.40351724894391,2433.8942307692305,2.0,1.241009386809704,0,0.008330904,0.009521783,1524,XGBoost (tuned),D,not a siting recommendation
8865052321fffff,Klang,2.963413525654884,101.2518731321716,0.0,0.0,1.241009386809704,0,0.003658854,0.0073745605,3746,XGBoost (tuned),D,not a siting recommendation
8865050c95fffff,Klang,3.035203468437242,101.4252222898134,1216.9471153846152,44.6,1.241009386809704,0,0.022832246,0.027059747,1143,XGBoost (tuned),D,not a siting recommendation
8865050e0bfffff,Klang,2.9648749221380712,101.5269445810132,0.0,0.0,1.241009386809704,0,0.0062476923,0.004837975,1633,XGBoost (tuned),D,not a siting recommendation
88650539c1fffff,Klang,3.026882270193564,101.33429775744118,0.0,0.0,1.241009386809704,0,0.0035694386,0.005103182,3881,XGBoost (tuned),D,not a siting recommendation
8865053b29fffff,Klang,2.996944614042296,101.41722114910166,1216.9471153846152,202.9,1.241009386809704,1,0.01812212,0.031592913,1217,XGBoost (tuned),D,not a siting recommendation
8865050c37fffff,Klang,3.053736451452234,101.48551289030294,1216.9471153846152,6.0,1.241009386809704,0,0.017292533,0.0134665845,1237,XGBoost (tuned),D,not a siting recommendation
8865057739fffff,Klang,3.1507260147291976,101.44028282122004,1216.9471153846152,1.3,1.241009386809704,0,0.0081448,0.010236976,1530,XGBoost (tuned),D,not a siting recommendation
8865053851fffff,Klang,2.964382555327396,101.33762263414856,1216.9471153846152,23.0,1.241009386809704,0,0.016679775,0.039258014,1258,XGBoost (tuned),D,not a siting recommendation
88650576b7fffff,Klang,3.1203070612975505,101.3337857459706,0.0,1.0,1.241009386809704,0,0.0043177227,0.0046559055,2368,XGBoost (tuned),D,not a siting recommendation
8865057437fffff,Klang,3.171902519714334,101.370058496159,0.0,0.0,1.241009386809704,0,0.003552099,0.0039948863,3969,XGBoost (tuned),D,not a siting recommendation
8865050ee3fffff,Klang,2.9838791135221,101.48362761607729,1216.9471153846152,4.199999999999999,1.241009386809704,0,0.023961088,0.013658634,1124,XGBoost (tuned),D,not a siting recommendation
8865057509fffff,Klang,3.190437704617662,101.43038166077922,0.0,0.0,1.241009386809704,0,0.0044783754,0.003948333,2153,XGBoost (tuned),D,not a siting recommendation
88650574cbfffff,Klang,3.1276776001112943,101.33896712456776,0.0,0.0,1.241009386809704,0,0.0045331223,0.0040514506,2099,XGBoost (tuned),D,not a siting recommendation
886505775bfffff,Klang,3.11173659354013,101.44122954009954,1216.9471153846152,27.5,1.241009386809704,0,0.17437652,0.34787762,364,XGBoost (tuned),D,not a siting recommendation
8865050c49fffff,Klang,3.003834685481446,101.52600869530475,0.0,0.0,1.241009386809704,0,0.0036244688,0.003921633,3779,XGBoost (tuned),D,not a siting recommendation
8865050c61fffff,Klang,3.034721703136741,101.52883867731246,0.0,0.0,1.241009386809704,0,0.004183992,0.0038950208,2574,XGBoost (tuned),D,not a siting recommendation
88650538abfffff,Klang,3.0076244115040573,101.28294574635672,0.0,0.0,1.241009386809704,0,0.0043872576,0.005277655,2278,XGBoost (tuned),D,not a siting recommendation
8865053a5dfffff,Klang,2.9071342143067733,101.37297075321636,0.0,0.0,1.241009386809704,0,0.006237729,0.0077500166,1636,XGBoost (tuned),D,not a siting recommendation
8865053ad9fffff,Klang,2.904740588468901,101.30514691746076,1216.9471153846152,13.0,1.241009386809704,0,0.008906618,0.02968841,1500,XGBoost (tuned),D,not a siting recommendation
886505212dfffff,Klang,3.019262859864749,101.23439638991997,0.0,0.0,1.241009386809704,0,0.004460634,0.0051517086,2173,XGBoost (tuned),D,not a siting recommendation
8865050cd1fffff,Klang,3.010964674749308,101.43653060804444,2433.8942307692305,546.4,1.241009386809704,0,0.11136948,0.14250766,520,XGBoost (tuned),D,not a siting recommendation
8865050dd7fffff,Klang,3.070611833879792,101.46902709288209,1216.9471153846152,9.0,1.241009386809704,0,0.016881714,0.011178437,1252,XGBoost (tuned),D,not a siting recommendation
8865050e27fffff,Klang,3.003121409637537,101.53495486501468,0.0,0.0,1.241009386809704,0,0.0043690125,0.0035888571,2292,XGBoost (tuned),D,not a siting recommendation
8865053b3dfffff,Klang,2.998369247854728,101.39932155440042,17037.259615384613,331.0,1.241009386809704,0,0.031374313,0.08468836,1036,XGBoost (tuned),D,not a siting recommendation
886505210dfffff,Klang,2.9964428611275373,101.22781514646766,0.0,0.0,1.241009386809704,0,0.0036244688,0.005277655,3779,XGBoost (tuned),D,not a siting recommendation
8865057707fffff,Klang,3.1500107935421413,101.44923565007768,0.0,0.0,1.241009386809704,0,0.004710523,0.0039948863,1926,XGBoost (tuned),D,not a siting recommendation
8865053a23fffff,Klang,2.9541709886341265,101.36824551201768,0.0,2.0,1.241009386809704,0,0.009831977,0.012028196,1467,XGBoost (tuned),D,not a siting recommendation
88650531b7fffff,Klang,2.9089997745102423,101.25143932221756,0.0,0.0,1.241009386809704,0,0.0054261326,0.007865108,1768,XGBoost (tuned),D,not a siting recommendation
8865053931fffff,Klang,3.055643398509796,101.36397116118218,0.0,0.0,1.241009386809704,0,0.0042135227,0.0039444403,2527,XGBoost (tuned),D,not a siting recommendation
8865057717fffff,Klang,3.144071642431523,101.426147391333,0.0,0.4,1.241009386809704,0,0.0049108416,0.00436894,1862,XGBoost (tuned),D,not a siting recommendation
886505750bfffff,Klang,3.191153483227718,101.42142715135178,0.0,0.0,1.241009386809704,0,0.0043503656,0.003948333,2327,XGBoost (tuned),D,not a siting recommendation
8865053a17fffff,Klang,2.9327838114535294,101.34375962194846,0.0,0.0,1.241009386809704,0,0.0041200146,0.007846992,2684,XGBoost (tuned),D,not a siting recommendation
88650505a7fffff,Klang,2.956555771751172,101.43606646689264,0.0,1.0,1.241009386809704,0,0.0063070296,0.007882261,1627,XGBoost (tuned),D,not a siting recommendation
8865050cadfffff,Klang,3.0558777341464527,101.45866473710338,1216.9471153846152,113.3,1.241009386809704,0,0.10325377,0.1373283,559,XGBoost (tuned),D,not a siting recommendation
8865052a5dfffff,Klang,3.02520936804558,101.25748634100717,3650.8413461538457,5.0,1.241009386809704,0,0.01733027,0.026923932,1233,XGBoost (tuned),D,not a siting recommendation
8865050e93fffff,Klang,2.9719981691334074,101.43747738066853,0.0,0.0,1.241009386809704,0,0.0059965686,0.004025966,1668,XGBoost (tuned),D,not a siting recommendation
886505395bfffff,Klang,3.0085852365456547,101.36869853418676,1216.9471153846152,66.0,1.241009386809704,0,0.018825412,0.025363436,1209,XGBoost (tuned),D,not a siting recommendation
8865053857fffff,Klang,2.972460840479476,101.33385034905372,1216.9471153846152,41.0,1.241009386809704,0,0.017105363,0.027404035,1241,XGBoost (tuned),D,not a siting recommendation
8865050c6dfffff,Klang,3.034007863812544,101.53778559821424,0.0,0.0,1.241009386809704,0,0.004306567,0.0035015745,2389,XGBoost (tuned),D,not a siting recommendation
8865053937fffff,Klang,3.063725107099596,101.36019878967568,0.0,0.0,1.241009386809704,0,0.004189079,0.0039444403,2565,XGBoost (tuned),D,not a siting recommendation
8865053b1bfffff,Klang,2.968903396576277,101.3786036051905,0.0,0.0,1.241009386809704,0,0.0050873426,0.0073745605,1817,XGBoost (tuned),D,not a siting recommendation
8865053867fffff,Klang,3.001217907588484,101.36351884916756,0.0,0.7,1.241009386809704,0,0.0046200794,0.005619938,2016,XGBoost (tuned),D,not a siting recommendation
8865057635fffff,Klang,3.114594272285909,101.40541963324924,1216.9471153846152,7.0,1.241009386809704,0,0.011980606,0.01209907,1401,XGBoost (tuned),D,not a siting recommendation
8865050c69fffff,Klang,3.02664275437174,101.53260453844386,0.0,0.0,1.241009386809704,0,0.004338516,0.0035183392,2356,XGBoost (tuned),D,not a siting recommendation
886505393dfffff,Klang,3.0549303730816098,101.37292374244272,0.0,1.0,1.241009386809704,0,0.0043651583,0.00460189,2297,XGBoost (tuned),D,not a siting recommendation
8865050c8dfffff,Klang,3.033063979885641,101.45207185700482,7301.6826923076915,15.9,1.241009386809704,0,0.09707365,0.21184513,583,XGBoost (tuned),D,not a siting recommendation
88650574e1fffff,Klang,3.1578752383840945,101.35073835105337,0.0,0.0,1.241009386809704,0,0.0043585915,0.0039948863,2311,XGBoost (tuned),D,not a siting recommendation
8865050e6bfffff,Klang,2.9708131413137715,101.55001457536063,0.0,0.0,1.241009386809704,0,0.006222864,0.0048107044,1638,XGBoost (tuned),D,not a siting recommendation
88650574ddfffff,Klang,3.128391620494971,101.33001153370152,0.0,0.0,1.241009386809704,0,0.0036020093,0.0040514506,3821,XGBoost (tuned),D,not a siting recommendation
8865050ca3fffff,Klang,3.057304997278865,101.44076448670816,1216.9471153846152,63.8,1.241009386809704,0,0.015863456,0.026225753,1284,XGBoost (tuned),D,not a siting recommendation
8865053869fffff,Klang,2.985059929688453,101.37106168736348,0.0,0.0,1.241009386809704,0,0.0046776067,0.0072966167,1939,XGBoost (tuned),D,not a siting recommendation
8865050c0bfffff,Klang,3.0214180946836064,101.50058219277916,0.0,0.0,1.241009386809704,0,0.004489203,0.0039713886,2135,XGBoost (tuned),D,not a siting recommendation
8865057443fffff,Klang,3.130761977936903,101.39787633443788,0.0,0.0,1.241009386809704,0,0.0036020093,0.0040514506,3821,XGBoost (tuned),D,not a siting recommendation
8865057407fffff,Klang,3.15501620254284,101.38655965780768,0.0,0.0,1.241009386809704,0,0.003552099,0.0039948863,3969,XGBoost (tuned),D,not a siting recommendation
8865050e61fffff,Klang,2.9781766848157454,101.55519485118973,0.0,0.0,1.241009386809704,0,0.0045721387,0.0048107044,2076,XGBoost (tuned),D,not a siting recommendation
8865053a35fffff,Klang,2.954882252726038,101.35929552896069,0.0,0.0,1.241009386809704,0,0.0039745457,0.0076485556,3011,XGBoost (tuned),D,not a siting recommendation
8865050e67fffff,Klang,2.986253453564572,101.55143037698376,0.0,0.0,1.241009386809704,0,0.004589176,0.0037824684,2060,XGBoost (tuned),D,not a siting recommendation
8865053859fffff,Klang,2.9563046316367627,101.34139468938348,2433.8942307692305,1.6,1.241009386809704,0,0.014867357,0.017851807,1312,XGBoost (tuned),D,not a siting recommendation
8865053911fffff,Klang,3.032825649285441,101.3573828644338,1216.9471153846152,3.0,1.241009386809704,0,0.012666023,0.020222278,1374,XGBoost (tuned),D,not a siting recommendation
88650539d7fffff,Klang,3.029018923679667,101.307437918296,0.0,0.0,1.241009386809704,0,0.0043453104,0.005103182,2333,XGBoost (tuned),D,not a siting recommendation
886505763dfffff,Klang,3.1065109538968083,101.4091909369376,2433.8942307692305,12.0,1.241009386809704,0,0.012776299,0.016828647,1366,XGBoost (tuned),D,not a siting recommendation
886505765dfffff,Klang,3.0668133369279533,101.41909279871192,7301.6826923076915,84.3,1.241009386809704,0,0.012513948,0.021177975,1379,XGBoost (tuned),D,not a siting recommendation
8865050c51fffff,Klang,3.0059742117382187,101.49916839225682,0.0,0.0,1.241009386809704,0,0.0047754305,0.0039713886,1896,XGBoost (tuned),D,not a siting recommendation
8865050dd9fffff,Klang,3.054450264005085,101.47656380278482,1216.9471153846152,259.9,1.241009386809704,0,0.18914306,0.20730798,341,XGBoost (tuned),D,not a siting recommendation
8865053a97fffff,Klang,2.937757875394748,101.28110253400584,0.0,0.0,1.241009386809704,0,0.0061839954,0.007887972,1644,XGBoost (tuned),D,not a siting recommendation
886505215dfffff,Klang,2.9736245736925118,101.2212346823104,0.0,0.0,1.241009386809704,0,0.0050873426,0.0073745605,1817,XGBoost (tuned),D,not a siting recommendation
8865053a09fffff,Klang,2.9225750815435734,101.37437877738496,0.0,0.0,1.241009386809704,0,0.0041456334,0.007819769,2634,XGBoost (tuned),D,not a siting recommendation
8865050cb5fffff,Klang,3.058018551070532,101.43181391829816,0.0,0.4,1.241009386809704,0,0.005104013,0.0042590983,1810,XGBoost (tuned),D,not a siting recommendation
8865057457fffff,Klang,3.13219094134903,101.37996827582502,1216.9471153846152,2.7,1.241009386809704,0,0.015843732,0.016131153,1285,XGBoost (tuned),D,not a siting recommendation
8865050dd5fffff,Klang,3.0698977936963785,101.47797685373368,0.0,0.0,1.241009386809704,0,0.004664242,0.0039444403,1953,XGBoost (tuned),D,not a siting recommendation
8865050ec1fffff,Klang,2.9603604457220083,101.48598151155052,0.0,0.0,1.241009386809704,0,0.0059687025,0.0040321904,1673,XGBoost (tuned),D,not a siting recommendation
8865050e15fffff,Klang,2.9736640901705047,101.51423350079972,0.0,0.0,1.241009386809704,0,0.0036370163,0.004025966,3762,XGBoost (tuned),D,not a siting recommendation
886505398dfffff,Klang,3.0430442899819887,101.32675128248326,0.0,0.0,1.241009386809704,0,0.004460634,0.0050694053,2173,XGBoost (tuned),D,not a siting recommendation
88650538a9fffff,Klang,3.00691278246002,101.29189947005769,0.0,0.0,1.241009386809704,0,0.004446197,0.005277655,2194,XGBoost (tuned),D,not a siting recommendation
8865050e91fffff,Klang,2.9712860675789114,101.4464254352766,4867.788461538461,21.0,1.241009386809704,0,0.041229755,0.041287735,942,XGBoost (tuned),D,not a siting recommendation
8865053b5bfffff,Klang,2.9520368985081515,101.39509370919204,1216.9471153846152,23.0,1.241009386809704,0,0.025487505,0.041603364,1098,XGBoost (tuned),D,not a siting recommendation
8865050ce9fffff,Klang,3.031637397960841,101.46997009004144,2433.8942307692305,12.8,1.241009386809704,1,0.06643539,0.04613154,760,XGBoost (tuned),D,not a siting recommendation
8865050e29fffff,Klang,2.9869665471725084,101.542485182447,0.0,0.0,1.241009386809704,0,0.0036244688,0.0037824684,3779,XGBoost (tuned),D,not a siting recommendation
8865050c19fffff,Klang,3.0147658392522314,101.4864538367543,14603.365384615385,27.4,1.241009386809704,0,0.07855006,0.041345153,684,XGBoost (tuned),D,not a siting recommendation
88650576b1fffff,Klang,3.112222857013791,101.33755972818524,0.0,0.0,1.241009386809704,0,0.0043999334,0.004015357,2269,XGBoost (tuned),D,not a siting recommendation
88650531e7fffff,Klang,2.898084483014184,101.2910187541077,1216.9471153846152,16.0,1.241009386809704,0,0.019249598,0.040919535,1199,XGBoost (tuned),D,not a siting recommendation
8865050e33fffff,Klang,2.989818424151833,101.50670140836588,0.0,0.0,1.241009386809704,0,0.004786989,0.0040010074,1894,XGBoost (tuned),D,not a siting recommendation
8865053819fffff,Klang,2.973172178641804,101.32489882577212,1216.9471153846152,12.0,1.241009386809704,0,0.016966784,0.02783648,1249,XGBoost (tuned),D,not a siting recommendation
8865050cd5fffff,Klang,3.0183310268786414,101.44171087842486,7301.6826923076915,162.6,1.241009386809704,0,0.054020416,0.10297645,837,XGBoost (tuned),D,not a siting recommendation
88650576cbfffff,Klang,3.071093925575344,101.36537943846942,0.0,0.0,1.241009386809704,0,0.0045060352,0.0039444403,2113,XGBoost (tuned),D,not a siting recommendation
8865053a05fffff,Klang,2.938016902456293,101.37578692742672,1216.9471153846152,15.9,1.241009386809704,0,0.027442412,0.06583181,1071,XGBoost (tuned),D,not a siting recommendation
886505394dfffff,Klang,3.0211822608977155,101.40591119366908,0.0,0.6,1.241009386809704,0,0.011531405,0.010358527,1416,XGBoost (tuned),D,not a siting recommendation
886505766bfffff,Klang,3.088917327269058,101.43463638132155,3650.8413461538457,24.7,1.241009386809704,0,0.06962264,0.07464179,743,XGBoost (tuned),D,not a siting recommendation
8865050c3dfffff,Klang,3.044942570874389,101.49822901543608,0.0,0.0,1.241009386809704,0,0.004635965,0.0039444403,1971,XGBoost (tuned),D,not a siting recommendation
8865057755fffff,Klang,3.1264737968914225,101.4515934543062,1216.9471153846152,21.6,1.241009386809704,0,0.056097127,0.039998937,820,XGBoost (tuned),D,not a siting recommendation
8865057611fffff,Klang,3.084404500851328,101.39364697254274,2433.8942307692305,11.7,1.241009386809704,0,0.011798834,0.02081662,1407,XGBoost (tuned),D,not a siting recommendation
8865057447fffff,Klang,3.138131690725254,101.4030582640986,0.0,1.2,1.241009386809704,0,0.010391942,0.010600518,1451,XGBoost (tuned),D,not a siting recommendation
8865050e03fffff,Klang,2.972951427048353,101.52317921847718,0.0,0.0,1.241009386809704,0,0.0062476923,0.003999159,1633,XGBoost (tuned),D,not a siting recommendation
88650539a1fffff,Klang,3.0665771295013102,101.3243842150974,0.0,0.0,1.241009386809704,0,0.0045060352,0.0047568427,2113,XGBoost (tuned),D,not a siting recommendation
8865050e45fffff,Klang,2.962736985614205,101.55377892509487,0.0,0.0,1.241009386809704,0,0.003658854,0.0048107044,3746,XGBoost (tuned),D,not a siting recommendation
8865057625fffff,Klang,3.1205344327905915,101.42850697833948,2433.8942307692305,7.0,1.241009386809704,0,0.011672182,0.014232103,1411,XGBoost (tuned),D,not a siting recommendation
8865052345fffff,Klang,2.931101000379723,101.26697238320916,0.0,0.0,1.241009386809704,0,0.006226073,0.007846992,1637,XGBoost (tuned),D,not a siting recommendation
8865057549fffff,Klang,3.173550265278376,101.4468774907474,0.0,0.0,1.241009386809704,0,0.0044294526,0.0039948863,2200,XGBoost (tuned),D,not a siting recommendation
88650539ddfffff,Klang,3.020226063971638,101.32016504776428,0.0,0.0,1.241009386809704,0,0.0043762783,0.0051517086,2289,XGBoost (tuned),D,not a siting recommendation
8865053995fffff,Klang,3.04518160624071,101.29988944143707,0.0,0.0,1.241009386809704,0,0.0035694386,0.0050694053,3881,XGBoost (tuned),D,not a siting recommendation
88650576edfffff,Klang,3.1005700223527186,101.38610350551946,1216.9471153846152,43.0,1.241009386809704,0,0.029901342,0.025799828,1050,XGBoost (tuned),D,not a siting recommendation
8865052a51fffff,Klang,3.0259210614084746,101.24853109028368,0.0,0.0,1.241009386809704,0,0.004460634,0.005103182,2173,XGBoost (tuned),D,not a siting recommendation
8865052161fffff,Klang,3.003101067763604,101.24194902032214,0.0,0.0,1.241009386809704,0,0.0036244688,0.005277655,3779,XGBoost (tuned),D,not a siting recommendation
8865053a0dfffff,Klang,2.9299404040132435,101.37955729005432,0.0,1.0,1.241009386809704,0,0.004641833,0.008442972,1963,XGBoost (tuned),D,not a siting recommendation
88650538dbfffff,Klang,2.9619921484682568,101.26977974690882,0.0,0.0,1.241009386809704,0,0.0055920854,0.0073745605,1752,XGBoost (tuned),D,not a siting recommendation
8865050c09fffff,Klang,3.020704688929967,101.5095296348972,0.0,0.0,1.241009386809704,0,0.004340156,0.0039713886,2340,XGBoost (tuned),D,not a siting recommendation
8865053a93fffff,Klang,2.9303907784277263,101.27592450397124,0.0,0.0,1.241009386809704,0,0.0050212285,0.007846992,1834,XGBoost (tuned),D,not a siting recommendation
8865052301fffff,Klang,2.9405991060924155,101.24529214812692,0.0,0.0,1.241009386809704,0,0.005915834,0.007951373,1685,XGBoost (tuned),D,not a siting recommendation
8865050e47fffff,Klang,2.9634496802446004,101.54483444367648,0.0,0.0,1.241009386809704,0,0.0046078856,0.0048107044,2020,XGBoost (tuned),D,not a siting recommendation
8865053a31fffff,Klang,2.947516017479012,101.35411674592372,0.0,1.1,1.241009386809704,0,0.013247445,0.016900385,1357,XGBoost (tuned),D,not a siting recommendation
8865050e37fffff,Klang,2.997183126521945,101.51188174494943,0.0,0.0,1.241009386809704,0,0.0043678223,0.0039713886,2295,XGBoost (tuned),D,not a siting recommendation
8865052a01fffff,Klang,3.04874275489018,101.25511393922858,0.0,0.0,1.241009386809704,0,0.004498753,0.0050694053,2116,XGBoost (tuned),D,not a siting recommendation
8865050ec5fffff,Klang,2.9677248148265942,101.49116126816936,1216.9471153846152,14.0,1.241009386809704,0,0.028675908,0.018795257,1056,XGBoost (tuned),D,not a siting recommendation
8865057661fffff,Klang,3.096285485303576,101.43981786791892,0.0,1.0,1.241009386809704,0,0.012179168,0.011351494,1394,XGBoost (tuned),D,not a siting recommendation
886505768dfffff,Klang,3.094628301464344,101.36301521870662,0.0,2.0,1.241009386809704,0,0.0067874207,0.0070231226,1585,XGBoost (tuned),D,not a siting recommendation
88650538e3fffff,Klang,2.9988327234833427,101.29567367466753,0.0,0.0,1.241009386809704,0,0.004757543,0.005277655,1902,XGBoost (tuned),D,not a siting recommendation
886505391dfffff,Klang,3.032113062036635,101.3663350254837,1216.9471153846152,23.0,1.241009386809704,0,0.016064564,0.037338454,1277,XGBoost (tuned),D,not a siting recommendation
8865050f11fffff,Klang,3.017850559893881,101.54531641396132,0.0,0.0,1.241009386809704,0,0.0042617884,0.0035423303,2450,XGBoost (tuned),D,not a siting recommendation
8865050cd9fffff,Klang,3.0028857988829114,101.44029958641944,1216.9471153846152,38.9,1.241009386809704,0,0.07293102,0.3661719,715,XGBoost (tuned),D,not a siting recommendation
88650574adfffff,Klang,3.1740473736708963,101.34319006944772,0.0,0.0,1.241009386809704,0,0.0043585915,0.0039948863,2311,XGBoost (tuned),D,not a siting recommendation
8865053889fffff,Klang,2.9840962285958748,101.28531565798292,0.0,0.0,1.241009386809704,0,0.0036244688,0.0072966167,3779,XGBoost (tuned),D,not a siting recommendation
8865057641fffff,Klang,3.073467473382637,101.43322508674537,1216.9471153846152,96.1,1.241009386809704,0,0.044805102,0.022720844,913,XGBoost (tuned),D,not a siting recommendation
88650538b3fffff,Klang,3.0097589901544497,101.25608285033046,0.0,0.0,1.241009386809704,0,0.004460634,0.0052112807,2173,XGBoost (tuned),D,not a siting recommendation
88650576c9fffff,Klang,3.0703806251722217,101.37433239711642,0.0,0.0,1.241009386809704,0,0.004189079,0.0039444403,2565,XGBoost (tuned),D,not a siting recommendation
8865053b0bfffff,Klang,2.97484607676042,101.40168221619952,1216.9471153846152,46.2,1.241009386809704,0,0.020388367,0.034163132,1183,XGBoost (tuned),D,not a siting recommendation
8865053ae9fffff,Klang,2.933494540286208,101.33480947756446,0.0,0.0,1.241009386809704,0,0.005915834,0.007846992,1685,XGBoost (tuned),D,not a siting recommendation
8865050f1bfffff,Klang,3.0104859442410814,101.54013556731697,0.0,0.0,1.241009386809704,0,0.0043133236,0.0035423303,2375,XGBoost (tuned),D,not a siting recommendation
886505216bfffff,Klang,2.9957318105815465,101.23677021178057,0.0,0.0,1.241009386809704,0,0.0047934107,0.005277655,1890,XGBoost (tuned),D,not a siting recommendation
8865050c5dfffff,Klang,3.005261086590117,101.50811545850456,0.0,0.0,1.241009386809704,0,0.004745407,0.0039713886,1906,XGBoost (tuned),D,not a siting recommendation
88650574c5fffff,Klang,3.142418920393406,101.34933032493424,1216.9471153846152,1.5,1.241009386809704,0,0.01785858,0.015297862,1221,XGBoost (tuned),D,not a siting recommendation
88650538edfffff,Klang,2.997409532621833,101.3135795904369,0.0,0.0,1.241009386809704,0,0.0044020223,0.005277655,2264,XGBoost (tuned),D,not a siting recommendation
886505390dfffff,Klang,3.0380553999614834,101.38941874503529,0.0,0.0,1.241009386809704,0,0.004460634,0.0039444403,2173,XGBoost (tuned),D,not a siting recommendation
8865057451fffff,Klang,3.124106688503645,101.3837407108705,0.0,0.0,1.241009386809704,0,0.0043679113,0.0040514506,2293,XGBoost (tuned),D,not a siting recommendation
8865050ce3fffff,Klang,3.0404305799174285,101.45725256504728,1216.9471153846152,2.7,1.241009386809704,0,0.02336622,0.023535278,1132,XGBoost (tuned),D,not a siting recommendation
886505764dfffff,Klang,3.072753641808612,101.44217603184482,3650.8413461538457,50.9,1.241009386809704,0,0.045165993,0.028786086,907,XGBoost (tuned),D,not a siting recommendation
8865050e85fffff,Klang,2.9845916932594023,101.47468036973407,0.0,0.0,1.241009386809704,0,0.0036244688,0.0040010074,3779,XGBoost (tuned),D,not a siting recommendation
8865057757fffff,Klang,3.127188627849096,101.44264133845748,4867.788461538461,25.8,1.241009386809704,0,0.12455935,0.3121411,474,XGBoost (tuned),D,not a siting recommendation
8865053addfffff,Klang,2.9121066109819176,101.31032472690512,1216.9471153846152,16.6,1.241009386809704,0,0.0408546,0.06711006,944,XGBoost (tuned),D,not a siting recommendation
8865050f13fffff,Klang,3.018564167939346,101.5363701684491,0.0,0.0,1.241009386809704,0,0.0042617884,0.0034984814,2450,XGBoost (tuned),D,not a siting recommendation
8865050e1dfffff,Klang,2.965587469284769,101.5179992006102,1216.9471153846152,9.3,1.241009386809704,0,0.04140539,0.031220606,941,XGBoost (tuned),D,not a siting recommendation
8865053b63fffff,Klang,2.9888661209324585,101.42099067348354,20688.100961538457,292.2,1.241009386809704,0,0.06613157,0.03965587,763,XGBoost (tuned),D,not a siting recommendation
8865053961fffff,Klang,3.044710081118056,101.40355053352532,0.0,0.4,1.241009386809704,0,0.004499296,0.0042590983,2115,XGBoost (tuned),D,not a siting recommendation
8865053ae1fffff,Klang,2.9415716017443563,101.33103744416248,2433.8942307692305,0.0,1.241009386809704,0,0.005880575,0.011386953,1694,XGBoost (tuned),D,not a siting recommendation
8865050cc9fffff,Klang,3.0088262082616537,101.46337715144962,2433.8942307692305,310.7,1.241009386809704,0,0.07098523,0.14693296,731,XGBoost (tuned),D,not a siting recommendation
8865053a81fffff,Klang,2.935626430592222,101.30795730551674,2433.8942307692305,6.0,1.241009386809704,0,0.016995393,0.028161358,1246,XGBoost (tuned),D,not a siting recommendation
886505398bfffff,Klang,3.036387809579684,101.312617697504,0.0,0.0,1.241009386809704,0,0.0043453104,0.005103182,2333,XGBoost (tuned),D,not a siting recommendation
8865053841fffff,Klang,2.97032652452368,101.36070317648092,0.0,2.0,1.241009386809704,0,0.0073470194,0.011433522,1552,XGBoost (tuned),D,not a siting recommendation
88650531e5fffff,Klang,2.897374656871771,101.29996925612085,1216.9471153846152,11.0,1.241009386809704,0,0.012032209,0.026792672,1397,XGBoost (tuned),D,not a siting recommendation
8865050ec3fffff,Klang,2.961072630806695,101.47703497777388,0.0,0.0,1.241009386809704,0,0.005346628,0.0040321904,1777,XGBoost (tuned),D,not a siting recommendation
886505740dfffff,Klang,3.14621632144584,101.39928637389336,0.0,0.0,1.241009386809704,0,0.004148024,0.0039948863,2627,XGBoost (tuned),D,not a siting recommendation
8865057555fffff,Klang,3.1830672808684835,101.42519874674429,0.0,0.4,1.241009386809704,0,0.0037051365,0.00436894,3674,XGBoost (tuned),D,not a siting recommendation
886505762dfffff,Klang,3.11245109316901,101.43227750551158,1216.9471153846152,9.3,1.241009386809704,0,0.05470932,0.053376414,829,XGBoost (tuned),D,not a siting recommendation
8865057727fffff,Klang,3.172834599646851,101.45583073686451,0.0,0.0,1.241009386809704,0,0.004710523,0.0039948863,1926,XGBoost (tuned),D,not a siting recommendation
8865050e6dfffff,Klang,2.977463658250032,101.5641394073068,0.0,0.0,1.241009386809704,0,0.0058239754,0.0048107044,1705,XGBoost (tuned),D,not a siting recommendation
8865050ce7fffff,Klang,3.047797261737444,101.46243341881996,24010.366586538483,66.6,1.241009386809704,0,0.071980976,0.08717225,723,XGBoost (tuned),D,not a siting recommendation
8865050cb3fffff,Klang,3.0513644652816447,101.41768225851926,1216.9471153846152,3.2,1.241009386809704,0,0.015928576,0.011836115,1282,XGBoost (tuned),D,not a siting recommendation
8865050c85fffff,Klang,3.041143958911885,101.44830296420754,2433.8942307692305,296.2,1.241009386809704,0,0.09105066,0.13782467,609,XGBoost (tuned),D,not a siting recommendation
88650538d3fffff,Klang,2.970070960740514,101.26600502564273,0.0,0.0,1.241009386809704,0,0.005958461,0.0073745605,1676,XGBoost (tuned),D,not a siting recommendation
8865053b17fffff,Klang,2.984348065414845,101.38001213294288,0.0,0.0,1.241009386809704,0,0.0044976836,0.0072966167,2121,XGBoost (tuned),D,not a siting recommendation
886505742bfffff,Klang,3.162386647483706,101.39174190202698,0.0,0.0,1.241009386809704,0,0.003552099,0.0039948863,3969,XGBoost (tuned),D,not a siting recommendation
8865052367fffff,Klang,2.954624300037834,101.26460140725104,0.0,0.0,1.241009386809704,0,0.005053972,0.0076485556,1827,XGBoost (tuned),D,not a siting recommendation
88650574d1fffff,Klang,3.1291055867625537,101.32105565262128,0.0,0.0,1.241009386809704,0,0.0044045434,0.0040514506,2260,XGBoost (tuned),D,not a siting recommendation
8865053903fffff,Klang,3.039481056154159,101.37151521374,1216.9471153846152,73.3,1.241009386809704,0,0.01955868,0.026930325,1195,XGBoost (tuned),D,not a siting recommendation
8865053947fffff,Klang,3.0299749909595204,101.39318975634936,1216.9471153846152,8.2,1.241009386809704,0,0.015743004,0.0186162,1289,XGBoost (tuned),D,not a siting recommendation
8865050d95fffff,Klang,3.086774841284342,101.46148945975844,1216.9471153846152,2.8,1.241009386809704,0,0.026579157,0.021118548,1080,XGBoost (tuned),D,not a siting recommendation
886505386bfffff,Klang,2.985771743539758,101.36211094987814,0.0,1.0,1.241009386809704,0,0.0049269763,0.005726463,1854,XGBoost (tuned),D,not a siting recommendation
8865057485fffff,Klang,3.159304428083671,101.3328259484886,2433.8942307692305,1.7,1.241009386809704,0,0.005955285,0.0069930623,1679,XGBoost (tuned),D,not a siting recommendation
8865053845fffff,Klang,2.9776931838523386,101.36588235833511,0.0,1.0,1.241009386809704,0,0.0062149605,0.007934946,1639,XGBoost (tuned),D,not a siting recommendation
8865052143fffff,Klang,2.980993563123102,101.22641304269656,0.0,0.0,1.241009386809704,0,0.005732581,0.0073745605,1734,XGBoost (tuned),D,not a siting recommendation
8865050ee1fffff,Klang,2.9831664839042715,101.49257456519162,0.0,0.0,1.241009386809704,1,0.0036244688,0.0040010074,3779,XGBoost (tuned),D,not a siting recommendation
8865057643fffff,Klang,3.074181252657997,101.42427384663948,3650.8413461538457,61.1,1.241009386809704,0,0.018042197,0.018696034,1219,XGBoost (tuned),D,not a siting recommendation
8865052305fffff,Klang,2.9479669345028032,101.25047014402512,0.0,0.0,1.241009386809704,0,0.005053972,0.007709343,1827,XGBoost (tuned),D,not a siting recommendation
8865053963fffff,Klang,3.0454231505973253,101.39459916504822,1216.9471153846152,13.4,1.241009386809704,0,0.020563884,0.020591844,1176,XGBoost (tuned),D,not a siting recommendation
8865050ee7fffff,Klang,2.9912440633542587,101.48880772966152,9735.576923076922,86.9,1.241009386809704,0,0.058599275,0.026738105,802,XGBoost (tuned),D,not a siting recommendation
8865050c8bfffff,Klang,3.026410511560517,101.43794177482316,6084.735576923076,118.4,1.241009386809704,0,0.10576461,0.13640206,542,XGBoost (tuned),D,not a siting recommendation
8865057715fffff,Klang,3.14335664123384,101.43510047478074,1216.9471153846152,1.6,1.241009386809704,0,0.016425235,0.049879067,1267,XGBoost (tuned),D,not a siting recommendation
8865057557fffff,Klang,3.1837828933563217,101.41624427850157,0.0,0.0,1.241009386809704,0,0.004668068,0.0039948863,1951,XGBoost (tuned),D,not a siting recommendation
8865052a09fffff,Klang,3.040660687152034,101.2588899573544,0.0,0.0,1.241009386809704,0,0.004460634,0.0050694053,2173,XGBoost (tuned),D,not a siting recommendation
8865057421fffff,Klang,3.169757170784296,101.396924293161,0.0,0.0,1.241009386809704,0,0.003552099,0.0039948863,3969,XGBoost (tuned),D,not a siting recommendation
8865050c83fffff,Klang,3.034490356909291,101.43417244066596,1216.9471153846152,34.6,1.241009386809704,0,0.07910918,0.15389435,680,XGBoost (tuned),D,not a siting recommendation
88650570ddfffff,Petaling,3.169971391474675,101.49164075455955,0.0,0.0,1.058432106467041,0,0.0045172465,0.0039948863,2106,XGBoost (tuned),D,not a siting recommendation
8865050debfffff,Petaling,3.0839174586623592,101.4972894132242,0.0,0.0,1.058432106467041,0,0.0041758046,0.0039444403,2593,XGBoost (tuned),D,not a siting recommendation
88650508adfffff,Petaling,3.097435507629989,101.62020762528772,17088.236287680043,33.5,1.058432106467041,0,0.21303168,0.31207997,302,XGBoost (tuned),D,not a siting recommendation
88650572ddfffff,Petaling,3.1133859183917694,101.51801734543712,0.0,0.0,1.058432106467041,0,0.0038750742,0.003965053,3215,XGBoost (tuned),D,not a siting recommendation
8865050a91fffff,Petaling,3.012853894891934,101.60793170324833,0.0,0.0,1.058432106467041,0,0.004183493,0.0033651886,2578,XGBoost (tuned),D,not a siting recommendation
88650509d5fffff,Petaling,3.1114500765565296,101.63951886807725,21031.67543099082,94.4,1.058432106467041,1,0.529046,0.62228274,72,XGBoost (tuned),D,not a siting recommendation
8865050123fffff,Petaling,2.9857681970702137,101.65498851768236,0.0,0.0,1.058432106467041,0,0.0036182215,0.0036434624,3791,XGBoost (tuned),D,not a siting recommendation
8865057749fffff,Petaling,3.1169608403070503,101.47326587412658,0.0,0.0,1.058432106467041,0,0.0044968617,0.0040514506,2126,XGBoost (tuned),D,not a siting recommendation
8865050a5bfffff,Petaling,2.983626490026209,101.68181238791502,0.0,0.0,1.058432106467041,0,0.003656034,0.0046661925,3749,XGBoost (tuned),D,not a siting recommendation
88650572c9fffff,Petaling,3.1119555790293574,101.53591584329212,0.0,0.0,1.058432106467041,0,0.0040244674,0.003965053,2856,XGBoost (tuned),D,not a siting recommendation
8865050aa1fffff,Petaling,3.0415937945523006,101.6376015252696,0.0,0.0,1.058432106467041,0,0.004183493,0.0033264644,2578,XGBoost (tuned),D,not a siting recommendation
8865057229fffff,Petaling,3.146642790858352,101.58867544757976,11830.317429932336,8.4,1.058432106467041,0,0.03609829,0.012945875,984,XGBoost (tuned),D,not a siting recommendation
886505701bfffff,Petaling,3.175191925445336,101.52367834613436,0.0,0.0,1.058432106467041,0,0.0038671803,0.0040220562,3244,XGBoost (tuned),D,not a siting recommendation
88650508a1fffff,Petaling,3.098151060047205,101.61126157993172,2628.9594288738526,117.9,1.058432106467041,0,0.10282316,0.18925652,561,XGBoost (tuned),D,not a siting recommendation
8865057319fffff,Petaling,3.169460257863513,101.59527714544382,2628.9594288738526,3.0,1.058432106467041,0,0.016444705,0.01918409,1266,XGBoost (tuned),D,not a siting recommendation
8865050ad3fffff,Petaling,2.9966996788571434,101.6154568559136,0.0,0.0,1.058432106467041,0,0.0041814037,0.0034093976,2586,XGBoost (tuned),D,not a siting recommendation
8865050d05fffff,Petaling,3.087710718661055,101.54721460275547,0.0,0.0,1.058432106467041,0,0.0036020093,0.0030304992,3821,XGBoost (tuned),D,not a siting recommendation
8865050ac9fffff,Petaling,2.993844284418374,101.65122764641052,0.0,0.0,1.058432106467041,0,0.004285627,0.0035137949,2428,XGBoost (tuned),D,not a siting recommendation
8865057217fffff,Petaling,3.1340567332086047,101.5514635408088,0.0,0.0,1.058432106467041,0,0.003967605,0.0028710943,3027,XGBoost (tuned),D,not a siting recommendation
88650572bbfffff,Petaling,3.14643387734444,101.49399534739334,0.0,0.0,1.058432106467041,0,0.0042795576,0.0039948863,2433,XGBoost (tuned),D,not a siting recommendation
8865050d19fffff,Petaling,3.066326813860353,101.52272119279912,0.0,0.0,1.058432106467041,0,0.0035537973,0.0038950208,3944,XGBoost (tuned),D,not a siting recommendation
8865050a83fffff,Petaling,3.0195032447435137,101.6220568183968,0.0,0.0,1.058432106467041,0,0.004183493,0.0033235254,2578,XGBoost (tuned),D,not a siting recommendation
8865050f07fffff,Petaling,3.031866040940688,101.56462455996476,0.0,0.0,1.058432106467041,0,0.004079366,0.003345903,2729,XGBoost (tuned),D,not a siting recommendation
8865057665fffff,Petaling,3.103653723259692,101.44499950058248,0.0,0.7,1.058432106467041,0,0.0077414988,0.009199224,1539,XGBoost (tuned),D,not a siting recommendation
8865057027fffff,Petaling,3.2194045479128084,101.55478061472164,0.0,0.0,1.058432106467041,0,0.003967605,0.0039723227,3027,XGBoost (tuned),D,not a siting recommendation
886505720dfffff,Petaling,3.131193407098711,101.58725738010864,3943.439143310779,5.4,1.058432106467041,1,0.13633455,0.17339374,445,XGBoost (tuned),D,not a siting recommendation
8865050ab9fffff,Petaling,3.027581028413183,101.61829434128089,0.0,0.0,1.058432106467041,0,0.0036003857,0.0033264644,3842,XGBoost (tuned),D,not a siting recommendation
88650508d7fffff,Petaling,3.060610560083515,101.59429655367332,0.0,0.0,1.058432106467041,0,0.0041525685,0.0032329594,2622,XGBoost (tuned),D,not a siting recommendation
8865050d51fffff,Petaling,3.05753229824402,101.5354352750668,0.0,0.0,1.058432106467041,0,0.0042583277,0.0038950208,2455,XGBoost (tuned),D,not a siting recommendation
886505081bfffff,Petaling,3.0570362341249635,101.6390213335785,0.0,0.0,1.058432106467041,0,0.003584609,0.0032329594,3854,XGBoost (tuned),D,not a siting recommendation
886505702bfffff,Petaling,3.203949772015127,101.55336366780278,0.0,0.0,1.058432106467041,0,0.003967605,0.0039723227,3027,XGBoost (tuned),D,not a siting recommendation
8865057763fffff,Petaling,3.1485801889390355,101.46714041966554,0.0,0.0,1.058432106467041,0,0.0044877073,0.0039948863,2140,XGBoost (tuned),D,not a siting recommendation
8865050d25fffff,Petaling,3.1105250286027086,101.55381314141871,0.0,0.0,1.058432106467041,0,0.0038750742,0.0028710943,3215,XGBoost (tuned),D,not a siting recommendation
8865050d6bfffff,Petaling,3.078915029338352,101.55992784042073,0.0,0.0,1.058432106467041,0,0.0038887039,0.0030531979,3187,XGBoost (tuned),D,not a siting recommendation
8865057049fffff,Petaling,3.163525997150805,101.57219582349548,1314.4797144369263,109.0,1.058432106467041,1,0.37243214,0.35905868,143,XGBoost (tuned),D,not a siting recommendation
8865050a67fffff,Petaling,3.027797318667261,101.71290151400228,0.0,0.0,1.058432106467041,0,0.0038484803,0.003310858,3329,XGBoost (tuned),D,not a siting recommendation
8865057249fffff,Petaling,3.1069477322158003,101.59855111580066,64409.506007409385,173.2,1.058432106467041,1,0.4658423,0.525165,93,XGBoost (tuned),D,not a siting recommendation
8865057303fffff,Petaling,3.184194806217854,101.60564458376996,32861.99286092316,42.2,1.058432106467041,0,0.14682604,0.10413992,419,XGBoost (tuned),D,not a siting recommendation
886505731bfffff,Petaling,3.170176905562567,101.58632835105024,0.0,0.0,1.058432106467041,0,0.003818691,0.0040257233,3403,XGBoost (tuned),D,not a siting recommendation
88650508dbfffff,Petaling,3.045166694561364,101.5928786193154,0.0,0.0,1.058432106467041,0,0.003926365,0.0033264644,3107,XGBoost (tuned),D,not a siting recommendation
8865050a3dfffff,Petaling,3.029942063614532,101.68607703848224,0.0,0.0,1.058432106467041,0,0.0040460634,0.003310858,2793,XGBoost (tuned),D,not a siting recommendation
8865050f23fffff,Petaling,3.0473098245413164,101.5660412423856,0.0,0.0,1.058432106467041,0,0.0041590016,0.0033104694,2610,XGBoost (tuned),D,not a siting recommendation
8865057039fffff,Petaling,3.1972979061784788,101.5392288300836,0.0,0.0,1.058432106467041,0,0.004001817,0.003997551,2966,XGBoost (tuned),D,not a siting recommendation
8865050a1bfffff,Petaling,3.000492506392193,101.66535078906216,0.0,0.0,1.058432106467041,0,0.0040947846,0.003393403,2717,XGBoost (tuned),D,not a siting recommendation
8865050aedfffff,Petaling,3.024008800052801,101.6630108120941,0.0,0.0,1.058432106467041,0,0.0040362426,0.0033385262,2828,XGBoost (tuned),D,not a siting recommendation
88650572cbfffff,Petaling,3.1126707751229783,101.5269667441199,0.0,0.0,1.058432106467041,0,0.0040244674,0.003965053,2856,XGBoost (tuned),D,not a siting recommendation
8865050d35fffff,Petaling,3.104588681090046,101.5307335663493,0.0,0.0,1.058432106467041,0,0.0038750742,0.003965053,3215,XGBoost (tuned),D,not a siting recommendation
8865050f25fffff,Petaling,3.0539603461501303,101.5801689404985,0.0,0.0,1.058432106467041,0,0.003905493,0.0032329594,3148,XGBoost (tuned),D,not a siting recommendation
8865050d31fffff,Petaling,3.0972218605831388,101.52555143398573,0.0,0.0,1.058432106467041,0,0.0042258874,0.0038950208,2517,XGBoost (tuned),D,not a siting recommendation
88650509d1fffff,Petaling,3.104084952371605,101.63433604598072,6572.398572184631,51.5,1.058432106467041,1,0.3345332,0.3553394,170,XGBoost (tuned),D,not a siting recommendation
88650509ddfffff,Petaling,3.103369126965293,101.64328151816795,3943.439143310779,183.8,1.058432106467041,0,0.74181575,0.8154624,12,XGBoost (tuned),D,not a siting recommendation
8865050a8dfffff,Petaling,3.018074739565726,101.63994364190664,0.0,0.0,1.058432106467041,0,0.0036506893,0.0033235254,3758,XGBoost (tuned),D,not a siting recommendation
88650509d9fffff,Petaling,3.096004246786752,101.63809880392388,2628.9594288738526,90.5,1.058432106467041,1,0.3309857,0.3858036,171,XGBoost (tuned),D,not a siting recommendation
88650501adfffff,Petaling,2.989336725179468,101.61027596653784,0.0,0.0,1.058432106467041,0,0.0041009826,0.0035137949,2713,XGBoost (tuned),D,not a siting recommendation
8865057043fffff,Petaling,3.1723265247011345,101.55948015503456,0.0,0.0,1.058432106467041,0,0.0038521234,0.0039723227,3316,XGBoost (tuned),D,not a siting recommendation
8865050de3fffff,Petaling,3.0919990465183345,101.49352159738996,0.0,0.0,1.058432106467041,0,0.0045685438,0.0039444403,2088,XGBoost (tuned),D,not a siting recommendation
8865050db9fffff,Petaling,3.0941425028366427,101.4666710674717,0.0,0.4,1.058432106467041,0,0.0051196134,0.004941513,1805,XGBoost (tuned),D,not a siting recommendation
8865057253fffff,Petaling,3.1098096743872192,101.56276133953018,0.0,0.0,1.058432106467041,0,0.0040084384,0.0028710943,2932,XGBoost (tuned),D,not a siting recommendation
88650508c7fffff,Petaling,3.06654548274833,101.6173693757918,0.0,0.0,1.058432106467041,0,0.003584609,0.0030354545,3854,XGBoost (tuned),D,not a siting recommendation
8865050b1bfffff,Petaling,3.0520300394730864,101.7016232163895,1314.4797144369263,19.0,1.058432106467041,1,0.19856533,0.37311468,327,XGBoost (tuned),D,not a siting recommendation
88650572d3fffff,Petaling,3.1148160462198566,101.50011765122672,0.0,0.0,1.058432106467041,0,0.0036020093,0.004015357,3821,XGBoost (tuned),D,not a siting recommendation
8865050837fffff,Petaling,3.095288538478315,101.64704393636283,5257.918857747705,71.7,1.058432106467041,1,0.53391284,0.5795556,66,XGBoost (tuned),D,not a siting recommendation
8865050819fffff,Petaling,3.056321215844929,101.64796537714864,2628.9594288738526,5.0,1.058432106467041,0,0.016759768,0.01826718,1257,XGBoost (tuned),D,not a siting recommendation
8865050f57fffff,Petaling,3.009058909779154,101.5580270824263,0.0,0.0,1.058432106467041,0,0.004023741,0.0033848525,2858,XGBoost (tuned),D,not a siting recommendation
8865050f37fffff,Petaling,3.04873832270812,101.54814815088037,0.0,0.0,1.058432106467041,0,0.0035644206,0.0033104694,3934,XGBoost (tuned),D,not a siting recommendation
886505724dfffff,Petaling,3.114313531585347,101.60373379581962,11830.317429932336,170.39999999999998,1.058432106467041,0,0.36143553,0.2517493,150,XGBoost (tuned),D,not a siting recommendation
8865057259fffff,Petaling,3.101012748315038,101.57547436807302,0.0,0.0,1.058432106467041,0,0.004201346,0.0030128877,2550,XGBoost (tuned),D,not a siting recommendation
8865057239fffff,Petaling,3.14070801680058,101.56559534449082,0.0,0.0,1.058432106467041,0,0.003967605,0.0028710943,3027,XGBoost (tuned),D,not a siting recommendation
8865050c63fffff,Petaling,3.03543549154695,101.51989145695362,0.0,0.0,1.058432106467041,0,0.0035694386,0.0038950208,3881,XGBoost (tuned),D,not a siting recommendation
8865050dbdfffff,Petaling,3.101510243762829,101.471852820808,0.0,0.0,1.058432106467041,0,0.0045107817,0.004015357,2109,XGBoost (tuned),D,not a siting recommendation
8865057019fffff,Petaling,3.1744756566621204,101.53262924861728,0.0,0.0,1.058432106467041,0,0.0038671803,0.003997551,3244,XGBoost (tuned),D,not a siting recommendation
8865050aebfffff,Petaling,3.0173604119504,101.64888659686837,0.0,0.0,1.058432106467041,0,0.0036130734,0.0033651886,3794,XGBoost (tuned),D,not a siting recommendation
88650571d9fffff,Petaling,3.2141865952426705,101.52274146500136,0.0,0.0,1.058432106467041,0,0.0038474496,0.0040220562,3333,XGBoost (tuned),D,not a siting recommendation
8865057001fffff,Petaling,3.1884959073891634,101.551946847397,0.0,0.0,1.058432106467041,0,0.0038521234,0.0039723227,3316,XGBoost (tuned),D,not a siting recommendation
886505088bfffff,Petaling,3.0679753958362848,101.59947848132065,0.0,0.0,1.058432106467041,0,0.0041177943,0.0030354545,2686,XGBoost (tuned),D,not a siting recommendation
886505726bfffff,Petaling,3.130477442928559,101.596205085006,31547.51314648623,43.9,1.058432106467041,0,0.23043211,0.2441303,273,XGBoost (tuned),D,not a siting recommendation
8865050a49fffff,Petaling,2.988845446177071,101.7138147651254,0.0,0.0,1.058432106467041,0,0.004068899,0.0034299428,2768,XGBoost (tuned),D,not a siting recommendation
8865050f69fffff,Petaling,3.021645626500788,101.59522430547086,0.0,0.0,1.058432106467041,0,0.0040727984,0.0033235254,2761,XGBoost (tuned),D,not a siting recommendation
8865057013fffff,Petaling,3.183276893795359,101.51991045583978,0.0,0.0,1.058432106467041,0,0.003983471,0.0040220562,2988,XGBoost (tuned),D,not a siting recommendation
8865050d0bfffff,Petaling,3.0729784694630142,101.53685083290834,0.0,0.0,1.058432106467041,0,0.0040421737,0.0038950208,2812,XGBoost (tuned),D,not a siting recommendation
8865057037fffff,Petaling,3.2134696502724487,101.53169345743224,1314.4797144369263,1.9,1.058432106467041,0,0.021691252,0.018115893,1160,XGBoost (tuned),D,not a siting recommendation
8865057725fffff,Petaling,3.1721188793917885,101.46478368672668,0.0,0.0,1.058432106467041,0,0.0044285106,0.0039948863,2203,XGBoost (tuned),D,not a siting recommendation
8865057095fffff,Petaling,3.19494387231472,101.47137996534713,0.0,0.0,1.058432106467041,0,0.0044877073,0.0040476774,2140,XGBoost (tuned),D,not a siting recommendation
8865050a19fffff,Petaling,2.9997783166035927,101.67429245337809,0.0,0.0,1.058432106467041,0,0.004174058,0.003393403,2600,XGBoost (tuned),D,not a siting recommendation
88650501a1fffff,Petaling,2.9900502827314086,101.60133254497636,0.0,0.0,1.058432106467041,0,0.0043797866,0.0035137949,2288,XGBoost (tuned),D,not a siting recommendation
8865050aa3fffff,Petaling,3.0423084759517205,101.62865755160118,0.0,0.0,1.058432106467041,0,0.0040439693,0.0033264644,2806,XGBoost (tuned),D,not a siting recommendation
88650508b5fffff,Petaling,3.09958200857888,101.59336857924754,59151.58714966168,99.8,1.058432106467041,0,0.47471645,0.43036237,90,XGBoost (tuned),D,not a siting recommendation
8865050d17fffff,Petaling,3.082488453559563,101.51518760331128,0.0,0.0,1.058432106467041,0,0.0039348165,0.0039444403,3086,XGBoost (tuned),D,not a siting recommendation
886505012dfffff,Petaling,2.98434044141954,101.67287140385513,0.0,0.0,1.058432106467041,0,0.0043539465,0.004707883,2323,XGBoost (tuned),D,not a siting recommendation
88650572e3fffff,Petaling,3.143571375602312,101.52979774354606,0.0,0.0,1.058432106467041,0,0.003983471,0.0039448375,2988,XGBoost (tuned),D,not a siting recommendation
8865050db3fffff,Petaling,3.10293928299814,101.4539509035052,0.0,0.0,1.058432106467041,0,0.0041279593,0.004015357,2654,XGBoost (tuned),D,not a siting recommendation
886505728dfffff,Petaling,3.136203669043224,101.52461500243568,0.0,0.0,1.058432106467041,0,0.0038158912,0.0039448375,3412,XGBoost (tuned),D,not a siting recommendation
8865050997fffff,Petaling,3.129045355829283,101.61409958593968,9201.358001058485,35.0,1.058432106467041,1,0.40914586,0.34000564,121,XGBoost (tuned),D,not a siting recommendation
8865050a9dfffff,Petaling,3.012139885066508,101.61687553534011,0.0,0.0,1.058432106467041,0,0.004183493,0.0033651886,2578,XGBoost (tuned),D,not a siting recommendation
8865057709fffff,Petaling,3.133842516394689,101.45677563029804,1314.4797144369263,8.0,1.058432106467041,0,0.01582982,0.01210444,1286,XGBoost (tuned),D,not a siting recommendation
8865057047fffff,Petaling,3.179694437874833,101.5646636558081,0.0,0.0,1.058432106467041,0,0.0040093865,0.0040257233,2928,XGBoost (tuned),D,not a siting recommendation
8865057045fffff,Petaling,3.1789777835944792,101.57361339324576,7886.878286621558,69.1,1.058432106467041,0,0.05825155,0.16284055,803,XGBoost (tuned),D,not a siting recommendation
8865057005fffff,Petaling,3.195864304765481,101.55713056198618,0.0,0.0,1.058432106467041,0,0.003552099,0.0039723227,3969,XGBoost (tuned),D,not a siting recommendation
88650571cdfffff,Petaling,3.227490966529724,101.55101336438123,3943.439143310779,3.3,1.058432106467041,0,0.014783713,0.026406782,1313,XGBoost (tuned),D,not a siting recommendation
886505711bfffff,Petaling,3.226773573402408,101.55996483160844,1314.4797144369263,7.5,1.058432106467041,0,0.0393112,0.05258717,957,XGBoost (tuned),D,not a siting recommendation
8865050d41fffff,Petaling,3.063469098802698,101.55851128052218,0.0,0.0,1.058432106467041,0,0.004201346,0.003113272,2550,XGBoost (tuned),D,not a siting recommendation
8865050d2bfffff,Petaling,3.0957919792634856,101.5434485808857,0.0,0.0,1.058432106467041,0,0.004201346,0.0030304992,2550,XGBoost (tuned),D,not a siting recommendation
886505723dfffff,Petaling,3.1480751273498973,101.5707783802714,9201.358001058485,89.6,1.058432106467041,1,0.12653223,0.10142757,468,XGBoost (tuned),D,not a siting recommendation
8865057085fffff,Petaling,3.2008809490684635,101.49446925343548,0.0,0.0,1.058432106467041,0,0.0042795576,0.004098444,2433,XGBoost (tuned),D,not a siting recommendation
88650508a5fffff,Petaling,3.1055164467675653,101.61644418833552,5257.918857747705,12.8,1.058432106467041,0,0.084447615,0.060833786,650,XGBoost (tuned),D,not a siting recommendation
88650570d3fffff,Petaling,3.1714031045721187,101.47373633991153,0.0,0.0,1.058432106467041,0,0.004464854,0.0039948863,2162,XGBoost (tuned),D,not a siting recommendation
8865050d65fffff,Petaling,3.09364676490474,101.57029204824352,0.0,0.0,1.058432106467041,0,0.0039326586,0.0030128877,3091,XGBoost (tuned),D,not a siting recommendation
8865050d1dfffff,Petaling,3.0736929874937755,101.5279028230015,0.0,0.0,1.058432106467041,0,0.003911125,0.0038950208,3133,XGBoost (tuned),D,not a siting recommendation
88650508bdfffff,Petaling,3.0915010811001538,101.59713280190074,5257.918857747705,17.5,1.058432106467041,0,0.41138843,0.2977801,119,XGBoost (tuned),D,not a siting recommendation
8865057067fffff,Petaling,3.202515723555836,101.571264872452,0.0,0.0,1.058432106467041,0,0.0037852183,0.0040257233,3441,XGBoost (tuned),D,not a siting recommendation
88650509d7fffff,Petaling,3.11216601887309,101.630573056194,1314.4797144369263,82.4,1.058432106467041,0,0.40841544,0.32911885,122,XGBoost (tuned),D,not a siting recommendation
8865050d69fffff,Petaling,3.078200188712252,101.56887498650978,0.0,0.0,1.058432106467041,0,0.0039326586,0.0030531979,3091,XGBoost (tuned),D,not a siting recommendation
8865050addfffff,Petaling,2.99527208058422,101.63334285979312,0.0,0.0,1.058432106467041,0,0.003655891,0.0034093976,3754,XGBoost (tuned),D,not a siting recommendation
8865057291fffff,Petaling,3.130981992739918,101.49258128881112,0.0,0.0,1.058432106467041,0,0.0036020093,0.0040514506,3821,XGBoost (tuned),D,not a siting recommendation
88650508cdfffff,Petaling,3.057751201453739,101.63007698531077,0.0,0.0,1.058432106467041,0,0.004191427,0.0032329594,2560,XGBoost (tuned),D,not a siting recommendation
8865050d53fffff,Petaling,3.058246534576555,101.52648764086489,0.0,0.0,1.058432106467041,0,0.0035537973,0.0038950208,3944,XGBoost (tuned),D,not a siting recommendation
8865050993fffff,Petaling,3.121679406264262,101.6089166192256,10515.83771549541,10.0,1.058432106467041,0,0.11514528,0.071643494,504,XGBoost (tuned),D,not a siting recommendation
88650572b1fffff,Petaling,3.1538023291438635,101.4991780789572,0.0,0.0,1.058432106467041,0,0.003552099,0.0039948863,3969,XGBoost (tuned),D,not a siting recommendation
8865050d03fffff,Petaling,3.0810592398875336,101.53308459780251,0.0,0.0,1.058432106467041,0,0.0040421737,0.0038950208,2812,XGBoost (tuned),D,not a siting recommendation
88650572c7fffff,Petaling,3.128120614193456,101.52838218063496,0.0,0.0,1.058432106467041,0,0.0036020093,0.0040006964,3821,XGBoost (tuned),D,not a siting recommendation
886505731dfffff,Petaling,3.1768274956239955,101.60046079285922,2628.9594288738526,2.0,1.058432106467041,0,0.0076673687,0.01101112,1540,XGBoost (tuned),D,not a siting recommendation
8865050b53fffff,Petaling,3.0432368470708107,101.71432443916324,0.0,0.0,1.058432106467041,0,0.0038851683,0.003310858,3191,XGBoost (tuned),D,not a siting recommendation
8865050833fffff,Petaling,3.087923902520361,101.64186133001247,11830.317429932336,99.4,1.058432106467041,0,0.37359744,0.2487184,142,XGBoost (tuned),D,not a siting recommendation
8865050a45fffff,Petaling,3.004282492518359,101.71523756026922,1314.4797144369263,1.7,1.058432106467041,0,0.034448132,0.010865793,1004,XGBoost (tuned),D,not a siting recommendation
8865050a95fffff,Petaling,3.020217422189008,101.61311295068924,0.0,0.0,1.058432106467041,0,0.004183493,0.0033235254,2578,XGBoost (tuned),D,not a siting recommendation
88650570d9fffff,Petaling,3.1626024532784625,101.48645781083874,0.0,0.0,1.058432106467041,0,0.0044877073,0.0039948863,2140,XGBoost (tuned),D,not a siting recommendation
8865057287fffff,Petaling,3.1450027338413515,101.51189714318365,0.0,0.0,1.058432106467041,0,0.003552099,0.0039948863,3969,XGBoost (tuned),D,not a siting recommendation
8865050f31fffff,Petaling,3.0406589966358,101.55191346105178,0.0,0.0,1.058432106467041,0,0.0035694386,0.003345903,3881,XGBoost (tuned),D,not a siting recommendation
8865057219fffff,Petaling,3.117891668450428,101.55899563803204,0.0,0.0,1.058432106467041,0,0.004187335,0.0028710943,2568,XGBoost (tuned),D,not a siting recommendation
8865050d07fffff,Petaling,3.0884255706184924,101.5382665171235,0.0,0.0,1.058432106467041,0,0.0042258874,0.0038950208,2517,XGBoost (tuned),D,not a siting recommendation
8865057255fffff,Petaling,3.116460571705697,101.57689180719552,21031.67543099082,93.9,1.058432106467041,1,0.4134432,0.30114752,115,XGBoost (tuned),D,not a siting recommendation
8865050f67fffff,Petaling,3.037802260639344,101.5876970859284,0.0,0.0,1.058432106467041,0,0.0041590016,0.0033264644,2610,XGBoost (tuned),D,not a siting recommendation
8865050f09fffff,Petaling,3.015709433429349,101.57215334758686,0.0,0.0,1.058432106467041,0,0.004233344,0.0033651886,2512,XGBoost (tuned),D,not a siting recommendation
88650572edfffff,Petaling,3.1421398030983485,101.54769714510611,0.0,0.0,1.058432106467041,0,0.0040093865,0.0039448375,2928,XGBoost (tuned),D,not a siting recommendation
886505729dfffff,Petaling,3.1302667281023973,101.50153195969918,0.0,0.0,1.058432106467041,0,0.004293821,0.0040514506,2423,XGBoost (tuned),D,not a siting recommendation
8865050f35fffff,Petaling,3.048024099179063,101.55709484704084,0.0,0.0,1.058432106467041,0,0.0042413715,0.0033104694,2474,XGBoost (tuned),D,not a siting recommendation
8865057065fffff,Petaling,3.201798617076751,101.58021502233557,3943.439143310779,7.4,1.058432106467041,0,0.08374,0.16293226,654,XGBoost (tuned),D,not a siting recommendation
8865057231fffff,Petaling,3.148791215395466,101.56182939393894,0.0,1.2,1.058432106467041,0,0.012179197,0.011687098,1393,XGBoost (tuned),D,not a siting recommendation
88650501a7fffff,Petaling,2.998127078770019,101.59756963813398,0.0,0.0,1.058432106467041,0,0.0039989427,0.0034093976,2970,XGBoost (tuned),D,not a siting recommendation
8865050f41fffff,Petaling,3.0069179820744654,101.58486209812462,0.0,0.0,1.058432106467041,0,0.004213453,0.0034093976,2530,XGBoost (tuned),D,not a siting recommendation
88650570ebfffff,Petaling,3.1920786584887284,101.50719045708502,0.0,0.0,1.058432106467041,0,0.004007443,0.0040220562,2934,XGBoost (tuned),D,not a siting recommendation
88650508d3fffff,Petaling,3.053245802055072,101.58911476952144,0.0,0.0,1.058432106467041,0,0.004160213,0.0032329594,2607,XGBoost (tuned),D,not a siting recommendation
8865050a13fffff,Petaling,3.0085690877152635,101.66159013383717,0.0,0.0,1.058432106467041,0,0.0039445898,0.0033651886,3074,XGBoost (tuned),D,not a siting recommendation
886505085dfffff,Petaling,3.046812613237683,101.66961357510424,6572.398572184631,24.5,1.058432106467041,1,0.24567212,0.17326498,253,XGBoost (tuned),D,not a siting recommendation
8865050abbfffff,Petaling,3.0282953233318946,101.60935013443944,0.0,0.0,1.058432106467041,0,0.0039015145,0.0033264644,3159,XGBoost (tuned),D,not a siting recommendation
8865050a1dfffff,Petaling,3.007140420694803,101.67947383647758,0.0,0.0,1.058432106467041,0,0.0039445898,0.003393403,3074,XGBoost (tuned),D,not a siting recommendation
8865050f4bfffff,Petaling,2.999554279855805,101.5796812098177,0.0,0.0,1.058432106467041,0,0.003655891,0.0034093976,3754,XGBoost (tuned),D,not a siting recommendation
8865050a2bfffff,Petaling,3.0292271986287567,101.6950188377464,0.0,0.0,1.058432106467041,0,0.004027708,0.003310858,2846,XGBoost (tuned),D,not a siting recommendation
8865057029fffff,Petaling,3.2032327752216747,101.56231442080052,0.0,0.0,1.058432106467041,0,0.004001817,0.0040257233,2966,XGBoost (tuned),D,not a siting recommendation
8865050a17fffff,Petaling,3.015931606959365,101.66677159110463,0.0,0.0,1.058432106467041,0,0.0041845385,0.0033494013,2571,XGBoost (tuned),D,not a siting recommendation
886505722bfffff,Petaling,3.147358985817874,101.57972706495876,35490.95228979701,45.4,1.058432106467041,1,0.39013392,0.29311177,130,XGBoost (tuned),D,not a siting recommendation
8865050991fffff,Petaling,3.12096345238024,101.61786337880916,19717.19571655389,61.4,1.058432106467041,0,0.6519024,0.5751747,30,XGBoost (tuned),D,not a siting recommendation
8865050a35fffff,Petaling,3.0380196300022035,101.68231681617723,0.0,0.0,1.058432106467041,0,0.004027708,0.003310858,2846,XGBoost (tuned),D,not a siting recommendation
8865050aa9fffff,Petaling,3.033515636250538,101.64136344759214,0.0,0.0,1.058432106467041,0,0.0036003857,0.0033264644,3842,XGBoost (tuned),D,not a siting recommendation
886505725dfffff,Petaling,3.108378808245824,101.58065683174284,6572.398572184631,27.1,1.058432106467041,1,0.49600053,0.255278,81,XGBoost (tuned),D,not a siting recommendation
8865050da1fffff,Petaling,3.1081632986116534,101.48598527278416,0.0,0.0,1.058432106467041,0,0.0042222966,0.004015357,2521,XGBoost (tuned),D,not a siting recommendation
8865050da9fffff,Petaling,3.100080993302309,101.48975355057286,0.0,0.0,1.058432106467041,0,0.0045386706,0.004015357,2095,XGBoost (tuned),D,not a siting recommendation
8865057099fffff,Petaling,3.179488394374935,101.46996665716082,0.0,0.0,1.058432106467041,0,0.0044877073,0.0039948863,2140,XGBoost (tuned),D,not a siting recommendation
8865057311fffff,Petaling,3.1775443124099816,101.59151196219268,0.0,0.0,1.058432106467041,0,0.003818691,0.0040257233,3403,XGBoost (tuned),D,not a siting recommendation
8865050f0dfffff,Petaling,3.0230736296505,101.57733444998534,0.0,0.0,1.058432106467041,0,0.004233344,0.0033235254,2512,XGBoost (tuned),D,not a siting recommendation
8865057241fffff,Petaling,3.1150292642141264,101.59478676885588,26289.594288738524,204.5,1.058432106467041,0,0.31596366,0.24350153,184,XGBoost (tuned),D,not a siting recommendation
8865050a29fffff,Petaling,3.028512283626802,101.70396032972629,0.0,0.0,1.058432106467041,0,0.004286956,0.003310858,2426,XGBoost (tuned),D,not a siting recommendation
8865050d59fffff,Petaling,3.0494524950699584,101.53920115432528,0.0,0.0,1.058432106467041,0,0.0042583277,0.0033104694,2455,XGBoost (tuned),D,not a siting recommendation
8865050b59fffff,Petaling,3.0344442082356413,101.72702443952764,0.0,0.9,1.058432106467041,0,0.005577002,0.0055003124,1754,XGBoost (tuned),D,not a siting recommendation
886505733bfffff,Petaling,3.1929964458139604,101.59293040936488,69917.17601089973,194.8,1.058432106467041,0,0.21452262,0.19973212,295,XGBoost (tuned),D,not a siting recommendation
8865050d43fffff,Petaling,3.0641836049318707,101.54956420890464,0.0,0.0,1.058432106467041,0,0.003911125,0.003113272,3133,XGBoost (tuned),D,not a siting recommendation
8865050a9bfffff,Petaling,3.0054904469447026,101.60275059903697,0.0,0.0,1.058432106467041,0,0.003655891,0.0034093976,3754,XGBoost (tuned),D,not a siting recommendation
8865050a2dfffff,Petaling,3.0358745273393373,101.70914231365272,0.0,0.0,1.058432106467041,0,0.003600526,0.003310858,3837,XGBoost (tuned),D,not a siting recommendation
8865050ae5fffff,Petaling,3.0320863578889945,101.65924980118226,0.0,0.0,1.058432106467041,0,0.0038484803,0.0033264644,3329,XGBoost (tuned),D,not a siting recommendation
88650508bbfffff,Petaling,3.0848507901956848,101.58300393685424,0.0,0.0,1.058432106467041,0,0.0038887039,0.0030128877,3187,XGBoost (tuned),D,not a siting recommendation
8865057267fffff,Petaling,3.1459265425302805,101.59762352771314,19717.19571655389,18.0,1.058432106467041,0,0.1323984,0.09068513,454,XGBoost (tuned),D,not a siting recommendation
8865050a8bfffff,Petaling,3.0114258252815347,101.6258190638615,0.0,0.0,1.058432106467041,0,0.004076289,0.0033651886,2753,XGBoost (tuned),D,not a siting recommendation
8865050d23fffff,Petaling,3.103873599520379,101.53968232772748,0.0,0.0,1.058432106467041,0,0.0040244674,0.003965053,2856,XGBoost (tuned),D,not a siting recommendation
88650572a7fffff,Petaling,3.1678234140674677,101.5184951408943,0.0,0.0,1.058432106467041,0,0.0038521234,0.0040586996,3316,XGBoost (tuned),D,not a siting recommendation
88650508b1fffff,Petaling,3.0922163610977766,101.58818618623914,0.0,0.6,1.058432106467041,0,0.011847542,0.007937664,1406,XGBoost (tuned),D,not a siting recommendation
8865050f49fffff,Petaling,2.998840704195482,101.58862557508265,0.0,0.0,1.058432106467041,0,0.0041026226,0.0034093976,2707,XGBoost (tuned),D,not a siting recommendation
88650508edfffff,Petaling,3.0805593420477666,101.6366788663987,13144.797144369262,63.9,1.058432106467041,0,0.14679942,0.13418506,420,XGBoost (tuned),D,not a siting recommendation
8865050ab3fffff,Petaling,3.036373588094062,101.60558708660189,0.0,0.0,1.058432106467041,0,0.0040439693,0.0033264644,2806,XGBoost (tuned),D,not a siting recommendation
88650572b5fffff,Petaling,3.161170857112271,101.50436095566248,0.0,0.0,1.058432106467041,0,0.0042850776,0.0039948863,2429,XGBoost (tuned),D,not a siting recommendation
88650570adfffff,Petaling,3.2156203191517414,101.50483658207494,0.0,0.0,1.058432106467041,0,0.003552099,0.0040220562,3969,XGBoost (tuned),D,not a siting recommendation
8865057009fffff,Petaling,3.180411037868509,101.55571361695628,0.0,0.0,1.058432106467041,0,0.003967605,0.0039723227,3027,XGBoost (tuned),D,not a siting recommendation
8865050e65fffff,Petaling,2.985540310327951,101.56037527108508,0.0,0.0,1.058432106467041,0,0.004195997,0.003614354,2555,XGBoost (tuned),D,not a siting recommendation
8865057021fffff,Petaling,3.21131848400892,101.55854763353184,0.0,0.0,1.058432106467041,0,0.003967605,0.0039723227,3027,XGBoost (tuned),D,not a siting recommendation
8865050a89fffff,Petaling,3.010711715595469,101.6347622883921,0.0,0.0,1.058432106467041,0,0.0039791656,0.0033651886,3000,XGBoost (tuned),D,not a siting recommendation
88650508e9fffff,Petaling,3.073194857483594,101.6314965456004,21031.67543099082,69.7,1.058432106467041,0,0.11848813,0.14362675,490,XGBoost (tuned),D,not a siting recommendation
88650508ebfffff,Petaling,3.0739100594104167,101.62255151834042,24975.1145743016,21.4,1.058432106467041,0,0.07671156,0.06631879,692,XGBoost (tuned),D,not a siting recommendation
886505754dfffff,Petaling,3.180920113547451,101.45206038084436,0.0,0.0,1.058432106467041,0,0.004446093,0.0039948863,2196,XGBoost (tuned),D,not a siting recommendation
886505766dfffff,Petaling,3.095571210562463,101.44876923035896,3943.439143310779,2.4,1.058432106467041,0,0.011667067,0.016212322,1412,XGBoost (tuned),D,not a siting recommendation
88650572b3fffff,Petaling,3.1545179871765643,101.49022669464146,0.0,0.0,1.058432106467041,0,0.0044877073,0.0039948863,2140,XGBoost (tuned),D,not a siting recommendation
8865050a6bfffff,Petaling,3.0123587236098475,101.71147871559026,0.0,0.0,1.058432106467041,0,0.003925081,0.0033494013,3109,XGBoost (tuned),D,not a siting recommendation
88650508b7fffff,Petaling,3.100297404575782,101.58442162476108,1314.4797144369263,3.4,1.058432106467041,0,0.12492739,0.13712364,473,XGBoost (tuned),D,not a siting recommendation
88650570e3fffff,Petaling,3.2001644505145577,101.50342176672191,0.0,0.0,1.058432106467041,0,0.0041021374,0.0040220562,2710,XGBoost (tuned),D,not a siting recommendation
8865050a99fffff,Petaling,3.004776604557031,101.61169439536528,0.0,0.0,1.058432106467041,0,0.0042254496,0.0034093976,2520,XGBoost (tuned),D,not a siting recommendation
88650501a3fffff,Petaling,2.990763790790548,101.59238882061808,0.0,0.0,1.058432106467041,0,0.0042048586,0.0035137949,2540,XGBoost (tuned),D,not a siting recommendation
886505724bfffff,Petaling,3.107663296437493,101.58960412500164,43377.83057641856,63.2,1.058432106467041,1,0.6357458,0.5605177,35,XGBoost (tuned),D,not a siting recommendation
8865050f4dfffff,Petaling,3.0062042394699824,101.59380649981657,0.0,0.0,1.058432106467041,0,0.0042757983,0.0034093976,2438,XGBoost (tuned),D,not a siting recommendation
8865050ab7fffff,Petaling,3.0437376867712977,101.61076869213969,0.0,0.0,1.058432106467041,0,0.0036003857,0.0033264644,3842,XGBoost (tuned),D,not a siting recommendation
8865057339fffff,Petaling,3.1922793447281714,101.60187961532856,69917.17601089973,77.7,1.058432106467041,0,0.110719696,0.116428755,523,XGBoost (tuned),D,not a siting recommendation
8865050f3bfffff,Petaling,3.0332939736328286,101.54673221923764,0.0,0.0,1.058432106467041,0,0.0041590016,0.003345903,2610,XGBoost (tuned),D,not a siting recommendation
8865050121fffff,Petaling,2.985054343787,101.66393011363763,1314.4797144369263,4.199999999999999,1.058432106467041,0,0.021862231,0.02980104,1157,XGBoost (tuned),D,not a siting recommendation
8865050d15fffff,Petaling,3.081773872765384,101.52413625021718,0.0,0.0,1.058432106467041,0,0.0036020093,0.0038950208,3821,XGBoost (tuned),D,not a siting recommendation
88650570e1fffff,Petaling,3.1994478968895192,101.51237398145204,0.0,0.0,1.058432106467041,0,0.0038521234,0.0040220562,3316,XGBoost (tuned),D,not a siting recommendation
8865050ac1fffff,Petaling,3.0019207375507424,101.64746654334998,0.0,0.0,1.058432106467041,0,0.0042411545,0.0034093976,2477,XGBoost (tuned),D,not a siting recommendation
8865050f59fffff,Petaling,2.992904017427785,101.56555583496802,0.0,0.0,1.058432106467041,0,0.0043206327,0.003534324,2365,XGBoost (tuned),D,not a siting recommendation
88650572c5fffff,Petaling,3.127405136421054,101.5373316556314,0.0,0.0,1.058432106467041,0,0.0039126095,0.0040006964,3129,XGBoost (tuned),D,not a siting recommendation
886505708bfffff,Petaling,3.1861418764118343,101.48410250583773,0.0,0.0,1.058432106467041,0,0.0043051643,0.0040476774,2417,XGBoost (tuned),D,not a siting recommendation
88650572b9fffff,Petaling,3.1457183324643205,101.50294639450604,0.0,0.0,1.058432106467041,0,0.004146935,0.0039948863,2632,XGBoost (tuned),D,not a siting recommendation
8865057747fffff,Petaling,3.133127465832871,101.46572749032616,0.0,0.0,1.058432106467041,0,0.003552099,0.0040514506,3969,XGBoost (tuned),D,not a siting recommendation
8865057313fffff,Petaling,3.178261075086505,101.58256282884774,9201.358001058485,9.6,1.058432106467041,0,0.03339883,0.06685791,1017,XGBoost (tuned),D,not a siting recommendation
88650501bdfffff,Petaling,2.9834005834289368,101.5872081465681,0.0,0.0,1.058432106467041,0,0.0058178,0.00461929,1710,XGBoost (tuned),D,not a siting recommendation
8865050a53fffff,Petaling,2.9917022201423946,101.67805253661906,0.0,0.0,1.058432106467041,0,0.004394493,0.0034973125,2273,XGBoost (tuned),D,not a siting recommendation
8865057351fffff,Petaling,3.16065997461325,101.60799024937808,11830.317429932336,35.8,1.058432106467041,1,0.34080854,0.32397726,163,XGBoost (tuned),D,not a siting recommendation
8865057263fffff,Petaling,3.138559937521362,101.59244038211388,3943.439143310779,4.8,1.058432106467041,0,0.038534943,0.02666412,963,XGBoost (tuned),D,not a siting recommendation
88650508e7fffff,Petaling,3.089354929435595,101.62397083048997,18402.71600211697,69.0,1.058432106467041,1,0.25039637,0.24469936,246,XGBoost (tuned),D,not a siting recommendation
8865050d6dfffff,Petaling,3.085565850289993,101.57405705543636,0.0,0.0,1.058432106467041,0,0.0039326586,0.0030128877,3091,XGBoost (tuned),D,not a siting recommendation
8865057215fffff,Petaling,3.1333409813845026,101.5604124527478,0.0,0.0,1.058432106467041,0,0.003552099,0.0028710943,3969,XGBoost (tuned),D,not a siting recommendation
8865050881fffff,Petaling,3.075340308890369,101.60466055238456,19717.19571655389,29.6,1.058432106467041,0,0.18086417,0.15933125,358,XGBoost (tuned),D,not a siting recommendation
88650570e5fffff,Petaling,3.2068172092821032,101.51755765078376,0.0,0.0,1.058432106467041,0,0.0040251976,0.0040220562,2851,XGBoost (tuned),D,not a siting recommendation
886505709bfffff,Petaling,3.1802042813510747,101.46101366725937,0.0,0.0,1.058432106467041,0,0.004317237,0.0039948863,2371,XGBoost (tuned),D,not a siting recommendation
8865050ad5fffff,Petaling,3.003348770428167,101.62958107766396,0.0,0.0,1.058432106467041,0,0.0039989427,0.0034093976,2970,XGBoost (tuned),D,not a siting recommendation
8865050ae9fffff,Petaling,3.0166460343954467,101.65782924674106,0.0,0.0,1.058432106467041,0,0.0041845385,0.0033651886,2571,XGBoost (tuned),D,not a siting recommendation
8865050da7fffff,Petaling,3.116245962043632,101.4822167640353,0.0,0.0,1.058432106467041,0,0.0044968617,0.0040514506,2126,XGBoost (tuned),D,not a siting recommendation
8865050849fffff,Petaling,3.045382458044235,101.6874988420284,1314.4797144369263,12.2,1.058432106467041,0,0.21549699,0.22649348,294,XGBoost (tuned),D,not a siting recommendation
8865050f55fffff,Petaling,3.0083453172874464,101.56697238900873,0.0,0.0,1.058432106467041,0,0.004043739,0.0033848525,2808,XGBoost (tuned),D,not a siting recommendation
88650572a3fffff,Petaling,3.1604549778289464,101.5133120804904,0.0,0.0,1.058432106467041,0,0.0038521234,0.0039948863,3316,XGBoost (tuned),D,not a siting recommendation
8865057245fffff,Petaling,3.1223953074824293,101.59996955624496,22346.155145427747,221.9,1.058432106467041,0,0.3736488,0.4228349,141,XGBoost (tuned),D,not a siting recommendation
8865050d67fffff,Petaling,3.094361888596605,101.56134452675168,0.0,0.0,1.058432106467041,0,0.0036020093,0.0030304992,3821,XGBoost (tuned),D,not a siting recommendation
886505099bfffff,Petaling,3.113597746446348,101.61268051964446,3943.439143310779,139.7,1.058432106467041,1,0.3400929,0.49007833,165,XGBoost (tuned),D,not a siting recommendation
8865050981fffff,Petaling,3.126896829166532,101.640939058874,49950.2291486032,66.5,1.058432106467041,1,0.3113178,0.20502284,187,XGBoost (tuned),D,not a siting recommendation
88650570cdfffff,Petaling,3.175908139861648,101.51472714418252,0.0,0.0,1.058432106467041,0,0.003890607,0.0040220562,3185,XGBoost (tuned),D,not a siting recommendation
8865057269fffff,Petaling,3.1297614258191158,101.60515248709,69917.17601089973,74.2,1.058432106467041,0,0.07087412,0.056791008,732,XGBoost (tuned),D,not a siting recommendation
8865057201fffff,Petaling,3.131909318270676,101.57830937281904,0.0,0.4,1.058432106467041,0,0.00454677,0.0032539743,2093,XGBoost (tuned),D,not a siting recommendation
88650508c1fffff,Petaling,3.058466117772624,101.62113233276584,0.0,0.0,1.058432106467041,0,0.003921285,0.0032329594,3115,XGBoost (tuned),D,not a siting recommendation
88650572e9fffff,Petaling,3.1347724317990004,101.54251432816277,0.0,0.0,1.058432106467041,0,0.003983471,0.0040006964,2988,XGBoost (tuned),D,not a siting recommendation
8865057261fffff,Petaling,3.137843804708598,101.60138812324882,9201.358001058485,16.2,1.058432106467041,0,0.18874362,0.13228942,344,XGBoost (tuned),D,not a siting recommendation
88650508cbfffff,Petaling,3.051101863471783,101.61595044088727,0.0,0.0,1.058432106467041,0,0.0038990409,0.0032912362,3167,XGBoost (tuned),D,not a siting recommendation
8865050a97fffff,Petaling,3.020931549460921,101.60416877957374,0.0,0.0,1.058432106467041,0,0.0036506893,0.0033235254,3758,XGBoost (tuned),D,not a siting recommendation
88650501b7fffff,Petaling,2.992190658197077,101.57450046519328,0.0,0.0,1.058432106467041,0,0.0043616034,0.0035137949,2302,XGBoost (tuned),D,not a siting recommendation
8865057015fffff,Petaling,3.189929171924533,101.5340451908078,0.0,0.0,1.058432106467041,0,0.004032811,0.003997551,2833,XGBoost (tuned),D,not a siting recommendation
88650571d3fffff,Petaling,3.222990114668765,101.51002046408844,0.0,0.0,1.058432106467041,0,0.003552099,0.0040220562,3969,XGBoost (tuned),D,not a siting recommendation
88650572b7fffff,Petaling,3.161886682281751,101.49540953230458,0.0,0.0,1.058432106467041,0,0.0042850776,0.0039948863,2429,XGBoost (tuned),D,not a siting recommendation
88650570cbfffff,Petaling,3.1692554533147925,101.50059251517824,0.0,0.0,1.058432106467041,0,0.003552099,0.0039948863,3969,XGBoost (tuned),D,not a siting recommendation
8865050a43fffff,Petaling,2.997635451101856,101.70111560712736,0.0,0.0,1.058432106467041,0,0.004124317,0.003393403,2662,XGBoost (tuned),D,not a siting recommendation
88650572e1fffff,Petaling,3.142855616104002,101.53874759438725,0.0,0.0,1.058432106467041,0,0.003552099,0.0039448375,3969,XGBoost (tuned),D,not a siting recommendation
88650508a3fffff,Petaling,3.0988665603830925,101.6023152311114,34176.47257536009,134.0,1.058432106467041,1,0.5316136,0.6776832,70,XGBoost (tuned),D,not a siting recommendation
8865057223fffff,Petaling,3.1554423126089883,101.57596156001073,69917.17601089973,125.7,1.058432106467041,1,0.3598912,0.37183732,153,XGBoost (tuned),D,not a siting recommendation
8865050f27fffff,Petaling,3.054674839097857,101.57122280955974,0.0,0.0,1.058432106467041,0,0.0042413715,0.0032329594,2474,XGBoost (tuned),D,not a siting recommendation
8865057297fffff,Petaling,3.139065502137544,101.48881276104969,0.0,0.0,1.058432106467041,0,0.0044292063,0.0039948863,2201,XGBoost (tuned),D,not a siting recommendation
886505700bfffff,Petaling,3.1811275835164534,101.5467632771118,0.0,0.0,1.058432106467041,0,0.003967605,0.0039723227,3027,XGBoost (tuned),D,not a siting recommendation
8865057057fffff,Petaling,3.173759333571005,101.54157985120943,0.0,0.0,1.058432106467041,0,0.0040093865,0.003997551,2928,XGBoost (tuned),D,not a siting recommendation
8865050d33fffff,Petaling,3.0979367225909886,101.51660241120165,0.0,0.0,1.058432106467041,0,0.0042517902,0.0039444403,2458,XGBoost (tuned),D,not a siting recommendation
8865050c25fffff,Petaling,3.058960719410376,101.51753970727412,0.0,0.0,1.058432106467041,0,0.0042839465,0.0038950208,2431,XGBoost (tuned),D,not a siting recommendation
8865050dddfffff,Petaling,3.061816942587769,101.48174498745313,1314.4797144369263,39.3,1.058432106467041,1,0.0892454,0.051998746,618,XGBoost (tuned),D,not a siting recommendation
8865050815fffff,Petaling,3.0717642995497765,101.6493856865819,69917.17601089973,227.3,1.058432106467041,0,0.36134323,0.26803768,151,XGBoost (tuned),D,not a siting recommendation
8865050d29fffff,Petaling,3.0950769600690893,101.55239670415862,0.0,0.0,1.058432106467041,0,0.004201346,0.0030304992,2550,XGBoost (tuned),D,not a siting recommendation
8865057033fffff,Petaling,3.206100432569653,101.52650960494898,0.0,0.0,1.058432106467041,0,0.0040251976,0.0040220562,2851,XGBoost (tuned),D,not a siting recommendation
88650570c7fffff,Petaling,3.1847094945035,101.50200707776142,0.0,0.0,1.058432106467041,0,0.0041021374,0.0040220562,2710,XGBoost (tuned),D,not a siting recommendation
886505726dfffff,Petaling,3.137127618800865,101.6103355613122,5257.918857747705,27.4,1.058432106467041,1,0.39870542,0.35213363,127,XGBoost (tuned),D,not a siting recommendation
88650572d5fffff,Petaling,3.121468485207137,101.51424995441664,0.0,0.0,1.058432106467041,0,0.0038985482,0.0040514506,3171,XGBoost (tuned),D,not a siting recommendation
8865050137fffff,Petaling,2.987195756150387,101.637104410238,0.0,0.0,1.058432106467041,0,0.004265463,0.003593362,2448,XGBoost (tuned),D,not a siting recommendation
8865057055fffff,Petaling,3.173042956231007,101.55053015348908,0.0,0.0,1.058432106467041,0,0.0040093865,0.0039723227,2928,XGBoost (tuned),D,not a siting recommendation
88650572c1fffff,Petaling,3.120037917387921,101.53214912759088,0.0,0.0,1.058432106467041,0,0.0040414366,0.0040006964,2818,XGBoost (tuned),D,not a siting recommendation
8865050895fffff,Petaling,3.0767703521474647,101.58676837398544,0.0,0.0,1.058432106467041,0,0.0036332377,0.0030354545,3766,XGBoost (tuned),D,not a siting recommendation
8865050db7fffff,Petaling,3.110307434749505,101.45913272249128,0.0,0.0,1.058432106467041,0,0.0044693556,0.004015357,2158,XGBoost (tuned),D,not a siting recommendation
8865050ab5fffff,Petaling,3.043023106710914,101.61971327375106,0.0,0.0,1.058432106467041,0,0.0036003857,0.0033264644,3842,XGBoost (tuned),D,not a siting recommendation
8865050d47fffff,Petaling,3.071549278028571,101.55474595258497,0.0,0.0,1.058432106467041,0,0.0035537973,0.0030531979,3944,XGBoost (tuned),D,not a siting recommendation
8865057321fffff,Petaling,3.206297170763569,101.62119681668536,17088.236287680043,165.7,1.058432106467041,0,0.06592097,0.13201377,766,XGBoost (tuned),D,not a siting recommendation
88650509bbfffff,Petaling,3.1364113798571003,101.61928269588304,19717.19571655389,231.8,1.058432106467041,1,0.3402005,0.43136048,164,XGBoost (tuned),D,not a siting recommendation
8865050a07fffff,Petaling,3.02186486213004,101.68983702874068,0.0,0.0,1.058432106467041,0,0.003901325,0.0033079325,3161,XGBoost (tuned),D,not a siting recommendation
8865050893fffff,Petaling,3.070119879821044,101.57263986927032,0.0,0.0,1.058432106467041,0,0.0039326586,0.0030354545,3091,XGBoost (tuned),D,not a siting recommendation
8865050a0dfffff,Petaling,3.013073399573908,101.70253790506996,0.0,0.0,1.058432106467041,0,0.003925081,0.0033494013,3109,XGBoost (tuned),D,not a siting recommendation
8865050f01fffff,Petaling,3.0237875556434237,101.56838906944412,0.0,0.0,1.058432106467041,0,0.004079366,0.0033429465,2729,XGBoost (tuned),D,not a siting recommendation
88650570d1fffff,Petaling,3.170687275246766,101.48268869599656,0.0,0.0,1.058432106467041,0,0.003552099,0.0039948863,3969,XGBoost (tuned),D,not a siting recommendation
8865050c67fffff,Petaling,3.0428010138327,101.5250725850662,0.0,0.0,1.058432106467041,0,0.0042583277,0.0038950208,2455,XGBoost (tuned),D,not a siting recommendation
8865057233fffff,Petaling,3.149507249895655,101.5528801063828,0.0,0.0,1.058432106467041,0,0.0038671803,0.004008515,3244,XGBoost (tuned),D,not a siting recommendation
8865050b57fffff,Petaling,3.050599242398468,101.7195067061789,1314.4797144369263,2.9000000000000004,1.058432106467041,0,0.065900154,0.069946,767,XGBoost (tuned),D,not a siting recommendation
88650572ebfffff,Petaling,3.1354880770968303,101.53356481523116,0.0,0.0,1.058432106467041,0,0.0038158912,0.0040006964,3412,XGBoost (tuned),D,not a siting recommendation
8865050859fffff,Petaling,3.0394494470984657,101.66443161698167,0.0,0.0,1.058432106467041,0,0.004076289,0.003341479,2753,XGBoost (tuned),D,not a siting recommendation
8865050f45fffff,Petaling,3.0142817644303714,101.59004313003526,0.0,0.0,1.058432106467041,0,0.004233344,0.0033651886,2512,XGBoost (tuned),D,not a siting recommendation
8865050d01fffff,Petaling,3.080344554984648,101.5420326456458,0.0,0.0,1.058432106467041,0,0.003911125,0.0030531979,3133,XGBoost (tuned),D,not a siting recommendation
8865057007fffff,Petaling,3.196581132859808,101.54817984636796,0.0,0.0,1.058432106467041,0,0.0038521234,0.0039723227,3316,XGBoost (tuned),D,not a siting recommendation
886505774dfffff,Petaling,3.124328983195384,101.4784480243376,0.0,0.0,1.058432106467041,0,0.004464854,0.0040514506,2162,XGBoost (tuned),D,not a siting recommendation
88650509cbfffff,Petaling,3.102653249498524,101.6522266853709,6572.398572184631,36.4,1.058432106467041,0,0.4505265,0.32345417,102,XGBoost (tuned),D,not a siting recommendation
88650508b3fffff,Petaling,3.0929315890522178,101.57923926821309,0.0,0.0,1.058432106467041,0,0.0036332377,0.0030128877,3766,XGBoost (tuned),D,not a siting recommendation
8865050c35fffff,Petaling,3.053022587322595,101.49446168037684,0.0,0.0,1.058432106467041,0,0.0043524522,0.0039444403,2325,XGBoost (tuned),D,not a siting recommendation
8865050a63fffff,Petaling,3.020435320779475,101.707719638739,0.0,0.0,1.058432106467041,0,0.004027708,0.0033079325,2846,XGBoost (tuned),D,not a siting recommendation
8865057743fffff,Petaling,3.1257589124240805,101.460545274184,0.0,0.0,1.058432106467041,0,0.0044968617,0.0040514506,2126,XGBoost (tuned),D,not a siting recommendation
8865050a09fffff,Petaling,3.005711555473199,101.69735631307412,0.0,0.0,1.058432106467041,0,0.004344952,0.003393403,2337,XGBoost (tuned),D,not a siting recommendation
8865050ad7fffff,Petaling,3.0040627123653807,101.62063788838108,0.0,0.0,1.058432106467041,0,0.0039989427,0.0034093976,2970,XGBoost (tuned),D,not a siting recommendation
8865057769fffff,Petaling,3.1397808264441176,101.47986145526173,0.0,0.0,1.058432106467041,0,0.003552099,0.0039948863,3969,XGBoost (tuned),D,not a siting recommendation
8865057063fffff,Petaling,3.1951474219546068,101.56608097651656,0.0,0.0,1.058432106467041,0,0.0038521234,0.0040257233,3316,XGBoost (tuned),D,not a siting recommendation
8865050f2dfffff,Petaling,3.0458811221739213,101.5839331289438,0.0,0.0,1.058432106467041,0,0.0041590016,0.0033264644,2610,XGBoost (tuned),D,not a siting recommendation
886505706bfffff,Petaling,3.1870624246111112,101.5698473006687,0.0,0.0,1.058432106467041,0,0.0038671803,0.0040257233,3244,XGBoost (tuned),D,not a siting recommendation
886505729bfffff,Petaling,3.1236139385515336,101.48739895376896,0.0,0.0,1.058432106467041,0,0.004214171,0.0040514506,2524,XGBoost (tuned),D,not a siting recommendation
8865050f5dfffff,Petaling,3.000267805692611,101.57073654275982,0.0,0.0,1.058432106467041,0,0.003655891,0.0034093976,3754,XGBoost (tuned),D,not a siting recommendation
8865050b5bfffff,Petaling,3.035159392814587,101.7180835307808,0.0,0.0,1.058432106467041,0,0.0038484803,0.003310858,3329,XGBoost (tuned),D,not a siting recommendation
88650572d9fffff,Petaling,3.1060186863402026,101.512835144993,0.0,0.0,1.058432106467041,0,0.0036020093,0.004015357,3821,XGBoost (tuned),D,not a siting recommendation
8865050da5fffff,Petaling,3.1155310306616517,101.49116735654268,0.0,0.0,1.058432106467041,0,0.004492381,0.004015357,2131,XGBoost (tuned),D,not a siting recommendation
886505701dfffff,Petaling,3.181844074759601,101.5378126366964,0.0,0.0,1.058432106467041,0,0.0038521234,0.003997551,3316,XGBoost (tuned),D,not a siting recommendation
886505088dfffff,Petaling,3.0746252098989086,101.61360618712824,36805.43200423394,66.1,1.058432106467041,0,0.59027815,0.4665066,47,XGBoost (tuned),D,not a siting recommendation
886505704dfffff,Petaling,3.1708934993078848,101.57737925423656,69917.17601089973,89.7,1.058432106467041,0,0.21583658,0.18679732,293,XGBoost (tuned),D,not a siting recommendation
8865057295fffff,Petaling,3.138350124185334,101.49776376908304,0.0,0.0,1.058432106467041,0,0.004216927,0.0039948863,2523,XGBoost (tuned),D,not a siting recommendation
8865050d11fffff,Petaling,3.074407453655411,101.51895451361082,0.0,0.0,1.058432106467041,0,0.0042258874,0.0038950208,2517,XGBoost (tuned),D,not a siting recommendation
8865050dadfffff,Petaling,3.1074484806799623,101.49493552831464,0.0,0.0,1.058432106467041,0,0.0043235878,0.004015357,2364,XGBoost (tuned),D,not a siting recommendation
8865050a61fffff,Petaling,3.019720475459238,101.71666048214928,0.0,0.0,1.058432106467041,0,0.004027708,0.0033079325,2846,XGBoost (tuned),D,not a siting recommendation
8865050ac5fffff,Petaling,3.009283346753868,101.65264782380004,0.0,0.0,1.058432106467041,0,0.004076289,0.0033651886,2753,XGBoost (tuned),D,not a siting recommendation
88650501b1fffff,Petaling,2.984113875201837,101.57826415629798,0.0,0.0,1.058432106467041,0,0.0042706123,0.00461929,2445,XGBoost (tuned),D,not a siting recommendation
8865050a51fffff,Petaling,2.9909881002767915,101.68699355441773,0.0,0.0,1.058432106467041,0,0.0044242134,0.0034973125,2213,XGBoost (tuned),D,not a siting recommendation
8865050a37fffff,Petaling,3.038734563723974,101.67337436972072,0.0,0.0,1.058432106467041,0,0.003563286,0.003310858,3937,XGBoost (tuned),D,not a siting recommendation
88650572c3fffff,Petaling,3.120753227817304,101.52319969067736,0.0,0.0,1.058432106467041,0,0.0040414366,0.0040006964,2818,XGBoost (tuned),D,not a siting recommendation
8865050f3dfffff,Petaling,3.039944888919741,101.56085981915994,0.0,0.0,1.058432106467041,0,0.003926365,0.003345903,3107,XGBoost (tuned),D,not a siting recommendation
8865050db1fffff,Petaling,3.1022247898129693,101.4629020103878,0.0,0.0,1.058432106467041,0,0.0042777555,0.004015357,2437,XGBoost (tuned),D,not a siting recommendation
88650571c9fffff,Petaling,3.2201217721057454,101.5458291849472,5257.918857747705,3.0,1.058432106467041,0,0.01757285,0.022595344,1227,XGBoost (tuned),D,not a siting recommendation
88650508b9fffff,Petaling,3.0841356782139,101.59195051616582,1314.4797144369263,2.2,1.058432106467041,0,0.061204154,0.033705954,788,XGBoost (tuned),D,not a siting recommendation
8865057359fffff,Petaling,3.152576751057225,101.61175462999394,3943.439143310779,32.6,1.058432106467041,0,0.66636384,0.611226,24,XGBoost (tuned),D,not a siting recommendation
88650572cdfffff,Petaling,3.1193225539777814,101.5410982647355,0.0,0.0,1.058432106467041,0,0.0036020093,0.0040006964,3821,XGBoost (tuned),D,not a siting recommendation
8865050a4dfffff,Petaling,2.996206627905331,101.71899617276505,1314.4797144369263,6.8,1.058432106467041,0,0.07473724,0.026500154,702,XGBoost (tuned),D,not a siting recommendation
88650572a5fffff,Petaling,3.167107313097945,101.52744600514768,0.0,0.0,1.058432106467041,0,0.004032811,0.0040586996,2833,XGBoost (tuned),D,not a siting recommendation
8865050995fffff,Petaling,3.128329233017966,101.6230463811341,14459.27685880619,71.2,1.058432106467041,1,0.28849667,0.3279236,210,XGBoost (tuned),D,not a siting recommendation
8865050d45fffff,Petaling,3.0708346047421293,101.56369306151214,0.0,0.0,1.058432106467041,0,0.0035537973,0.0030531979,3944,XGBoost (tuned),D,not a siting recommendation
88650572bdfffff,Petaling,3.1530866171533733,101.5081291650014,0.0,0.0,1.058432106467041,0,0.0040575354,0.0039948863,2782,XGBoost (tuned),D,not a siting recommendation
886505720bfffff,Petaling,3.124542694553092,101.57312655113029,7886.878286621558,236.7,1.058432106467041,0,0.24127787,0.15022975,256,XGBoost (tuned),D,not a siting recommendation
8865057025fffff,Petaling,3.2186872684174013,101.56373174347628,0.0,0.0,1.058432106467041,0,0.003967605,0.0040257233,3027,XGBoost (tuned),D,not a siting recommendation
8865057285fffff,Petaling,3.144287081534393,101.52084759300428,0.0,0.0,1.058432106467041,0,0.0038521234,0.0039448375,3316,XGBoost (tuned),D,not a siting recommendation
8865057035fffff,Petaling,3.2127526500373067,101.54064514994556,0.0,0.0,1.058432106467041,0,0.0038474496,0.003997551,3333,XGBoost (tuned),D,not a siting recommendation
8865057331fffff,Petaling,3.200364239915502,101.59811441511305,11830.317429932336,124.7,1.058432106467041,0,0.12558092,0.23407893,471,XGBoost (tuned),D,not a siting recommendation
8865057355fffff,Petaling,3.1680268008403747,101.613173825286,23660.63485986468,50.0,1.058432106467041,1,0.44373482,0.41036212,106,XGBoost (tuned),D,not a siting recommendation
8865050c27fffff,Petaling,3.0596748526869444,101.50859147471596,0.0,0.0,1.058432106467041,0,0.004210165,0.0039444403,2535,XGBoost (tuned),D,not a siting recommendation
8865050127fffff,Petaling,2.993130312271599,101.66016958219566,0.0,0.0,1.058432106467041,0,0.0036182215,0.0035137949,3791,XGBoost (tuned),D,not a siting recommendation
8865050999fffff,Petaling,3.1128819088559783,101.6216269399095,14459.27685880619,95.9,1.058432106467041,0,0.58984464,0.5519928,48,XGBoost (tuned),D,not a siting recommendation
8865050d21fffff,Petaling,3.1031584653993027,101.54863078901036,0.0,0.0,1.058432106467041,0,0.003920156,0.0028710943,3118,XGBoost (tuned),D,not a siting recommendation
8865050de1fffff,Petaling,3.091284456052227,101.50247117880782,0.0,0.0,1.058432106467041,0,0.0041758046,0.0039444403,2593,XGBoost (tuned),D,not a siting recommendation
88650509c1fffff,Petaling,3.110018035157861,101.65740957695772,10515.83771549541,32.5,1.058432106467041,0,0.28178132,0.21999666,218,XGBoost (tuned),D,not a siting recommendation
88650572e5fffff,Petaling,3.150223230791525,101.5439305180244,0.0,0.0,1.058432106467041,0,0.003552099,0.004033972,3969,XGBoost (tuned),D,not a siting recommendation
8865050db5fffff,Petaling,3.1095927757051194,101.46808386945042,0.0,0.0,1.058432106467041,0,0.0036020093,0.004015357,3821,XGBoost (tuned),D,not a siting recommendation
8865050de5fffff,Petaling,3.098651532085923,101.50765308942368,0.0,0.0,1.058432106467041,0,0.00431843,0.0039444403,2366,XGBoost (tuned),D,not a siting recommendation
88650572d1fffff,Petaling,3.1141010087769803,101.50906764766547,0.0,0.0,1.058432106467041,0,0.0036020093,0.004015357,3821,XGBoost (tuned),D,not a siting recommendation
8865057317fffff,Petaling,3.1856287240630694,101.58774654725016,6572.398572184631,14.3,1.058432106467041,0,0.469573,0.38211253,91,XGBoost (tuned),D,not a siting recommendation
8865050a33fffff,Petaling,3.031371643303226,101.66819251978028,0.0,0.0,1.058432106467041,0,0.003563286,0.003310858,3937,XGBoost (tuned),D,not a siting recommendation
886505735bfffff,Petaling,3.1532932217020577,101.60280681682748,47321.26971972935,48.6,1.058432106467041,0,0.11904919,0.07100249,489,XGBoost (tuned),D,not a siting recommendation
886505700dfffff,Petaling,3.187779193250934,101.56089722465836,0.0,0.0,1.058432106467041,0,0.0040093865,0.0040257233,2928,XGBoost (tuned),D,not a siting recommendation
8865050aabfffff,Petaling,3.0342301999091856,101.63241981344036,0.0,0.0,1.058432106467041,0,0.0036003857,0.0033264644,3842,XGBoost (tuned),D,not a siting recommendation
8865050d61fffff,Petaling,3.0862808584381205,101.56510987233318,0.0,0.0,1.058432106467041,0,0.0038887039,0.0030304992,3187,XGBoost (tuned),D,not a siting recommendation
8865050f05fffff,Petaling,3.031151998545212,101.57357027882638,0.0,0.0,1.058432106467041,0,0.004079366,0.0033264644,2729,XGBoost (tuned),D,not a siting recommendation
88650570a1fffff,Petaling,3.216337097972288,101.49588369242372,0.0,0.0,1.058432106467041,0,0.0040971613,0.0040220562,2716,XGBoost (tuned),D,not a siting recommendation
8865057545fffff,Petaling,3.189005981940855,101.44828979396677,0.0,0.0,1.058432106467041,0,0.004446093,0.0039948863,2196,XGBoost (tuned),D,not a siting recommendation
886505725bfffff,Petaling,3.1017280397378824,101.5665268096044,0.0,0.0,1.058432106467041,0,0.004201346,0.0030304992,2550,XGBoost (tuned),D,not a siting recommendation
886505723bfffff,Petaling,3.141423936644241,101.55664639528116,0.0,0.0,1.058432106467041,0,0.0038521234,0.0028710943,3316,XGBoost (tuned),D,not a siting recommendation
8865050d2dfffff,Petaling,3.1024432787855525,101.55757894977644,0.0,0.0,1.058432106467041,0,0.0040317173,0.0028710943,2836,XGBoost (tuned),D,not a siting recommendation
88650571dbfffff,Petaling,3.2149034848888194,101.51378917307488,0.0,0.0,1.058432106467041,0,0.003552099,0.0040220562,3969,XGBoost (tuned),D,not a siting recommendation
8865050a39fffff,Petaling,3.022579558043255,101.68089526299192,0.0,0.0,1.058432106467041,0,0.0038484803,0.0033079325,3329,XGBoost (tuned),D,not a siting recommendation
8865050d55fffff,Petaling,3.0648980595235966,101.5406168367974,0.0,0.0,1.058432106467041,0,0.0035537973,0.003113272,3944,XGBoost (tuned),D,not a siting recommendation
8865050c2bfffff,Petaling,3.0442287697529893,101.50717717057093,0.0,0.0,1.058432106467041,0,0.0035694386,0.0039444403,3881,XGBoost (tuned),D,not a siting recommendation
8865050b19fffff,Petaling,3.0513146661767365,101.710565115313,1314.4797144369263,2.8,1.058432106467041,0,0.04694247,0.062892385,889,XGBoost (tuned),D,not a siting recommendation
8865050f51fffff,Petaling,3.000981281647539,101.56179157432967,0.0,0.0,1.058432106467041,0,0.004213453,0.0034293185,2530,XGBoost (tuned),D,not a siting recommendation
8865050f29fffff,Petaling,3.038516520863,101.5787516320192,0.0,0.0,1.058432106467041,0,0.004079366,0.0033264644,2729,XGBoost (tuned),D,not a siting recommendation
8865057093fffff,Petaling,3.188290037992046,101.4572434168814,0.0,0.0,1.058432106467041,0,0.004317237,0.0039948863,2371,XGBoost (tuned),D,not a siting recommendation
886505732bfffff,Petaling,3.1989296442112902,101.61601259576196,6572.398572184631,352.7,1.058432106467041,1,0.3494124,0.4586393,156,XGBoost (tuned),D,not a siting recommendation
88650508d5fffff,Petaling,3.059895797146139,101.60324211652652,0.0,0.0,1.058432106467041,0,0.003584609,0.0032329594,3854,XGBoost (tuned),D,not a siting recommendation
886505733dfffff,Petaling,3.1996469693516785,101.60706365716422,13144.797144369262,297.7,1.058432106467041,0,0.41474536,0.49881524,113,XGBoost (tuned),D,not a siting recommendation
8865050a0bfffff,Petaling,3.006426012829902,101.6884152282412,0.0,0.0,1.058432106467041,0,0.0039445898,0.003393403,3074,XGBoost (tuned),D,not a siting recommendation
8865057251fffff,Petaling,3.1090942675819977,101.5717092364453,0.0,0.0,1.058432106467041,0,0.004201346,0.0028544066,2550,XGBoost (tuned),D,not a siting recommendation
88650508d1fffff,Petaling,3.052531206871268,101.59806029620772,0.0,0.0,1.058432106467041,0,0.0035953242,0.0032329594,3849,XGBoost (tuned),D,not a siting recommendation
8865050c23fffff,Petaling,3.0523086716746524,101.5034101725848,0.0,0.0,1.058432106467041,0,0.0043384274,0.0039444403,2358,XGBoost (tuned),D,not a siting recommendation
8865050dc3fffff,Petaling,3.0691837015069647,101.48692631746816,0.0,0.0,1.058432106467041,0,0.0045386706,0.0039444403,2095,XGBoost (tuned),D,not a siting recommendation
88650508a7fffff,Petaling,3.106232115639557,101.60749780371891,5257.918857747705,18.1,1.058432106467041,0,0.11262213,0.08880221,511,XGBoost (tuned),D,not a siting recommendation
8865050889fffff,Petaling,3.0672604649630144,101.60842408019296,0.0,0.0,1.058432106467041,0,0.0038822796,0.0030354545,3193,XGBoost (tuned),D,not a siting recommendation
886505098bfffff,Petaling,3.1195313868501326,101.63575598610176,57837.10743522476,129.5,1.058432106467041,1,0.74089897,0.6482514,13,XGBoost (tuned),D,not a siting recommendation
8865057053fffff,Petaling,3.1663911579764825,101.53639656976873,0.0,0.0,1.058432106467041,0,0.0038671803,0.004033972,3244,XGBoost (tuned),D,not a siting recommendation
8865050983fffff,Petaling,3.1276130574440764,101.63199287225248,18402.71600211697,88.0,1.058432106467041,1,0.22215682,0.36711195,281,XGBoost (tuned),D,not a siting recommendation
8865050dc1fffff,Petaling,3.068469557370094,101.49587548366372,0.0,0.0,1.058432106467041,0,0.0041758046,0.0039444403,2593,XGBoost (tuned),D,not a siting recommendation
8865050835fffff,Petaling,3.094572778323731,101.6559887636551,2628.9594288738526,6.2,1.058432106467041,0,0.084635094,0.049860764,649,XGBoost (tuned),D,not a siting recommendation
8865057041fffff,Petaling,3.1716100390404165,101.5684298554242,13144.797144369262,12.4,1.058432106467041,0,0.05761487,0.09257073,812,XGBoost (tuned),D,not a siting recommendation
8865050887fffff,Petaling,3.083420514403346,101.60089679295012,3943.439143310779,2.4,1.058432106467041,0,0.012490635,0.011248782,1380,XGBoost (tuned),D,not a siting recommendation
886505709dfffff,Petaling,3.1868579851685515,101.47514977323937,0.0,0.0,1.058432106467041,0,0.004464854,0.0039948863,2162,XGBoost (tuned),D,not a siting recommendation
886505089bfffff,Petaling,3.062039932166402,101.57640452060362,0.0,0.0,1.058432106467041,0,0.003905493,0.0032329594,3148,XGBoost (tuned),D,not a siting recommendation
8865057059fffff,Petaling,3.15759092073591,101.54911358606388,0.0,0.0,1.058432106467041,0,0.003967605,0.004008515,3027,XGBoost (tuned),D,not a siting recommendation
886505774bfffff,Petaling,3.1176756653931954,101.46431468723864,0.0,0.0,1.058432106467041,0,0.0042222966,0.0040514506,2521,XGBoost (tuned),D,not a siting recommendation
886505089dfffff,Petaling,3.0686902753094776,101.59053257959552,0.0,0.0,1.058432106467041,0,0.003584609,0.0030354545,3854,XGBoost (tuned),D,not a siting recommendation
8865050aa7fffff,Petaling,3.049672316420437,101.63383937117212,0.0,0.0,1.058432106467041,0,0.004191427,0.0032912362,2560,XGBoost (tuned),D,not a siting recommendation
8865050ad9fffff,Petaling,2.9879094618306,101.62816189958896,0.0,0.0,1.058432106467041,0,0.0041249576,0.003593362,2661,XGBoost (tuned),D,not a siting recommendation
8865050831fffff,Petaling,3.087208311497378,101.65080612265092,10515.83771549541,67.5,1.058432106467041,0,0.44400793,0.48770386,105,XGBoost (tuned),D,not a siting recommendation
8865050c29fffff,Petaling,3.043514917386269,101.5161250272548,0.0,0.0,1.058432106467041,0,0.0035694386,0.0039444403,3881,XGBoost (tuned),D,not a siting recommendation
88650509d3fffff,Petaling,3.1048007256586394,101.6253902692297,6572.398572184631,120.0,1.058432106467041,0,0.57724124,0.50253594,54,XGBoost (tuned),D,not a siting recommendation
8865050811fffff,Petaling,3.0644002286423904,101.64420343874136,0.0,0.0,1.058432106467041,0,0.0038822796,0.003095181,3193,XGBoost (tuned),D,not a siting recommendation
8865057051fffff,Petaling,3.165674948762052,101.54534683433567,0.0,0.0,1.058432106467041,0,0.0038521234,0.004008515,3316,XGBoost (tuned),D,not a siting recommendation
8865050a23fffff,Petaling,3.037304645991769,101.69125895593126,0.0,0.0,1.058432106467041,0,0.003600526,0.003310858,3837,XGBoost (tuned),D,not a siting recommendation
8865050a85fffff,Petaling,3.026152287646843,101.63618184354588,0.0,0.0,1.058432106467041,0,0.004183493,0.0033235254,2578,XGBoost (tuned),D,not a siting recommendation
88650508e5fffff,Petaling,3.0886394418526906,101.63291623248531,1314.4797144369263,58.9,1.058432106467041,0,0.3771171,0.3798173,138,XGBoost (tuned),D,not a siting recommendation
8865050dc9fffff,Petaling,3.060388934347725,101.49964294361196,0.0,0.0,1.058432106467041,0,0.0043524522,0.0039444403,2325,XGBoost (tuned),D,not a siting recommendation
8865050f39fffff,Petaling,3.0325800326560506,101.55567853996152,0.0,0.0,1.058432106467041,0,0.0041590016,0.003345903,2610,XGBoost (tuned),D,not a siting recommendation
8865057759fffff,Petaling,3.111022040714066,101.45018127923358,1314.4797144369263,2.9,1.058432106467041,0,0.012434714,0.013174616,1381,XGBoost (tuned),D,not a siting recommendation
8865057301fffff,Petaling,3.1834777659565847,101.61459314720362,11830.317429932336,15.7,1.058432106467041,0,0.04452448,0.07453934,917,XGBoost (tuned),D,not a siting recommendation
8865057089fffff,Petaling,3.185425712837153,101.49305494081916,0.0,0.0,1.058432106467041,0,0.003552099,0.004098444,3969,XGBoost (tuned),D,not a siting recommendation
8865050dcdfffff,Petaling,3.067755361344331,101.5048243518985,0.0,0.0,1.058432106467041,0,0.0043337503,0.0039444403,2361,XGBoost (tuned),D,not a siting recommendation
8865050c65fffff,Petaling,3.0420870591507767,101.5340198435837,0.0,0.0,1.058432106467041,0,0.0041832966,0.0038950208,2584,XGBoost (tuned),D,not a siting recommendation
8865050857fffff,Petaling,3.0556061466722904,101.65690911560093,9201.358001058485,7.0,1.058432106467041,0,0.043613724,0.04010072,923,XGBoost (tuned),D,not a siting recommendation
8865050d3bfffff,Petaling,3.0898551179319016,101.52036944628011,0.0,0.0,1.058432106467041,0,0.003911125,0.0038950208,3133,XGBoost (tuned),D,not a siting recommendation
8865057353fffff,Petaling,3.161376560826596,101.59904209699248,21031.67543099082,133.8,1.058432106467041,0,0.13252617,0.14235508,453,XGBoost (tuned),D,not a siting recommendation
8865057281fffff,Petaling,3.136919207579339,101.51566489019794,0.0,0.0,1.058432106467041,0,0.0038521234,0.0039948863,3316,XGBoost (tuned),D,not a siting recommendation
8865050de7fffff,Petaling,3.0993662890092586,101.49870346907346,0.0,0.0,1.058432106467041,0,0.0043337503,0.0039444403,2361,XGBoost (tuned),D,not a siting recommendation
8865050d09fffff,Petaling,3.0722638996217397,101.54579854290994,0.0,0.0,1.058432106467041,0,0.004201346,0.0030531979,2550,XGBoost (tuned),D,not a siting recommendation
8865057227fffff,Petaling,3.1628095721543885,101.58114488362996,3943.439143310779,10.4,1.058432106467041,0,0.05192975,0.08736841,853,XGBoost (tuned),D,not a siting recommendation
886505703dfffff,Petaling,3.204666713877028,101.5444126138804,0.0,0.0,1.058432106467041,0,0.0038474496,0.003997551,3333,XGBoost (tuned),D,not a siting recommendation
8865050ae1fffff,Petaling,3.024723346032053,101.65406812778484,0.0,0.0,1.058432106467041,0,0.004076289,0.0033235254,2753,XGBoost (tuned),D,not a siting recommendation
88650570d5fffff,Petaling,3.178056456319218,101.48787174573349,0.0,0.0,1.058432106467041,0,0.0044292063,0.0039948863,2201,XGBoost (tuned),D,not a siting recommendation
8865050f47fffff,Petaling,3.014995624026508,101.58109838975514,0.0,0.0,1.058432106467041,0,0.0040518604,0.0033651886,2791,XGBoost (tuned),D,not a siting recommendation
8865057547fffff,Petaling,3.189721870835712,101.43933587512514,0.0,0.0,1.058432106467041,0,0.003552099,0.003948333,3969,XGBoost (tuned),D,not a siting recommendation
8865050d81fffff,Petaling,3.085346254726923,101.4793900309149,0.0,1.0,1.058432106467041,0,0.0046478333,0.0045330017,1958,XGBoost (tuned),D,not a siting recommendation
8865050883fffff,Petaling,3.076055356326115,101.59571461453004,2628.9594288738526,5.8,1.058432106467041,0,0.017848572,0.01847402,1222,XGBoost (tuned),D,not a siting recommendation
8865050adbfffff,Petaling,2.9886231181930825,101.61921908488216,0.0,0.0,1.058432106467041,0,0.0042748787,0.003593362,2439,XGBoost (tuned),D,not a siting recommendation
8865057205fffff,Petaling,3.1392760171802268,101.58349233832848,0.0,0.0,1.058432106467041,0,0.0035828962,0.0028544066,3859,XGBoost (tuned),D,not a siting recommendation
88650570c9fffff,Petaling,3.1685394608260724,101.50954397743052,0.0,0.0,1.058432106467041,0,0.003552099,0.0040220562,3969,XGBoost (tuned),D,not a siting recommendation
8865050b51fffff,Petaling,3.0425215427987373,101.72326568899558,1314.4797144369263,1.8,1.058432106467041,0,0.019736478,0.029293222,1193,XGBoost (tuned),D,not a siting recommendation
8865057061fffff,Petaling,3.1944304844863103,101.57503108953748,1314.4797144369263,1.5,1.058432106467041,0,0.025750011,0.020495718,1093,XGBoost (tuned),D,not a siting recommendation
8865050f33fffff,Petaling,3.04137305339898,101.54296680238598,0.0,0.0,1.058432106467041,0,0.0035694386,0.003345903,3881,XGBoost (tuned),D,not a siting recommendation
8865050a87fffff,Petaling,3.0268666831653275,101.62723824445648,0.0,0.0,1.058432106467041,0,0.004076289,0.0033235254,2753,XGBoost (tuned),D,not a siting recommendation
8865057289fffff,Petaling,3.1288360387703555,101.51943240603296,0.0,0.0,1.058432106467041,0,0.0036020093,0.0040006964,3821,XGBoost (tuned),D,not a siting recommendation
88650501b3fffff,Petaling,2.984827117520942,101.56931986433008,0.0,0.0,1.058432106467041,0,0.004431966,0.0046462477,2199,XGBoost (tuned),D,not a siting recommendation
8865050a5dfffff,Petaling,2.9902739312884163,101.69593426538135,0.0,0.0,1.058432106467041,0,0.0040452485,0.0034973125,2804,XGBoost (tuned),D,not a siting recommendation
886505715bfffff,Petaling,3.2098840976308853,101.5764489123858,15773.756573243116,22.7,1.058432106467041,0,0.10355436,0.16096681,553,XGBoost (tuned),D,not a siting recommendation
88650570edfffff,Petaling,3.198731288252435,101.52132589720372,0.0,0.0,1.058432106467041,0,0.003552099,0.0040220562,3969,XGBoost (tuned),D,not a siting recommendation
8865050a01fffff,Petaling,3.01378802594941,101.6935967869416,0.0,0.0,1.058432106467041,0,0.0040187812,0.0033494013,2860,XGBoost (tuned),D,not a siting recommendation
8865050125fffff,Petaling,2.9924162908268004,101.66911121240511,0.0,0.0,1.058432106467041,0,0.0042080223,0.0034973125,2538,XGBoost (tuned),D,not a siting recommendation
8865050851fffff,Petaling,3.0475276150218327,101.66067048225158,43377.83057641856,39.4,1.058432106467041,0,0.05496485,0.083901145,823,XGBoost (tuned),D,not a siting recommendation
88650508c5fffff,Petaling,3.065830449250881,101.6263143676965,0.0,0.0,1.058432106467041,0,0.003584609,0.0030354545,3854,XGBoost (tuned),D,not a siting recommendation
8865057761fffff,Petaling,3.1478648056406477,101.47609235955096,0.0,0.0,1.058432106467041,0,0.0041610384,0.0039948863,2605,XGBoost (tuned),D,not a siting recommendation
8865050aadfffff,Petaling,3.0408790625712263,101.646545194336,0.0,0.0,1.058432106467041,0,0.0038484803,0.0033264644,3329,XGBoost (tuned),D,not a siting recommendation
8865050f21fffff,Petaling,3.0465954988534207,101.57498733649358,0.0,0.0,1.058432106467041,0,0.003926365,0.0032912362,3107,XGBoost (tuned),D,not a siting recommendation
8865050813fffff,Petaling,3.065115364529344,101.63525905548651,0.0,0.0,1.058432106467041,0,0.0038822796,0.003095181,3193,XGBoost (tuned),D,not a siting recommendation
88650570e9fffff,Petaling,3.191362217744597,101.51614233427524,0.0,0.0,1.058432106467041,0,0.0040498753,0.0040220562,2792,XGBoost (tuned),D,not a siting recommendation
8865050d89fffff,Petaling,3.077264798438677,101.48315828964142,0.0,0.0,1.058432106467041,0,0.004511221,0.0039444403,2108,XGBoost (tuned),D,not a siting recommendation
8865057235fffff,Petaling,3.156158569038821,101.5670125367033,5257.918857747705,128.3,1.058432106467041,0,0.109210014,0.14974882,531,XGBoost (tuned),D,not a siting recommendation
8865050d4bfffff,Petaling,3.056103671317024,101.55332964361868,0.0,0.0,1.058432106467041,0,0.003955612,0.0032518532,3047,XGBoost (tuned),D,not a siting recommendation
88650509b3fffff,Petaling,3.1444938860043243,101.61551877883262,68352.94515072017,83.1,1.058432106467041,0,0.4984655,0.31780398,80,XGBoost (tuned),D,not a siting recommendation
8865050acdfffff,Petaling,3.00120664672739,101.6564088189128,0.0,0.0,1.058432106467041,0,0.0036182215,0.0034093976,3791,XGBoost (tuned),D,not a siting recommendation
88650570c1fffff,Petaling,3.176624299852061,101.50577564318374,0.0,0.0,1.058432106467041,0,0.003552099,0.0040220562,3969,XGBoost (tuned),D,not a siting recommendation
886505706dfffff,Petaling,3.1937134924197177,101.5839809006274,61780.54657853553,49.0,1.058432106467041,0,0.05711032,0.09017738,815,XGBoost (tuned),D,not a siting recommendation
8865050a47fffff,Petaling,3.004997048683187,101.70629709055662,0.0,0.0,1.058432106467041,0,0.004124317,0.003393403,2662,XGBoost (tuned),D,not a siting recommendation
8865050dbbfffff,Petaling,3.094856883053944,101.4577202970173,1314.4797144369263,4.1,1.058432106467041,0,0.043649193,0.037706476,922,XGBoost (tuned),D,not a siting recommendation
8865050a27fffff,Petaling,3.0446673047522155,101.69644101526,1314.4797144369263,7.6,1.058432106467041,0,0.30398184,0.39332557,195,XGBoost (tuned),D,not a siting recommendation
8865050d13fffff,Petaling,3.075121867889319,101.51000590515784,0.0,0.0,1.058432106467041,0,0.0039326586,0.0039444403,3091,XGBoost (tuned),D,not a siting recommendation
88650572e7fffff,Petaling,3.150939158024153,101.5349806292854,0.0,0.0,1.058432106467041,0,0.0038521234,0.0039448375,3316,XGBoost (tuned),D,not a siting recommendation
8865050a93fffff,Petaling,3.013567854699367,101.59898756800652,0.0,0.0,1.058432106467041,0,0.0039791656,0.0033651886,3000,XGBoost (tuned),D,not a siting recommendation
8865057299fffff,Petaling,3.1228988406330327,101.4963495855406,0.0,0.0,1.058432106467041,0,0.0036020093,0.0040514506,3821,XGBoost (tuned),D,not a siting recommendation
886505776dfffff,Petaling,3.14714936842283,101.4850440022676,0.0,0.0,1.058432106467041,0,0.0043051643,0.0039948863,2417,XGBoost (tuned),D,not a siting recommendation
8865050f6bfffff,Petaling,3.022359653250135,101.58627952880116,0.0,0.0,1.058432106467041,0,0.003999391,0.0033235254,2968,XGBoost (tuned),D,not a siting recommendation
8865050817fffff,Petaling,3.0724796041771487,101.64044126848772,23660.63485986468,90.1,1.058432106467041,0,0.1545032,0.15373316,400,XGBoost (tuned),D,not a siting recommendation
8865050d5bfffff,Petaling,3.050166616206049,101.53025385779684,0.0,0.0,1.058432106467041,0,0.0039280104,0.0038950208,3103,XGBoost (tuned),D,not a siting recommendation
8865050da3fffff,Petaling,3.1088780636396045,101.47703471968876,0.0,0.0,1.058432106467041,0,0.0044968617,0.004015357,2126,XGBoost (tuned),D,not a siting recommendation
8865050ad1fffff,Petaling,2.995985904486494,101.62440000980102,0.0,0.0,1.058432106467041,0,0.0041814037,0.0034093976,2586,XGBoost (tuned),D,not a siting recommendation
8865050dedfffff,Petaling,3.090569813170531,101.5114204619118,0.0,0.0,1.058432106467041,0,0.0042517902,0.0039444403,2458,XGBoost (tuned),D,not a siting recommendation
8865057003fffff,Petaling,3.189212566966725,101.54299616930622,0.0,0.0,1.058432106467041,0,0.003552099,0.003997551,3969,XGBoost (tuned),D,not a siting recommendation
8865050dc7fffff,Petaling,3.0765505403395417,101.4921077927514,0.0,0.0,1.058432106467041,0,0.0036020093,0.0039444403,3821,XGBoost (tuned),D,not a siting recommendation
88650570c3fffff,Petaling,3.1773404053575813,101.49682384356002,0.0,0.0,1.058432106467041,0,0.0041021374,0.0040220562,2710,XGBoost (tuned),D,not a siting recommendation
8865050f65fffff,Petaling,3.037087949696859,101.5966422375962,0.0,0.0,1.058432106467041,0,0.004076289,0.0033264644,2753,XGBoost (tuned),D,not a siting recommendation
88650508c3fffff,Petaling,3.0591809830229653,101.61218737636425,0.0,0.0,1.058432106467041,0,0.003921285,0.0032329594,3115,XGBoost (tuned),D,not a siting recommendation
8865050d1bfffff,Petaling,3.0670411134882283,101.51377292175086,0.0,0.0,1.058432106467041,0,0.0035537973,0.0039444403,3944,XGBoost (tuned),D,not a siting recommendation
8865050f43fffff,Petaling,3.007631674699753,101.57591739438176,0.0,0.0,1.058432106467041,0,0.004043739,0.0034093976,2808,XGBoost (tuned),D,not a siting recommendation
88650508e1fffff,Petaling,3.081274712586219,101.6277338039312,21031.67543099082,58.9,1.058432106467041,0,0.25398502,0.19276382,243,XGBoost (tuned),D,not a siting recommendation
886505702dfffff,Petaling,3.210601318334019,101.5674984237612,0.0,0.0,1.058432106467041,0,0.0037852183,0.0040257233,3441,XGBoost (tuned),D,not a siting recommendation
8865057765fffff,Petaling,3.1552335911925837,101.48127501247632,0.0,0.0,1.058432106467041,0,0.0043650838,0.0039948863,2299,XGBoost (tuned),D,not a siting recommendation
8865057017fffff,Petaling,3.190645722203508,101.5250939123235,0.0,0.0,1.058432106467041,0,0.004032811,0.0040220562,2833,XGBoost (tuned),D,not a siting recommendation
88650508c9fffff,Petaling,3.050387115373292,101.62489505803931,0.0,0.0,1.058432106467041,0,0.004191427,0.0032912362,2560,XGBoost (tuned),D,not a siting recommendation
8865050dc5fffff,Petaling,3.075836230136896,101.50105699806416,0.0,0.0,1.058432106467041,0,0.0036020093,0.0039444403,3821,XGBoost (tuned),D,not a siting recommendation
886505099dfffff,Petaling,3.1202474458892344,101.6268098345748,18402.71600211697,63.9,1.058432106467041,0,0.6687119,0.4551103,23,XGBoost (tuned),D,not a siting recommendation
8865057243fffff,Petaling,3.115744944273855,101.58583943917417,26289.594288738524,64.3,1.058432106467041,1,0.5556396,0.5013628,60,XGBoost (tuned),D,not a siting recommendation
886505721bfffff,Petaling,3.118607137645682,101.55004710168971,0.0,0.0,1.058432106467041,0,0.0038750742,0.0028710943,3215,XGBoost (tuned),D,not a siting recommendation
8865050a15fffff,Petaling,3.015217129700654,101.67571362953916,0.0,0.0,1.058432106467041,0,0.004076289,0.0033494013,2753,XGBoost (tuned),D,not a siting recommendation
8865050de9fffff,Petaling,3.0832029822114286,101.5062386575064,0.0,0.0,1.058432106467041,0,0.0036020093,0.0039444403,3821,XGBoost (tuned),D,not a siting recommendation
8865050d3dfffff,Petaling,3.096506946121068,101.53450015735424,0.0,0.0,1.058432106467041,0,0.0042258874,0.0038950208,2517,XGBoost (tuned),D,not a siting recommendation
8865050899fffff,Petaling,3.061325271776474,101.5853506882254,0.0,0.0,1.058432106467041,0,0.0042413715,0.0032329594,2474,XGBoost (tuned),D,not a siting recommendation
8865050ab1fffff,Petaling,3.035659175889498,101.61453163252484,0.0,0.0,1.058432106467041,0,0.004183493,0.0033264644,2578,XGBoost (tuned),D,not a siting recommendation
8865050d87fffff,Petaling,3.093428069969183,101.47562154129996,0.0,0.0,1.058432106467041,0,0.0042357584,0.0039444403,2505,XGBoost (tuned),D,not a siting recommendation
88650501b5fffff,Petaling,2.99147724929855,101.58344479388352,0.0,0.0,1.058432106467041,0,0.003655891,0.0035137949,3754,XGBoost (tuned),D,not a siting recommendation
8865057083fffff,Petaling,3.1942276513488856,101.48033303488364,0.0,0.0,1.058432106467041,0,0.0044877073,0.0040476774,2140,XGBoost (tuned),D,not a siting recommendation
8865050f63fffff,Petaling,3.030437905528104,101.58251569612544,0.0,0.0,1.058432106467041,0,0.004233344,0.0033264644,2512,XGBoost (tuned),D,not a siting recommendation
88650570dbfffff,Petaling,3.1633181700434863,101.47750579168716,0.0,0.0,1.058432106467041,0,0.0041610384,0.0039948863,2605,XGBoost (tuned),D,not a siting recommendation
8865050f61fffff,Petaling,3.029723761947854,101.59146081144112,0.0,0.0,1.058432106467041,0,0.004233344,0.0033264644,2512,XGBoost (tuned),D,not a siting recommendation
8865050891fffff,Petaling,3.0694051033239447,101.58158637543843,0.0,0.0,1.058432106467041,0,0.0040260754,0.0030354545,2849,XGBoost (tuned),D,not a siting recommendation
8865057211fffff,Petaling,3.125974021525076,101.55522970512116,0.0,0.0,1.058432106467041,0,0.0040179626,0.0028710943,2861,XGBoost (tuned),D,not a siting recommendation
8865050d85fffff,Petaling,3.0927135845102014,101.48457171808006,0.0,0.0,1.058432106467041,0,0.0036020093,0.0039444403,3821,XGBoost (tuned),D,not a siting recommendation
8865050d8dfffff,Petaling,3.0846318828537287,101.4883398708864,0.0,0.0,1.058432106467041,0,0.0042357584,0.0039444403,2505,XGBoost (tuned),D,not a siting recommendation
8865050f5bfffff,Petaling,2.993617326932354,101.55661090362848,0.0,0.0,1.058432106467041,0,0.0036244688,0.003534324,3779,XGBoost (tuned),D,not a siting recommendation
88650508ddfffff,Petaling,3.051816560657308,101.60700552013655,0.0,0.0,1.058432106467041,0,0.0035953242,0.0032912362,3849,XGBoost (tuned),D,not a siting recommendation
88650570a9fffff,Petaling,3.208250597143684,101.49965284516438,0.0,0.0,1.058432106467041,0,0.0042795576,0.0040220562,2433,XGBoost (tuned),D,not a siting recommendation
8865057209fffff,Petaling,3.123826951685708,101.58207452177624,13144.797144369262,13.1,1.058432106467041,0,0.108554654,0.03622505,534,XGBoost (tuned),D,not a siting recommendation
8865050853fffff,Petaling,3.0482425661860915,101.65172708369856,18402.71600211697,14.9,1.058432106467041,0,0.09125335,0.056299973,607,XGBoost (tuned),D,not a siting recommendation
8865050d39fffff,Petaling,3.089140370394998,101.52931813149122,0.0,0.0,1.058432106467041,0,0.0039326586,0.0038950208,3091,XGBoost (tuned),D,not a siting recommendation
88650571cbfffff,Petaling,3.220838940937004,101.53687745457468,2628.9594288738526,1.5,1.058432106467041,0,0.0069806892,0.010318628,1572,XGBoost (tuned),D,not a siting recommendation
88650509c3fffff,Petaling,3.110734081965167,101.64846437513866,22346.155145427747,40.5,1.058432106467041,0,0.41588643,0.4512825,112,XGBoost (tuned),D,not a siting recommendation
8865050a03fffff,Petaling,3.0145026026778314,101.68465536162476,0.0,0.0,1.058432106467041,0,0.003901325,0.0033494013,3161,XGBoost (tuned),D,not a siting recommendation
8865057091fffff,Petaling,3.187574039048284,101.46619674344645,0.0,0.0,1.058432106467041,0,0.0044877073,0.0039948863,2140,XGBoost (tuned),D,not a siting recommendation
8865057745fffff,Petaling,3.1324123616639445,101.4746790537025,0.0,0.0,1.058432106467041,0,0.0044111037,0.0040514506,2256,XGBoost (tuned),D,not a siting recommendation
8865050885fffff,Petaling,3.082705298822732,101.60984276678629,38119.91171867086,61.2,1.058432106467041,0,0.31263098,0.24586526,186,XGBoost (tuned),D,not a siting recommendation
8865057011fffff,Petaling,3.1825605115389144,101.52886169613176,0.0,0.0,1.058432106467041,0,0.004032811,0.0040220562,2833,XGBoost (tuned),D,not a siting recommendation
88650508abfffff,Petaling,3.09078574911808,101.60607911477696,5257.918857747705,27.2,1.058432106467041,1,0.28266236,0.24724257,215,XGBoost (tuned),D,not a siting recommendation
8865050d57fffff,Petaling,3.0656124625192875,101.5316691646218,0.0,0.0,1.058432106467041,0,0.0040421737,0.0038950208,2812,XGBoost (tuned),D,not a siting recommendation
8865057207fffff,Petaling,3.139992043626273,101.57454399231368,0.0,0.0,1.058432106467041,0,0.0038521234,0.0028544066,3316,XGBoost (tuned),D,not a siting recommendation
8865057357fffff,Petaling,3.168743556269764,101.60422563699612,24975.1145743016,28.7,1.058432106467041,1,0.109894276,0.1412898,528,XGBoost (tuned),D,not a siting recommendation
88650570e7fffff,Petaling,3.207533930826488,101.5086053973815,0.0,0.0,1.058432106467041,0,0.004007443,0.0040220562,2934,XGBoost (tuned),D,not a siting recommendation
886505728bfffff,Petaling,3.1295514100929416,101.51048233224708,0.0,0.0,1.058432106467041,0,0.0039126095,0.0040514506,3129,XGBoost (tuned),D,not a siting recommendation
8865050c21fffff,Petaling,3.051594704566912,101.51235836650515,0.0,0.0,1.058432106467041,0,0.003951804,0.0039444403,3063,XGBoost (tuned),D,not a siting recommendation
886505705bfffff,Petaling,3.1583070158852435,101.54016365957486,0.0,0.0,1.058432106467041,0,0.0040093865,0.004033972,2928,XGBoost (tuned),D,not a siting recommendation
8865057315fffff,Petaling,3.184911792273059,101.59669571697842,6572.398572184631,36.8,1.058432106467041,0,0.22187105,0.18760689,282,XGBoost (tuned),D,not a siting recommendation
8865050a21fffff,Petaling,3.036589611751272,101.700200788563,0.0,0.0,1.058432106467041,0,0.004286956,0.003310858,2426,XGBoost (tuned),D,not a siting recommendation
886505770dfffff,Petaling,3.1412113138850626,101.4619579521107,0.0,0.0,1.058432106467041,0,0.003552099,0.0039948863,3969,XGBoost (tuned),D,not a siting recommendation
88650508e3fffff,Petaling,3.0819900315307867,101.61878843725354,21031.67543099082,136.6,1.058432106467041,0,0.15846775,0.14818092,391,XGBoost (tuned),D,not a siting recommendation
8865050ae7fffff,Petaling,3.032801022224287,101.65030677697948,0.0,0.0,1.058432106467041,0,0.004076289,0.0033264644,2753,XGBoost (tuned),D,not a siting recommendation
8865050a25fffff,Petaling,3.043952101074856,101.70538288111152,0.0,0.0,1.058432106467041,0,0.0040460634,0.003310858,2793,XGBoost (tuned),D,not a siting recommendation
8865057031fffff,Petaling,3.2053836007482515,101.5354612594552,0.0,0.0,1.058432106467041,0,0.003552099,0.003997551,3969,XGBoost (tuned),D,not a siting recommendation
8865057283fffff,Petaling,3.137634692646323,101.50671447893976,0.0,0.0,1.058432106467041,0,0.004202535,0.0039948863,2546,XGBoost (tuned),D,not a siting recommendation
8865057221fffff,Petaling,3.154726002536932,101.58491028141474,30233.033432049306,30.3,1.058432106467041,0,0.15072733,0.14081234,411,XGBoost (tuned),D,not a siting recommendation
8865050897fffff,Petaling,3.077485296295736,101.57782183117172,0.0,0.0,1.058432106467041,0,0.0040260754,0.0030354545,2849,XGBoost (tuned),D,not a siting recommendation
8865057767fffff,Petaling,3.1559491411330365,101.47232303288392,0.0,0.0,1.058432106467041,0,0.0044877073,0.0039948863,2140,XGBoost (tuned),D,not a siting recommendation
88650570c5fffff,Petaling,3.183993221469896,101.51095891624232,0.0,0.0,1.058432106467041,0,0.0038521234,0.0040220562,3316,XGBoost (tuned),D,not a siting recommendation
88650572abfffff,Petaling,3.152370851263987,101.5170799523521,0.0,0.0,1.058432106467041,0,0.0038521234,0.0039948863,3316,XGBoost (tuned),D,not a siting recommendation
886505085bfffff,Petaling,3.0401642800670823,101.65548855838009,0.0,0.0,1.058432106467041,0,0.0040362426,0.0033264644,2828,XGBoost (tuned),D,not a siting recommendation
88650509b9fffff,Petaling,3.135695087936238,101.62822952654044,38119.91171867086,255.6,1.058432106467041,0,0.648832,0.64782,32,XGBoost (tuned),D,not a siting recommendation
8865050a4bfffff,Petaling,2.989559713235698,101.70487466909044,0.0,0.0,1.058432106467041,0,0.003656034,0.0034299428,3749,XGBoost (tuned),D,not a siting recommendation
8865057333fffff,Petaling,3.2010814558435867,101.58916487002972,6572.398572184631,287.9,1.058432106467041,0,0.23383474,0.46764293,268,XGBoost (tuned),D,not a siting recommendation
8865057203fffff,Petaling,3.1326251763855684,101.56936106355832,0.0,0.4,1.058432106467041,0,0.0045513497,0.0032729902,2090,XGBoost (tuned),D,not a siting recommendation
8865050abdfffff,Petaling,3.03494471314169,101.62347587494448,0.0,0.0,1.058432106467041,0,0.0036003857,0.0033264644,3842,XGBoost (tuned),D,not a siting recommendation
88650508a9fffff,Petaling,3.0900703652103108,101.61502512444694,27604.07400317545,77.0,1.058432106467041,1,0.34610683,0.39961743,158,XGBoost (tuned),D,not a siting recommendation
886505775dfffff,Petaling,3.11839043724333,101.45536320379362,1314.4797144369263,5.4,1.058432106467041,0,0.019029066,0.02026325,1206,XGBoost (tuned),D,not a siting recommendation
8865050d49fffff,Petaling,3.055389280839681,101.56227637712612,0.0,0.0,1.058432106467041,0,0.003905493,0.0032518532,3148,XGBoost (tuned),D,not a siting recommendation
886505083bfffff,Petaling,3.079843919974166,101.6456236242355,35490.95228979701,59.1,1.058432106467041,0,0.43945846,0.31036296,107,XGBoost (tuned),D,not a siting recommendation
8865050a81fffff,Petaling,3.018789017182928,101.63100038227604,0.0,0.0,1.058432106467041,0,0.003955084,0.0033235254,3048,XGBoost (tuned),D,not a siting recommendation
88650509dbfffff,Petaling,3.0967199031902446,101.62915336675866,1314.4797144369263,29.3,1.058432106467041,1,0.45273206,0.5253143,101,XGBoost (tuned),D,not a siting recommendation
8865050f03fffff,Petaling,3.024501431170453,101.5594433875984,0.0,0.0,1.058432106467041,0,0.0041590016,0.0033429465,2610,XGBoost (tuned),D,not a siting recommendation
886505704bfffff,Petaling,3.1642423682902137,101.56324646162064,0.0,1.0,1.058432106467041,0,0.0039493027,0.004524983,3065,XGBoost (tuned),D,not a siting recommendation
8865057741fffff,Petaling,3.1250439745058176,101.46949679766855,0.0,0.0,1.058432106467041,0,0.0044968617,0.0040514506,2126,XGBoost (tuned),D,not a siting recommendation
88650508d9fffff,Petaling,3.0444522160743013,101.6018238071876,0.0,0.0,1.058432106467041,0,0.004076289,0.0033264644,2753,XGBoost (tuned),D,not a siting recommendation
8865057247fffff,Petaling,3.123111155975866,101.59102219028816,9201.358001058485,68.89999999999999,1.058432106467041,1,0.16577175,0.20320271,380,XGBoost (tuned),D,not a siting recommendation
8865050a57fffff,Petaling,2.999064077420034,101.68323381144074,0.0,0.0,1.058432106467041,0,0.003656034,0.003393403,3749,XGBoost (tuned),D,not a siting recommendation
8865050ae3fffff,Petaling,3.025437841916243,101.64512513812872,0.0,0.0,1.058432106467041,0,0.0040362426,0.0033235254,2828,XGBoost (tuned),D,not a siting recommendation
8865050f0bfffff,Petaling,3.0164231925804708,101.5632080039512,0.0,0.0,1.058432106467041,0,0.0036244688,0.0033848525,3779,XGBoost (tuned),D,not a siting recommendation
8865050d0dfffff,Petaling,3.0796298181153663,101.55098039332564,0.0,0.0,1.058432106467041,0,0.003911125,0.0030531979,3133,XGBoost (tuned),D,not a siting recommendation
8865050acbfffff,Petaling,2.994558207208711,101.64228540546966,0.0,0.0,1.058432106467041,0,0.004240095,0.0035137949,2478,XGBoost (tuned),D,not a siting recommendation
8865057307fffff,Petaling,3.191562189221495,101.6108285180972,10515.83771549541,47.8,1.058432106467041,0,0.09897631,0.1851085,577,XGBoost (tuned),D,not a siting recommendation
88650572a9fffff,Petaling,3.15165503153461,101.52603044058736,0.0,0.0,1.058432106467041,0,0.0038521234,0.0039448375,3316,XGBoost (tuned),D,not a siting recommendation
8865050dabfffff,Petaling,3.1007956449063845,101.4808033343437,0.0,0.0,1.058432106467041,0,0.0045739943,0.004015357,2073,XGBoost (tuned),D,not a siting recommendation
8865050c2dfffff,Petaling,3.050880686057876,101.52130626171632,0.0,0.0,1.058432106467041,0,0.0039280104,0.0038950208,3103,XGBoost (tuned),D,not a siting recommendation
886505776bfffff,Petaling,3.140496097046228,101.47090985214132,0.0,0.0,1.058432106467041,0,0.0043650838,0.0039948863,2299,XGBoost (tuned),D,not a siting recommendation
8865057237fffff,Petaling,3.156874771767452,101.55806321191388,0.0,0.0,1.058432106467041,0,0.003967605,0.004008515,3027,XGBoost (tuned),D,not a siting recommendation
886505705dfffff,Petaling,3.164958685513632,101.55429679842686,0.0,0.0,1.058432106467041,0,0.0038521234,0.004008515,3316,XGBoost (tuned),D,not a siting recommendation
8865050d5dfffff,Petaling,3.056818010471324,101.54438260945852,0.0,0.0,1.058432106467041,0,0.0042413715,0.0032518532,2474,XGBoost (tuned),D,not a siting recommendation
8865050a31fffff,Petaling,3.0306568785255448,101.6771349323536,0.0,0.0,1.058432106467041,0,0.0040152483,0.003310858,2862,XGBoost (tuned),D,not a siting recommendation
886505722dfffff,Petaling,3.154009638881631,101.59385870049404,22346.155145427747,466.4,1.058432106467041,1,0.36558983,0.5124158,149,XGBoost (tuned),D,not a siting recommendation
8865050989fffff,Petaling,3.11881527532182,101.64470183296936,44692.31029085549,54.8,1.058432106467041,1,0.21950439,0.32902178,285,XGBoost (tuned),D,not a siting recommendation
8865050d4dfffff,Petaling,3.0627545411946757,101.56745805122888,0.0,0.0,1.058432106467041,0,0.0038887039,0.003113272,3187,XGBoost (tuned),D,not a siting recommendation
886505730bfffff,Petaling,3.176110624787611,101.60940932042617,2628.9594288738526,3.6,1.058432106467041,0,0.023991462,0.04577667,1123,XGBoost (tuned),D,not a siting recommendation
8865050d27fffff,Petaling,3.1112403301696805,101.54486464253225,0.0,0.0,1.058432106467041,0,0.004201346,0.003965053,2550,XGBoost (tuned),D,not a siting recommendation
886505721dfffff,Petaling,3.125258384519164,101.56417827877152,0.0,0.0,1.058432106467041,0,0.003967605,0.0028710943,3027,XGBoost (tuned),D,not a siting recommendation
8865050d63fffff,Petaling,3.086995814581371,101.5561623879658,0.0,0.0,1.058432106467041,0,0.0039326586,0.0030304992,3091,XGBoost (tuned),D,not a siting recommendation
886505703bfffff,Petaling,3.198014624662389,101.53027751355488,0.0,0.0,1.058432106467041,0,0.0038671803,0.0040220562,3244,XGBoost (tuned),D,not a siting recommendation
8865050f6dfffff,Petaling,3.029009567862952,101.60040562435267,0.0,0.0,1.058432106467041,0,0.0040439693,0.0033264644,2806,XGBoost (tuned),D,not a siting recommendation
8865057293fffff,Petaling,3.1316972039466964,101.48363032000486,0.0,0.0,1.058432106467041,0,0.004214171,0.0040514506,2524,XGBoost (tuned),D,not a siting recommendation
8865057257fffff,Petaling,3.117176146450831,101.56794387334106,13144.797144369262,9.6,1.058432106467041,1,0.04395158,0.027542617,921,XGBoost (tuned),D,not a siting recommendation
88650501a5fffff,Petaling,2.9974134036377795,101.6065133985511,0.0,0.0,1.058432106467041,0,0.0041026226,0.0034093976,2707,XGBoost (tuned),D,not a siting recommendation
8865050a41fffff,Petaling,2.996921064084152,101.71005604391206,0.0,0.0,1.058432106467041,0,0.003656034,0.0034090052,3749,XGBoost (tuned),D,not a siting recommendation
8865050ac3fffff,Petaling,3.0026347788038112,101.63852396279366,0.0,0.0,1.058432106467041,0,0.003655891,0.0034093976,3754,XGBoost (tuned),D,not a siting recommendation
8865050a05fffff,Petaling,3.021150116355929,101.69877848746292,0.0,0.0,1.058432106467041,0,0.003901325,0.0033079325,3161,XGBoost (tuned),D,not a siting recommendation
88650572a1fffff,Petaling,3.1597390444907094,101.52226290636636,0.0,0.0,1.058432106467041,0,0.003983471,0.0039448375,2988,XGBoost (tuned),D,not a siting recommendation
88650570d7fffff,Petaling,3.178772452677993,101.4789193501263,0.0,0.0,1.058432106467041,0,0.003552099,0.0039948863,3969,XGBoost (tuned),D,not a siting recommendation
8865050aa5fffff,Petaling,3.048957466671833,101.6427833798653,0.0,0.0,1.058432106467041,0,0.0038990409,0.0032912362,3167,XGBoost (tuned),D,not a siting recommendation
8865050d37fffff,Petaling,3.105303710049561,101.52178450529726,0.0,0.0,1.058432106467041,0,0.0038750742,0.003965053,3215,XGBoost (tuned),D,not a siting recommendation
8865050a65fffff,Petaling,3.027082303808721,101.72184239015472,0.0,0.0,1.058432106467041,0,0.003600526,0.0033079325,3837,XGBoost (tuned),D,not a siting recommendation
8865050ac7fffff,Petaling,3.009997556066758,101.64370520851168,0.0,0.0,1.058432106467041,0,0.004183493,0.0033651886,2578,XGBoost (tuned),D,not a siting recommendation
8865050f2bfffff,Petaling,3.0392307303093027,101.5698058762894,0.0,0.0,1.058432106467041,0,0.0036003857,0.003345903,3842,XGBoost (tuned),D,not a siting recommendation
88650501abfffff,Petaling,2.9826872422605435,101.59615183471982,0.0,0.4,1.058432106467041,0,0.0060662734,0.004786696,1661,XGBoost (tuned),D,not a siting recommendation
88650572adfffff,Petaling,3.1590230571564875,101.53121343286844,0.0,0.0,1.058432106467041,0,0.0038521234,0.004033972,3316,XGBoost (tuned),D,not a siting recommendation
8865057023fffff,Petaling,3.2120355945964065,101.54959654211936,0.0,0.0,1.058432106467041,0,0.003967605,0.0039723227,3027,XGBoost (tuned),D,not a siting recommendation
8865057213fffff,Petaling,3.1266896055119844,101.54628083060064,0.0,0.0,1.058432106467041,0,0.0039126095,0.0040006964,3129,XGBoost (tuned),D,not a siting recommendation
8865057265fffff,Petaling,3.1452102408926166,101.60657130493776,3943.439143310779,8.3,1.058432106467041,0,0.10930937,0.048951738,530,XGBoost (tuned),D,not a siting recommendation
8865050135fffff,Petaling,2.9864820012108018,101.64604661640917,0.0,0.0,1.058432106467041,0,0.0043539465,0.003593362,2323,XGBoost (tuned),D,not a siting recommendation
886505708dfffff,Petaling,3.1927950443768496,101.49823828117488,0.0,0.0,1.058432106467041,0,0.0042795576,0.0040220562,2433,XGBoost (tuned),D,not a siting recommendation
88650572dbfffff,Petaling,3.1067336099032405,101.5038854858582,0.0,0.0,1.058432106467041,0,0.0041625327,0.004015357,2603,XGBoost (tuned),D,not a siting recommendation
8865057225fffff,Petaling,3.16209309335998,101.5900936416027,11830.317429932336,16.6,1.058432106467041,0,0.19920436,0.20292906,323,XGBoost (tuned),D,not a siting recommendation
8865050a11fffff,Petaling,3.007854779009421,101.67053213820296,0.0,0.0,1.058432106467041,0,0.0039881733,0.003393403,2981,XGBoost (tuned),D,not a siting recommendation
8865057069fffff,Petaling,3.1863456015287888,101.57879707500643,0.0,0.0,1.058432106467041,0,0.0038521234,0.0040257233,3316,XGBoost (tuned),D,not a siting recommendation
8865050a55fffff,Petaling,2.998349788899968,101.69217486283038,0.0,0.0,1.058432106467041,0,0.004344952,0.003393403,2337,XGBoost (tuned),D,not a siting recommendation
8865050a3bfffff,Petaling,3.023294204037021,101.67195319063644,0.0,0.0,1.058432106467041,0,0.004076289,0.0033079325,2753,XGBoost (tuned),D,not a siting recommendation
88650572d7fffff,Petaling,3.1221836894986423,101.50529991923044,0.0,0.0,1.058432106467041,0,0.004154521,0.0040514506,2621,XGBoost (tuned),D,not a siting recommendation
8865058d0bfffff,Sepang,2.677470166066676,101.7211128943193,0.0,0.0,0.8074238578680203,0,0.004004977,0.0069930553,2949,XGBoost (tuned),D,not a siting recommendation
8865058d53fffff,Sepang,2.662762819391072,101.71076023847048,0.0,0.0,0.8074238578680203,0,0.004338689,0.0069930553,2349,XGBoost (tuned),D,not a siting recommendation
88650501a9fffff,Sepang,2.9819738517549728,101.60509522033264,322.4334600760456,8.799999999999999,0.8074238578680203,0,0.05722683,0.05480997,813,XGBoost (tuned),D,not a siting recommendation
8865050341fffff,Sepang,2.8888838257093363,101.70010088943648,0.0,0.0,0.8074238578680203,0,0.0045479657,0.0036118408,2092,XGBoost (tuned),D,not a siting recommendation
8865058ce9fffff,Sepang,2.636179667890517,101.654329984156,0.0,0.0,0.8074238578680203,0,0.004413722,0.0070144157,2235,XGBoost (tuned),D,not a siting recommendation
8865058cc7fffff,Sepang,2.629533189736481,101.64022218207111,0.0,0.0,0.8074238578680203,0,0.004305708,0.007048821,2403,XGBoost (tuned),D,not a siting recommendation
8865050119fffff,Sepang,2.948245804430467,101.63802675564204,0.0,0.0,0.8074238578680203,0,0.0057957005,0.004332292,1722,XGBoost (tuned),D,not a siting recommendation
8865051047fffff,Sepang,2.7839860625050803,101.74893493619244,644.8669201520912,4.9,0.8074238578680203,0,0.059957277,0.14144865,794,XGBoost (tuned),D,not a siting recommendation
8865058cb3fffff,Sepang,2.655841595619798,101.60214741827292,0.0,0.0,0.8074238578680203,0,0.004631727,0.0070130965,1986,XGBoost (tuned),D,not a siting recommendation
8865058d1bfffff,Sepang,2.6715333982016585,101.6980734550864,0.0,0.0,0.8074238578680203,0,0.0046038697,0.007064534,2049,XGBoost (tuned),D,not a siting recommendation
8865058d63fffff,Sepang,2.6914688396380644,101.7403972705314,0.0,0.0,0.8074238578680203,0,0.0046038697,0.0068988805,2049,XGBoost (tuned),D,not a siting recommendation
8865051ac9fffff,Sepang,2.8758255220021622,101.76641248113673,0.0,0.0,0.8074238578680203,0,0.0041118446,0.0036118408,2692,XGBoost (tuned),D,not a siting recommendation
8865058dcdfffff,Sepang,2.672241811679044,101.68914147437238,0.0,0.0,0.8074238578680203,0,0.004004977,0.007064534,2949,XGBoost (tuned),D,not a siting recommendation
88650511a1fffff,Sepang,2.8720294359855725,101.71655320441354,0.0,0.0,0.8074238578680203,0,0.004416537,0.0036118408,2221,XGBoost (tuned),D,not a siting recommendation
8865051887fffff,Sepang,2.965334702669878,101.71615046233012,1289.7338403041824,27.8,0.8074238578680203,1,0.55151945,0.23889285,61,XGBoost (tuned),D,not a siting recommendation
8865051191fffff,Sepang,2.84330790359237,101.68689959361726,0.0,2.0,0.8074238578680203,0,0.0075402576,0.011857142,1544,XGBoost (tuned),D,not a siting recommendation
8865058cbbfffff,Sepang,2.647779012410451,101.60590624231445,0.0,0.0,0.8074238578680203,0,0.0040790443,0.0070130965,2740,XGBoost (tuned),D,not a siting recommendation
88650511d1fffff,Sepang,2.8264579216630654,101.7033510356843,8383.269961977187,82.9,0.8074238578680203,0,0.6643322,0.59923124,25,XGBoost (tuned),D,not a siting recommendation
886505101dfffff,Sepang,2.786118262706911,101.72213383174405,0.0,0.0,0.8074238578680203,0,0.004640275,0.0069930553,1966,XGBoost (tuned),D,not a siting recommendation
8865051009fffff,Sepang,2.7846968397953065,101.74000154351192,0.0,0.0,0.8074238578680203,0,0.004063519,0.0068988805,2773,XGBoost (tuned),D,not a siting recommendation
8865051287fffff,Sepang,2.7493377103262717,101.6962446738266,322.4334600760456,1.7999999999999998,0.8074238578680203,0,0.023312137,0.051460482,1133,XGBoost (tuned),D,not a siting recommendation
886505113bfffff,Sepang,2.853752894430253,101.75087368060902,0.0,0.0,0.8074238578680203,0,0.004770509,0.0036118408,1899,XGBoost (tuned),D,not a siting recommendation
88650501ebfffff,Sepang,2.9658220865912925,101.6126198765425,5803.802281368821,36.3,0.8074238578680203,0,0.09869173,0.06130668,580,XGBoost (tuned),D,not a siting recommendation
88650512a7fffff,Sepang,2.7721160934798443,101.70284349182693,0.0,0.0,0.8074238578680203,0,0.004640275,0.0069930553,1966,XGBoost (tuned),D,not a siting recommendation
886505b96dfffff,Sepang,2.648486439849794,101.59697196511394,0.0,0.0,0.8074238578680203,0,0.0040790443,0.0070130965,2740,XGBoost (tuned),D,not a siting recommendation
8865051291fffff,Sepang,2.7353355848912035,101.67695591460124,0.0,0.0,0.8074238578680203,0,0.004428496,0.007102314,2207,XGBoost (tuned),D,not a siting recommendation
88650518c7fffff,Sepang,2.948472871022022,101.73260488868156,322.4334600760456,11.9,0.8074238578680203,0,0.052435096,0.036656085,849,XGBoost (tuned),D,not a siting recommendation
8865051607fffff,Sepang,2.7028083578005644,101.59746200403242,0.0,0.0,0.8074238578680203,0,0.004413722,0.0070130965,2235,XGBoost (tuned),D,not a siting recommendation
88650510ebfffff,Sepang,2.7963176165821486,101.69157283796848,0.0,0.0,0.8074238578680203,0,0.0046799206,0.007064534,1938,XGBoost (tuned),D,not a siting recommendation
88650510d9fffff,Sepang,2.7668899925692934,101.67086119407796,0.0,0.0,0.8074238578680203,0,0.004455946,0.0070144157,2187,XGBoost (tuned),D,not a siting recommendation
886505004dfffff,Sepang,2.893157319633916,101.64646936800293,0.0,0.0,0.8074238578680203,0,0.005003775,0.003676622,1843,XGBoost (tuned),D,not a siting recommendation
88650511a7fffff,Sepang,2.8801002388854133,101.7127959198902,644.8669201520912,1.0,0.8074238578680203,0,0.004738703,0.004103585,1912,XGBoost (tuned),D,not a siting recommendation
88650512bbfffff,Sepang,2.750757294877216,101.67837606073134,0.0,0.0,0.8074238578680203,0,0.004413722,0.007102314,2235,XGBoost (tuned),D,not a siting recommendation
88650511d7fffff,Sepang,2.8345269758815954,101.69959378084329,1934.6007604562733,12.1,0.8074238578680203,0,0.054153003,0.10114414,835,XGBoost (tuned),D,not a siting recommendation
88650512c5fffff,Sepang,2.731787743735368,101.72162327913398,322.4334600760456,16.6,0.8074238578680203,0,0.16656488,0.3417538,376,XGBoost (tuned),D,not a siting recommendation
8865058db1fffff,Sepang,2.706621557400863,101.64731415027124,0.0,0.0,0.8074238578680203,0,0.004568932,0.0070144157,2083,XGBoost (tuned),D,not a siting recommendation
8865051abbfffff,Sepang,2.9102485540929584,101.7245782225529,644.8669201520912,9.1,0.8074238578680203,0,0.038124643,0.0455149,966,XGBoost (tuned),D,not a siting recommendation
8865050343fffff,Sepang,2.889596191486764,101.69116306823832,0.0,1.0,0.8074238578680203,0,0.005322207,0.0038401077,1781,XGBoost (tuned),D,not a siting recommendation
8865051641fffff,Sepang,2.6779076252970744,101.617674635519,0.0,0.0,0.8074238578680203,0,0.004305708,0.0070130965,2403,XGBoost (tuned),D,not a siting recommendation
886505118bfffff,Sepang,2.841884857558979,101.70477268771089,1612.1673003802282,11.1,0.8074238578680203,0,0.039799396,0.036901694,954,XGBoost (tuned),D,not a siting recommendation
8865050113fffff,Sepang,2.957033667845752,101.6253239229894,967.3003802281368,2.9,0.8074238578680203,0,0.015360523,0.025185432,1301,XGBoost (tuned),D,not a siting recommendation
8865058d27fffff,Sepang,2.7156590458403955,101.72913357127766,0.0,0.0,0.8074238578680203,0,0.004004977,0.0068988805,2949,XGBoost (tuned),D,not a siting recommendation
8865051adbfffff,Sepang,2.8706049585659645,101.73442594573064,644.8669201520912,5.4,0.8074238578680203,0,0.020528676,0.025553433,1178,XGBoost (tuned),D,not a siting recommendation
8865051ad7fffff,Sepang,2.8860338973737085,101.73584909742657,322.4334600760456,2.2,0.8074238578680203,0,0.016659634,0.010778312,1263,XGBoost (tuned),D,not a siting recommendation
8865058dcbfffff,Sepang,2.665595895983584,101.67503306287551,0.0,0.9,0.8074238578680203,0,0.008704934,0.010455451,1512,XGBoost (tuned),D,not a siting recommendation
886505006dfffff,Sepang,2.915950564905022,101.653068722689,1289.7338403041824,37.4,0.8074238578680203,1,0.55831796,0.36421195,59,XGBoost (tuned),D,not a siting recommendation
8865051623fffff,Sepang,2.7182300596382625,101.59887865681908,0.0,0.0,0.8074238578680203,0,0.004631727,0.0070130965,1986,XGBoost (tuned),D,not a siting recommendation
886505165dfffff,Sepang,2.671260064351108,101.60356406650364,0.0,0.0,0.8074238578680203,0,0.004305708,0.0070130965,2403,XGBoost (tuned),D,not a siting recommendation
8865051233fffff,Sepang,2.7538532939758182,101.73715589416808,322.4334600760456,11.3,0.8074238578680203,0,0.0592756,0.15169169,797,XGBoost (tuned),D,not a siting recommendation
8865058d61fffff,Sepang,2.690759763647098,101.7493281177928,644.8669201520912,12.0,0.8074238578680203,0,0.072668195,0.0979789,719,XGBoost (tuned),D,not a siting recommendation
8865051031fffff,Sepang,2.8096098768831785,101.71979988168948,644.8669201520912,10.2,0.8074238578680203,0,0.06790981,0.1272843,757,XGBoost (tuned),D,not a siting recommendation
8865058cedfffff,Sepang,2.643533585605991,101.65950554082184,644.8669201520912,1.9,0.8074238578680203,0,0.01324977,0.021049708,1355,XGBoost (tuned),D,not a siting recommendation
88650501e7fffff,Sepang,2.9812604119705326,101.61403830298612,322.4334600760456,10.3,0.8074238578680203,0,0.19423856,0.13241692,332,XGBoost (tuned),D,not a siting recommendation
8865051189fffff,Sepang,2.8411732663865963,101.71370877387749,644.8669201520912,1.0,0.8074238578680203,0,0.006158695,0.004070107,1648,XGBoost (tuned),D,not a siting recommendation
886505011bfffff,Sepang,2.9489588196395227,101.62908533317314,0.0,0.0,0.8074238578680203,0,0.0056832307,0.004332292,1741,XGBoost (tuned),D,not a siting recommendation
8865051743fffff,Sepang,2.7301074429014123,101.64497483439548,0.0,0.0,0.8074238578680203,0,0.0040790443,0.007048821,2740,XGBoost (tuned),D,not a siting recommendation
8865050265fffff,Sepang,2.867518784726094,101.67562472234296,967.3003802281368,44.5,0.8074238578680203,0,0.25077954,0.3196336,245,XGBoost (tuned),D,not a siting recommendation
886505166bfffff,Sepang,2.6933271427636503,101.61909203409354,0.0,0.0,0.8074238578680203,0,0.004605629,0.0070130965,2028,XGBoost (tuned),D,not a siting recommendation
88650511c3fffff,Sepang,2.8331040826993217,101.71746557974352,644.8669201520912,3.1,0.8074238578680203,0,0.024592062,0.052755207,1114,XGBoost (tuned),D,not a siting recommendation
88650510d3fffff,Sepang,2.775666997936192,101.65816762896354,0.0,0.0,0.8074238578680203,0,0.0040834034,0.0070144157,2724,XGBoost (tuned),D,not a siting recommendation
8865058da7fffff,Sepang,2.7206240015994814,101.66660187614092,0.0,0.0,0.8074238578680203,0,0.004413722,0.0070144157,2235,XGBoost (tuned),D,not a siting recommendation
8865058da5fffff,Sepang,2.719914849687019,101.67553589491196,0.0,0.0,0.8074238578680203,0,0.004004977,0.0070144157,2949,XGBoost (tuned),D,not a siting recommendation
8865050189fffff,Sepang,2.9591727779535124,101.59849681622292,0.0,0.8,0.8074238578680203,0,0.0075543593,0.0057880864,1543,XGBoost (tuned),D,not a siting recommendation
8865058c83fffff,Sepang,2.63900946198904,101.618598471855,0.0,0.0,0.8074238578680203,0,0.004413722,0.0070130965,2235,XGBoost (tuned),D,not a siting recommendation
8865058c11fffff,Sepang,2.627411030333449,101.66701843118572,0.0,0.0,0.8074238578680203,0,0.004004977,0.0070144157,2949,XGBoost (tuned),D,not a siting recommendation
8865050009fffff,Sepang,2.902654070675188,101.62482894499983,322.4334600760456,4.5,0.8074238578680203,0,0.06997917,0.048675515,739,XGBoost (tuned),D,not a siting recommendation
8865050223fffff,Sepang,2.877725497174728,101.645049952532,1934.6007604562733,8.0,0.8074238578680203,0,0.04016362,0.06046826,952,XGBoost (tuned),D,not a siting recommendation
886505034bfffff,Sepang,2.8815247746564983,101.69492126560525,0.0,0.0,0.8074238578680203,0,0.0044912854,0.0036118408,2133,XGBoost (tuned),D,not a siting recommendation
8865058d13fffff,Sepang,2.679596026041193,101.69431777402484,0.0,0.0,0.8074238578680203,0,0.0046038697,0.007064534,2049,XGBoost (tuned),D,not a siting recommendation
886505125bfffff,Sepang,2.706176573171648,101.750751118225,0.0,0.0,0.8074238578680203,0,0.0043105516,0.006996821,2380,XGBoost (tuned),D,not a siting recommendation
88650512e5fffff,Sepang,2.7545634469561318,101.72822293836192,322.4334600760456,1.7,0.8074238578680203,0,0.017703623,0.036776688,1223,XGBoost (tuned),D,not a siting recommendation
8865058d57fffff,Sepang,2.6701164473587147,101.71593649581597,0.0,0.0,0.8074238578680203,0,0.004338689,0.0069930553,2349,XGBoost (tuned),D,not a siting recommendation
8865051127fffff,Sepang,2.8751129079851285,101.77534749088,0.0,0.0,0.8074238578680203,0,0.00446201,0.0036118408,2164,XGBoost (tuned),D,not a siting recommendation
8865058dc1fffff,Sepang,2.6729501837841667,101.68020918731663,0.0,0.9,0.8074238578680203,0,0.008824403,0.010672627,1505,XGBoost (tuned),D,not a siting recommendation
88650511a3fffff,Sepang,2.8727416055799053,101.7076163715403,644.8669201520912,1.0,0.8074238578680203,0,0.006271807,0.004103585,1630,XGBoost (tuned),D,not a siting recommendation
886505181bfffff,Sepang,2.9389722319529983,101.7542373901005,9350.570342205325,144.7,0.8074238578680203,0,0.08565575,0.07441843,641,XGBoost (tuned),D,not a siting recommendation
8865058d0dfffff,Sepang,2.6841151066043976,101.73522055780664,322.4334600760456,4.0,0.8074238578680203,0,0.012715732,0.018874994,1369,XGBoost (tuned),D,not a siting recommendation
886505010bfffff,Sepang,2.9548941205259585,101.65214829495405,322.4334600760456,3.2,0.8074238578680203,0,0.023092613,0.02905385,1135,XGBoost (tuned),D,not a siting recommendation
8865051111fffff,Sepang,2.838326448675535,101.74945003623694,322.4334600760456,1.4,0.8074238578680203,0,0.01565965,0.007800883,1290,XGBoost (tuned),D,not a siting recommendation
8865058f17fffff,Sepang,2.630518131977761,101.72577835933345,0.0,0.0,0.8074238578680203,0,0.004004977,0.0068988805,2949,XGBoost (tuned),D,not a siting recommendation
8865050035fffff,Sepang,2.934948269089307,101.6097834030462,9350.570342205325,32.2,0.8074238578680203,0,0.05186011,0.041530445,854,XGBoost (tuned),D,not a siting recommendation
8865058c37fffff,Sepang,2.658241700073212,101.66985708026024,322.4334600760456,1.8,0.8074238578680203,0,0.0066524125,0.011531421,1595,XGBoost (tuned),D,not a siting recommendation
8865050221fffff,Sepang,2.8770136518774456,101.65398892969436,1289.7338403041824,3.8,0.8074238578680203,0,0.020077877,0.01265847,1188,XGBoost (tuned),D,not a siting recommendation
8865051621fffff,Sepang,2.717521371412953,101.60781476858412,0.0,0.0,0.8074238578680203,0,0.004413722,0.0070130965,2235,XGBoost (tuned),D,not a siting recommendation
8865050347fffff,Sepang,2.8969554924449694,101.69634280048308,0.0,0.0,0.8074238578680203,0,0.0041813026,0.0036118408,2588,XGBoost (tuned),D,not a siting recommendation
886505036dfffff,Sepang,2.910961470512752,101.71564061025272,0.0,0.0,0.8074238578680203,0,0.0048002214,0.0036419912,1887,XGBoost (tuned),D,not a siting recommendation
8865051049fffff,Sepang,2.767853565574435,101.75644438598792,0.0,0.0,0.8074238578680203,0,0.0040941155,0.007052306,2719,XGBoost (tuned),D,not a siting recommendation
88650511c1fffff,Sepang,2.8323925683586886,101.7264010174428,1934.6007604562733,14.6,0.8074238578680203,0,0.055049855,0.12441097,822,XGBoost (tuned),D,not a siting recommendation
8865058d3bfffff,Sepang,2.694304726943644,101.70467079781464,0.0,0.0,0.8074238578680203,0,0.004338689,0.0069930553,2349,XGBoost (tuned),D,not a siting recommendation
8865058f37fffff,Sepang,2.6532845399156804,101.7323761810329,0.0,0.4,0.8074238578680203,0,0.0053050946,0.007502421,1783,XGBoost (tuned),D,not a siting recommendation
8865058ca3fffff,Sepang,2.66178129632767,101.62519140906502,0.0,0.0,0.8074238578680203,0,0.0040790443,0.0070130965,2740,XGBoost (tuned),D,not a siting recommendation
88650512c1fffff,Sepang,2.7244327359641805,101.71644602291904,322.4334600760456,1.7999999999999998,0.8074238578680203,0,0.026528498,0.052860137,1082,XGBoost (tuned),D,not a siting recommendation
88650518a1fffff,Sepang,2.9800559997153604,101.72651270116393,967.3003802281368,5.3,0.8074238578680203,1,0.3039975,0.039505266,194,XGBoost (tuned),D,not a siting recommendation
8865058c6dfffff,Sepang,2.638578731740191,101.72202417666794,0.0,1.0,0.8074238578680203,0,0.0045680995,0.0076446906,2089,XGBoost (tuned),D,not a siting recommendation
8865051019fffff,Sepang,2.7787619787813336,101.71695571753403,0.0,0.0,0.8074238578680203,0,0.0043801987,0.0069930553,2287,XGBoost (tuned),D,not a siting recommendation
8865050261fffff,Sepang,2.860159815916957,101.67044555758692,1934.6007604562733,8.6,0.8074238578680203,0,0.06114674,0.08472318,789,XGBoost (tuned),D,not a siting recommendation
8865058de5fffff,Sepang,2.7030772362528053,101.6919823747868,0.0,0.0,0.8074238578680203,0,0.004484383,0.007064534,2149,XGBoost (tuned),D,not a siting recommendation
8865058d91fffff,Sepang,2.683846623207269,101.6407192665737,0.0,0.0,0.8074238578680203,0,0.004631727,0.007048821,1986,XGBoost (tuned),D,not a siting recommendation
88650510e7fffff,Sepang,2.811742915681558,101.69299386348769,322.4334600760456,1.7,0.8074238578680203,0,0.00722174,0.01762799,1557,XGBoost (tuned),D,not a siting recommendation
8865051a8bfffff,Sepang,2.893392358364285,101.74102899306138,0.0,0.4,0.8074238578680203,0,0.005147319,0.004391173,1798,XGBoost (tuned),D,not a siting recommendation
8865051211fffff,Sepang,2.7303683081796346,101.7394880720225,0.0,0.0,0.8074238578680203,0,0.004004977,0.0068988805,2949,XGBoost (tuned),D,not a siting recommendation
8865058e35fffff,Sepang,2.6011086517205246,101.70507647742971,0.0,0.0,0.8074238578680203,0,0.0046038697,0.0069930553,2049,XGBoost (tuned),D,not a siting recommendation
8865051627fffff,Sepang,2.725586867667069,101.60405521778334,0.0,0.0,0.8074238578680203,0,0.004631727,0.0070130965,1986,XGBoost (tuned),D,not a siting recommendation
8865051041fffff,Sepang,2.775919625762191,101.75268977713112,0.0,1.1,0.8074238578680203,0,0.017107962,0.029492421,1240,XGBoost (tuned),D,not a siting recommendation
88650518e7fffff,Sepang,2.971267113375777,101.73920941417208,1289.7338403041824,31.7,0.8074238578680203,0,0.4309756,0.07672644,109,XGBoost (tuned),D,not a siting recommendation
88650518d9fffff,Sepang,2.9263935118808373,101.7170631454243,0.0,0.0,0.8074238578680203,0,0.0043017585,0.0036419912,2419,XGBoost (tuned),D,not a siting recommendation
8865058d11fffff,Sepang,2.6788874475008284,101.70324978794606,0.0,0.0,0.8074238578680203,0,0.004004977,0.0069930553,2949,XGBoost (tuned),D,not a siting recommendation
8865051055fffff,Sepang,2.777340889702556,101.73482336470188,0.0,0.0,0.8074238578680203,0,0.0040459977,0.0068988805,2799,XGBoost (tuned),D,not a siting recommendation
88650510ddfffff,Sepang,2.77424676781328,101.67603889227472,0.0,0.6,0.8074238578680203,0,0.010463826,0.019983517,1446,XGBoost (tuned),D,not a siting recommendation
886505128bfffff,Sepang,2.7339165768987725,101.69482378100405,0.0,0.0,0.8074238578680203,0,0.004484383,0.007064534,2149,XGBoost (tuned),D,not a siting recommendation
8865058dabfffff,Sepang,2.7052039557214087,101.66518235632655,0.0,0.0,0.8074238578680203,0,0.004305708,0.0070144157,2403,XGBoost (tuned),D,not a siting recommendation
88650510d5fffff,Sepang,2.782313933435023,101.67228121960544,0.0,0.0,0.8074238578680203,0,0.004455946,0.0070144157,2187,XGBoost (tuned),D,not a siting recommendation
886505172dfffff,Sepang,2.7683098914502198,101.65298999904267,0.0,0.0,0.8074238578680203,0,0.004305708,0.0070144157,2403,XGBoost (tuned),D,not a siting recommendation
8865051aa7fffff,Sepang,2.9316129522256684,101.74905671284029,9350.570342205325,156.2,0.8074238578680203,0,0.096993856,0.07510302,584,XGBoost (tuned),D,not a siting recommendation
8865051029fffff,Sepang,2.8074764369886505,101.74660312753888,644.8669201520912,5.1,0.8074238578680203,0,0.041941196,0.078794904,936,XGBoost (tuned),D,not a siting recommendation
8865051649fffff,Sepang,2.6698442715034445,101.62143313786974,0.0,0.0,0.8074238578680203,0,0.0040790443,0.0070130965,2740,XGBoost (tuned),D,not a siting recommendation
8865058da9fffff,Sepang,2.704495091434533,101.67411600164836,0.0,0.0,0.8074238578680203,0,0.004631727,0.0070144157,1986,XGBoost (tuned),D,not a siting recommendation
886505175dfffff,Sepang,2.7227512012269077,101.63979798927004,0.0,0.0,0.8074238578680203,0,0.0040790443,0.007048821,2740,XGBoost (tuned),D,not a siting recommendation
8865051449fffff,Sepang,2.7262956768004605,101.59511876776722,0.0,0.0,0.8074238578680203,0,0.004305708,0.0070130965,2403,XGBoost (tuned),D,not a siting recommendation
8865050045fffff,Sepang,2.901229708506043,101.64270923972386,1612.1673003802282,5.4,0.8074238578680203,0,0.045627236,0.10895014,902,XGBoost (tuned),D,not a siting recommendation
8865058cb9fffff,Sepang,2.647071543820472,101.6148402171325,0.0,0.0,0.8074238578680203,0,0.004631727,0.0070130965,1986,XGBoost (tuned),D,not a siting recommendation
8865051881fffff,Sepang,2.9572604348254035,101.71990859582402,967.3003802281368,2.0,0.8074238578680203,0,0.014996247,0.005731325,1308,XGBoost (tuned),D,not a siting recommendation
8865058dc9fffff,Sepang,2.664887688604023,101.6839653163198,0.0,0.0,0.8074238578680203,0,0.004428496,0.007102314,2207,XGBoost (tuned),D,not a siting recommendation
8865051231fffff,Sepang,2.7531430978602307,101.7460885412241,644.8669201520912,3.0,0.8074238578680203,0,0.014715341,0.020609792,1314,XGBoost (tuned),D,not a siting recommendation
8865050131fffff,Sepang,2.979119797527246,101.6408657289875,2257.0342205323195,7.6,0.8074238578680203,0,0.08730583,0.042836417,635,XGBoost (tuned),D,not a siting recommendation
8865058c57fffff,Sepang,2.618642980690245,101.6797056631208,0.0,0.0,0.8074238578680203,0,0.004628892,0.007102314,2008,XGBoost (tuned),D,not a siting recommendation
8865050247fffff,Sepang,2.845442130996521,101.66008765436118,0.0,0.0,0.8074238578680203,0,0.004343283,0.0070144157,2339,XGBoost (tuned),D,not a siting recommendation
8865050369fffff,Sepang,2.9036021740594644,101.7104605618391,644.8669201520912,3.8,0.8074238578680203,0,0.04402815,0.036769476,918,XGBoost (tuned),D,not a siting recommendation
8865051667fffff,Sepang,2.708747641825452,101.62050955894244,0.0,0.0,0.8074238578680203,0,0.004631727,0.0070130965,1986,XGBoost (tuned),D,not a siting recommendation
8865051239fffff,Sepang,2.745077921468807,101.7498431360575,0.0,0.0,0.8074238578680203,0,0.0040941155,0.006996821,2719,XGBoost (tuned),D,not a siting recommendation
8865058c0bfffff,Sepang,2.6259960553819366,101.68488107186629,0.0,0.0,0.8074238578680203,0,0.004428496,0.007102314,2207,XGBoost (tuned),D,not a siting recommendation
88650511e9fffff,Sepang,2.847107411158494,101.73675916831556,0.0,1.0,0.8074238578680203,0,0.006886327,0.0049801213,1577,XGBoost (tuned),D,not a siting recommendation
88650512ddfffff,Sepang,2.7177871386422345,101.70233611480472,0.0,0.0,0.8074238578680203,0,0.004360966,0.0069930553,2305,XGBoost (tuned),D,not a siting recommendation
8865058c21fffff,Sepang,2.6561174484354457,101.6966528214148,0.0,0.0,0.8074238578680203,0,0.0046038697,0.007064534,2049,XGBoost (tuned),D,not a siting recommendation
8865050333fffff,Sepang,2.9233111166629824,101.65824867781568,1289.7338403041824,70.3,0.8074238578680203,1,0.5203089,0.53307384,74,XGBoost (tuned),D,not a siting recommendation
88650501c7fffff,Sepang,2.9584597899270983,101.60743948831173,967.3003802281368,3.2,0.8074238578680203,0,0.038753122,0.06954452,961,XGBoost (tuned),D,not a siting recommendation
8865051993fffff,Sepang,3.003567887037218,101.72417772179242,322.4334600760456,17.099999999999998,0.8074238578680203,1,0.31449798,0.18210879,185,XGBoost (tuned),D,not a siting recommendation
8865051015fffff,Sepang,2.7941854448866663,101.71837773632092,0.0,0.8,0.8074238578680203,0,0.006389507,0.00904374,1616,XGBoost (tuned),D,not a siting recommendation
8865051081fffff,Sepang,2.797738842618506,101.67370137159904,0.0,0.0,0.8074238578680203,0,0.004455946,0.0070144157,2187,XGBoost (tuned),D,not a siting recommendation
88650511d3fffff,Sepang,2.827169178650289,101.69441501554353,322.4334600760456,41.3,0.8074238578680203,1,0.23214711,0.40306413,270,XGBoost (tuned),D,not a siting recommendation
886505020dfffff,Sepang,2.8535124154321445,101.65632857632492,0.0,1.0,0.8074238578680203,0,0.005039393,0.0076056104,1832,XGBoost (tuned),D,not a siting recommendation
8865050111fffff,Sepang,2.956320533907287,101.63426568473793,0.0,0.0,0.8074238578680203,0,0.0040355623,0.0043362486,2831,XGBoost (tuned),D,not a siting recommendation
8865051acdfffff,Sepang,2.883183227462438,101.77159236242622,644.8669201520912,1.4,0.8074238578680203,0,0.008939433,0.004334876,1499,XGBoost (tuned),D,not a siting recommendation
88650512a5fffff,Sepang,2.77140578115916,101.71177774455852,0.0,0.0,0.8074238578680203,0,0.004628892,0.0069930553,2008,XGBoost (tuned),D,not a siting recommendation
8865058c35fffff,Sepang,2.6575336572368946,101.67878929994576,0.0,0.0,0.8074238578680203,0,0.004631727,0.007102314,1986,XGBoost (tuned),D,not a siting recommendation
8865058c15fffff,Sepang,2.634764526693,101.67219391414996,0.0,0.0,0.8074238578680203,0,0.004422271,0.0070144157,2215,XGBoost (tuned),D,not a siting recommendation
8865051257fffff,Sepang,2.721594360295649,101.75217424524546,0.0,0.0,0.8074238578680203,0,0.0043105516,0.006996821,2380,XGBoost (tuned),D,not a siting recommendation
88650518c1fffff,Sepang,2.9403994616656584,101.73636221681498,644.8669201520912,2.6,0.8074238578680203,0,0.037100017,0.009536938,973,XGBoost (tuned),D,not a siting recommendation
8865058d43fffff,Sepang,2.6686993317125465,101.73379830615951,322.4334600760456,3.0,0.8074238578680203,0,0.008149705,0.01788796,1529,XGBoost (tuned),D,not a siting recommendation
8865051213fffff,Sepang,2.7310780472639102,101.73055582977692,0.0,0.0,0.8074238578680203,0,0.0043105516,0.0068988805,2380,XGBoost (tuned),D,not a siting recommendation
8865051669fffff,Sepang,2.6926187761797435,101.62802682770511,0.0,0.0,0.8074238578680203,0,0.004605629,0.0069688456,2028,XGBoost (tuned),D,not a siting recommendation
8865058cb1fffff,Sepang,2.655134005089073,101.61108173132575,0.0,0.0,0.8074238578680203,0,0.004413722,0.0070130965,2235,XGBoost (tuned),D,not a siting recommendation
8865058cbdfffff,Sepang,2.6544263732523024,101.62001574173904,0.0,0.0,0.8074238578680203,0,0.004631727,0.0070130965,1986,XGBoost (tuned),D,not a siting recommendation
886505022bfffff,Sepang,2.8696540989201877,101.64880972539936,967.3003802281368,2.4,0.8074238578680203,0,0.011168474,0.006956815,1428,XGBoost (tuned),D,not a siting recommendation
88650511b3fffff,Sepang,2.8668069209050624,101.68456244307708,1289.7338403041824,6.9,0.8074238578680203,0,0.10004616,0.06405753,572,XGBoost (tuned),D,not a siting recommendation
88650511c9fffff,Sepang,2.824323880634133,101.73015725064695,644.8669201520912,19.7,0.8074238578680203,0,0.07981988,0.22908127,672,XGBoost (tuned),D,not a siting recommendation
886505013bfffff,Sepang,2.971757673790227,101.63568498422444,644.8669201520912,6.0,0.8074238578680203,0,0.1904365,0.24898575,338,XGBoost (tuned),D,not a siting recommendation
8865051aa9fffff,Sepang,2.915468226077419,101.7565695252714,644.8669201520912,5.3,0.8074238578680203,0,0.03586615,0.019662898,990,XGBoost (tuned),D,not a siting recommendation
8865058d2bfffff,Sepang,2.7002410210610237,101.72771143932434,0.0,0.0,0.8074238578680203,0,0.004004977,0.0068988805,2949,XGBoost (tuned),D,not a siting recommendation
8865058d87fffff,Sepang,2.697848644300797,101.66000580002724,0.0,0.0,0.8074238578680203,0,0.004305708,0.0070144157,2403,XGBoost (tuned),D,not a siting recommendation
88650511e3fffff,Sepang,2.855888946478854,101.72406707743656,0.0,0.0,0.8074238578680203,0,0.004459685,0.0036118408,2183,XGBoost (tuned),D,not a siting recommendation
8865051089fffff,Sepang,2.7896710492283163,101.67745916781516,322.4334600760456,3.7,0.8074238578680203,0,0.030057095,0.06791322,1048,XGBoost (tuned),D,not a siting recommendation
8865058dc3fffff,Sepang,2.673658514459888,101.67127659433766,322.4334600760456,5.3,0.8074238578680203,0,0.021758324,0.053047556,1159,XGBoost (tuned),D,not a siting recommendation
8865058d9bfffff,Sepang,2.6764914217259648,101.63554317156094,0.0,0.0,0.8074238578680203,0,0.004413722,0.007048821,2235,XGBoost (tuned),D,not a siting recommendation
8865051629fffff,Sepang,2.7094562515794216,101.61157408824344,0.0,0.0,0.8074238578680203,0,0.004413722,0.0070130965,2235,XGBoost (tuned),D,not a siting recommendation
8865051203fffff,Sepang,2.737013122850531,101.75359749886934,0.0,0.0,0.8074238578680203,0,0.0040941155,0.007052306,2719,XGBoost (tuned),D,not a siting recommendation
8865051197fffff,Sepang,2.8513778252061104,101.68314153496624,322.4334600760456,1.1,0.8074238578680203,0,0.008964058,0.010353078,1496,XGBoost (tuned),D,not a siting recommendation
8865058c33fffff,Sepang,2.650887596473781,101.66468123954948,0.0,0.0,0.8074238578680203,0,0.004042005,0.0070144157,2815,XGBoost (tuned),D,not a siting recommendation
886505119bfffff,Sepang,2.835949688013143,101.6817207533998,1289.7338403041824,4.9,0.8074238578680203,0,0.03815005,0.049091466,965,XGBoost (tuned),D,not a siting recommendation
886505170dfffff,Sepang,2.745529671115522,101.646393609708,0.0,0.0,0.8074238578680203,0,0.004305708,0.007048821,2403,XGBoost (tuned),D,not a siting recommendation
8865050115fffff,Sepang,2.963682329206666,101.63944617905004,3224.3346007604564,10.6,0.8074238578680203,0,0.083637945,0.04028725,655,XGBoost (tuned),D,not a siting recommendation
8865051181fffff,Sepang,2.849242823260752,101.70995173606754,644.8669201520912,1.0,0.8074238578680203,0,0.0067146295,0.004103585,1592,XGBoost (tuned),D,not a siting recommendation
8865051aa3fffff,Sepang,2.924253751823835,101.74387617641756,644.8669201520912,2.1,0.8074238578680203,0,0.017452644,0.008067069,1230,XGBoost (tuned),D,not a siting recommendation
8865051707fffff,Sepang,2.754305497060595,101.63369918064154,0.0,0.0,0.8074238578680203,0,0.0041208207,0.007048821,2682,XGBoost (tuned),D,not a siting recommendation
88650510c3fffff,Sepang,2.7816036305110097,101.68121673237457,322.4334600760456,28.2,0.8074238578680203,0,0.12371936,0.2623592,477,XGBoost (tuned),D,not a siting recommendation
8865058c31fffff,Sepang,2.650179717998388,101.67361342532894,0.0,0.0,0.8074238578680203,0,0.004004977,0.0070144157,2949,XGBoost (tuned),D,not a siting recommendation
8865050207fffff,Sepang,2.862294630179892,101.64363066353744,644.8669201520912,2.6,0.8074238578680203,0,0.017397668,0.03738181,1231,XGBoost (tuned),D,not a siting recommendation
8865051755fffff,Sepang,2.73081658848748,101.63603956175533,0.0,0.0,0.8074238578680203,0,0.004413722,0.007048821,2235,XGBoost (tuned),D,not a siting recommendation
8865051625fffff,Sepang,2.72487801548572,101.612991365361,0.0,0.0,0.8074238578680203,0,0.0040790443,0.0070130965,2740,XGBoost (tuned),D,not a siting recommendation
8865051033fffff,Sepang,2.8103209344591717,101.71086484976982,0.0,1.0,0.8074238578680203,0,0.0136316605,0.019492175,1346,XGBoost (tuned),D,not a siting recommendation
8865051751fffff,Sepang,2.723460182208329,101.63086275152358,0.0,0.0,0.8074238578680203,0,0.004413722,0.0069688456,2235,XGBoost (tuned),D,not a siting recommendation
88650510c5fffff,Sepang,2.788250067037745,101.69532995435216,0.0,0.0,0.8074238578680203,0,0.004628892,0.007064534,2008,XGBoost (tuned),D,not a siting recommendation
8865051601fffff,Sepang,2.694743749282493,101.60122153802912,0.0,0.0,0.8074238578680203,0,0.004605629,0.0070130965,2028,XGBoost (tuned),D,not a siting recommendation
886505015bfffff,Sepang,2.932097448191566,101.64554820250144,322.4334600760456,9.2,0.8074238578680203,1,0.1991658,0.22404738,325,XGBoost (tuned),D,not a siting recommendation
88650501e5fffff,Sepang,2.980546922965547,101.6229810822599,2579.467680608365,7.4,0.8074238578680203,0,0.06372049,0.02716528,774,XGBoost (tuned),D,not a siting recommendation
8865058dd3fffff,Sepang,2.6677202702484597,101.64823447021912,0.0,0.0,0.8074238578680203,0,0.004305708,0.0070144157,2403,XGBoost (tuned),D,not a siting recommendation
8865058c17fffff,Sepang,2.635472117589961,101.66326210168152,0.0,0.0,0.8074238578680203,0,0.004568932,0.0070144157,2083,XGBoost (tuned),D,not a siting recommendation
8865051aabfffff,Sepang,2.916181452136909,101.74763280786522,644.8669201520912,1.5,0.8074238578680203,0,0.011189806,0.0049947337,1426,XGBoost (tuned),D,not a siting recommendation
8865058c6bfffff,Sepang,2.631933758280703,101.70791810508466,322.4334600760456,1.3,0.8074238578680203,0,0.008490163,0.016116781,1518,XGBoost (tuned),D,not a siting recommendation
8865050061fffff,Sepang,2.916663103328537,101.64412865786052,1934.6007604562733,10.6,0.8074238578680203,0,0.10537841,0.11622795,546,XGBoost (tuned),D,not a siting recommendation
88650511b5fffff,Sepang,2.873453729019959,101.6986792310825,967.3003802281368,2.4,0.8074238578680203,0,0.010753109,0.00598683,1435,XGBoost (tuned),D,not a siting recommendation
8865058d23fffff,Sepang,2.708304547329592,101.72395653233605,0.0,0.0,0.8074238578680203,0,0.004360966,0.0068988805,2305,XGBoost (tuned),D,not a siting recommendation
886505160bfffff,Sepang,2.6873876366005987,101.59604547747708,0.0,0.0,0.8074238578680203,0,0.004605629,0.0070130965,2028,XGBoost (tuned),D,not a siting recommendation
8865058d6bfffff,Sepang,2.683406196660984,101.7441513731831,0.0,1.0,0.8074238578680203,0,0.00927833,0.012923837,1480,XGBoost (tuned),D,not a siting recommendation
886505118dfffff,Sepang,2.848531064722487,101.71888785502571,0.0,0.0,0.8074238578680203,0,0.004720719,0.0036118408,1918,XGBoost (tuned),D,not a siting recommendation
8865058ca5fffff,Sepang,2.6684283121884635,101.63930099662127,0.0,0.0,0.8074238578680203,0,0.004631727,0.007048821,1986,XGBoost (tuned),D,not a siting recommendation
8865050267fffff,Sepang,2.868230602374239,101.66668669553908,322.4334600760456,3.7,0.8074238578680203,0,0.040250245,0.039544247,950,XGBoost (tuned),D,not a siting recommendation
88650512d5fffff,Sepang,2.725851668936909,101.69858006375031,0.0,0.0,0.8074238578680203,0,0.004484383,0.007064534,2149,XGBoost (tuned),D,not a siting recommendation
8865058c85fffff,Sepang,2.6456564834166003,101.63270725794506,0.0,0.0,0.8074238578680203,0,0.004305708,0.007048821,2403,XGBoost (tuned),D,not a siting recommendation
8865058ca7fffff,Sepang,2.669136312625822,101.63036721903184,0.0,0.0,0.8074238578680203,0,0.0040790443,0.0069688456,2740,XGBoost (tuned),D,not a siting recommendation
8865051219fffff,Sepang,2.722304017784715,101.7432426527108,0.0,0.0,0.8074238578680203,0,0.004004977,0.0068988805,2949,XGBoost (tuned),D,not a siting recommendation
8865058d05fffff,Sepang,2.692177874020456,101.7314661144848,0.0,0.4,0.8074238578680203,0,0.004188566,0.007258262,2567,XGBoost (tuned),D,not a siting recommendation
886505121bfffff,Sepang,2.72301363293075,101.73431075119942,0.0,0.0,0.8074238578680203,0,0.0046038697,0.0068988805,2049,XGBoost (tuned),D,not a siting recommendation
8865058cb5fffff,Sepang,2.662489091593658,101.6162573632037,0.0,0.0,0.8074238578680203,0,0.0040790443,0.0070130965,2740,XGBoost (tuned),D,not a siting recommendation
886505000dfffff,Sepang,2.910014790948945,101.63000854528828,2257.0342205323195,8.4,0.8074238578680203,0,0.09920675,0.10999629,575,XGBoost (tuned),D,not a siting recommendation
8865051a93fffff,Sepang,2.8955303787878592,101.7142182017464,0.0,0.0,0.8074238578680203,0,0.0048582866,0.0036118408,1872,XGBoost (tuned),D,not a siting recommendation
8865051a8dfffff,Sepang,2.90003796522647,101.75514537399938,0.0,0.8,0.8074238578680203,0,0.0071361037,0.0042243344,1558,XGBoost (tuned),D,not a siting recommendation
88650511d5fffff,Sepang,2.833815551892896,101.70852983407076,967.3003802281368,12.1,0.8074238578680203,0,0.19919005,0.3053207,324,XGBoost (tuned),D,not a siting recommendation
8865051661fffff,Sepang,2.700683020302145,101.62426830893163,0.0,0.0,0.8074238578680203,0,0.004605629,0.0070130965,2028,XGBoost (tuned),D,not a siting recommendation
886505006bfffff,Sepang,2.9093024668415985,101.63894887983716,644.8669201520912,1.4,0.8074238578680203,0,0.010961588,0.0046431087,1433,XGBoost (tuned),D,not a siting recommendation
8865051063fffff,Sepang,2.799408996112455,101.7503583236351,644.8669201520912,5.6,0.8074238578680203,0,0.07101496,0.13269345,730,XGBoost (tuned),D,not a siting recommendation
8865058dc7fffff,Sepang,2.681013058482602,101.67645282680486,0.0,0.0,0.8074238578680203,0,0.0046690833,0.007102314,1949,XGBoost (tuned),D,not a siting recommendation
88650518b5fffff,Sepang,2.9814843422749413,101.7086334989525,0.0,0.0,0.8074238578680203,0,0.005145859,0.0036419912,1800,XGBoost (tuned),D,not a siting recommendation
886505108dfffff,Sepang,2.797028251814821,101.68263725791796,322.4334600760456,16.9,0.8074238578680203,0,0.0547573,0.11294997,826,XGBoost (tuned),D,not a siting recommendation
88650518a9fffff,Sepang,2.971981236938476,101.73027061704532,3869.201520912548,28.8,0.8074238578680203,1,0.39250177,0.2244905,129,XGBoost (tuned),D,not a siting recommendation
8865058c3dfffff,Sepang,2.649471798616202,101.68254530553746,0.0,0.0,0.8074238578680203,0,0.004428496,0.007102314,2207,XGBoost (tuned),D,not a siting recommendation
8865058d89fffff,Sepang,2.681721512269296,101.66751989434304,0.0,0.0,0.8074238578680203,0,0.004631727,0.0070144157,1986,XGBoost (tuned),D,not a siting recommendation
8865051753fffff,Sepang,2.724169120313702,101.62192721008084,0.0,0.0,0.8074238578680203,0,0.004631727,0.0070130965,1986,XGBoost (tuned),D,not a siting recommendation
88650511b9fffff,Sepang,2.8580245874955734,101.69725769932576,644.8669201520912,2.6,0.8074238578680203,0,0.016052553,0.01022489,1278,XGBoost (tuned),D,not a siting recommendation
88650512a3fffff,Sepang,2.7647598162630387,101.6976656931453,322.4334600760456,22.3,0.8074238578680203,0,0.19434765,0.48024696,331,XGBoost (tuned),D,not a siting recommendation
8865050117fffff,Sepang,2.9643956304222434,101.63050438219882,4191.634980988593,12.4,0.8074238578680203,0,0.08495596,0.039621536,644,XGBoost (tuned),D,not a siting recommendation
886505011dfffff,Sepang,2.95560735144794,101.64320714219944,644.8669201520912,5.6,0.8074238578680203,0,0.3377052,0.29294845,168,XGBoost (tuned),D,not a siting recommendation
8865051185fffff,Sepang,2.856600872565182,101.7151309258344,0.0,0.0,0.8074238578680203,0,0.00466993,0.0036118408,1946,XGBoost (tuned),D,not a siting recommendation
8865058c25fffff,Sepang,2.6634711502506487,101.7018289045356,0.0,0.0,0.8074238578680203,0,0.004004977,0.0069930553,2949,XGBoost (tuned),D,not a siting recommendation
8865050063fffff,Sepang,2.917375594241048,101.63518828835387,1612.1673003802282,34.8,0.8074238578680203,1,0.2407867,0.33495322,257,XGBoost (tuned),D,not a siting recommendation
8865051253fffff,Sepang,2.7142401059831616,101.74699700144856,0.0,0.0,0.8074238578680203,0,0.00438108,0.006996821,2284,XGBoost (tuned),D,not a siting recommendation
886505106bfffff,Sepang,2.7913419307844127,101.75411328763002,644.8669201520912,1.2,0.8074238578680203,0,0.0068614674,0.012059624,1581,XGBoost (tuned),D,not a siting recommendation
8865058d21fffff,Sepang,2.7075952646242616,101.73288836956792,0.0,0.0,0.8074238578680203,0,0.0043105516,0.0068988805,2380,XGBoost (tuned),D,not a siting recommendation
8865058dbbfffff,Sepang,2.6992659167779065,101.64213766284344,0.0,0.0,0.8074238578680203,0,0.004413722,0.007048821,2235,XGBoost (tuned),D,not a siting recommendation
88650518e3fffff,Sepang,2.963906842240169,101.73402830070032,1612.1673003802282,25.2,0.8074238578680203,0,0.38434842,0.19457085,134,XGBoost (tuned),D,not a siting recommendation
88650501cbfffff,Sepang,2.943022738419987,101.60602143888266,6126.235741444867,21.8,0.8074238578680203,0,0.088487215,0.046395153,621,XGBoost (tuned),D,not a siting recommendation
8865051659fffff,Sepang,2.6639045576842486,101.59838836321036,0.0,0.0,0.8074238578680203,0,0.004605629,0.0070130965,2028,XGBoost (tuned),D,not a siting recommendation
886505164dfffff,Sepang,2.6771995443976184,101.62660905524535,0.0,0.0,0.8074238578680203,0,0.004305708,0.0070130965,2403,XGBoost (tuned),D,not a siting recommendation
88650511ebfffff,Sepang,2.8478192606691093,101.72782366591464,0.0,0.0,0.8074238578680203,0,0.004720719,0.0036118408,1918,XGBoost (tuned),D,not a siting recommendation
886505100bfffff,Sepang,2.785407573215128,101.73106784188964,644.8669201520912,1.0,0.8074238578680203,0,0.004738703,0.009503373,1912,XGBoost (tuned),D,not a siting recommendation
8865051645fffff,Sepang,2.6852631545758765,101.62285066026224,0.0,0.0,0.8074238578680203,0,0.004631727,0.0070130965,1986,XGBoost (tuned),D,not a siting recommendation
88650512a9fffff,Sepang,2.7559836232808963,101.71035610217244,322.4334600760456,4.6,0.8074238578680203,0,0.05614901,0.13607582,818,XGBoost (tuned),D,not a siting recommendation
88650512d3fffff,Sepang,2.7192056551851045,101.68446960789204,0.0,0.0,0.8074238578680203,0,0.004004977,0.007102314,2949,XGBoost (tuned),D,not a siting recommendation
88650511adfffff,Sepang,2.871317220294937,101.72548972928328,0.0,0.0,0.8074238578680203,0,0.004459685,0.0036118408,2183,XGBoost (tuned),D,not a siting recommendation
886505160dfffff,Sepang,2.6940354671502917,101.61015693739512,0.0,0.0,0.8074238578680203,0,0.0040790443,0.0070130965,2740,XGBoost (tuned),D,not a siting recommendation
886505026dfffff,Sepang,2.859448119050253,101.67938324453785,2579.467680608365,163.79999999999998,0.8074238578680203,0,0.12737957,0.21596949,466,XGBoost (tuned),D,not a siting recommendation
8865050159fffff,Sepang,2.9313846231218608,101.6544886414808,1289.7338403041824,14.3,0.8074238578680203,0,0.4637025,0.34242395,95,XGBoost (tuned),D,not a siting recommendation
8865050187fffff,Sepang,2.975324282647772,101.59097126786024,967.3003802281368,101.6,0.8074238578680203,0,0.07627934,0.07947728,695,XGBoost (tuned),D,not a siting recommendation
8865050105fffff,Sepang,2.969617121328251,101.6625095648159,967.3003802281368,3.1,0.8074238578680203,0,0.021138903,0.050196785,1165,XGBoost (tuned),D,not a siting recommendation
8865058dc5fffff,Sepang,2.680304563054178,101.68538545350496,0.0,0.4,0.8074238578680203,0,0.0048021264,0.007536041,1886,XGBoost (tuned),D,not a siting recommendation
8865051021fffff,Sepang,2.815544253015326,101.74284769935213,322.4334600760456,3.2,0.8074238578680203,0,0.0162481,0.03677385,1274,XGBoost (tuned),D,not a siting recommendation
886505033bfffff,Sepang,2.9152379790285954,101.6620084824195,1612.1673003802282,16.2,0.8074238578680203,1,0.25498435,0.23301928,242,XGBoost (tuned),D,not a siting recommendation
8865058c5dfffff,Sepang,2.609875520604873,101.69239167889174,0.0,0.4,0.8074238578680203,0,0.0047913003,0.007495973,1892,XGBoost (tuned),D,not a siting recommendation
8865058d8dfffff,Sepang,2.689076312302768,101.67269623479532,0.0,0.0,0.8074238578680203,0,0.004004977,0.0070144157,2949,XGBoost (tuned),D,not a siting recommendation
88650512d1fffff,Sepang,2.718496418151064,101.6934030146625,0.0,0.0,0.8074238578680203,0,0.004004977,0.007064534,2949,XGBoost (tuned),D,not a siting recommendation
8865058c63fffff,Sepang,2.6399946071760456,101.70416324212832,0.0,0.5,0.8074238578680203,0,0.0065002465,0.00863001,1609,XGBoost (tuned),D,not a siting recommendation
88650511abfffff,Sepang,2.8646710529838466,101.711373764669,0.0,0.0,0.8074238578680203,0,0.004709479,0.0036118408,1929,XGBoost (tuned),D,not a siting recommendation
88650512cbfffff,Sepang,2.717077816715953,101.71126890790023,0.0,0.2,0.8074238578680203,0,0.0053432966,0.008250897,1778,XGBoost (tuned),D,not a siting recommendation
88650511e7fffff,Sepang,2.86324691123394,101.72924644103118,0.0,0.0,0.8074238578680203,0,0.004720719,0.0036118408,1918,XGBoost (tuned),D,not a siting recommendation
886505175bfffff,Sepang,2.716103866513955,101.62568608389309,0.0,0.0,0.8074238578680203,0,0.004413722,0.0070130965,2235,XGBoost (tuned),D,not a siting recommendation
8865050331fffff,Sepang,2.922598363488321,101.66718847184116,1289.7338403041824,13.4,0.8074238578680203,0,0.52807236,0.5420694,73,XGBoost (tuned),D,not a siting recommendation
8865058ddbfffff,Sepang,2.6596576623316315,101.6519917250797,0.0,0.0,0.8074238578680203,0,0.004042005,0.0070144157,2815,XGBoost (tuned),D,not a siting recommendation
8865051ad3fffff,Sepang,2.8786755178766263,101.73066934280756,0.0,1.0,0.8074238578680203,0,0.0051293736,0.0038401077,1803,XGBoost (tuned),D,not a siting recommendation
886505023dfffff,Sepang,2.8703657777021614,101.63987078290243,322.4334600760456,1.2000000000000002,0.8074238578680203,0,0.0065572937,0.006422644,1603,XGBoost (tuned),D,not a siting recommendation
8865050067fffff,Sepang,2.924736480129322,101.64036817411784,9350.570342205325,74.4,0.8074238578680203,1,0.4598782,0.32408094,100,XGBoost (tuned),D,not a siting recommendation
8865051251fffff,Sepang,2.7135305728297934,101.75592825303626,0.0,0.0,0.8074238578680203,0,0.004652433,0.007052306,1955,XGBoost (tuned),D,not a siting recommendation
8865051187fffff,Sepang,2.857312752923394,101.7061944663245,2257.0342205323195,7.1,0.8074238578680203,0,0.015466166,0.022025634,1296,XGBoost (tuned),D,not a siting recommendation
88650512c7fffff,Sepang,2.732497397536606,101.71269042051192,322.4334600760456,9.2,0.8074238578680203,0,0.13042824,0.25310418,461,XGBoost (tuned),D,not a siting recommendation
88650510edfffff,Sepang,2.802963892925768,101.70568640983048,1934.6007604562733,5.0,0.8074238578680203,0,0.02064929,0.025823148,1173,XGBoost (tuned),D,not a siting recommendation
8865051a9bfffff,Sepang,2.887458954470639,101.71797560963007,644.8669201520912,2.0,0.8074238578680203,0,0.010559508,0.0063117263,1442,XGBoost (tuned),D,not a siting recommendation
88650518e1fffff,Sepang,2.96319283962345,101.74296675659843,322.4334600760456,4.9,0.8074238578680203,0,0.108700186,0.03326126,533,XGBoost (tuned),D,not a siting recommendation
88650518dbfffff,Sepang,2.927106670481607,101.70812485160916,644.8669201520912,2.5,0.8074238578680203,0,0.05355032,0.011351687,842,XGBoost (tuned),D,not a siting recommendation
8865050043fffff,Sepang,2.89458144279793,101.62858975175784,0.0,0.0,0.8074238578680203,0,0.0042078444,0.003676622,2539,XGBoost (tuned),D,not a siting recommendation
88650510adfffff,Sepang,2.819811466286727,101.68923639189042,1289.7338403041824,20.1,0.8074238578680203,0,0.08761798,0.19845396,632,XGBoost (tuned),D,not a siting recommendation
88650510cbfffff,Sepang,2.7735365868644606,101.68497406526626,0.0,0.0,0.8074238578680203,0,0.004428496,0.007102314,2207,XGBoost (tuned),D,not a siting recommendation
88650501c9fffff,Sepang,2.9423099867569102,101.61496343333432,9350.570342205325,37.4,0.8074238578680203,0,0.072077595,0.09217968,722,XGBoost (tuned),D,not a siting recommendation
8865051ab9fffff,Sepang,2.9095355906851688,101.73351552640058,1289.7338403041824,5.1,0.8074238578680203,0,0.046957277,0.018834006,888,XGBoost (tuned),D,not a siting recommendation
8865050069fffff,Sepang,2.9085900953786634,101.64788890996545,322.4334600760456,14.9,0.8074238578680203,0,0.24695064,0.06755761,252,XGBoost (tuned),D,not a siting recommendation
8865050103fffff,Sepang,2.962968979314746,101.64838767135652,644.8669201520912,17.6,0.8074238578680203,0,0.13550413,0.12812383,448,XGBoost (tuned),D,not a siting recommendation
8865051003fffff,Sepang,2.7934746325145228,101.72731208710964,0.0,0.0,0.8074238578680203,0,0.004360966,0.0068988805,2305,XGBoost (tuned),D,not a siting recommendation
8865051057fffff,Sepang,2.778051456128442,101.72588969525108,0.0,0.0,0.8074238578680203,0,0.0040459977,0.0068988805,2799,XGBoost (tuned),D,not a siting recommendation
8865051039fffff,Sepang,2.8015420672031244,101.72355610037266,967.3003802281368,5.4,0.8074238578680203,0,0.13944589,0.1692363,433,XGBoost (tuned),D,not a siting recommendation
88650511bdfffff,Sepang,2.865383054976005,101.7024369646592,0.0,0.0,0.8074238578680203,0,0.004720719,0.0036118408,1918,XGBoost (tuned),D,not a siting recommendation
8865051051fffff,Sepang,2.769985025548824,101.7296453268313,644.8669201520912,1.0,0.8074238578680203,0,0.004718284,0.009503373,1921,XGBoost (tuned),D,not a siting recommendation
8865058d8bfffff,Sepang,2.682429924357081,101.65858665653808,0.0,0.0,0.8074238578680203,0,0.004631727,0.0070144157,1986,XGBoost (tuned),D,not a siting recommendation
8865051acbfffff,Sepang,2.876538090057851,101.75747716103932,0.0,0.0,0.8074238578680203,0,0.0044982345,0.0036118408,2118,XGBoost (tuned),D,not a siting recommendation
886505199bfffff,Sepang,2.9954921426238594,101.72793599326688,0.0,0.0,0.8074238578680203,0,0.0042530117,0.0034299428,2457,XGBoost (tuned),D,not a siting recommendation
88650511edfffff,Sepang,2.8544649573534704,101.74193845524256,0.0,0.7,0.8074238578680203,0,0.01257279,0.006689935,1378,XGBoost (tuned),D,not a siting recommendation
8865051a87fffff,Sepang,2.9088225803475107,101.7424525213768,0.0,0.0,0.8074238578680203,0,0.0049572536,0.0036419912,1850,XGBoost (tuned),D,not a siting recommendation
88650511a9fffff,Sepang,2.8639590050505124,101.7203102569326,0.0,0.0,0.8074238578680203,0,0.004459685,0.0036118408,2183,XGBoost (tuned),D,not a siting recommendation
88650510dbfffff,Sepang,2.767599963913757,101.66192574918009,0.0,0.0,0.8074238578680203,0,0.004605063,0.0070144157,2038,XGBoost (tuned),D,not a siting recommendation
88650510a1fffff,Sepang,2.820522511502394,101.68030009836257,644.8669201520912,1.4,0.8074238578680203,0,0.007084662,0.011922473,1563,XGBoost (tuned),D,not a siting recommendation
8865051725fffff,Sepang,2.776377046995208,101.6492315394819,0.0,0.0,0.8074238578680203,0,0.0040834034,0.0070144157,2724,XGBoost (tuned),D,not a siting recommendation
8865050317fffff,Sepang,2.907877676618209,101.65682863525338,322.4334600760456,13.1,0.8074238578680203,1,0.22990681,0.1312657,274,XGBoost (tuned),D,not a siting recommendation
8865058c39fffff,Sepang,2.6421181162607845,101.6773695389601,0.0,0.0,0.8074238578680203,0,0.004428496,0.007102314,2207,XGBoost (tuned),D,not a siting recommendation
8865051011fffff,Sepang,2.7868289082130224,101.7131995134935,0.0,0.0,0.8074238578680203,0,0.004628892,0.0069930553,2008,XGBoost (tuned),D,not a siting recommendation
8865051a89fffff,Sepang,2.8926795918052624,101.74996530566943,322.4334600760456,2.1,0.8074238578680203,0,0.01666515,0.012031127,1261,XGBoost (tuned),D,not a siting recommendation
8865051665fffff,Sepang,2.7080389895062047,101.62944472645948,0.0,0.0,0.8074238578680203,0,0.004305708,0.0069688456,2403,XGBoost (tuned),D,not a siting recommendation
88650511bbfffff,Sepang,2.8587363762238267,101.6883206252572,644.8669201520912,3.3,0.8074238578680203,0,0.016991576,0.011461852,1247,XGBoost (tuned),D,not a siting recommendation
8865051655fffff,Sepang,2.6793236615509053,101.59980488751036,0.0,0.0,0.8074238578680203,0,0.004305708,0.0070130965,2403,XGBoost (tuned),D,not a siting recommendation
88650510a9fffff,Sepang,2.8124538392125227,101.6840579099628,0.0,2.0,0.8074238578680203,0,0.0067597167,0.011857142,1587,XGBoost (tuned),D,not a siting recommendation
8865050047fffff,Sepang,2.9019419131906896,101.63376924444334,2901.9011406844106,18.0,0.8074238578680203,0,0.17747004,0.23812196,361,XGBoost (tuned),D,not a siting recommendation
8865051643fffff,Sepang,2.678615664367208,101.60873991280096,0.0,0.0,0.8074238578680203,0,0.0040790443,0.0070130965,2740,XGBoost (tuned),D,not a siting recommendation
8865051283fffff,Sepang,2.741981862130723,101.69106726657677,322.4334600760456,7.6,0.8074238578680203,0,0.07410598,0.11414358,708,XGBoost (tuned),D,not a siting recommendation
8865058de3fffff,Sepang,2.6964312033286104,101.67787271713208,0.0,0.0,0.8074238578680203,0,0.004413722,0.007102314,2235,XGBoost (tuned),D,not a siting recommendation
88650512b5fffff,Sepang,2.765469918686415,101.68873116647944,322.4334600760456,6.0,0.8074238578680203,1,0.0890581,0.25054494,619,XGBoost (tuned),D,not a siting recommendation
88650510c9fffff,Sepang,2.772826362067464,101.69390893192325,0.0,0.0,0.8074238578680203,0,0.004640275,0.007064534,1966,XGBoost (tuned),D,not a siting recommendation
88650501e9fffff,Sepang,2.965108882903211,101.62156228122294,1289.7338403041824,19.3,0.8074238578680203,0,0.14411971,0.07905033,425,XGBoost (tuned),D,not a siting recommendation
88650518c5fffff,Sepang,2.9477591586781138,101.74154297128786,1289.7338403041824,3.4,0.8074238578680203,0,0.033672903,0.009698089,1013,XGBoost (tuned),D,not a siting recommendation
88650501c3fffff,Sepang,2.9510975748414685,101.6022592432712,967.3003802281368,2.0,0.8074238578680203,0,0.013249084,0.021214802,1356,XGBoost (tuned),D,not a siting recommendation
8865051217fffff,Sepang,2.7384329767711395,101.73573325939442,0.0,1.0,0.8074238578680203,0,0.0041517112,0.007541807,2623,XGBoost (tuned),D,not a siting recommendation
8865058d51fffff,Sepang,2.662054447485726,101.7196912650657,0.0,0.0,0.8074238578680203,0,0.0046038697,0.0069930553,2049,XGBoost (tuned),D,not a siting recommendation
886505103bfffff,Sepang,2.802253002270019,101.71462140899256,1289.7338403041824,7.8,0.8074238578680203,0,0.06915095,0.1216207,750,XGBoost (tuned),D,not a siting recommendation
886505105dfffff,Sepang,2.7692745823743112,101.73857865553552,322.4334600760456,11.8,0.8074238578680203,0,0.051638998,0.13155366,857,XGBoost (tuned),D,not a siting recommendation
8865050201fffff,Sepang,2.8542238537443034,101.6473903126142,322.4334600760456,12.0,0.8074238578680203,0,0.028191585,0.034351878,1063,XGBoost (tuned),D,not a siting recommendation
88650511b1fffff,Sepang,2.866095010969054,101.69349985732222,644.8669201520912,1.9,0.8074238578680203,0,0.012893523,0.008729666,1364,XGBoost (tuned),D,not a siting recommendation
8865050109fffff,Sepang,2.954180841199588,101.6610891425818,0.0,2.0,0.8074238578680203,0,0.011553433,0.009507983,1415,XGBoost (tuned),D,not a siting recommendation
8865050129fffff,Sepang,2.9769787416739963,101.66769041322776,967.3003802281368,4.9,0.8074238578680203,0,0.04820947,0.068291284,882,XGBoost (tuned),D,not a siting recommendation
8865058cb7fffff,Sepang,2.663196845398205,101.60732301444578,0.0,0.0,0.8074238578680203,0,0.004305708,0.0070130965,2403,XGBoost (tuned),D,not a siting recommendation
88650512b3fffff,Sepang,2.758823455777026,101.6746187432029,0.0,0.0,0.8074238578680203,0,0.004413722,0.0070144157,2235,XGBoost (tuned),D,not a siting recommendation
8865050153fffff,Sepang,2.940171442391894,101.6417875949002,322.4334600760456,6.1000000000000005,0.8074238578680203,1,0.07193504,0.080036476,724,XGBoost (tuned),D,not a siting recommendation
8865050269fffff,Sepang,2.852089401105194,101.67420418792024,1289.7338403041824,4.5,0.8074238578680203,0,0.016824244,0.014141654,1254,XGBoost (tuned),D,not a siting recommendation
8865051299fffff,Sepang,2.727270431389964,101.68071287704072,0.0,0.0,0.8074238578680203,0,0.004374309,0.007102314,2290,XGBoost (tuned),D,not a siting recommendation
8865051ac1fffff,Sepang,2.8838959642598123,101.76265701104712,644.8669201520912,1.0,0.8074238578680203,0,0.0052841953,0.004103585,1784,XGBoost (tuned),D,not a siting recommendation
8865058d19fffff,Sepang,2.6708249434091647,101.70700512904034,0.0,0.0,0.8074238578680203,0,0.004628892,0.0069930553,2008,XGBoost (tuned),D,not a siting recommendation
8865058c2bfffff,Sepang,2.648763838384269,101.69147687975662,0.0,0.0,0.8074238578680203,0,0.004628892,0.007064534,2008,XGBoost (tuned),D,not a siting recommendation
88650501e3fffff,Sepang,2.973897786241405,101.6088576641917,967.3003802281368,45.0,0.8074238578680203,0,0.05822597,0.04103006,804,XGBoost (tuned),D,not a siting recommendation
8865050007fffff,Sepang,2.918800433300701,101.61730663698523,322.4334600760456,3.0,0.8074238578680203,0,0.0129405325,0.018586168,1363,XGBoost (tuned),D,not a siting recommendation
886505109dfffff,Sepang,2.791091854323832,101.65958715723356,0.0,0.0,0.8074238578680203,0,0.004644409,0.0070144157,1959,XGBoost (tuned),D,not a siting recommendation
8865058d41fffff,Sepang,2.667990712231148,101.74272874889138,0.0,0.0,0.8074238578680203,0,0.0043105516,0.0068988805,2380,XGBoost (tuned),D,not a siting recommendation
886505129bfffff,Sepang,2.727979748528196,101.67177882440453,0.0,0.0,0.8074238578680203,0,0.0046690833,0.0070144157,1949,XGBoost (tuned),D,not a siting recommendation
8865058d5bfffff,Sepang,2.654701075842804,101.71451511622566,0.0,0.0,0.8074238578680203,0,0.004338689,0.0069930553,2349,XGBoost (tuned),D,not a siting recommendation
8865050227fffff,Sepang,2.885085300624618,101.65022926466344,0.0,0.0,0.8074238578680203,0,0.004568945,0.003676622,2078,XGBoost (tuned),D,not a siting recommendation
8865051ab1fffff,Sepang,2.917607763117429,101.72975844482866,644.8669201520912,2.0,0.8074238578680203,0,0.01667004,0.0057201055,1259,XGBoost (tuned),D,not a siting recommendation
8865058db5fffff,Sepang,2.713977288903626,101.65249078001553,0.0,0.0,0.8074238578680203,0,0.004305708,0.0070144157,2403,XGBoost (tuned),D,not a siting recommendation
8865051013fffff,Sepang,2.787539509675842,101.70426488755668,0.0,0.6000000000000001,0.8074238578680203,0,0.0060147974,0.009297496,1667,XGBoost (tuned),D,not a siting recommendation
8865058d25fffff,Sepang,2.714949597005813,101.738065440723,0.0,0.0,0.8074238578680203,0,0.0046038697,0.0068988805,2049,XGBoost (tuned),D,not a siting recommendation
8865058ca1fffff,Sepang,2.661073459657295,101.63412515161072,0.0,0.0,0.8074238578680203,0,0.004631727,0.007048821,1986,XGBoost (tuned),D,not a siting recommendation
886505104bfffff,Sepang,2.768564095696989,101.7475116753938,644.8669201520912,1.9,0.8074238578680203,0,0.010414239,0.021299575,1449,XGBoost (tuned),D,not a siting recommendation
88650518abfffff,Sepang,2.9726953120392365,101.72133151108244,967.3003802281368,7.4,0.8074238578680203,1,0.27042222,0.053600825,227,XGBoost (tuned),D,not a siting recommendation
8865058de1fffff,Sepang,2.695722419799943,101.68680571710811,0.0,0.0,0.8074238578680203,0,0.004374309,0.007102314,2290,XGBoost (tuned),D,not a siting recommendation
8865051017fffff,Sepang,2.7948962130604187,101.70944307758872,1289.7338403041824,3.0,0.8074238578680203,0,0.013425855,0.022852506,1350,XGBoost (tuned),D,not a siting recommendation
886505103dfffff,Sepang,2.808898774740945,101.7287346055699,644.8669201520912,22.4,0.8074238578680203,0,0.13683794,0.26103672,443,XGBoost (tuned),D,not a siting recommendation
8865051053fffff,Sepang,2.7706954251629683,101.72071168969948,0.0,0.4,0.8074238578680203,0,0.0049470845,0.008180238,1852,XGBoost (tuned),D,not a siting recommendation
8865051709fffff,Sepang,2.7381730849302715,101.6412165145097,0.0,0.0,0.8074238578680203,0,0.004605629,0.007048821,2028,XGBoost (tuned),D,not a siting recommendation
8865058ce1fffff,Sepang,2.644241259094166,101.65057308420022,0.0,0.0,0.8074238578680203,0,0.004305708,0.0070144157,2403,XGBoost (tuned),D,not a siting recommendation
886505188dfffff,Sepang,2.9565466494694634,101.72884732834116,644.8669201520912,11.7,0.8074238578680203,0,0.2677542,0.13647097,233,XGBoost (tuned),D,not a siting recommendation
8865050a59fffff,Sepang,2.982912489665404,101.6907530653976,0.0,0.0,0.8074238578680203,0,0.0052153612,0.0043288604,1789,XGBoost (tuned),D,not a siting recommendation
8865051295fffff,Sepang,2.7426915102673752,101.6821331466524,322.4334600760456,25.2,0.8074238578680203,1,0.30155176,0.44296485,198,XGBoost (tuned),D,not a siting recommendation
8865051705fffff,Sepang,2.7535959436187385,101.6426351661096,0.0,0.0,0.8074238578680203,0,0.0041208207,0.007048821,2682,XGBoost (tuned),D,not a siting recommendation
8865058c0dfffff,Sepang,2.632641510993467,101.69898751702844,0.0,0.0,0.8074238578680203,0,0.004338689,0.007064534,2349,XGBoost (tuned),D,not a siting recommendation
8865051007fffff,Sepang,2.8008310877827647,101.7324904835521,0.0,0.6,0.8074238578680203,0,0.009720155,0.018460939,1469,XGBoost (tuned),D,not a siting recommendation
886505170bfffff,Sepang,2.738882352116588,101.63228090291256,0.0,0.0,0.8074238578680203,0,0.004413722,0.007048821,2235,XGBoost (tuned),D,not a siting recommendation
8865051609fffff,Sepang,2.686679518005648,101.60498084095566,0.0,0.0,0.8074238578680203,0,0.004413722,0.0070130965,2235,XGBoost (tuned),D,not a siting recommendation
8865050209fffff,Sepang,2.8461534487943467,101.65114973012172,644.8669201520912,5.1,0.8074238578680203,0,0.07976047,0.11888425,674,XGBoost (tuned),D,not a siting recommendation
88650511d9fffff,Sepang,2.818389241056202,101.70710805866344,644.8669201520912,1.0,0.8074238578680203,0,0.004738703,0.009716369,1912,XGBoost (tuned),D,not a siting recommendation
8865058d97fffff,Sepang,2.691910367455753,101.6369613178108,0.0,0.0,0.8074238578680203,0,0.004605629,0.007048821,2028,XGBoost (tuned),D,not a siting recommendation
88650518c9fffff,Sepang,2.9323264217998224,101.74011931273056,1289.7338403041824,3.0,0.8074238578680203,0,0.020985277,0.007858955,1167,XGBoost (tuned),D,not a siting recommendation
886505176dfffff,Sepang,2.7514670221938213,101.6694412950015,0.0,0.0,0.8074238578680203,0,0.004631727,0.0070144157,1986,XGBoost (tuned),D,not a siting recommendation
8865058dddfffff,Sepang,2.666304062088917,101.66610050376494,0.0,0.0,0.8074238578680203,0,0.004305708,0.0070144157,2403,XGBoost (tuned),D,not a siting recommendation
8865051099fffff,Sepang,2.783734406869898,101.65440927722436,0.0,0.0,0.8074238578680203,0,0.004605063,0.0070144157,2038,XGBoost (tuned),D,not a siting recommendation
8865058de9fffff,Sepang,2.687659033372809,101.6905618613618,0.0,0.0,0.8074238578680203,0,0.004004977,0.007064534,2949,XGBoost (tuned),D,not a siting recommendation
88650510d7fffff,Sepang,2.783024192240509,101.66334540108238,0.0,0.0,0.8074238578680203,0,0.004605063,0.0070144157,2038,XGBoost (tuned),D,not a siting recommendation
8865050263fffff,Sepang,2.8608714667660555,101.66150756482362,0.0,0.0,0.8074238578680203,0,0.004684899,0.0036118408,1937,XGBoost (tuned),D,not a siting recommendation
8865058d35fffff,Sepang,2.7090137879445204,101.71502438705944,0.0,0.0,0.8074238578680203,0,0.004628892,0.0069930553,2008,XGBoost (tuned),D,not a siting recommendation
886505120bfffff,Sepang,2.7289487024023105,101.75735162964888,0.0,0.0,0.8074238578680203,0,0.0046745376,0.007052306,1942,XGBoost (tuned),D,not a siting recommendation
886505123bfffff,Sepang,2.745787993776956,101.74091082990309,0.0,0.0,0.8074238578680203,0,0.0043105516,0.0068988805,2380,XGBoost (tuned),D,not a siting recommendation
8865050041fffff,Sepang,2.893869404709269,101.637529712043,1612.1673003802282,4.0,0.8074238578680203,0,0.016353454,0.015760778,1271,XGBoost (tuned),D,not a siting recommendation
886505105bfffff,Sepang,2.762629247755437,101.72446742997904,322.4334600760456,2.1,0.8074238578680203,0,0.017973194,0.05389976,1220,XGBoost (tuned),D,not a siting recommendation
8865058c61fffff,Sepang,2.6392866896913723,101.7130938631008,644.8669201520912,62.7,0.8074238578680203,0,0.06162497,0.0995449,786,XGBoost (tuned),D,not a siting recommendation
8865058c8dfffff,Sepang,2.637594646474461,101.63646483560784,0.0,0.0,0.8074238578680203,0,0.004413722,0.007048821,2235,XGBoost (tuned),D,not a siting recommendation
8865058c55fffff,Sepang,2.6179355970327425,101.68863649111952,0.0,0.0,0.8074238578680203,0,0.004338689,0.007064534,2349,XGBoost (tuned),D,not a siting recommendation
88650501e1fffff,Sepang,2.973184464411603,101.61780040788484,644.8669201520912,1.0,0.8074238578680203,0,0.0073522064,0.007180162,1550,XGBoost (tuned),D,not a siting recommendation
8865058d67fffff,Sepang,2.6988226619674376,101.74557412403044,0.0,0.5,0.8074238578680203,0,0.0051599313,0.00851398,1796,XGBoost (tuned),D,not a siting recommendation
8865058dd9fffff,Sepang,2.658949701790483,101.66092455516538,0.0,0.0,0.8074238578680203,0,0.004568932,0.0070144157,2083,XGBoost (tuned),D,not a siting recommendation
8865050133fffff,Sepang,2.9798333847983423,101.63192355773376,1934.6007604562733,7.1,0.8074238578680203,0,0.07939978,0.061192922,677,XGBoost (tuned),D,not a siting recommendation
8865051001fffff,Sepang,2.792763776001662,101.73624612953635,0.0,0.4,0.8074238578680203,0,0.004605627,0.007258262,2035,XGBoost (tuned),D,not a siting recommendation
8865058d2dfffff,Sepang,2.7068859398858387,101.74181989833691,644.8669201520912,1.0,0.8074238578680203,0,0.0060350527,0.009503373,1665,XGBoost (tuned),D,not a siting recommendation
886505176bfffff,Sepang,2.744820195773098,101.65532895169343,0.0,0.0,0.8074238578680203,0,0.004305708,0.0070144157,2403,XGBoost (tuned),D,not a siting recommendation
8865050025fffff,Sepang,2.940884338684693,101.63284651176312,2579.467680608365,28.0,0.8074238578680203,1,0.036097024,0.037211984,985,XGBoost (tuned),D,not a siting recommendation
8865050243fffff,Sepang,2.8380834157288346,101.65490891604904,0.0,0.0,0.8074238578680203,0,0.004455946,0.0070144157,2187,XGBoost (tuned),D,not a siting recommendation
88650518b1fffff,Sepang,2.9741233166214185,101.70345237432522,644.8669201520912,1.0,0.8074238578680203,0,0.005870214,0.004180098,1696,XGBoost (tuned),D,not a siting recommendation
886505015dfffff,Sepang,2.9387455055838303,101.65966884692013,1934.6007604562733,19.1,0.8074238578680203,1,0.4092396,0.23326065,120,XGBoost (tuned),D,not a siting recommendation
8865058c3bfffff,Sepang,2.642825871309196,101.66843769254798,0.0,0.8,0.8074238578680203,0,0.0050856676,0.007876155,1819,XGBoost (tuned),D,not a siting recommendation
88650512b7fffff,Sepang,2.7661799774743385,101.6797963333174,322.4334600760456,4.6,0.8074238578680203,1,0.04302005,0.086472206,928,XGBoost (tuned),D,not a siting recommendation
886505102bfffff,Sepang,2.808187628090193,101.73766902099254,644.8669201520912,23.4,0.8074238578680203,0,0.22484638,0.4947769,278,XGBoost (tuned),D,not a siting recommendation
886505031bfffff,Sepang,2.892445187629862,101.65540871921796,0.0,0.0,0.8074238578680203,0,0.0048214276,0.0036118408,1883,XGBoost (tuned),D,not a siting recommendation
8865051193fffff,Sepang,2.8440193583377136,101.67796258652818,0.0,0.0,0.8074238578680203,0,0.004803858,0.007102314,1885,XGBoost (tuned),D,not a siting recommendation
8865050337fffff,Sepang,2.930671750230356,101.66342877526674,322.4334600760456,8.8,0.8074238578680203,1,0.2712857,0.106042586,224,XGBoost (tuned),D,not a siting recommendation
8865058c29fffff,Sepang,2.6480558373596343,101.7004081475681,0.0,0.0,0.8074238578680203,0,0.0046038697,0.007064534,2049,XGBoost (tuned),D,not a siting recommendation
88650512e1fffff,Sepang,2.747208009567395,101.7230452912784,0.0,0.0,0.8074238578680203,0,0.004360966,0.0068988805,2305,XGBoost (tuned),D,not a siting recommendation
8865051297fffff,Sepang,2.743401115291601,101.67319872058454,0.0,0.0,0.8074238578680203,0,0.004422271,0.0070144157,2215,XGBoost (tuned),D,not a siting recommendation
88650518a5fffff,Sepang,2.9874167652758348,101.73169403249553,322.4334600760456,7.1,0.8074238578680203,0,0.18580015,0.07838625,350,XGBoost (tuned),D,not a siting recommendation
886505002dfffff,Sepang,2.9328102253813118,101.6366074587484,1289.7338403041824,15.3,0.8074238578680203,1,0.37706822,0.32097918,139,XGBoost (tuned),D,not a siting recommendation
8865051759fffff,Sepang,2.7153950499548105,101.63462128659847,0.0,0.0,0.8074238578680203,0,0.004605629,0.007048821,2028,XGBoost (tuned),D,not a siting recommendation
886505162bfffff,Sepang,2.710164818710876,101.60263831478171,0.0,0.0,0.8074238578680203,0,0.004305708,0.0070130965,2403,XGBoost (tuned),D,not a siting recommendation
8865058da3fffff,Sepang,2.713268344526159,101.66142506988916,0.0,0.0,0.8074238578680203,0,0.004305708,0.0070144157,2403,XGBoost (tuned),D,not a siting recommendation
8865058c2dfffff,Sepang,2.6554092825844817,101.70558412236164,0.0,0.0,0.8074238578680203,0,0.0046038697,0.0069930553,2049,XGBoost (tuned),D,not a siting recommendation
8865051113fffff,Sepang,2.839038220940826,101.74051518383048,967.3003802281368,9.8,0.8074238578680203,0,0.02613285,0.02101846,1086,XGBoost (tuned),D,not a siting recommendation
886505162dfffff,Sepang,2.716812640352426,101.61675057774856,0.0,0.0,0.8074238578680203,0,0.004305708,0.0070130965,2403,XGBoost (tuned),D,not a siting recommendation
886505111bfffff,Sepang,2.8309694044675147,101.7442709672462,0.0,0.0,0.8074238578680203,0,0.004063519,0.00358236,2773,XGBoost (tuned),D,not a siting recommendation
8865058d3dfffff,Sepang,2.700950137819317,101.71877963445333,0.0,0.0,0.8074238578680203,0,0.004004977,0.0069930553,2949,XGBoost (tuned),D,not a siting recommendation
8865051abdfffff,Sepang,2.9168946311696344,101.73869578091136,967.3003802281368,3.2,0.8074238578680203,0,0.040434603,0.0085019125,947,XGBoost (tuned),D,not a siting recommendation
8865051237fffff,Sepang,2.7612086516277823,101.74233371437984,322.4334600760456,3.7,0.8074238578680203,0,0.050243355,0.14122899,864,XGBoost (tuned),D,not a siting recommendation
8865058d01fffff,Sepang,2.6848239750941927,101.72628943390184,0.0,0.0,0.8074238578680203,0,0.00438108,0.0068988805,2284,XGBoost (tuned),D,not a siting recommendation
8865050029fffff,Sepang,2.925449090304752,101.631427465285,7093.536121673003,28.7,0.8074238578680203,0,0.23427583,0.27182052,267,XGBoost (tuned),D,not a siting recommendation
8865051aa1fffff,Sepang,2.923540403913932,101.75281323520136,967.3003802281368,2.0,0.8074238578680203,0,0.02564453,0.005613099,1094,XGBoost (tuned),D,not a siting recommendation
8865050241fffff,Sepang,2.837372218631549,101.66384650076516,0.0,0.0,0.8074238578680203,0,0.004101086,0.0070144157,2712,XGBoost (tuned),D,not a siting recommendation
8865051763fffff,Sepang,2.75288634662203,101.65157084727164,0.0,0.0,0.8074238578680203,0,0.004605063,0.0070144157,2038,XGBoost (tuned),D,not a siting recommendation
8865051729fffff,Sepang,2.7609528732039577,101.64781251139844,0.0,0.0,0.8074238578680203,0,0.004605063,0.0070144157,2038,XGBoost (tuned),D,not a siting recommendation
8865051259fffff,Sepang,2.7054671645390123,101.75968202881415,0.0,0.0,0.8074238578680203,0,0.0043105516,0.007052306,2380,XGBoost (tuned),D,not a siting recommendation
8865058c09fffff,Sepang,2.625288507472184,101.6938119333326,644.8669201520912,1.0,0.8074238578680203,0,0.00631336,0.00986897,1626,XGBoost (tuned),D,not a siting recommendation
88650511c7fffff,Sepang,2.8404616298542087,101.72264455223213,2901.9011406844106,27.6,0.8074238578680203,0,0.16882491,0.20087956,372,XGBoost (tuned),D,not a siting recommendation
88650518ebfffff,Sepang,2.955832816020177,101.73778575211811,967.3003802281368,3.2,0.8074238578680203,0,0.048615176,0.009714672,877,XGBoost (tuned),D,not a siting recommendation
88650518cdfffff,Sepang,2.9396858706134856,101.74529995819884,9350.570342205325,195.2,0.8074238578680203,0,0.08787909,0.08774089,627,XGBoost (tuned),D,not a siting recommendation
8865051745fffff,Sepang,2.7367544210547385,101.65908682465287,0.0,0.0,0.8074238578680203,0,0.004413722,0.0070144157,2235,XGBoost (tuned),D,not a siting recommendation
8865051005fffff,Sepang,2.800120064066643,101.7414245581124,644.8669201520912,1.4,0.8074238578680203,0,0.0063330797,0.009776815,1623,XGBoost (tuned),D,not a siting recommendation
8865051813fffff,Sepang,2.947045398512558,101.7504807445734,644.8669201520912,12.9,0.8074238578680203,0,0.21379015,0.049698513,297,XGBoost (tuned),D,not a siting recommendation
8865058d15fffff,Sepang,2.686241587484053,101.7084262621796,0.0,0.0,0.8074238578680203,0,0.0046038697,0.0069930553,2049,XGBoost (tuned),D,not a siting recommendation
886505013dfffff,Sepang,2.978406161210592,101.64980759560108,2901.9011406844106,9.6,0.8074238578680203,0,0.047537867,0.043555774,887,XGBoost (tuned),D,not a siting recommendation
88650510e9fffff,Sepang,2.7956069369781336,101.70050811133164,0.0,0.0,0.8074238578680203,0,0.004063519,0.007064534,2773,XGBoost (tuned),D,not a siting recommendation
88650511c5fffff,Sepang,2.8397499480196684,101.731580022356,644.8669201520912,1.0,0.8074238578680203,0,0.0060876263,0.004070107,1660,XGBoost (tuned),D,not a siting recommendation
8865058c97fffff,Sepang,2.640424113978517,101.60073089624834,0.0,0.0,0.8074238578680203,0,0.004413722,0.0070130965,2235,XGBoost (tuned),D,not a siting recommendation
88650501edfffff,Sepang,2.972471093575113,101.6267428480358,1289.7338403041824,4.3,0.8074238578680203,0,0.042720757,0.041096754,932,XGBoost (tuned),D,not a siting recommendation
88650518bdfffff,Sepang,2.9734093386196783,101.71239209670269,322.4334600760456,22.2,0.8074238578680203,1,0.60944134,0.22687812,42,XGBoost (tuned),D,not a siting recommendation
8865051023fffff,Sepang,2.81625556707864,101.7339132518338,322.4334600760456,26.7,0.8074238578680203,0,0.1546236,0.34298852,399,XGBoost (tuned),D,not a siting recommendation
8865050365fffff,Sepang,2.9190338855255527,101.71188284695243,0.0,0.9,0.8074238578680203,0,0.008398384,0.005236961,1520,XGBoost (tuned),D,not a siting recommendation
8865058d33fffff,Sepang,2.702368245472488,101.70091510176624,0.0,0.0,0.8074238578680203,0,0.004338689,0.007064534,2349,XGBoost (tuned),D,not a siting recommendation
886505036bfffff,Sepang,2.9043148753855346,101.70152267440292,967.3003802281368,2.0,0.8074238578680203,0,0.02517731,0.005790098,1104,XGBoost (tuned),D,not a siting recommendation
88650512b9fffff,Sepang,2.750047524235548,101.6873105204793,0.0,0.6,0.8074238578680203,0,0.0068254126,0.018809227,1583,XGBoost (tuned),D,not a siting recommendation
88650512abfffff,Sepang,2.7566936465103486,101.70142222262602,322.4334600760456,9.4,0.8074238578680203,0,0.13816875,0.3105011,438,XGBoost (tuned),D,not a siting recommendation
8865058c4bfffff,Sepang,2.609168221267842,101.70132186093744,0.0,0.0,0.8074238578680203,0,0.004004977,0.0069930553,2949,XGBoost (tuned),D,not a siting recommendation
8865051ab5fffff,Sepang,2.924967052493755,101.73493880824752,1612.1673003802282,6.5,0.8074238578680203,0,0.06328343,0.041873507,778,XGBoost (tuned),D,not a siting recommendation
8865050229fffff,Sepang,2.868942373791575,101.65774836308474,1289.7338403041824,4.2,0.8074238578680203,0,0.034912452,0.019249305,1000,XGBoost (tuned),D,not a siting recommendation
88650512d7fffff,Sepang,2.726561071507079,101.68964662362886,0.0,0.0,0.8074238578680203,0,0.004338689,0.007064534,2349,XGBoost (tuned),D,not a siting recommendation
88650512e7fffff,Sepang,2.7552735567436577,101.71928967422392,0.0,0.0,0.8074238578680203,0,0.0040459977,0.0069930553,2799,XGBoost (tuned),D,not a siting recommendation
8865050027fffff,Sepang,2.941597186825755,101.6239051244345,5481.368821292776,22.6,0.8074238578680203,1,0.083803356,0.05569745,652,XGBoost (tuned),D,not a siting recommendation
8865051ad5fffff,Sepang,2.885321299273495,101.7447853781287,322.4334600760456,1.2000000000000002,0.8074238578680203,0,0.009979594,0.007426106,1462,XGBoost (tuned),D,not a siting recommendation
88650510a5fffff,Sepang,2.827880390530014,101.68547868852416,644.8669201520912,1.9,0.8074238578680203,0,0.014942431,0.021791726,1309,XGBoost (tuned),D,not a siting recommendation
8865058dedfffff,Sepang,2.6950135943192097,101.69573841080845,0.0,0.0,0.8074238578680203,0,0.004338689,0.007064534,2349,XGBoost (tuned),D,not a siting recommendation
88650511cdfffff,Sepang,2.8316810089288103,101.7353361467499,1612.1673003802282,11.6,0.8074238578680203,0,0.03367781,0.047534954,1012,XGBoost (tuned),D,not a siting recommendation
8865058d55fffff,Sepang,2.6694079101074526,101.72486755499504,0.0,0.0,0.8074238578680203,0,0.00438108,0.0068988805,2284,XGBoost (tuned),D,not a siting recommendation
8865051647fffff,Sepang,2.685971357311692,101.61391590202378,0.0,0.0,0.8074238578680203,0,0.004605629,0.0070130965,2028,XGBoost (tuned),D,not a siting recommendation
886505024dfffff,Sepang,2.836660976040389,101.6727837800218,0.0,0.0,0.8074238578680203,0,0.0047875796,0.0070144157,1893,XGBoost (tuned),D,not a siting recommendation
8865050065fffff,Sepang,2.9240238222293566,101.64930857843468,5158.93536121673,52.4,0.8074238578680203,1,0.6135752,0.53366,39,XGBoost (tuned),D,not a siting recommendation
88650511cbfffff,Sepang,2.825035272597204,101.72122215365482,3224.3346007604564,17.7,0.8074238578680203,0,0.14557892,0.29438767,423,XGBoost (tuned),D,not a siting recommendation
88650512ebfffff,Sepang,2.7398526596205013,101.71786778530216,322.4334600760456,6.5,0.8074238578680203,0,0.05773662,0.20411412,811,XGBoost (tuned),D,not a siting recommendation
8865058cc5fffff,Sepang,2.6288258437479666,101.64915456963048,0.0,0.0,0.8074238578680203,0,0.004413722,0.0070144157,2235,XGBoost (tuned),D,not a siting recommendation
8865051183fffff,Sepang,2.849954536226023,101.70101530945897,967.3003802281368,2.9,0.8074238578680203,0,0.016287511,0.007061514,1272,XGBoost (tuned),D,not a siting recommendation
88650512adfffff,Sepang,2.76333948074002,101.71553382531368,0.0,0.0,0.8074238578680203,0,0.0040459977,0.0069930553,2799,XGBoost (tuned),D,not a siting recommendation
8865058c45fffff,Sepang,2.623873291069503,101.71167273642624,644.8669201520912,3.5,0.8074238578680203,0,0.030326357,0.03075713,1045,XGBoost (tuned),D,not a siting recommendation
8865051741fffff,Sepang,2.729398254341275,101.65390980266302,0.0,0.0,0.8074238578680203,0,0.004305708,0.0070144157,2403,XGBoost (tuned),D,not a siting recommendation
886505018dfffff,Sepang,2.9665352414282355,101.60367716857772,322.4334600760456,18.0,0.8074238578680203,0,0.026848093,0.03913303,1075,XGBoost (tuned),D,not a siting recommendation
8865058d93fffff,Sepang,2.684554909855351,101.63178511525189,0.0,0.0,0.8074238578680203,0,0.0040790443,0.0069688456,2740,XGBoost (tuned),D,not a siting recommendation
8865058ca9fffff,Sepang,2.653010985888728,101.63788285297102,0.0,0.0,0.8074238578680203,0,0.0040790443,0.007048821,2740,XGBoost (tuned),D,not a siting recommendation
88650512e3fffff,Sepang,2.747917952934728,101.71411205964468,322.4334600760456,18.7,0.8074238578680203,0,0.18664026,0.26024595,348,XGBoost (tuned),D,not a siting recommendation
8865051289fffff,Sepang,2.733207008610207,101.70375725432912,0.0,2.0,0.8074238578680203,0,0.0069981865,0.011434217,1570,XGBoost (tuned),D,not a siting recommendation
8865058ce3fffff,Sepang,2.6449488917167034,101.64164032310173,0.0,0.0,0.8074238578680203,0,0.004605629,0.007048821,2028,XGBoost (tuned),D,not a siting recommendation
8865058c87fffff,Sepang,2.64636403413686,101.62377388914902,0.0,0.0,0.8074238578680203,0,0.004413722,0.0070130965,2235,XGBoost (tuned),D,not a siting recommendation
88650510a7fffff,Sepang,2.8285915572444678,101.67654205504526,0.0,0.0,0.8074238578680203,0,0.004063519,0.007102314,2773,XGBoost (tuned),D,not a siting recommendation
8865058c47fffff,Sepang,2.6245809193490555,101.7027424883253,644.8669201520912,1.0,0.8074238578680203,0,0.0059836386,0.009716369,1671,XGBoost (tuned),D,not a siting recommendation
8865058d95fffff,Sepang,2.691201916648867,101.64589550399154,0.0,0.0,0.8074238578680203,0,0.004568932,0.007048821,2083,XGBoost (tuned),D,not a siting recommendation
8865058cadfffff,Sepang,2.660365581639592,101.6430585904219,0.0,0.0,0.8074238578680203,0,0.004631727,0.007048821,1986,XGBoost (tuned),D,not a siting recommendation
8865058d59fffff,Sepang,2.6539928282675045,101.72344580258878,0.0,0.0,0.8074238578680203,0,0.00438108,0.0068988805,2284,XGBoost (tuned),D,not a siting recommendation
88650501c1fffff,Sepang,2.9503847049032235,101.61120157656758,5481.368821292776,16.0,0.8074238578680203,0,0.12210885,0.039370842,482,XGBoost (tuned),D,not a siting recommendation
886505128dfffff,Sepang,2.7405624367498573,101.70893458632015,0.0,0.0,0.8074238578680203,0,0.004338689,0.0069930553,2349,XGBoost (tuned),D,not a siting recommendation
8865058da1fffff,Sepang,2.712559357657153,101.67035905464768,0.0,0.0,0.8074238578680203,0,0.0046690833,0.0070144157,1949,XGBoost (tuned),D,not a siting recommendation
8865051059fffff,Sepang,2.761918971365509,101.73340072647387,322.4334600760456,37.2,0.8074238578680203,0,0.11632203,0.30958688,497,XGBoost (tuned),D,not a siting recommendation
88650512c9fffff,Sepang,2.716368452429559,101.72020139353069,322.4334600760456,2.0,0.8074238578680203,0,0.022975374,0.032406736,1141,XGBoost (tuned),D,not a siting recommendation
8865058d81fffff,Sepang,2.689784889015181,101.6637629629026,0.0,0.0,0.8074238578680203,0,0.004631727,0.0070144157,1986,XGBoost (tuned),D,not a siting recommendation
8865051ad9fffff,Sepang,2.869892650856634,101.7433618533369,0.0,0.0,0.8074238578680203,0,0.004709479,0.0036118408,1929,XGBoost (tuned),D,not a siting recommendation
88650512d9fffff,Sepang,2.710432142673893,101.69715917404524,0.0,0.0,0.8074238578680203,0,0.004484383,0.007064534,2149,XGBoost (tuned),D,not a siting recommendation
88650510c7fffff,Sepang,2.788960580241109,101.68639471429871,0.0,0.0,0.8074238578680203,0,0.004428496,0.007102314,2207,XGBoost (tuned),D,not a siting recommendation
8865050359fffff,Sepang,2.874877837205379,101.68080402908944,0.0,0.0,0.8074238578680203,0,0.0048363334,0.0036118408,1878,XGBoost (tuned),D,not a siting recommendation
8865050101fffff,Sepang,2.962255580804767,101.65732885869838,967.3003802281368,2.8,0.8074238578680203,0,0.06214653,0.090052545,784,XGBoost (tuned),D,not a siting recommendation
8865058ce5fffff,Sepang,2.651595433985326,101.6557487486176,0.0,0.0,0.8074238578680203,0,0.004568932,0.0070144157,2083,XGBoost (tuned),D,not a siting recommendation
8865051235fffff,Sepang,2.76049828859979,101.75126639327868,0.0,0.0,0.8074238578680203,0,0.0046745376,0.006996821,1942,XGBoost (tuned),D,not a siting recommendation
8865051761fffff,Sepang,2.7521767061279063,101.66050622370862,0.0,0.0,0.8074238578680203,0,0.004305708,0.0070144157,2403,XGBoost (tuned),D,not a siting recommendation
8865058ce7fffff,Sepang,2.652303230475989,101.64681595295188,0.0,0.0,0.8074238578680203,0,0.004568932,0.007048821,2083,XGBoost (tuned),D,not a siting recommendation
8865051ae3fffff,Sepang,2.907396419115166,101.76032558303964,644.8669201520912,1.4,0.8074238578680203,0,0.008874886,0.0043710354,1501,XGBoost (tuned),D,not a siting recommendation
8865050005fffff,Sepang,2.9180880375844667,101.62624761458882,322.4334600760456,4.7,0.8074238578680203,0,0.150167,0.09412689,412,XGBoost (tuned),D,not a siting recommendation
886505121dfffff,Sepang,2.729658526539964,101.74842000545252,0.0,0.0,0.8074238578680203,0,0.004652433,0.006996821,1955,XGBoost (tuned),D,not a siting recommendation
8865058c13fffff,Sepang,2.6281184572613063,101.6580866528082,0.0,0.0,0.8074238578680203,0,0.004305708,0.0070144157,2403,XGBoost (tuned),D,not a siting recommendation
8865051ac3fffff,Sepang,2.8846086548828485,101.75372134947509,0.0,0.0,0.8074238578680203,0,0.0045351605,0.0036118408,2097,XGBoost (tuned),D,not a siting recommendation
8865050181fffff,Sepang,2.967248347355771,101.5947341577489,4514.068441064639,12.2,0.8074238578680203,1,0.032725547,0.041360293,1025,XGBoost (tuned),D,not a siting recommendation
88650512dbfffff,Sepang,2.7111412566737245,101.68822610714436,0.0,0.0,0.8074238578680203,0,0.004716636,0.007064534,1922,XGBoost (tuned),D,not a siting recommendation
88650511dbfffff,Sepang,2.8191003761187448,101.69817237879704,5803.802281368821,100.2,0.8074238578680203,1,0.23973183,0.5365881,259,XGBoost (tuned),D,not a siting recommendation
8865058db3fffff,Sepang,2.707330294678925,101.63837959037544,0.0,0.0,0.8074238578680203,0,0.004413722,0.007048821,2235,XGBoost (tuned),D,not a siting recommendation
8865051a85fffff,Sepang,2.9081095231381275,101.75138920706274,0.0,0.0,0.8074238578680203,0,0.0042118067,0.0036419912,2532,XGBoost (tuned),D,not a siting recommendation
8865058c81fffff,Sepang,2.6383020746439065,101.6275318054226,0.0,0.0,0.8074238578680203,0,0.004305708,0.0069688456,2403,XGBoost (tuned),D,not a siting recommendation
8865050049fffff,Sepang,2.885797265904167,101.6412899480762,0.0,0.0,0.8074238578680203,0,0.004568945,0.003676622,2078,XGBoost (tuned),D,not a siting recommendation
8865050225fffff,Sepang,2.8843732886297424,101.65916827634366,322.4334600760456,2.0,0.8074238578680203,0,0.022748647,0.022971751,1144,XGBoost (tuned),D,not a siting recommendation
8865050151fffff,Sepang,2.939458498005546,101.65072837342582,322.4334600760456,5.2,0.8074238578680203,0,0.09248111,0.08938239,603,XGBoost (tuned),D,not a siting recommendation
88650518b9fffff,Sepang,2.9660485603661613,101.70721108069635,967.3003802281368,5.6,0.8074238578680203,0,0.079131395,0.015169482,679,XGBoost (tuned),D,not a siting recommendation
8865058d37fffff,Sepang,2.7097229864117214,101.7060919341564,0.0,0.0,0.8074238578680203,0,0.004628892,0.0069930553,2008,XGBoost (tuned),D,not a siting recommendation
886505123dfffff,Sepang,2.7524328586668814,101.7550208791118,0.0,0.0,0.8074238578680203,0,0.0046892213,0.007052306,1935,XGBoost (tuned),D,not a siting recommendation
8865051133fffff,Sepang,2.8618225861828703,101.74711788305812,0.0,0.0,0.8074238578680203,0,0.004770509,0.0036118408,1899,XGBoost (tuned),D,not a siting recommendation
8865050021fffff,Sepang,2.933522954632947,101.62766641064152,2579.467680608365,8.4,0.8074238578680203,0,0.032954145,0.02440526,1021,XGBoost (tuned),D,not a siting recommendation
8865050143fffff,Sepang,2.946106469193001,101.66484919467376,1934.6007604562733,6.0,0.8074238578680203,0,0.11192724,0.05820155,514,XGBoost (tuned),D,not a siting recommendation
8865058d9dfffff,Sepang,2.683138294688793,101.64965311380872,0.0,0.0,0.8074238578680203,0,0.004042005,0.0070144157,2815,XGBoost (tuned),D,not a siting recommendation
8865051769fffff,Sepang,2.744110677145981,101.66426398879192,0.0,0.0,0.8074238578680203,0,0.0040834034,0.0070144157,2724,XGBoost (tuned),D,not a siting recommendation
8865051a83fffff,Sepang,2.901463788967793,101.73727237581508,0.0,0.0,0.8074238578680203,0,0.005693466,0.0036419912,1739,XGBoost (tuned),D,not a siting recommendation
8865051281fffff,Sepang,2.7412721709390757,101.70000107993889,0.0,0.0,0.8074238578680203,0,0.004628892,0.007064534,2008,XGBoost (tuned),D,not a siting recommendation
8865058d03fffff,Sepang,2.6855328020731517,101.7173580018868,0.0,0.0,0.8074238578680203,0,0.004628892,0.0069930553,2008,XGBoost (tuned),D,not a siting recommendation
8865050185fffff,Sepang,2.97461105900622,101.59991461737674,644.8669201520912,10.7,0.8074238578680203,0,0.028339485,0.027899716,1061,XGBoost (tuned),D,not a siting recommendation
886505174bfffff,Sepang,2.7220421774267507,101.64873292290106,0.0,0.0,0.8074238578680203,0,0.004413722,0.0070144157,2235,XGBoost (tuned),D,not a siting recommendation
8865058d99fffff,Sepang,2.6757832573392357,101.6444769840468,0.0,0.0,0.8074238578680203,0,0.0040790443,0.007048821,2740,XGBoost (tuned),D,not a siting recommendation
88650511b7fffff,Sepang,2.874165806247771,101.68974178345916,0.0,0.0,0.8074238578680203,0,0.004416537,0.0036118408,2221,XGBoost (tuned),D,not a siting recommendation
8865058c43fffff,Sepang,2.6172281733169536,101.69756701290144,0.0,0.5,0.8074238578680203,0,0.0055703395,0.00863001,1755,XGBoost (tuned),D,not a siting recommendation
88650510d1fffff,Sepang,2.7749569048563703,101.6671034133675,0.0,0.0,0.8074238578680203,0,0.004631727,0.0070144157,1986,XGBoost (tuned),D,not a siting recommendation
88650510e1fffff,Sepang,2.8036747391126777,101.69675110330505,322.4334600760456,20.5,0.8074238578680203,0,0.09386673,0.11361568,598,XGBoost (tuned),D,not a siting recommendation
8865051043fffff,Sepang,2.776630279561267,101.743756725468,0.0,0.0,0.8074238578680203,0,0.0046745376,0.0068988805,1942,XGBoost (tuned),D,not a siting recommendation
8865051a95fffff,Sepang,2.902176630792496,101.72833541296416,1289.7338403041824,3.9,0.8074238578680203,0,0.019028572,0.010541657,1207,XGBoost (tuned),D,not a siting recommendation
8865051663fffff,Sepang,2.7013915085638907,101.61533317675026,0.0,0.0,0.8074238578680203,0,0.0040790443,0.0070130965,2740,XGBoost (tuned),D,not a siting recommendation
8865051195fffff,Sepang,2.8506662035604364,101.69207857561884,0.0,0.5,0.8074238578680203,0,0.0050523654,0.0042203525,1830,XGBoost (tuned),D,not a siting recommendation
8865058c03fffff,Sepang,2.6340568952566024,101.68112542114284,0.0,0.0,0.8074238578680203,0,0.004004977,0.007102314,2949,XGBoost (tuned),D,not a siting recommendation
88650512bdfffff,Sepang,2.7574036263745163,101.69248803600316,0.0,0.0,0.8074238578680203,0,0.0040459977,0.007064534,2799,XGBoost (tuned),D,not a siting recommendation
886505002bfffff,Sepang,2.926161652697533,101.62248645235596,0.0,0.2,0.8074238578680203,0,0.008812842,0.005719173,1507,XGBoost (tuned),D,not a siting recommendation
886505034dfffff,Sepang,2.888171413351284,101.70903840337344,644.8669201520912,2.0,0.8074238578680203,0,0.008822306,0.0057571474,1506,XGBoost (tuned),D,not a siting recommendation
886505164bfffff,Sepang,2.670552188764233,101.612498753554,0.0,0.0,0.8074238578680203,0,0.004631727,0.0070130965,1986,XGBoost (tuned),D,not a siting recommendation
88650512a1fffff,Sepang,2.7640496702617336,101.70659991289624,0.0,1.6,0.8074238578680203,0,0.01014731,0.018351788,1456,XGBoost (tuned),D,not a siting recommendation
8865050245fffff,Sepang,2.844730767491705,101.66902527330308,0.0,1.0,0.8074238578680203,0,0.004949855,0.0076056104,1851,XGBoost (tuned),D,not a siting recommendation
8865050139fffff,Sepang,2.971044205115253,101.6446268160307,644.8669201520912,29.1,0.8074238578680203,0,0.0661707,0.06310615,762,XGBoost (tuned),D,not a siting recommendation
8865051a91fffff,Sepang,2.894817751913653,101.72315544068104,644.8669201520912,1.0,0.8074238578680203,0,0.0052005365,0.004103585,1790,XGBoost (tuned),D,not a siting recommendation
88650511e1fffff,Sepang,2.85517697472231,101.7330029207122,322.4334600760456,3.4000000000000004,0.8074238578680203,0,0.03854979,0.02237208,962,XGBoost (tuned),D,not a siting recommendation
8865051ab3fffff,Sepang,2.918320847922122,101.72082080003602,0.0,0.0,0.8074238578680203,0,0.0055655898,0.0036419912,1756,XGBoost (tuned),D,not a siting recommendation
8865058debfffff,Sepang,2.6883676937362413,101.6816292010879,0.0,0.4,0.8074238578680203,0,0.004837532,0.007536041,1877,XGBoost (tuned),D,not a siting recommendation
886505166dfffff,Sepang,2.6999744896877456,101.63320313776906,0.0,0.0,0.8074238578680203,0,0.004631727,0.007048821,1986,XGBoost (tuned),D,not a siting recommendation
8865050155fffff,Sepang,2.946819629148987,101.6559086868122,967.3003802281368,3.4,0.8074238578680203,0,0.075534716,0.14878522,699,XGBoost (tuned),D,not a siting recommendation
8865050a69fffff,Sepang,3.011643998115765,101.72041921808297,9350.570342205325,157.7,0.8074238578680203,0,0.3457022,0.22518466,159,XGBoost (tuned),D,not a siting recommendation
88650501c5fffff,Sepang,2.957746753205103,101.61638185737394,967.3003802281368,15.7,0.8074238578680203,0,0.16044463,0.18920724,385,XGBoost (tuned),D,not a siting recommendation
88650512b1fffff,Sepang,2.7581135628159026,101.68355354272256,0.0,0.0,0.8074238578680203,0,0.0047539296,0.007102314,1904,XGBoost (tuned),D,not a siting recommendation
8865051701fffff,Sepang,2.7462391031158604,101.63745796325472,0.0,0.0,0.8074238578680203,0,0.0041208207,0.007048821,2682,XGBoost (tuned),D,not a siting recommendation
8865051215fffff,Sepang,2.73772307116602,101.74466553366814,0.0,0.0,0.8074238578680203,0,0.0040459977,0.0068988805,2799,XGBoost (tuned),D,not a siting recommendation
8865050183fffff,Sepang,2.967961404315657,101.58579084447642,322.4334600760456,12.4,0.8074238578680203,0,0.13099113,0.053044572,459,XGBoost (tuned),D,not a siting recommendation
8865050023fffff,Sepang,2.9342356358883275,101.61872505860076,644.8669201520912,1.4,0.8074238578680203,0,0.009660781,0.0073448042,1470,XGBoost (tuned),D,not a siting recommendation
886505102dfffff,Sepang,2.814832894346212,101.75178183773696,0.0,0.0,0.8074238578680203,0,0.0043105516,0.006996821,2380,XGBoost (tuned),D,not a siting recommendation
88650518a3fffff,Sepang,2.9807701953620875,101.7175732541858,322.4334600760456,13.5,0.8074238578680203,1,0.29630238,0.07509781,205,XGBoost (tuned),D,not a siting recommendation
8865050107fffff,Sepang,2.9703306876084885,101.6535683430345,2257.0342205323195,14.4,0.8074238578680203,1,0.3159808,0.19181235,183,XGBoost (tuned),D,not a siting recommendation
8865051749fffff,Sepang,2.721333110865168,101.65766755199768,0.0,0.0,0.8074238578680203,0,0.004631727,0.0070144157,1986,XGBoost (tuned),D,not a siting recommendation
8865058c1dfffff,Sepang,2.62670356302134,101.67594990434452,0.0,0.0,0.8074238578680203,0,0.004631727,0.007102314,1986,XGBoost (tuned),D,not a siting recommendation
88650510cdfffff,Sepang,2.7801828925377303,101.69908683897526,0.0,0.0,0.8074238578680203,0,0.004640275,0.007064534,1966,XGBoost (tuned),D,not a siting recommendation
886505100dfffff,Sepang,2.7920528754057345,101.7451798631826,644.8669201520912,2.8,0.8074238578680203,0,0.012357348,0.015643898,1384,XGBoost (tuned),D,not a siting recommendation
8865058c23fffff,Sepang,2.6568255733386144,101.6877212138034,0.0,0.0,0.8074238578680203,0,0.004716636,0.007064534,1922,XGBoost (tuned),D,not a siting recommendation
8865050313fffff,Sepang,2.900517456679282,101.6516489304216,322.4334600760456,2.0,0.8074238578680203,0,0.025120022,0.016855443,1105,XGBoost (tuned),D,not a siting recommendation
886505129dfffff,Sepang,2.734626102344906,101.6858900009552,322.4334600760456,2.2,0.8074238578680203,0,0.01268942,0.021981202,1370,XGBoost (tuned),D,not a siting recommendation
8865051a99fffff,Sepang,2.886746449125436,101.72691250778742,322.4334600760456,2.3,0.8074238578680203,0,0.012628273,0.009731292,1375,XGBoost (tuned),D,not a siting recommendation
886505172bfffff,Sepang,2.761662591669192,101.63887649111182,0.0,0.0,0.8074238578680203,0,0.004413722,0.007048821,2235,XGBoost (tuned),D,not a siting recommendation
88650501cdfffff,Sepang,2.9496717864831803,101.62014360667496,9350.570342205325,292.8,0.8074238578680203,0,0.173246,0.1367394,365,XGBoost (tuned),D,not a siting recommendation
886505012bfffff,Sepang,2.97769247590673,101.65874915715446,2257.0342205323195,82.6,0.8074238578680203,0,0.2554892,0.20493865,241,XGBoost (tuned),D,not a siting recommendation
8865050235fffff,Sepang,2.878437295912061,101.63611067072016,0.0,0.0,0.8074238578680203,0,0.0041386643,0.003676622,2642,XGBoost (tuned),D,not a siting recommendation
8865058d83fffff,Sepang,2.6904934238162768,101.6548293858284,0.0,0.0,0.8074238578680203,0,0.004631727,0.0070144157,1986,XGBoost (tuned),D,not a siting recommendation
8865058c05fffff,Sepang,2.6407024841371918,101.69523231416858,0.0,0.0,0.8074238578680203,0,0.0046038697,0.007064534,2049,XGBoost (tuned),D,not a siting recommendation
8865058d17fffff,Sepang,2.6869503312696748,101.69949421519848,0.0,0.0,0.8074238578680203,0,0.004484383,0.007064534,2149,XGBoost (tuned),D,not a siting recommendation
8865058c67fffff,Sepang,2.6473477955993605,101.70933910855364,0.0,0.5,0.8074238578680203,0,0.00788811,0.010639313,1535,XGBoost (tuned),D,not a siting recommendation
8865050165fffff,Sepang,2.975551126655319,101.68557200725498,322.4334600760456,2.1,0.8074238578680203,0,0.07939853,0.017517278,678,XGBoost (tuned),D,not a siting recommendation
8865051293fffff,Sepang,2.736045024480277,101.66802152236086,0.0,0.0,0.8074238578680203,0,0.0040459977,0.0070144157,2799,XGBoost (tuned),D,not a siting recommendation
8865058d07fffff,Sepang,2.692886866737022,101.72253465007104,0.0,0.0,0.8074238578680203,0,0.004628892,0.0069930553,2008,XGBoost (tuned),D,not a siting recommendation
8865058c01fffff,Sepang,2.633349223337764,101.69005662224176,0.0,0.0,0.8074238578680203,0,0.004338689,0.007064534,2349,XGBoost (tuned),D,not a siting recommendation
8865051199fffff,Sepang,2.8352383546076143,101.69065742047997,967.3003802281368,2.0,0.8074238578680203,0,0.009153295,0.020792307,1486,XGBoost (tuned),D,not a siting recommendation
8865051027fffff,Sepang,2.823612443794688,101.73909203908552,2579.467680608365,8.7,0.8074238578680203,0,0.037182618,0.05692213,972,XGBoost (tuned),D,not a siting recommendation
8865058dbdfffff,Sepang,2.705912777729272,101.65624840572792,0.0,0.0,0.8074238578680203,0,0.004631727,0.0070144157,1986,XGBoost (tuned),D,not a siting recommendation
88650510e5fffff,Sepang,2.8110319474112044,101.70192951022962,644.8669201520912,3.1,0.8074238578680203,0,0.012230682,0.01831913,1390,XGBoost (tuned),D,not a siting recommendation
8865050345fffff,Sepang,2.8962429589843195,101.70528065487407,322.4334600760456,8.0,0.8074238578680203,0,0.027815467,0.04954523,1068,XGBoost (tuned),D,not a siting recommendation
88650518b7fffff,Sepang,2.9821984403955164,101.69969343588326,322.4334600760456,3.1,0.8074238578680203,0,0.08261032,0.02040713,659,XGBoost (tuned),D,not a siting recommendation
886505018bfffff,Sepang,2.959885717226124,101.5895538415279,967.3003802281368,1.0,0.8074238578680203,0,0.008348365,0.009930187,1522,XGBoost (tuned),D,not a siting recommendation
8865058d31fffff,Sepang,2.701659212642233,101.70984752179452,0.0,0.0,0.8074238578680203,0,0.004338689,0.0069930553,2349,XGBoost (tuned),D,not a siting recommendation
886505174dfffff,Sepang,2.7286890228644203,101.66284446613902,0.0,0.0,0.8074238578680203,0,0.004631727,0.0070144157,1986,XGBoost (tuned),D,not a siting recommendation
88650512c3fffff,Sepang,2.72514222373682,101.70751319698654,0.0,1.0,0.8074238578680203,0,0.005038465,0.0076446906,1833,XGBoost (tuned),D,not a siting recommendation
88650501b9fffff,Sepang,2.976037457107778,101.58202761606272,2901.9011406844106,26.2,0.8074238578680203,0,0.17444906,0.065728866,363,XGBoost (tuned),D,not a siting recommendation
8865058db7fffff,Sepang,2.7146861907322704,101.64355618544566,0.0,0.0,0.8074238578680203,0,0.004605629,0.007048821,2028,XGBoost (tuned),D,not a siting recommendation
88650511e5fffff,Sepang,2.862534771592075,101.7381823165459,0.0,0.0,0.8074238578680203,0,0.004720719,0.0036118408,1918,XGBoost (tuned),D,not a siting recommendation
8865050157fffff,Sepang,2.947532740914216,101.64696787366172,0.0,0.0,0.8074238578680203,0,0.004422498,0.0043752417,2214,XGBoost (tuned),D,not a siting recommendation
886505108bfffff,Sepang,2.790381473941764,101.66852331532046,0.0,0.0,0.8074238578680203,0,0.004644409,0.0070144157,1959,XGBoost (tuned),D,not a siting recommendation
8865058d1dfffff,Sepang,2.6781788274902625,101.71218149485031,0.0,0.0,0.8074238578680203,0,0.004628892,0.0069930553,2008,XGBoost (tuned),D,not a siting recommendation
8865058d29fffff,Sepang,2.699531862424636,101.73664293598942,0.0,0.0,0.8074238578680203,0,0.004004977,0.0068988805,2949,XGBoost (tuned),D,not a siting recommendation
8865051a97fffff,Sepang,2.90288942584242,101.7193981414992,322.4334600760456,2.5,0.8074238578680203,0,0.020784527,0.016426744,1171,XGBoost (tuned),D,not a siting recommendation
8865051addfffff,Sepang,2.87725061209417,101.74854153100628,0.0,0.0,0.8074238578680203,0,0.004770509,0.0036118408,1899,XGBoost (tuned),D,not a siting recommendation
8865058c27fffff,Sepang,2.664179440007336,101.69289726367928,0.0,0.0,0.8074238578680203,0,0.0046038697,0.007064534,2049,XGBoost (tuned),D,not a siting recommendation
88650512edfffff,Sepang,2.746498023162312,101.73197821483728,0.0,0.0,0.8074238578680203,0,0.0043105516,0.0068988805,2380,XGBoost (tuned),D,not a siting recommendation
8865050349fffff,Sepang,2.8808125299546727,101.7038587464592,0.0,0.7,0.8074238578680203,0,0.0051050973,0.004356256,1809,XGBoost (tuned),D,not a siting recommendation
8865051025fffff,Sepang,2.8229009621366545,101.74802651855194,0.0,0.0,0.8074238578680203,0,0.0046745376,0.00358236,1942,XGBoost (tuned),D,not a siting recommendation
886505119dfffff,Sepang,2.842596403313518,101.69583629415116,644.8669201520912,15.7,0.8074238578680203,0,0.08189079,0.13457966,663,XGBoost (tuned),D,not a siting recommendation
8865051285fffff,Sepang,2.7486278532068438,101.7051785203546,322.4334600760456,4.7,0.8074238578680203,0,0.05443282,0.14092587,833,XGBoost (tuned),D,not a siting recommendation
8865051085fffff,Sepang,2.8050962978492637,101.6788795698394,0.0,1.0,0.8074238578680203,0,0.0051164324,0.007764051,1806,XGBoost (tuned),D,not a siting recommendation
8865051765fffff,Sepang,2.759533305200396,101.66568363786304,0.0,0.0,0.8074238578680203,0,0.004605063,0.0070144157,2038,XGBoost (tuned),D,not a siting recommendation
8865051ab7fffff,Sepang,2.925680305865487,101.72600113111012,644.8669201520912,1.0,0.8074238578680203,0,0.010388427,0.0041378234,1452,XGBoost (tuned),D,not a siting recommendation
88650518a7fffff,Sepang,2.9881311301709674,101.72275455306688,322.4334600760456,4.3,0.8074238578680203,0,0.052368335,0.030060062,850,XGBoost (tuned),D,not a siting recommendation
8865051747fffff,Sepang,2.737463774557195,101.65015182189616,0.0,0.0,0.8074238578680203,0,0.004568932,0.0070144157,2083,XGBoost (tuned),D,not a siting recommendation
8865050001fffff,Sepang,2.910727067642662,101.62106790673862,0.0,0.0,0.8074238578680203,0,0.005720602,0.0043084547,1736,XGBoost (tuned),D,not a siting recommendation
886505003dfffff,Sepang,2.9268741672495477,101.61354513575075,0.0,0.6,0.8074238578680203,0,0.015866643,0.013472319,1283,XGBoost (tuned),D,not a siting recommendation
886505026bfffff,Sepang,2.852800931199828,101.66526653490004,0.0,0.0,0.8074238578680203,0,0.0043816147,0.0070144157,2282,XGBoost (tuned),D,not a siting recommendation
8865051037fffff,Sepang,2.817678061156838,101.71604343107089,0.0,0.6,0.8074238578680203,0,0.012773016,0.018781412,1368,XGBoost (tuned),D,not a siting recommendation
8865058de7fffff,Sepang,2.703786184925913,101.68304934127464,0.0,0.0,0.8074238578680203,0,0.004628892,0.007102314,2008,XGBoost (tuned),D,not a siting recommendation
8865050167fffff,Sepang,2.9762649585707357,101.6766313634012,1612.1673003802282,20.4,0.8074238578680203,1,0.16702408,0.24049059,375,XGBoost (tuned),D,not a siting recommendation
8865058d09fffff,Sepang,2.6767614632872614,101.73004398593493,0.0,0.0,0.8074238578680203,0,0.0046038697,0.0068988805,2049,XGBoost (tuned),D,not a siting recommendation
8865051035fffff,Sepang,2.816966836478397,101.72497849560052,1289.7338403041824,7.6,0.8074238578680203,0,0.11617415,0.21917531,498,XGBoost (tuned),D,not a siting recommendation
8865058e37fffff,Sepang,2.601815826494055,101.69614663517204,644.8669201520912,1.0,0.8074238578680203,0,0.006874691,0.00986897,1580,XGBoost (tuned),D,not a siting recommendation
8865051117fffff,Sepang,2.846395516248533,101.7456943618098,0.0,0.0,0.8074238578680203,0,0.0047159786,0.0036118408,1924,XGBoost (tuned),D,not a siting recommendation
8865058cebfffff,Sepang,2.6368871775376705,101.64539756199189,0.0,0.0,0.8074238578680203,0,0.0040790443,0.007048821,2740,XGBoost (tuned),D,not a siting recommendation
88650512cdfffff,Sepang,2.7237232056763623,101.72537854112942,322.4334600760456,11.0,0.8074238578680203,0,0.049616717,0.12445338,868,XGBoost (tuned),D,not a siting recommendation
8865058c65fffff,Sepang,2.6466397131605035,101.7182697622951,322.4334600760456,96.7,0.8074238578680203,0,0.072802365,0.111404404,718,XGBoost (tuned),D,not a siting recommendation
8865051ac7fffff,Sepang,2.891966778800787,101.75890130866442,322.4334600760456,1.6,0.8074238578680203,0,0.0070316335,0.006216277,1566,XGBoost (tuned),D,not a siting recommendation
8865058dd7fffff,Sepang,2.675075051294559,101.65341049228404,0.0,0.0,0.8074238578680203,0,0.004042005,0.0070144157,2815,XGBoost (tuned),D,not a siting recommendation
8865051885fffff,Sepang,2.964620796608429,101.72508953580451,3546.7680608365017,32.9,0.8074238578680203,1,0.28045473,0.06788668,219,XGBoost (tuned),D,not a siting recommendation
8865058dd1fffff,Sepang,2.66701218686291,101.65716763940658,0.0,0.0,0.8074238578680203,0,0.004568932,0.0070144157,2083,XGBoost (tuned),D,not a siting recommendation
8865058dadfffff,Sepang,2.7118503283539104,101.67929273387232,0.0,0.0,0.8074238578680203,0,0.004428496,0.007102314,2207,XGBoost (tuned),D,not a siting recommendation
8865058c07fffff,Sepang,2.641410320517776,101.68630107963976,0.0,0.0,0.8074238578680203,0,0.004004977,0.007102314,2949,XGBoost (tuned),D,not a siting recommendation
8865051605fffff,Sepang,2.702099954415767,101.6063977416441,0.0,0.0,0.8074238578680203,0,0.004305708,0.0070130965,2403,XGBoost (tuned),D,not a siting recommendation
88650518e9fffff,Sepang,2.955118934535858,101.7467238667358,967.3003802281368,3.5,0.8074238578680203,1,0.01691849,0.008327631,1251,XGBoost (tuned),D,not a siting recommendation
8865050249fffff,Sepang,2.8293026787358757,101.66760511552587,0.0,0.0,0.8074238578680203,0,0.004063519,0.0070144157,2773,XGBoost (tuned),D,not a siting recommendation
88650518adfffff,Sepang,2.97934175539317,101.73545183946752,967.3003802281368,25.3,0.8074238578680203,1,0.3749583,0.14935093,140,XGBoost (tuned),D,not a siting recommendation
8865051a81fffff,Sepang,2.9007509004264147,101.74620902963308,0.0,0.0,0.8074238578680203,0,0.005749549,0.0036419912,1728,XGBoost (tuned),D,not a siting recommendation
886505022dfffff,Sepang,2.876301760078168,101.66292760178769,322.4334600760456,5.9,0.8074238578680203,0,0.05960276,0.08735966,796,XGBoost (tuned),D,not a siting recommendation
8865058dd5fffff,Sepang,2.674366803649065,101.6623436958539,0.0,0.0,0.8074238578680203,0,0.004631727,0.0070144157,1986,XGBoost (tuned),D,not a siting recommendation
886505101bfffff,Sepang,2.7794724576036254,101.70802143196924,0.0,0.0,0.8074238578680203,0,0.0040459977,0.0069930553,2799,XGBoost (tuned),D,not a siting recommendation
8865050361fffff,Sepang,2.911674339886419,101.706702689919,0.0,0.0,0.8074238578680203,0,0.0048002214,0.0036419912,1887,XGBoost (tuned),D,not a siting recommendation
8865058db9fffff,Sepang,2.6985573016298487,101.65107188373582,0.0,0.0,0.8074238578680203,0,0.004413722,0.0070144157,2235,XGBoost (tuned),D,not a siting recommendation
8865051767fffff,Sepang,2.760243111028534,101.65674822712188,0.0,0.0,0.8074238578680203,0,0.004305708,0.0070144157,2403,XGBoost (tuned),D,not a siting recommendation
8865050205fffff,Sepang,2.861583071539658,101.65256926666731,0.0,0.0,0.8074238578680203,0,0.00467279,0.003676622,1945,XGBoost (tuned),D,not a siting recommendation
8865051721fffff,Sepang,2.7690197751211767,101.64405394408485,0.0,0.0,0.8074238578680203,0,0.004455946,0.007048821,2187,XGBoost (tuned),D,not a siting recommendation
88650511a5fffff,Sepang,2.879387901506732,101.72173278547932,0.0,0.4,0.8074238578680203,0,0.0049797767,0.0043517766,1848,XGBoost (tuned),D,not a siting recommendation
8865058c95fffff,Sepang,2.639716808452903,101.60966483532393,0.0,0.0,0.8074238578680203,0,0.0040790443,0.0070130965,2740,XGBoost (tuned),D,not a siting recommendation
8865058d85fffff,Sepang,2.697139944847971,101.66893941129892,0.0,0.0,0.8074238578680203,0,0.004631727,0.0070144157,1986,XGBoost (tuned),D,not a siting recommendation
88650512e9fffff,Sepang,2.739142839608452,101.72680067646633,0.0,0.0,0.8074238578680203,0,0.0040459977,0.0068988805,2799,XGBoost (tuned),D,not a siting recommendation
8865058c69fffff,Sepang,2.631225965256465,101.71684838599234,0.0,0.0,0.8074238578680203,0,0.0046038697,0.0069930553,2049,XGBoost (tuned),D,not a siting recommendation
8865051a9dfffff,Sepang,2.894105078419773,101.732092371259,644.8669201520912,1.4,0.8074238578680203,0,0.0065447036,0.005115755,1605,XGBoost (tuned),D,not a siting recommendation
88650511ddfffff,Sepang,2.8257466196261047,101.71228674852767,322.4334600760456,16.3,0.8074238578680203,0,0.1928965,0.44677946,336,XGBoost (tuned),D,not a siting recommendation
88650510c1fffff,Sepang,2.7808932835260545,101.6901519389708,0.0,0.0,0.8074238578680203,0,0.004484383,0.007064534,2149,XGBoost (tuned),D,not a siting recommendation
886505004bfffff,Sepang,2.88650918441042,101.63235032700165,0.0,0.0,0.8074238578680203,0,0.004568945,0.003676622,2078,XGBoost (tuned),D,not a siting recommendation
886505035bfffff,Sepang,2.8755898218348266,101.6718659683925,644.8669201520912,7.2,0.8074238578680203,0,0.032972764,0.042493947,1020,XGBoost (tuned),D,not a siting recommendation
88650510e3fffff,Sepang,2.804385540773071,101.68781548983506,322.4334600760456,4.8,0.8074238578680203,0,0.039670262,0.059909414,955,XGBoost (tuned),D,not a siting recommendation
8865051ad1fffff,Sepang,2.8779630880531,101.73960559145614,0.0,0.0,0.8074238578680203,0,0.0044982345,0.0036118408,2118,XGBoost (tuned),D,not a siting recommendation
886505035dfffff,Sepang,2.8822369729329123,101.68598347774748,0.0,0.0,0.8074238578680203,0,0.004549324,0.0036118408,2091,XGBoost (tuned),D,not a siting recommendation
8865058d39fffff,Sepang,2.693595817730507,101.71360287770824,0.0,0.0,0.8074238578680203,0,0.004338689,0.0069930553,2349,XGBoost (tuned),D,not a siting recommendation
8865058cabfffff,Sepang,2.6537187001665115,101.6289494490938,0.0,0.0,0.8074238578680203,0,0.004605629,0.0069688456,2028,XGBoost (tuned),D,not a siting recommendation
8865058d4bfffff,Sepang,2.6606375807662426,101.73755239456484,0.0,0.0,0.8074238578680203,0,0.004004977,0.0068988805,2949,XGBoost (tuned),D,not a siting recommendation
8865058d5dfffff,Sepang,2.661346034591744,101.72862198390315,0.0,0.0,0.8074238578680203,0,0.004004977,0.0068988805,2949,XGBoost (tuned),D,not a siting recommendation
8865051a35fffff,Hulu Langat,2.919972957802019,101.79749387367212,1059.8396051819866,1.8,0.9081177520071364,0,0.01229071,0.0052547944,1387,XGBoost (tuned),D,not a siting recommendation
8865054259fffff,Hulu Langat,3.184028003275036,101.8984620841915,0.0,0.0,0.9081177520071364,0,0.0040147393,0.005525933,2885,XGBoost (tuned),D,not a siting recommendation
8865054641fffff,Hulu Langat,3.156551440533756,101.75630325091022,21233.88648982107,82.1,0.9081177520071364,1,0.339866,0.38095585,166,XGBoost (tuned),D,not a siting recommendation
8865051853fffff,Hulu Langat,2.930185870950539,101.76693058370994,2119.679210363973,20.5,0.9081177520071364,1,0.2944887,0.22691138,208,XGBoost (tuned),D,not a siting recommendation
8865051a29fffff,Hulu Langat,2.9104743317991204,101.81911784461876,0.0,0.0,0.9081177520071364,0,0.005164469,0.0036419912,1795,XGBoost (tuned),D,not a siting recommendation
8865054211fffff,Hulu Langat,3.2089933787676497,101.87825887740924,0.0,1.0,0.9081177520071364,0,0.0100605525,0.016086994,1457,XGBoost (tuned),D,not a siting recommendation
886505cd8dfffff,Hulu Langat,3.049564721469307,101.926509180296,0.0,0.0,0.9081177520071364,0,0.0037334936,0.0057589277,3649,XGBoost (tuned),D,not a siting recommendation
886505575dfffff,Hulu Langat,3.083305094165103,101.89362938158806,0.0,0.0,0.9081177520071364,0,0.0037338429,0.005641815,3639,XGBoost (tuned),D,not a siting recommendation
886505545dfffff,Hulu Langat,3.0883248581175406,101.8310653358897,0.0,0.0,0.9081177520071364,0,0.0040606796,0.0052493536,2779,XGBoost (tuned),D,not a siting recommendation
8865055767fffff,Hulu Langat,3.1208246873333634,101.91061249883909,0.0,0.0,0.9081177520071364,0,0.003777552,0.0056160754,3493,XGBoost (tuned),D,not a siting recommendation
8865055695fffff,Hulu Langat,3.061744678957954,101.77457530138489,4239.358420727946,19.6,0.9081177520071364,1,0.16035008,0.16946183,387,XGBoost (tuned),D,not a siting recommendation
88650550bdfffff,Hulu Langat,3.1745085393101644,101.92009295144952,0.0,0.0,0.9081177520071364,0,0.0037760949,0.005525933,3509,XGBoost (tuned),D,not a siting recommendation
8865054299fffff,Hulu Langat,3.2059452890307103,101.8194246153744,0.0,0.0,0.9081177520071364,0,0.0035680025,0.0036667837,3931,XGBoost (tuned),D,not a siting recommendation
8865051b05fffff,Hulu Langat,2.954621066090093,101.85020397311388,3179.51881554596,9.7,0.9081177520071364,0,0.04828754,0.038872156,881,XGBoost (tuned),D,not a siting recommendation
88650542e7fffff,Hulu Langat,3.233962675542996,101.85805118763912,0.0,0.0,0.9081177520071364,0,0.0037361798,0.005525933,3622,XGBoost (tuned),D,not a siting recommendation
8865051981fffff,Hulu Langat,3.0087846020099343,101.75617813939016,9008.636644046886,68.1,0.9081177520071364,0,0.063474566,0.056423176,776,XGBoost (tuned),D,not a siting recommendation
8865055663fffff,Hulu Langat,3.061941791119313,101.86914233700624,0.0,0.0,0.9081177520071364,0,0.003797234,0.0057589277,3432,XGBoost (tuned),D,not a siting recommendation
886505553bfffff,Hulu Langat,3.1728972382160183,101.84339219063855,0.0,0.0,0.9081177520071364,0,0.0037760949,0.005525933,3509,XGBoost (tuned),D,not a siting recommendation
886505cc9bfffff,Hulu Langat,2.985484225660348,101.8530608687743,0.0,0.0,0.9081177520071364,0,0.00439031,0.0034299428,2276,XGBoost (tuned),D,not a siting recommendation
8865054291fffff,Hulu Langat,3.214028565194916,101.81566735685544,0.0,0.0,0.9081177520071364,0,0.0036960563,0.0036667837,3682,XGBoost (tuned),D,not a siting recommendation
88650554bbfffff,Hulu Langat,3.126378498877633,101.74451047762146,7948.7970388649,97.6,0.9081177520071364,0,0.088008806,0.0970939,625,XGBoost (tuned),D,not a siting recommendation
88650554c7fffff,Hulu Langat,3.108067343753744,101.77885269107956,0.0,0.7,0.9081177520071364,0,0.004292392,0.0048111314,2424,XGBoost (tuned),D,not a siting recommendation
8865055737fffff,Hulu Langat,3.1317761103353203,101.87110744446834,1059.8396051819866,1.4,0.9081177520071364,0,0.008952014,0.011474788,1498,XGBoost (tuned),D,not a siting recommendation
886505ccb7fffff,Hulu Langat,3.023710472930433,101.86110077996088,529.9198025909933,3.0,0.9081177520071364,0,0.06945417,0.07213319,746,XGBoost (tuned),D,not a siting recommendation
88650542a9fffff,Hulu Langat,3.234682457121879,101.84910913942711,0.0,0.0,0.9081177520071364,0,0.003825541,0.0037687244,3366,XGBoost (tuned),D,not a siting recommendation
8865051b03fffff,Hulu Langat,2.9479774906007266,101.83608791702434,1059.8396051819866,4.6,0.9081177520071364,0,0.03374576,0.021004984,1009,XGBoost (tuned),D,not a siting recommendation
88650552dbfffff,Hulu Langat,3.071641430772299,101.94205960812172,0.0,0.0,0.9081177520071364,0,0.0039531835,0.005641815,3057,XGBoost (tuned),D,not a siting recommendation
8865054201fffff,Hulu Langat,3.2149170665983684,101.90132502754356,0.0,0.0,0.9081177520071364,0,0.003825541,0.005525933,3366,XGBoost (tuned),D,not a siting recommendation
8865055193fffff,Hulu Langat,3.2046754160172477,101.9318964241366,0.0,0.0,0.9081177520071364,0,0.0036821126,0.005525933,3725,XGBoost (tuned),D,not a siting recommendation
8865055459fffff,Hulu Langat,3.08096356286731,101.82588194575844,0.0,0.0,0.9081177520071364,0,0.0038822538,0.0050456296,3197,XGBoost (tuned),D,not a siting recommendation
886505190dfffff,Hulu Langat,3.0030634501562465,101.82768106925452,1059.8396051819866,1.8,0.9081177520071364,0,0.00909025,0.00508796,1489,XGBoost (tuned),D,not a siting recommendation
88650554e1fffff,Hulu Langat,3.1227928415034585,101.78922002989394,1589.75940777298,2.0,0.9081177520071364,0,0.009290853,0.013354677,1479,XGBoost (tuned),D,not a siting recommendation
886505191bfffff,Hulu Langat,2.9904893756919617,101.7905060677375,5829.117828500926,513.8,0.9081177520071364,1,0.49098647,0.4472634,83,XGBoost (tuned),D,not a siting recommendation
8865055707fffff,Hulu Langat,3.1148998423341205,101.88755352455584,0.0,0.0,0.9081177520071364,0,0.003777552,0.005641815,3493,XGBoost (tuned),D,not a siting recommendation
8865051a55fffff,Hulu Langat,2.8803318196908387,101.80733065764572,529.9198025909933,2.5,0.9081177520071364,0,0.006738686,0.008565317,1590,XGBoost (tuned),D,not a siting recommendation
88650556a3fffff,Hulu Langat,3.0838301944705995,101.79012426978584,2119.679210363973,5.6,0.9081177520071364,0,0.014452144,0.03208513,1323,XGBoost (tuned),D,not a siting recommendation
886505cca3fffff,Hulu Langat,3.022278468936394,101.87897229978296,0.0,0.0,0.9081177520071364,0,0.0037966068,0.0057589277,3437,XGBoost (tuned),D,not a siting recommendation
88650540c9fffff,Hulu Langat,3.2515710113184584,101.8326529081631,0.0,0.0,0.9081177520071364,0,0.0038009502,0.0037228686,3424,XGBoost (tuned),D,not a siting recommendation
886505544bfffff,Hulu Langat,3.087607900981051,101.84000400143628,0.0,0.0,0.9081177520071364,0,0.0037338429,0.005641815,3639,XGBoost (tuned),D,not a siting recommendation
8865054203fffff,Hulu Langat,3.2156368220824936,101.89238493242928,0.0,0.0,0.9081177520071364,0,0.0036960563,0.005525933,3682,XGBoost (tuned),D,not a siting recommendation
8865051b5dfffff,Hulu Langat,2.923761671653717,101.84734758548106,5829.117828500926,14.5,0.9081177520071364,1,0.06926085,0.060907375,748,XGBoost (tuned),D,not a siting recommendation
886505571bfffff,Hulu Langat,3.0935346824637,101.86306400605538,0.0,0.0,0.9081177520071364,0,0.0041223727,0.005641815,2673,XGBoost (tuned),D,not a siting recommendation
8865051939fffff,Hulu Langat,3.012569299235249,101.80605189138625,1059.8396051819866,20.0,0.9081177520071364,0,0.10590616,0.070303164,541,XGBoost (tuned),D,not a siting recommendation
8865051b27fffff,Hulu Langat,2.978125599336945,101.8478789997674,0.0,0.0,0.9081177520071364,0,0.0041292477,0.0036419912,2651,XGBoost (tuned),D,not a siting recommendation
8865051a3bfffff,Hulu Langat,2.9052568267462684,101.78713284853004,529.9198025909933,6.9,0.9081177520071364,0,0.0800895,0.0788848,669,XGBoost (tuned),D,not a siting recommendation
8865051b01fffff,Hulu Langat,2.947263084581806,101.84502260325785,2119.679210363973,370.0,0.9081177520071364,0,0.29997575,0.36130193,202,XGBoost (tuned),D,not a siting recommendation
886505cdd7fffff,Hulu Langat,3.0355637857178746,101.90720821074798,0.0,0.0,0.9081177520071364,0,0.004238062,0.0057589277,2483,XGBoost (tuned),D,not a siting recommendation
8865054237fffff,Hulu Langat,3.2398866376248585,101.88112034135015,0.0,0.0,0.9081177520071364,0,0.003825541,0.005525933,3366,XGBoost (tuned),D,not a siting recommendation
88650556abfffff,Hulu Langat,3.075751873177037,101.7938809972272,0.0,0.0,0.9081177520071364,0,0.0035958008,0.004729314,3847,XGBoost (tuned),D,not a siting recommendation
8865055611fffff,Hulu Langat,3.049370659769272,101.83196439577416,0.0,0.0,0.9081177520071364,0,0.0042093713,0.005431663,2536,XGBoost (tuned),D,not a siting recommendation
88650555d7fffff,Hulu Langat,3.1536804777628262,101.79207325817164,0.0,0.0,0.9081177520071364,0,0.0038999543,0.004707718,3163,XGBoost (tuned),D,not a siting recommendation
8865051aedfffff,Hulu Langat,2.90597007086108,101.7781974041918,0.0,0.9,0.9081177520071364,0,0.0061552553,0.004466868,1651,XGBoost (tuned),D,not a siting recommendation
886505193dfffff,Hulu Langat,3.019929423672638,101.81123411264416,1589.75940777298,3.7,0.9081177520071364,0,0.016775845,0.012922826,1255,XGBoost (tuned),D,not a siting recommendation
88650554edfffff,Hulu Langat,3.1220755542239726,101.79816100634508,0.0,0.0,0.9081177520071364,0,0.0038216433,0.0047380216,3382,XGBoost (tuned),D,not a siting recommendation
8865055643fffff,Hulu Langat,3.039145644312595,101.8625299220854,0.0,1.0,0.9081177520071364,0,0.004473888,0.0060591735,2157,XGBoost (tuned),D,not a siting recommendation
8865054207fffff,Hulu Langat,3.222999856713336,101.89757074199524,0.0,0.0,0.9081177520071364,0,0.0038543106,0.005525933,3292,XGBoost (tuned),D,not a siting recommendation
886505542dfffff,Hulu Langat,3.13392994137263,101.8442899832489,0.0,0.0,0.9081177520071364,0,0.0038951833,0.0056160754,3176,XGBoost (tuned),D,not a siting recommendation
886505cc27fffff,Hulu Langat,3.02462277055916,101.94669553793644,0.0,0.0,0.9081177520071364,0,0.004238062,0.0057589277,2483,XGBoost (tuned),D,not a siting recommendation
8865051b2bfffff,Hulu Langat,2.9626938718502376,101.8464507380103,2119.679210363973,7.2,0.9081177520071364,0,0.051720027,0.055265933,856,XGBoost (tuned),D,not a siting recommendation
8865055743fffff,Hulu Langat,3.090665248980731,101.89881311034593,0.0,0.0,0.9081177520071364,0,0.0041223727,0.005641815,2673,XGBoost (tuned),D,not a siting recommendation
886505cdb5fffff,Hulu Langat,3.0745106833713782,101.90631833396976,0.0,0.0,0.9081177520071364,0,0.0037809089,0.005641815,3474,XGBoost (tuned),D,not a siting recommendation
886505cc97fffff,Hulu Langat,3.000917211916564,101.8544895071528,0.0,0.0,0.9081177520071364,0,0.0042379457,0.0034090052,2491,XGBoost (tuned),D,not a siting recommendation
886505cc11fffff,Hulu Langat,2.9878342078903657,101.92078245552452,0.0,0.0,0.9081177520071364,0,0.0039681345,0.0058188974,3021,XGBoost (tuned),D,not a siting recommendation
8865055661fffff,Hulu Langat,3.0612250497651488,101.87807902713726,0.0,0.0,0.9081177520071364,0,0.004273314,0.0057589277,2442,XGBoost (tuned),D,not a siting recommendation
88650556e1fffff,Hulu Langat,3.066241187053912,101.81551558467343,0.0,0.0,0.9081177520071364,0,0.0038822538,0.0048865858,3197,XGBoost (tuned),D,not a siting recommendation
8865055535fffff,Hulu Langat,3.187623285010719,101.8537621672703,0.0,0.0,0.9081177520071364,0,0.0036821126,0.005525933,3725,XGBoost (tuned),D,not a siting recommendation
886505cda3fffff,Hulu Langat,3.0737934452820297,101.9152541295042,0.0,0.0,0.9081177520071364,0,0.0039531835,0.005641815,3057,XGBoost (tuned),D,not a siting recommendation
8865051927fffff,Hulu Langat,3.03464989489672,101.8215989747478,0.0,0.0,0.9081177520071364,0,0.0037814784,0.0050844634,3460,XGBoost (tuned),D,not a siting recommendation
8865055699fffff,Hulu Langat,3.046305642895646,101.77314975867424,5829.117828500926,134.7,0.9081177520071364,0,0.1805259,0.13548064,359,XGBoost (tuned),D,not a siting recommendation
8865055653fffff,Hulu Langat,3.033218039568868,101.83947369808436,0.0,0.0,0.9081177520071364,0,0.003945011,0.0057589277,3069,XGBoost (tuned),D,not a siting recommendation
886505cc3bfffff,Hulu Langat,3.003265438568069,101.92221394589096,0.0,0.0,0.9081177520071364,0,0.0038759212,0.0058188974,3210,XGBoost (tuned),D,not a siting recommendation
886505cdc3fffff,Hulu Langat,3.0341306975414475,101.92507730826156,0.0,0.0,0.9081177520071364,0,0.004238062,0.0057589277,2483,XGBoost (tuned),D,not a siting recommendation
8865055411fffff,Hulu Langat,3.10591635932436,101.80567450080814,529.9198025909933,1.7000000000000002,0.9081177520071364,0,0.007977976,0.009994374,1534,XGBoost (tuned),D,not a siting recommendation
88650519c7fffff,Hulu Langat,2.999994121934646,101.7688738918926,529.9198025909933,82.6,0.9081177520071364,0,0.11497035,0.049909297,506,XGBoost (tuned),D,not a siting recommendation
8865055507fffff,Hulu Langat,3.1714599804688897,101.86127299085582,0.0,0.4,0.9081177520071364,0,0.00405657,0.006514662,2783,XGBoost (tuned),D,not a siting recommendation
88650550bbfffff,Hulu Langat,3.167865914834111,101.90596946504397,0.0,0.5,0.9081177520071364,0,0.0044918377,0.007362657,2132,XGBoost (tuned),D,not a siting recommendation
8865051ac5fffff,Hulu Langat,2.891253919408942,101.76783700162775,0.0,0.0,0.9081177520071364,0,0.0048937094,0.0036118408,1863,XGBoost (tuned),D,not a siting recommendation
886505c59bfffff,Hulu Langat,2.877479677775267,101.84306395631828,0.0,0.0,0.9081177520071364,0,0.0045934687,0.0036118408,2059,XGBoost (tuned),D,not a siting recommendation
8865054353fffff,Hulu Langat,3.244368885003784,101.92206920625196,0.0,0.0,0.9081177520071364,0,0.0040147393,0.005525933,2885,XGBoost (tuned),D,not a siting recommendation
8865050b5dfffff,Hulu Langat,3.041806188317295,101.73220663018895,6359.03763109192,59.2,0.9081177520071364,0,0.11258835,0.106154464,512,XGBoost (tuned),D,not a siting recommendation
88650555e1fffff,Hulu Langat,3.174334284676098,101.8255101322783,0.0,0.0,0.9081177520071364,0,0.003612675,0.0049419324,3795,XGBoost (tuned),D,not a siting recommendation
88650555adfffff,Hulu Langat,3.1904985543934057,101.8179965603002,0.0,0.0,0.9081177520071364,0,0.0037851485,0.00481609,3445,XGBoost (tuned),D,not a siting recommendation
8865054041fffff,Hulu Langat,3.2546142038629235,101.89149276550106,0.0,0.0,0.9081177520071364,0,0.0037361798,0.005525933,3622,XGBoost (tuned),D,not a siting recommendation
886505ccebfffff,Hulu Langat,2.997339177107484,101.89916393685344,0.0,0.0,0.9081177520071364,0,0.004235103,0.0058188974,2508,XGBoost (tuned),D,not a siting recommendation
886505cdd3fffff,Hulu Langat,3.0282049914461435,101.90202531414114,0.0,0.0,0.9081177520071364,0,0.0037636184,0.0057589277,3531,XGBoost (tuned),D,not a siting recommendation
886505cc8bfffff,Hulu Langat,2.991412105172086,101.87611290868291,1059.8396051819866,1.0,0.9081177520071364,0,0.008678873,0.0043079904,1513,XGBoost (tuned),D,not a siting recommendation
886505cdabfffff,Hulu Langat,3.0657168363663096,101.91900604657128,0.0,0.0,0.9081177520071364,0,0.0037223683,0.005641815,3661,XGBoost (tuned),D,not a siting recommendation
8865054055fffff,Hulu Langat,3.2560549801120664,101.87360944648393,0.0,0.0,0.9081177520071364,0,0.0037361798,0.0037687244,3622,XGBoost (tuned),D,not a siting recommendation
8865055463fffff,Hulu Langat,3.1184883420511005,101.84286119553292,0.0,0.0,0.9081177520071364,0,0.0039963266,0.0056160754,2972,XGBoost (tuned),D,not a siting recommendation
88650554c9fffff,Hulu Langat,3.0919088802651378,101.786367309607,0.0,0.0,0.9081177520071364,0,0.004060178,0.004700585,2780,XGBoost (tuned),D,not a siting recommendation
88650555e9fffff,Hulu Langat,3.166252691670721,101.82926656866212,0.0,0.6,0.9081177520071364,0,0.0066415183,0.015636263,1597,XGBoost (tuned),D,not a siting recommendation
8865051823fffff,Hulu Langat,2.9757698056950868,101.78014288620004,18547.193090684767,83.5,0.9081177520071364,0,0.06396509,0.05018048,770,XGBoost (tuned),D,not a siting recommendation
886505431bfffff,Hulu Langat,3.253173209283156,101.9093748167072,0.0,0.0,0.9081177520071364,0,0.0036821126,0.005525933,3725,XGBoost (tuned),D,not a siting recommendation
8865055409fffff,Hulu Langat,3.1037649125715645,101.83249349682094,0.0,0.0,0.9081177520071364,0,0.003995351,0.0053211697,2974,XGBoost (tuned),D,not a siting recommendation
8865051903fffff,Hulu Langat,3.004494031903548,101.80980720925852,529.9198025909933,7.1,0.9081177520071364,0,0.06159408,0.04077587,787,XGBoost (tuned),D,not a siting recommendation
8865050b6dfffff,Hulu Langat,3.070538770052887,101.76187756355,10598.396051819867,114.0,0.9081177520071364,0,0.1658484,0.2066121,379,XGBoost (tuned),D,not a siting recommendation
8865055419fffff,Hulu Langat,3.09783730746246,101.80943089875468,0.0,0.0,0.9081177520071364,0,0.0038250394,0.004759756,3376,XGBoost (tuned),D,not a siting recommendation
886505186bfffff,Hulu Langat,2.950834640161084,101.80034603864148,0.0,0.0,0.9081177520071364,0,0.0056393943,0.0036419912,1746,XGBoost (tuned),D,not a siting recommendation
8865051a4dfffff,Hulu Langat,2.8781927818768795,101.83413110153936,0.0,0.6000000000000001,0.9081177520071364,0,0.0056231017,0.006852281,1747,XGBoost (tuned),D,not a siting recommendation
88650555d9fffff,Hulu Langat,3.1375186215724438,101.79958793006598,0.0,0.0,0.9081177520071364,0,0.0037695013,0.0047380216,3527,XGBoost (tuned),D,not a siting recommendation
886505435bfffff,Hulu Langat,3.2362854998971438,101.92582281293126,0.0,0.0,0.9081177520071364,0,0.0037361798,0.005525933,3622,XGBoost (tuned),D,not a siting recommendation
886505cdb1fffff,Hulu Langat,3.0671510152185646,101.90113482732592,0.0,0.0,0.9081177520071364,0,0.0037809089,0.005641815,3474,XGBoost (tuned),D,not a siting recommendation
8865055745fffff,Hulu Langat,3.097307814305549,101.91293348952694,0.0,0.0,0.9081177520071364,0,0.0039531835,0.005641815,3057,XGBoost (tuned),D,not a siting recommendation
8865055425fffff,Hulu Langat,3.142010084886003,101.84053447926566,0.0,0.5,0.9081177520071364,0,0.0037038503,0.0056160754,3675,XGBoost (tuned),D,not a siting recommendation
886505198bfffff,Hulu Langat,3.001423775280981,101.7509963530324,2119.679210363973,30.9,0.9081177520071364,0,0.07459611,0.028509695,703,XGBoost (tuned),D,not a siting recommendation
886505c581fffff,Hulu Langat,2.8907655881449843,101.8712895002811,1059.8396051819866,1.0,0.9081177520071364,0,0.005685433,0.0044362936,1740,XGBoost (tuned),D,not a siting recommendation
88650542d3fffff,Hulu Langat,3.197862372815876,101.82318164081065,0.0,0.0,0.9081177520071364,0,0.0037979034,0.004878623,3428,XGBoost (tuned),D,not a siting recommendation
88650555c3fffff,Hulu Langat,3.1522446805756483,101.80995639096224,0.0,0.0,0.9081177520071364,0,0.0035459758,0.004770054,3995,XGBoost (tuned),D,not a siting recommendation
8865051835fffff,Hulu Langat,2.9764842925182244,101.77120529755476,3709.438618136953,228.0,0.9081177520071364,0,0.23290566,0.24783488,269,XGBoost (tuned),D,not a siting recommendation
8865055421fffff,Hulu Langat,3.1346477813898748,101.8353501999441,529.9198025909933,1.9,0.9081177520071364,0,0.013738818,0.016089236,1344,XGBoost (tuned),D,not a siting recommendation
8865055087fffff,Hulu Langat,3.1664279213192974,101.9238458353907,0.0,0.0,0.9081177520071364,0,0.0037760949,0.0055331727,3509,XGBoost (tuned),D,not a siting recommendation
8865051aa5fffff,Hulu Langat,2.9308994352564945,101.75799380330632,6888.957433682914,21.3,0.9081177520071364,0,0.07987569,0.043427728,671,XGBoost (tuned),D,not a siting recommendation
88650555ebfffff,Hulu Langat,3.166971015127525,101.820325411949,0.0,0.0,0.9081177520071364,0,0.0037760949,0.004885019,3509,XGBoost (tuned),D,not a siting recommendation
8865055551fffff,Hulu Langat,3.1405740063772924,101.8584137892878,0.0,0.0,0.9081177520071364,0,0.0038543106,0.0056160754,3292,XGBoost (tuned),D,not a siting recommendation
8865051a51fffff,Hulu Langat,2.8729747907462517,101.80215065380158,0.0,0.0,0.9081177520071364,0,0.004641218,0.0036118408,1964,XGBoost (tuned),D,not a siting recommendation
886505c585fffff,Hulu Langat,2.898121833243361,101.8764700968508,1059.8396051819866,1.8,0.9081177520071364,0,0.0068803094,0.005928469,1579,XGBoost (tuned),D,not a siting recommendation
886505cce5fffff,Hulu Langat,3.012055568932189,101.90952887070978,0.0,0.0,0.9081177520071364,0,0.0038216307,0.0058188974,3388,XGBoost (tuned),D,not a siting recommendation
88650552ddfffff,Hulu Langat,3.0782828600750287,101.95617790787588,0.0,0.0,0.9081177520071364,0,0.0039531835,0.005641815,3057,XGBoost (tuned),D,not a siting recommendation
886505562dfffff,Hulu Langat,3.077379133753739,101.87057198299684,0.0,0.0,0.9081177520071364,0,0.0037809089,0.005641815,3474,XGBoost (tuned),D,not a siting recommendation
8865051b53fffff,Hulu Langat,2.925189600272151,101.82947932962976,0.0,0.0,0.9081177520071364,0,0.0057943324,0.0036419912,1723,XGBoost (tuned),D,not a siting recommendation
886505c587fffff,Hulu Langat,2.898835540549968,101.86753778515649,529.9198025909933,5.6,0.9081177520071364,0,0.012589074,0.022484725,1377,XGBoost (tuned),D,not a siting recommendation
886505cedbfffff,Hulu Langat,2.9121204602272948,101.89576375775322,0.0,0.0,0.9081177520071364,0,0.005320549,0.0036419912,1782,XGBoost (tuned),D,not a siting recommendation
886505c5abfffff,Hulu Langat,2.9061920343452403,101.87271849231774,1059.8396051819866,1.8,0.9081177520071364,0,0.008597341,0.005928469,1516,XGBoost (tuned),D,not a siting recommendation
88650542adfffff,Hulu Langat,3.2420466694572307,101.8542950578081,0.0,0.0,0.9081177520071364,0,0.0040147393,0.0037687244,2885,XGBoost (tuned),D,not a siting recommendation
8865055603fffff,Hulu Langat,3.0560147324428475,101.84608492213852,529.9198025909933,2.9,0.9081177520071364,0,0.027623834,0.03997355,1070,XGBoost (tuned),D,not a siting recommendation
8865051a09fffff,Hulu Langat,2.887688928672386,101.81251080132438,0.0,0.0,0.9081177520071364,0,0.004825649,0.0036118408,1880,XGBoost (tuned),D,not a siting recommendation
88650555cbfffff,Hulu Langat,3.144163811869129,101.81371315771148,529.9198025909933,1.4,0.9081177520071364,0,0.012666304,0.0202056,1373,XGBoost (tuned),D,not a siting recommendation
8865055639fffff,Hulu Langat,3.064091714909148,101.84233037508996,0.0,0.0,0.9081177520071364,0,0.0041223727,0.005641815,2673,XGBoost (tuned),D,not a siting recommendation
8865055725fffff,Hulu Langat,3.136982901737955,101.90310654137645,0.0,0.0,0.9081177520071364,0,0.0036821126,0.0056160754,3725,XGBoost (tuned),D,not a siting recommendation
886505ccadfffff,Hulu Langat,3.020846268950122,101.89684255593367,0.0,0.0,0.9081177520071364,0,0.003945011,0.0058188974,3069,XGBoost (tuned),D,not a siting recommendation
886505570bfffff,Hulu Langat,3.099460638468466,101.88612300247677,0.0,0.0,0.9081177520071364,0,0.0041281497,0.005641815,2652,XGBoost (tuned),D,not a siting recommendation
88650550c7fffff,Hulu Langat,3.1495489468997726,101.9402879199231,0.0,0.0,0.9081177520071364,0,0.003854525,0.0056160754,3269,XGBoost (tuned),D,not a siting recommendation
886505ce99fffff,Hulu Langat,2.9282619786827624,101.88826144616256,0.0,0.0,0.9081177520071364,0,0.0058643348,0.0036419912,1698,XGBoost (tuned),D,not a siting recommendation
8865055527fffff,Hulu Langat,3.1942672837206763,101.86788800834805,0.0,0.0,0.9081177520071364,0,0.0038472468,0.005525933,3337,XGBoost (tuned),D,not a siting recommendation
8865055727fffff,Hulu Langat,3.137701226242481,101.89416862382843,0.0,0.0,0.9081177520071364,0,0.0036821126,0.0056160754,3725,XGBoost (tuned),D,not a siting recommendation
8865055645fffff,Hulu Langat,3.045788928854764,101.87664913619764,0.0,0.0,0.9081177520071364,0,0.003945011,0.0057589277,3069,XGBoost (tuned),D,not a siting recommendation
8865055563fffff,Hulu Langat,3.170022511909174,101.87915252958032,0.0,0.0,0.9081177520071364,0,0.0037760949,0.005525933,3509,XGBoost (tuned),D,not a siting recommendation
8865051a03fffff,Hulu Langat,2.896472591382374,101.799822439405,0.0,0.8,0.9081177520071364,0,0.0070106396,0.0042243344,1567,XGBoost (tuned),D,not a siting recommendation
8865051957fffff,Hulu Langat,2.989059575121512,101.80838043282624,6888.957433682914,62.2,0.9081177520071364,1,0.030930942,0.042285487,1039,XGBoost (tuned),D,not a siting recommendation
8865055619fffff,Hulu Langat,3.0412941661377584,101.8357191634018,0.0,0.0,0.9081177520071364,0,0.0037814784,0.0055052103,3460,XGBoost (tuned),D,not a siting recommendation
8865051a65fffff,Hulu Langat,2.9090470849384302,101.83698598322256,2119.679210363973,4.0,0.9081177520071364,0,0.01940818,0.0139612295,1198,XGBoost (tuned),D,not a siting recommendation
8865051a0dfffff,Hulu Langat,2.895046117269064,101.81769108475854,0.0,0.0,0.9081177520071364,0,0.0048215673,0.0036118408,1882,XGBoost (tuned),D,not a siting recommendation
8865051923fffff,Hulu Langat,3.027289622367319,101.81641647379104,1589.75940777298,2.0,0.9081177520071364,0,0.010505545,0.005932638,1444,XGBoost (tuned),D,not a siting recommendation
88650552a7fffff,Hulu Langat,3.1326718717150945,101.9567273693396,0.0,0.0,0.9081177520071364,0,0.0039077383,0.0056160754,3142,XGBoost (tuned),D,not a siting recommendation
88650550e7fffff,Hulu Langat,3.17235078806763,101.9469061544515,0.0,0.0,0.9081177520071364,0,0.0038543106,0.005525933,3292,XGBoost (tuned),D,not a siting recommendation
8865054319fffff,Hulu Langat,3.2524526302685146,101.91831536583466,0.0,0.0,0.9081177520071364,0,0.0037361798,0.005525933,3622,XGBoost (tuned),D,not a siting recommendation
88650554a1fffff,Hulu Langat,3.139671204173128,101.77276294589676,13247.995064774834,108.9,0.9081177520071364,0,0.046852786,0.074246116,891,XGBoost (tuned),D,not a siting recommendation
8865051b63fffff,Hulu Langat,2.9539064415556973,101.85913837394186,0.0,0.4,0.9081177520071364,0,0.0065110615,0.0038399128,1607,XGBoost (tuned),D,not a siting recommendation
886505560dfffff,Hulu Langat,3.054581744945404,101.86395919131016,0.0,0.0,0.9081177520071364,0,0.0039704363,0.0057589277,3013,XGBoost (tuned),D,not a siting recommendation
8865055683fffff,Hulu Langat,3.061028611565121,101.7835150971893,8478.716841455893,30.1,0.9081177520071364,0,0.03625158,0.0521213,982,XGBoost (tuned),D,not a siting recommendation
886505cc37fffff,Hulu Langat,3.0186976025129293,101.92364556346492,0.0,0.0,0.9081177520071364,0,0.003816194,0.0058188974,3411,XGBoost (tuned),D,not a siting recommendation
8865055465fffff,Hulu Langat,3.125132390888669,101.8569843792653,0.0,0.0,0.9081177520071364,0,0.0039077383,0.0056160754,3142,XGBoost (tuned),D,not a siting recommendation
886505cce1fffff,Hulu Langat,3.0046973366800915,101.90434633461096,0.0,0.0,0.9081177520071364,0,0.003970054,0.0058188974,3017,XGBoost (tuned),D,not a siting recommendation
88650519c5fffff,Hulu Langat,2.9992792217844038,101.77781219547572,3709.438618136953,18.6,0.9081177520071364,0,0.21756142,0.045534138,289,XGBoost (tuned),D,not a siting recommendation
8865051995fffff,Hulu Langat,3.0102143987716565,101.73829929730783,7418.877236273906,82.3,0.9081177520071364,0,0.1858188,0.083243825,349,XGBoost (tuned),D,not a siting recommendation
886505542bfffff,Hulu Langat,3.127285546899872,101.83016606021144,1589.75940777298,2.0,0.9081177520071364,0,0.009036512,0.013360175,1492,XGBoost (tuned),D,not a siting recommendation
8865055545fffff,Hulu Langat,3.1538611424888185,101.88666104351,0.0,0.0,0.9081177520071364,0,0.003854525,0.0056160754,3269,XGBoost (tuned),D,not a siting recommendation
886505c595fffff,Hulu Langat,2.892192615185143,101.8534246185392,529.9198025909933,3.2,0.9081177520071364,0,0.011948763,0.007265429,1403,XGBoost (tuned),D,not a siting recommendation
8865055681fffff,Hulu Langat,3.060312493791379,101.79245458148556,1059.8396051819866,51.9,0.9081177520071364,0,0.09502858,0.11243837,590,XGBoost (tuned),D,not a siting recommendation
8865054255fffff,Hulu Langat,3.1994720818684224,101.89989349221304,0.0,0.0,0.9081177520071364,0,0.0036821126,0.005525933,3725,XGBoost (tuned),D,not a siting recommendation
88650519b3fffff,Hulu Langat,3.026367239109789,101.73078295776423,7948.7970388649,60.8,0.9081177520071364,0,0.15612544,0.048905,396,XGBoost (tuned),D,not a siting recommendation
886505cd19fffff,Hulu Langat,3.031263932795396,101.96081168271212,0.0,0.0,0.9081177520071364,0,0.0037814784,0.0057589277,3460,XGBoost (tuned),D,not a siting recommendation
8865055497fffff,Hulu Langat,3.119014856528328,101.73932689468056,21233.88648982107,193.3,0.9081177520071364,1,0.08315262,0.17033175,657,XGBoost (tuned),D,not a siting recommendation
8865051915fffff,Hulu Langat,3.005209249477679,101.80086981009644,2119.679210363973,10.8,0.9081177520071364,0,0.13238488,0.07397009,455,XGBoost (tuned),D,not a siting recommendation
886505cde5fffff,Hulu Langat,3.0635651942386755,101.94581049029888,0.0,0.0,0.9081177520071364,0,0.0041263467,0.0057589277,2655,XGBoost (tuned),D,not a siting recommendation
886505cda1fffff,Hulu Langat,3.0730761571130936,101.92418960731943,0.0,0.0,0.9081177520071364,0,0.0041223727,0.005641815,2673,XGBoost (tuned),D,not a siting recommendation
8865051b59fffff,Hulu Langat,2.916404339423312,101.84216671470604,0.0,0.6,0.9081177520071364,1,0.0064674164,0.0057361936,1612,XGBoost (tuned),D,not a siting recommendation
886505401dfffff,Hulu Langat,3.264860116176301,101.8609111707298,0.0,0.0,0.9081177520071364,0,0.003706145,0.0037687244,3671,XGBoost (tuned),D,not a siting recommendation
8865051925fffff,Hulu Langat,3.033933991985314,101.83053649324924,0.0,0.0,0.9081177520071364,0,0.0037159156,0.0053583635,3668,XGBoost (tuned),D,not a siting recommendation
886505c5a7fffff,Hulu Langat,2.921619428215782,101.87414761137497,1059.8396051819866,1.0,0.9081177520071364,0,0.012134183,0.0044732955,1395,XGBoost (tuned),D,not a siting recommendation
8865051a07fffff,Hulu Langat,2.9038301988318977,101.8050028026388,0.0,0.0,0.9081177520071364,0,0.0040123467,0.0036419912,2908,XGBoost (tuned),D,not a siting recommendation
88650555d1fffff,Hulu Langat,3.145599368647653,101.79583071054807,0.0,0.0,0.9081177520071364,0,0.0035459758,0.0047380216,3995,XGBoost (tuned),D,not a siting recommendation
886505c5b1fffff,Hulu Langat,2.907619652298543,101.85485286690296,529.9198025909933,6.8,0.9081177520071364,0,0.035040945,0.03831172,999,XGBoost (tuned),D,not a siting recommendation
88650555abfffff,Hulu Langat,3.183853313945752,101.8038694634862,0.0,0.0,0.9081177520071364,0,0.0038201695,0.004661907,3396,XGBoost (tuned),D,not a siting recommendation
88650556bbfffff,Hulu Langat,3.069822632657363,101.7708180124532,5299.198025909934,52.9,0.9081177520071364,0,0.072979674,0.11480793,713,XGBoost (tuned),D,not a siting recommendation
886505cc95fffff,Hulu Langat,3.000201701906076,101.86342502422052,0.0,0.0,0.9081177520071364,0,0.003970054,0.0034090052,3017,XGBoost (tuned),D,not a siting recommendation
8865051987fffff,Hulu Langat,3.016860597911801,101.75242076874376,19077.11289327576,76.1,0.9081177520071364,0,0.15270916,0.07418641,403,XGBoost (tuned),D,not a siting recommendation
8865054645fffff,Hulu Langat,3.1639156081384616,101.7614875070879,5299.198025909934,14.9,0.9081177520071364,0,0.13839379,0.17235072,437,XGBoost (tuned),D,not a siting recommendation
88650554b5fffff,Hulu Langat,3.1411059976220166,101.75487806666212,21233.88648982107,212.7,0.9081177520071364,0,0.22838826,0.29427272,275,XGBoost (tuned),D,not a siting recommendation
886505541bfffff,Hulu Langat,3.098554232928952,101.80049095030805,529.9198025909933,9.0,0.9081177520071364,0,0.050321046,0.09714038,863,XGBoost (tuned),D,not a siting recommendation
886505cc31fffff,Hulu Langat,3.010623324777228,101.92739653588887,0.0,0.0,0.9081177520071364,0,0.0038216307,0.0058188974,3388,XGBoost (tuned),D,not a siting recommendation
8865050b4bfffff,Hulu Langat,3.04109078368515,101.74114726232396,3179.51881554596,98.1,0.9081177520071364,0,0.12448908,0.20677182,475,XGBoost (tuned),D,not a siting recommendation
8865051a6dfffff,Hulu Langat,2.900976385892948,101.84073896087644,529.9198025909933,10.2,0.9081177520071364,0,0.032905716,0.07713477,1022,XGBoost (tuned),D,not a siting recommendation
8865051933fffff,Hulu Langat,3.0213603956094084,101.79335825660893,2649.599012954967,5.7,0.9081177520071364,1,0.017667579,0.028143674,1224,XGBoost (tuned),D,not a siting recommendation
8865051969fffff,Hulu Langat,3.001632673334152,101.84555367535717,0.0,0.0,0.9081177520071364,0,0.003970054,0.0034090052,3017,XGBoost (tuned),D,not a siting recommendation
88650550d3fffff,Hulu Langat,3.136264525563503,101.91204414165318,0.0,0.0,0.9081177520071364,0,0.0038543106,0.0056160754,3292,XGBoost (tuned),D,not a siting recommendation
8865054241fffff,Hulu Langat,3.1980330046309517,101.91777198593628,0.0,0.0,0.9081177520071364,0,0.0036821126,0.005525933,3725,XGBoost (tuned),D,not a siting recommendation
8865051b3bfffff,Hulu Langat,2.9567646545229778,101.8233988856726,1589.75940777298,135.4,0.9081177520071364,0,0.03260543,0.036199186,1026,XGBoost (tuned),D,not a siting recommendation
88650554c3fffff,Hulu Langat,3.100704701806302,101.77366923237936,0.0,0.0,0.9081177520071364,0,0.0039895396,0.0046019293,2980,XGBoost (tuned),D,not a siting recommendation
886505576dfffff,Hulu Langat,3.112028120492473,101.92330169330918,0.0,0.0,0.9081177520071364,0,0.0040560556,0.005641815,2786,XGBoost (tuned),D,not a siting recommendation
88650540cdfffff,Hulu Langat,3.2589358757088807,101.83783901841784,0.0,0.0,0.9081177520071364,0,0.0038914885,0.003745618,3184,XGBoost (tuned),D,not a siting recommendation
88650519d5fffff,Hulu Langat,2.993348392748329,101.754753600473,1589.75940777298,10.7,0.9081177520071364,1,0.048355527,0.052466903,880,XGBoost (tuned),D,not a siting recommendation
88650519bbfffff,Hulu Langat,3.018290635821673,101.73454124369457,2649.599012954967,334.0,0.9081177520071364,0,0.07954545,0.04592526,676,XGBoost (tuned),D,not a siting recommendation
88650555c1fffff,Hulu Langat,3.15152670323875,101.81889748818018,0.0,0.0,0.9081177520071364,0,0.003929576,0.00489471,3100,XGBoost (tuned),D,not a siting recommendation
8865051125fffff,Hulu Langat,2.874400248064773,101.78428218985074,0.0,0.0,0.9081177520071364,0,0.0040978524,0.0036118408,2715,XGBoost (tuned),D,not a siting recommendation
8865055761fffff,Hulu Langat,3.1127461275554578,101.91436512733203,0.0,0.0,0.9081177520071364,0,0.003777552,0.005641815,3493,XGBoost (tuned),D,not a siting recommendation
8865055541fffff,Hulu Langat,3.146499397530477,101.8814763716316,0.0,0.0,0.9081177520071364,0,0.0038543106,0.0056160754,3292,XGBoost (tuned),D,not a siting recommendation
886505cea9fffff,Hulu Langat,2.956974555066362,101.91791985635344,0.0,0.0,0.9081177520071364,0,0.0054107476,0.0036419912,1771,XGBoost (tuned),D,not a siting recommendation
8865055665fffff,Hulu Langat,3.068584994134569,101.88326233990442,0.0,0.0,0.9081177520071364,0,0.0037809089,0.005641815,3474,XGBoost (tuned),D,not a siting recommendation
88650519e9fffff,Hulu Langat,3.006639537733981,101.78299407553692,1059.8396051819866,21.2,0.9081177520071364,1,0.21901241,0.05914145,287,XGBoost (tuned),D,not a siting recommendation
886505cc3dfffff,Hulu Langat,3.009907129933428,101.93632989143758,0.0,0.0,0.9081177520071364,0,0.003945011,0.0058188974,3069,XGBoost (tuned),D,not a siting recommendation
886505465dfffff,Hulu Langat,3.149904779969035,101.74217588853244,18547.193090684767,52.2,0.9081177520071364,0,0.12221983,0.23027472,481,XGBoost (tuned),D,not a siting recommendation
8865051b19fffff,Hulu Langat,2.9332614157633223,101.82572565371194,0.0,0.0,0.9081177520071364,0,0.004062479,0.0036419912,2777,XGBoost (tuned),D,not a siting recommendation
886505404bfffff,Hulu Langat,3.2472503891433706,101.8863064840039,0.0,0.0,0.9081177520071364,0,0.0040147393,0.005525933,2885,XGBoost (tuned),D,not a siting recommendation
88650556ebfffff,Hulu Langat,3.058880107336377,101.81033261387805,3709.438618136953,6.2,0.9081177520071364,0,0.035131063,0.035984784,997,XGBoost (tuned),D,not a siting recommendation
8865054313fffff,Hulu Langat,3.261257435663415,101.9056203975406,0.0,0.0,0.9081177520071364,0,0.0037361798,0.005525933,3622,XGBoost (tuned),D,not a siting recommendation
8865051861fffff,Hulu Langat,2.958193475252248,101.80552726076132,1059.8396051819866,22.4,0.9081177520071364,0,0.10175374,0.02587385,565,XGBoost (tuned),D,not a siting recommendation
886505cea5fffff,Hulu Langat,2.972403912662508,101.9193510923504,0.0,0.0,0.9081177520071364,0,0.0041376958,0.0036419912,2645,XGBoost (tuned),D,not a siting recommendation
8865055523fffff,Hulu Langat,3.186904334688534,101.86270278243174,0.0,0.0,0.9081177520071364,0,0.0040147393,0.005525933,2885,XGBoost (tuned),D,not a siting recommendation
88650552b7fffff,Hulu Langat,3.1267486980912373,101.933670449567,0.0,0.0,0.9081177520071364,0,0.0037338429,0.0056160754,3639,XGBoost (tuned),D,not a siting recommendation
886505528bfffff,Hulu Langat,3.094436673110504,101.9486763564644,0.0,0.0,0.9081177520071364,0,0.0037338429,0.005641815,3639,XGBoost (tuned),D,not a siting recommendation
88650556bdfffff,Hulu Langat,3.076468283253515,101.78494113992208,2119.679210363973,9.3,0.9081177520071364,0,0.0844084,0.0695846,651,XGBoost (tuned),D,not a siting recommendation
88650542c3fffff,Hulu Langat,3.203788034810571,101.84625041065183,0.0,0.0,0.9081177520071364,0,0.0036821126,0.005525933,3725,XGBoost (tuned),D,not a siting recommendation
8865054243fffff,Hulu Langat,3.198752569821362,101.90883289790432,0.0,0.0,0.9081177520071364,0,0.0038472468,0.005525933,3337,XGBoost (tuned),D,not a siting recommendation
886505421bfffff,Hulu Langat,3.201630298554842,101.87307337336698,0.0,0.0,0.9081177520071364,0,0.0036960563,0.005525933,3682,XGBoost (tuned),D,not a siting recommendation
88650542bdfffff,Hulu Langat,3.2361218573275363,101.83122409865403,0.0,0.0,0.9081177520071364,0,0.0038009502,0.0037228686,3424,XGBoost (tuned),D,not a siting recommendation
8865051955fffff,Hulu Langat,2.988344602030519,101.8173171467696,1059.8396051819866,6.4,0.9081177520071364,0,0.08777027,0.09224634,628,XGBoost (tuned),D,not a siting recommendation
886505cce9fffff,Hulu Langat,2.996623425011783,101.90809787401332,0.0,0.0,0.9081177520071364,0,0.0040429556,0.0058188974,2810,XGBoost (tuned),D,not a siting recommendation
886505cc1bfffff,Hulu Langat,2.9804767126040725,101.9156002528934,0.0,0.0,0.9081177520071364,0,0.005131837,0.007201618,1802,XGBoost (tuned),D,not a siting recommendation
88650556c7fffff,Hulu Langat,3.0515191003086435,101.80514978301964,7418.877236273906,90.6,0.9081177520071364,0,0.061802123,0.09830875,785,XGBoost (tuned),D,not a siting recommendation
886505c5e7fffff,Hulu Langat,2.9047642315443616,101.8905828561261,0.0,0.0,0.9081177520071364,0,0.005606957,0.0036419912,1750,XGBoost (tuned),D,not a siting recommendation
886505198dfffff,Hulu Langat,3.00806962974384,101.76511709545495,20136.952498457747,89.9,0.9081177520071364,0,0.05018523,0.055243034,866,XGBoost (tuned),D,not a siting recommendation
88650519d9fffff,Hulu Langat,2.9779131209560856,101.7533291883746,3179.51881554596,36.6,0.9081177520071364,0,0.28588718,0.11170662,211,XGBoost (tuned),D,not a siting recommendation
88650542d1fffff,Hulu Langat,3.197143461806333,101.8321235432608,0.0,0.0,0.9081177520071364,0,0.0037760949,0.005211837,3509,XGBoost (tuned),D,not a siting recommendation
886505194dfffff,Hulu Langat,2.986199392236758,101.84412540917492,0.0,0.0,0.9081177520071364,0,0.00439031,0.0034299428,2276,XGBoost (tuned),D,not a siting recommendation
8865051b07fffff,Hulu Langat,2.9553356431350477,101.84126925784769,529.9198025909933,17.2,0.9081177520071364,0,0.11658472,0.18611304,496,XGBoost (tuned),D,not a siting recommendation
886505cd9bfffff,Hulu Langat,3.03699667713601,101.8893378441625,0.0,0.0,0.9081177520071364,0,0.004157622,0.0057589277,2617,XGBoost (tuned),D,not a siting recommendation
88650554d9fffff,Hulu Langat,3.0859796338813617,101.76330273678867,6359.03763109192,66.1,0.9081177520071364,0,0.09175303,0.123754695,604,XGBoost (tuned),D,not a siting recommendation
88650555ddfffff,Hulu Langat,3.144881616418848,101.80477209046316,0.0,0.0,0.9081177520071364,0,0.0037851485,0.0047380216,3445,XGBoost (tuned),D,not a siting recommendation
8865054015fffff,Hulu Langat,3.272945304369587,101.8571547954569,0.0,0.0,0.9081177520071364,0,0.003913593,0.003819785,3125,XGBoost (tuned),D,not a siting recommendation
8865055711fffff,Hulu Langat,3.100895600484948,101.86824776173744,0.0,0.0,0.9081177520071364,0,0.00399239,0.005641815,2977,XGBoost (tuned),D,not a siting recommendation
886505573dfffff,Hulu Langat,3.122978770501012,101.88379986257308,0.0,0.0,0.9081177520071364,0,0.0037338429,0.0056160754,3639,XGBoost (tuned),D,not a siting recommendation
88650554a5fffff,Hulu Langat,3.147034715905885,101.77794701439409,11658.235657001853,70.6,0.9081177520071364,0,0.071297266,0.07704209,729,XGBoost (tuned),D,not a siting recommendation
8865051a67fffff,Hulu Langat,2.9097607316202843,101.82805207057714,0.0,0.0,0.9081177520071364,0,0.0055447663,0.0036419912,1759,XGBoost (tuned),D,not a siting recommendation
8865054051fffff,Hulu Langat,3.2486908148834512,101.868423221036,0.0,0.0,0.9081177520071364,0,0.0040147393,0.0037687244,2885,XGBoost (tuned),D,not a siting recommendation
886505554bfffff,Hulu Langat,3.139137720004942,101.87629183859126,0.0,0.0,0.9081177520071364,0,0.0038543106,0.0056160754,3292,XGBoost (tuned),D,not a siting recommendation
8865051821fffff,Hulu Langat,2.975055270547065,101.78908016365712,7418.877236273906,380.3,0.9081177520071364,0,0.068635546,0.13478005,752,XGBoost (tuned),D,not a siting recommendation
8865055281fffff,Hulu Langat,3.101796094347298,101.95386049509656,0.0,0.0,0.9081177520071364,0,0.004009701,0.005641815,2918,XGBoost (tuned),D,not a siting recommendation
88650556a7fffff,Hulu Langat,3.091192177836719,101.79530753994086,529.9198025909933,3.5,0.9081177520071364,0,0.075886264,0.10394634,696,XGBoost (tuned),D,not a siting recommendation
886505cdc9fffff,Hulu Langat,3.025339312454153,101.93776212970404,0.0,0.0,0.9081177520071364,0,0.004157622,0.0057589277,2617,XGBoost (tuned),D,not a siting recommendation
8865055657fffff,Hulu Langat,3.040578041777476,101.84465639744457,0.0,0.0,0.9081177520071364,0,0.004157622,0.0057589277,2617,XGBoost (tuned),D,not a siting recommendation
886505cd31fffff,Hulu Langat,3.06213051760836,101.96367852448589,0.0,0.0,0.9081177520071364,0,0.0040067732,0.0057589277,2936,XGBoost (tuned),D,not a siting recommendation
88650552bbfffff,Hulu Langat,3.1113100624596424,101.93223794111572,0.0,0.0,0.9081177520071364,0,0.0037338429,0.005641815,3639,XGBoost (tuned),D,not a siting recommendation
8865050a6dfffff,Hulu Langat,3.0190055804537805,101.72560101727429,1589.75940777298,4.7,0.9081177520071364,0,0.020389743,0.020506151,1182,XGBoost (tuned),D,not a siting recommendation
8865054351fffff,Hulu Langat,3.243648373346183,101.9310090919377,0.0,0.0,0.9081177520071364,0,0.0036821126,0.005525933,3725,XGBoost (tuned),D,not a siting recommendation
8865051827fffff,Hulu Langat,2.9831295525087134,101.78532440682656,11658.235657001853,48.6,0.9081177520071364,0,0.08593138,0.04725861,639,XGBoost (tuned),D,not a siting recommendation
88650550b3fffff,Hulu Langat,3.175946777729349,101.90221589138024,0.0,0.0,0.9081177520071364,0,0.003854525,0.005525933,3269,XGBoost (tuned),D,not a siting recommendation
8865051b13fffff,Hulu Langat,2.94204774324534,101.8130364614142,0.0,0.0,0.9081177520071364,0,0.004195455,0.0036419912,2556,XGBoost (tuned),D,not a siting recommendation
886505cdcdfffff,Hulu Langat,3.032697413077125,101.9429451333626,0.0,0.0,0.9081177520071364,0,0.0037636184,0.0057589277,3531,XGBoost (tuned),D,not a siting recommendation
886505182bfffff,Hulu Langat,2.967695770676987,101.78389875259836,12718.07526218384,88.7,0.9081177520071364,0,0.07969305,0.09098906,675,XGBoost (tuned),D,not a siting recommendation
8865055461fffff,Hulu Langat,3.1177707448749112,101.85180029182506,0.0,0.0,0.9081177520071364,0,0.003777552,0.0056160754,3493,XGBoost (tuned),D,not a siting recommendation
88650554a3fffff,Hulu Langat,3.1403886270987926,101.76382066164538,21233.88648982107,128.1,0.9081177520071364,0,0.18708766,0.23496643,347,XGBoost (tuned),D,not a siting recommendation
88650552d5fffff,Hulu Langat,3.086359582971543,101.95242724901516,0.0,0.0,0.9081177520071364,0,0.0037809089,0.005641815,3474,XGBoost (tuned),D,not a siting recommendation
88650554c1fffff,Hulu Langat,3.0999879301598257,101.78261011670132,0.0,0.0,0.9081177520071364,0,0.0035958008,0.004669285,3847,XGBoost (tuned),D,not a siting recommendation
8865051b23fffff,Hulu Langat,2.970767048109598,101.84269727001012,529.9198025909933,5.9,0.9081177520071364,0,0.04500542,0.042044256,911,XGBoost (tuned),D,not a siting recommendation
8865055531fffff,Hulu Langat,3.180260228198147,101.8485771092497,0.0,0.0,0.9081177520071364,0,0.0038543106,0.005525933,3292,XGBoost (tuned),D,not a siting recommendation
886505552bfffff,Hulu Langat,3.178822622648217,101.86645796693293,0.0,0.0,0.9081177520071364,0,0.0036821126,0.005525933,3725,XGBoost (tuned),D,not a siting recommendation
8865051931fffff,Hulu Langat,3.0206449342974198,101.80229634078373,1059.8396051819866,1.4,0.9081177520071364,0,0.010014095,0.0044009024,1460,XGBoost (tuned),D,not a siting recommendation
8865051a47fffff,Hulu Langat,2.8869757921763117,101.82144462531193,0.0,0.0,0.9081177520071364,0,0.004855403,0.0036118408,1873,XGBoost (tuned),D,not a siting recommendation
88650552a3fffff,Hulu Langat,3.1253118321972084,101.95154273198062,0.0,0.0,0.9081177520071364,0,0.0037338429,0.0056160754,3639,XGBoost (tuned),D,not a siting recommendation
8865055685fffff,Hulu Langat,3.0676739167851537,101.79763749192038,529.9198025909933,1.2000000000000002,0.9081177520071364,0,0.007821933,0.010852716,1536,XGBoost (tuned),D,not a siting recommendation
8865055429fffff,Hulu Langat,3.1265678799253847,101.8391058142814,0.0,0.0,0.9081177520071364,0,0.0038856668,0.005368618,3190,XGBoost (tuned),D,not a siting recommendation
8865054265fffff,Hulu Langat,3.2282024753504,101.92957618586216,0.0,0.0,0.9081177520071364,0,0.003825541,0.005525933,3366,XGBoost (tuned),D,not a siting recommendation
886505183dfffff,Hulu Langat,2.9684101356734534,101.77496150593704,1589.75940777298,177.4,0.9081177520071364,0,0.30449057,0.3299891,192,XGBoost (tuned),D,not a siting recommendation
8865055567fffff,Hulu Langat,3.177384805667009,101.88433756209244,0.0,0.0,0.9081177520071364,0,0.0040147393,0.005525933,2885,XGBoost (tuned),D,not a siting recommendation
886505cc9dfffff,Hulu Langat,2.992127540075333,101.8671780504706,529.9198025909933,7.7,0.9081177520071364,0,0.034879178,0.020372184,1001,XGBoost (tuned),D,not a siting recommendation
8865051945fffff,Hulu Langat,2.994273554624311,101.84037158566616,0.0,0.0,0.9081177520071364,0,0.0042379457,0.0034299428,2491,XGBoost (tuned),D,not a siting recommendation
8865051911fffff,Hulu Langat,2.997849274822426,101.79568786885382,7418.877236273906,29.9,0.9081177520071364,0,0.04880137,0.057991285,874,XGBoost (tuned),D,not a siting recommendation
8865050b4dfffff,Hulu Langat,3.047737043640117,101.75526998067627,9008.636644046886,30.3,0.9081177520071364,1,0.21005338,0.16300072,307,XGBoost (tuned),D,not a siting recommendation
8865055721fffff,Hulu Langat,3.129621814061887,101.89792206385732,0.0,0.0,0.9081177520071364,0,0.0039077383,0.0056160754,3142,XGBoost (tuned),D,not a siting recommendation
8865054283fffff,Hulu Langat,3.220673605472569,101.82979541632622,0.0,0.0,0.9081177520071364,0,0.0038082097,0.0036667837,3421,XGBoost (tuned),D,not a siting recommendation
8865055503fffff,Hulu Langat,3.1640974051797737,101.85608815397129,0.0,0.9,0.9081177520071364,0,0.0047828155,0.008177833,1895,XGBoost (tuned),D,not a siting recommendation
8865054047fffff,Hulu Langat,3.26269867231914,101.88773765677324,0.0,0.0,0.9081177520071364,0,0.003913593,0.0037687244,3125,XGBoost (tuned),D,not a siting recommendation
886505cc33fffff,Hulu Langat,3.011339471129717,101.9184628621738,0.0,0.0,0.9081177520071364,0,0.00385675,0.0058188974,3259,XGBoost (tuned),D,not a siting recommendation
886505564bfffff,Hulu Langat,3.031069885876561,101.8662834264084,529.9198025909933,3.9,0.9081177520071364,0,0.044944208,0.07242461,912,XGBoost (tuned),D,not a siting recommendation
886505c5d7fffff,Hulu Langat,2.8760533326751467,101.86092872359112,0.0,0.0,0.9081177520071364,0,0.004918418,0.0036118408,1858,XGBoost (tuned),D,not a siting recommendation
8865051a1dfffff,Hulu Langat,2.889115063490084,101.79464221614305,1059.8396051819866,12.7,0.9081177520071364,0,0.050384663,0.03330209,862,XGBoost (tuned),D,not a siting recommendation
886505ccdbfffff,Hulu Langat,2.9686222892400167,101.8695015882567,1589.75940777298,3.5,0.9081177520071364,0,0.024939472,0.0097037,1108,XGBoost (tuned),D,not a siting recommendation
886505ce9bfffff,Hulu Langat,2.928976324473013,101.87932870670444,0.0,0.0,0.9081177520071364,0,0.004410773,0.0036419912,2257,XGBoost (tuned),D,not a siting recommendation
886505ccbbfffff,Hulu Langat,3.008276232983988,101.8596717649214,0.0,0.0,0.9081177520071364,0,0.003970054,0.0058188974,3017,XGBoost (tuned),D,not a siting recommendation
886505421dfffff,Hulu Langat,3.208273851801783,101.88719926157972,0.0,0.0,0.9081177520071364,0,0.0036960563,0.005525933,3682,XGBoost (tuned),D,not a siting recommendation
8865051b5bfffff,Hulu Langat,2.917118156530987,101.83323277280348,0.0,0.0,0.9081177520071364,0,0.006093564,0.0036419912,1658,XGBoost (tuned),D,not a siting recommendation
88650542e5fffff,Hulu Langat,3.233242839726171,101.86699292050945,0.0,0.0,0.9081177520071364,0,0.0038790097,0.005525933,3206,XGBoost (tuned),D,not a siting recommendation
886505550dfffff,Hulu Langat,3.1626602846780854,101.87396763596443,0.0,0.4,0.9081177520071364,0,0.004067118,0.0065231915,2769,XGBoost (tuned),D,not a siting recommendation
8865055537fffff,Hulu Langat,3.188342182201666,101.84482123705756,0.0,0.0,0.9081177520071364,0,0.0038543106,0.005525933,3292,XGBoost (tuned),D,not a siting recommendation
886505c5e3fffff,Hulu Langat,2.8974080799376227,101.88540209298309,0.0,0.4,0.9081177520071364,0,0.0058003454,0.004429919,1715,XGBoost (tuned),D,not a siting recommendation
88650555d5fffff,Hulu Langat,3.152962605436733,101.80101498081967,0.0,0.0,0.9081177520071364,0,0.0038201695,0.0047380216,3396,XGBoost (tuned),D,not a siting recommendation
8865055651fffff,Hulu Langat,3.0325020377061063,101.84841058883477,0.0,0.0,0.9081177520071364,0,0.0037636184,0.0057589277,3531,XGBoost (tuned),D,not a siting recommendation
886505cc8dfffff,Hulu Langat,2.9980548809033905,101.89022968287657,0.0,0.0,0.9081177520071364,0,0.004235103,0.0058188974,2508,XGBoost (tuned),D,not a siting recommendation
8865055601fffff,Hulu Langat,3.0552982636493287,101.85502221415288,0.0,0.4,0.9081177520071364,0,0.0053516254,0.008237792,1776,XGBoost (tuned),D,not a siting recommendation
88650518e5fffff,Hulu Langat,2.970552941409529,101.74814790204358,1059.8396051819866,46.8,0.9081177520071364,0,0.24384753,0.082952805,254,XGBoost (tuned),D,not a siting recommendation
886505ce93fffff,Hulu Langat,2.9370477675779454,101.87557685746792,0.0,0.6,0.9081177520071364,0,0.013773597,0.005850781,1343,XGBoost (tuned),D,not a siting recommendation
886505ced3fffff,Hulu Langat,2.920191032930383,101.89201271850916,0.0,0.0,0.9081177520071364,0,0.0039417674,0.0036419912,3079,XGBoost (tuned),D,not a siting recommendation
8865051a13fffff,Hulu Langat,2.8905410136878182,101.77677238414093,2119.679210363973,6.3,0.9081177520071364,0,0.029009333,0.029753245,1054,XGBoost (tuned),D,not a siting recommendation
8865055083fffff,Hulu Langat,3.159066566938557,101.91866080445524,0.0,0.0,0.9081177520071364,0,0.003854525,0.0055850265,3269,XGBoost (tuned),D,not a siting recommendation
886505ce9dfffff,Hulu Langat,2.9356187797060485,101.89344270796724,0.0,0.0,0.9081177520071364,0,0.004062479,0.0036419912,2777,XGBoost (tuned),D,not a siting recommendation
88650556b9fffff,Hulu Langat,3.069106444608353,101.7797581504287,5829.117828500926,77.1,0.9081177520071364,0,0.18387859,0.1536988,353,XGBoost (tuned),D,not a siting recommendation
8865055717fffff,Hulu Langat,3.108974165987894,101.8644935341194,0.0,0.0,0.9081177520071364,0,0.004009701,0.005641815,2918,XGBoost (tuned),D,not a siting recommendation
886505ced1fffff,Hulu Langat,2.919476765564551,101.9009447977852,0.0,0.0,0.9081177520071364,0,0.005804879,0.0036419912,1714,XGBoost (tuned),D,not a siting recommendation
886505c5a5fffff,Hulu Langat,2.9209052538335607,101.88308032289994,0.0,0.0,0.9081177520071364,0,0.0054218625,0.0036419912,1770,XGBoost (tuned),D,not a siting recommendation
886505ccb9fffff,Hulu Langat,3.00756055098369,101.86860731050146,1589.75940777298,3.9,0.9081177520071364,0,0.036809284,0.051529355,976,XGBoost (tuned),D,not a siting recommendation
88650554b7fffff,Hulu Langat,3.141823315683694,101.74593516136652,6359.03763109192,42.8,0.9081177520071364,0,0.35310993,0.417039,155,XGBoost (tuned),D,not a siting recommendation
8865054287fffff,Hulu Langat,3.228037862338579,101.83498102647218,0.0,0.0,0.9081177520071364,0,0.0038571,0.0037228686,3253,XGBoost (tuned),D,not a siting recommendation
88650554e7fffff,Hulu Langat,3.130873103969498,101.78546259083372,5299.198025909934,17.2,0.9081177520071364,0,0.045093317,0.073880285,910,XGBoost (tuned),D,not a siting recommendation
88650519a3fffff,Hulu Langat,3.032298354760018,101.75384531128664,1059.8396051819866,29.7,0.9081177520071364,0,0.1016461,0.045804996,566,XGBoost (tuned),D,not a siting recommendation
88650550cdfffff,Hulu Langat,3.140750786350308,101.9529761107832,0.0,0.0,0.9081177520071364,0,0.0038543106,0.0056160754,3292,XGBoost (tuned),D,not a siting recommendation
886505404dfffff,Hulu Langat,3.2538937338345257,101.9004339497898,0.0,0.0,0.9081177520071364,0,0.0036821126,0.005525933,3725,XGBoost (tuned),D,not a siting recommendation
88650550dbfffff,Hulu Langat,3.1281853588706365,101.91579689241168,0.0,0.0,0.9081177520071364,0,0.0038951833,0.0056160754,3176,XGBoost (tuned),D,not a siting recommendation
88650552d1fffff,Hulu Langat,3.079000472553965,101.9472433597204,0.0,0.0,0.9081177520071364,0,0.0037338429,0.005641815,3639,XGBoost (tuned),D,not a siting recommendation
8865055693fffff,Hulu Langat,3.055098832764417,101.760452517206,12188.155459592846,112.8,0.9081177520071364,0,0.054474425,0.055525802,832,XGBoost (tuned),D,not a siting recommendation
88650550cbfffff,Hulu Langat,3.134109087612795,101.93885503467584,0.0,0.0,0.9081177520071364,0,0.0038951833,0.0056160754,3176,XGBoost (tuned),D,not a siting recommendation
886505422bfffff,Hulu Langat,3.23036295527085,101.90275669019816,0.0,0.0,0.9081177520071364,0,0.0040147393,0.005525933,2885,XGBoost (tuned),D,not a siting recommendation
8865055013fffff,Hulu Langat,3.148111133329373,101.9581609975316,0.0,0.0,0.9081177520071364,0,0.0036821126,0.0056160754,3725,XGBoost (tuned),D,not a siting recommendation
886505186dfffff,Hulu Langat,2.957479088749147,101.81446322959988,1059.8396051819866,50.0,0.9081177520071364,0,0.025267165,0.018888513,1103,XGBoost (tuned),D,not a siting recommendation
886505ccd3fffff,Hulu Langat,2.976695464920063,101.8657489175142,1589.75940777298,3.5,0.9081177520071364,0,0.02594123,0.009572446,1090,XGBoost (tuned),D,not a siting recommendation
8865055495fffff,Hulu Langat,3.118298000404533,101.7482693945554,14837.754472547813,135.5,0.9081177520071364,0,0.063065976,0.074537635,780,XGBoost (tuned),D,not a siting recommendation
8865051b43fffff,Hulu Langat,2.9311190812076555,101.85252859546848,2649.599012954967,25.4,0.9081177520071364,0,0.26204398,0.39046034,236,XGBoost (tuned),D,not a siting recommendation
886505cc93fffff,Hulu Langat,2.9935582648600247,101.84930738854425,0.0,0.0,0.9081177520071364,0,0.0043394845,0.0034299428,2341,XGBoost (tuned),D,not a siting recommendation
8865051a61fffff,Hulu Langat,2.9016899086210235,101.83180539110964,1589.75940777298,13.2,0.9081177520071364,0,0.030353753,0.033199884,1044,XGBoost (tuned),D,not a siting recommendation
8865055613fffff,Hulu Langat,3.0500868565674177,101.82302650472748,0.0,0.0,0.9081177520071364,0,0.004182689,0.0050844634,2585,XGBoost (tuned),D,not a siting recommendation
8865055199fffff,Hulu Langat,3.19587399079437,101.94458733989454,0.0,0.0,0.9081177520071364,0,0.0040147393,0.005525933,2885,XGBoost (tuned),D,not a siting recommendation
88650555e3fffff,Hulu Langat,3.175052728525244,101.81656863234174,0.0,0.0,0.9081177520071364,0,0.0035459758,0.00481609,3995,XGBoost (tuned),D,not a siting recommendation
8865051b57fffff,Hulu Langat,2.9325473512507374,101.83466028143664,0.0,0.6,0.9081177520071364,0,0.0067315055,0.005850781,1591,XGBoost (tuned),D,not a siting recommendation
8865055701fffff,Hulu Langat,3.1068212790914616,101.89130695318588,0.0,0.0,0.9081177520071364,0,0.004009701,0.005641815,2918,XGBoost (tuned),D,not a siting recommendation
88650556e3fffff,Hulu Langat,3.066957577128621,101.80657669459866,0.0,0.0,0.9081177520071364,0,0.0038822538,0.004759756,3197,XGBoost (tuned),D,not a siting recommendation
8865051b4bfffff,Hulu Langat,2.923047637184155,101.85628124224787,2649.599012954967,25.1,0.9081177520071364,0,0.11684261,0.12432445,494,XGBoost (tuned),D,not a siting recommendation
8865054235fffff,Hulu Langat,3.23916651838771,101.89006147021496,0.0,0.0,0.9081177520071364,0,0.0040147393,0.005525933,2885,XGBoost (tuned),D,not a siting recommendation
8865055553fffff,Hulu Langat,3.141292071644192,101.84947429165727,0.0,0.0,0.9081177520071364,0,0.003726009,0.0056160754,3655,XGBoost (tuned),D,not a siting recommendation
8865055729fffff,Hulu Langat,3.1215427663773503,101.90167527045205,0.0,0.0,0.9081177520071364,0,0.0039077383,0.0056160754,3142,XGBoost (tuned),D,not a siting recommendation
8865051a39fffff,Hulu Langat,2.9045435360504848,101.79606798148512,3179.51881554596,7.1,0.9081177520071364,0,0.022333212,0.036341354,1151,XGBoost (tuned),D,not a siting recommendation
886505566dfffff,Hulu Langat,3.060508258463667,101.88701540131748,0.0,0.0,0.9081177520071364,0,0.003797234,0.0057589277,3432,XGBoost (tuned),D,not a siting recommendation
88650542e3fffff,Hulu Langat,3.2265987022783573,101.85286537984892,0.0,0.0,0.9081177520071364,0,0.0038790097,0.005525933,3206,XGBoost (tuned),D,not a siting recommendation
886505429dfffff,Hulu Langat,3.213309414228772,101.82460994593386,0.0,0.0,0.9081177520071364,0,0.0037851485,0.0036667837,3445,XGBoost (tuned),D,not a siting recommendation
88650550c5fffff,Hulu Langat,3.148830065985444,101.94922461845624,0.0,0.0,0.9081177520071364,0,0.0038543106,0.0056160754,3292,XGBoost (tuned),D,not a siting recommendation
88650555a1fffff,Hulu Langat,3.1912172384657493,101.80905437407132,0.0,0.0,0.9081177520071364,0,0.0038201695,0.0036667837,3396,XGBoost (tuned),D,not a siting recommendation
886505400bfffff,Hulu Langat,3.26413968978705,101.86985364883822,0.0,0.0,0.9081177520071364,0,0.0037361798,0.0037687244,3622,XGBoost (tuned),D,not a siting recommendation
88650519adfffff,Hulu Langat,3.0308675365803794,101.77172434286544,1059.8396051819866,33.8,0.9081177520071364,1,0.37908843,0.18215317,136,XGBoost (tuned),D,not a siting recommendation
88650542b5fffff,Hulu Langat,3.2442062112193435,101.82746693764108,0.0,0.0,0.9081177520071364,0,0.0037361798,0.0036986754,3622,XGBoost (tuned),D,not a siting recommendation
8865054019fffff,Hulu Langat,3.257495537553168,101.8557248630057,0.0,0.0,0.9081177520071364,0,0.0037361798,0.0037687244,3622,XGBoost (tuned),D,not a siting recommendation
886505570dfffff,Hulu Langat,3.1061035480618995,101.90024412678024,0.0,0.0,0.9081177520071364,0,0.0040560556,0.005641815,2786,XGBoost (tuned),D,not a siting recommendation
88650542e9fffff,Hulu Langat,3.2177957665112267,101.86556274724336,0.0,0.0,0.9081177520071364,0,0.0040147393,0.005525933,2885,XGBoost (tuned),D,not a siting recommendation
88650556b7fffff,Hulu Langat,3.085263205080477,101.77224355895136,5829.117828500926,37.9,0.9081177520071364,0,0.15934934,0.13963574,389,XGBoost (tuned),D,not a siting recommendation
886505543bfffff,Hulu Langat,3.121358215147376,101.80710167048362,4769.27822331894,25.5,0.9081177520071364,0,0.03155714,0.037349742,1035,XGBoost (tuned),D,not a siting recommendation
8865054231fffff,Hulu Langat,3.2318030056169507,101.88487543854971,0.0,0.0,0.9081177520071364,0,0.003825541,0.005525933,3366,XGBoost (tuned),D,not a siting recommendation
88650519b9fffff,Hulu Langat,3.017575641621486,101.7434811609908,2649.599012954967,120.9,0.9081177520071364,0,0.10300527,0.041455053,560,XGBoost (tuned),D,not a siting recommendation
886505ceb9fffff,Hulu Langat,2.95104746969209,101.89487282451556,0.0,0.0,0.9081177520071364,0,0.0058307545,0.0036419912,1701,XGBoost (tuned),D,not a siting recommendation
886505ccddfffff,Hulu Langat,2.9752651386898954,101.88361757442144,0.0,0.0,0.9081177520071364,0,0.005796805,0.0036419912,1719,XGBoost (tuned),D,not a siting recommendation
8865051851fffff,Hulu Langat,2.9294722593660527,101.77586705363248,529.9198025909933,13.5,0.9081177520071364,0,0.11522871,0.061112124,503,XGBoost (tuned),D,not a siting recommendation
8865051b0dfffff,Hulu Langat,2.946548631228107,101.85395697531033,0.0,0.9,0.9081177520071364,0,0.006500407,0.004486678,1608,XGBoost (tuned),D,not a siting recommendation
886505405dfffff,Hulu Langat,3.247970629257263,101.87736501065808,0.0,0.0,0.9081177520071364,0,0.0040147393,0.005525933,2885,XGBoost (tuned),D,not a siting recommendation
88650550adfffff,Hulu Langat,3.180431400682052,101.94315407251727,0.0,0.0,0.9081177520071364,0,0.003854525,0.005525933,3269,XGBoost (tuned),D,not a siting recommendation
88650556d1fffff,Hulu Langat,3.037513010317574,101.78584577244892,11658.235657001853,89.2,0.9081177520071364,0,0.069571406,0.057011165,744,XGBoost (tuned),D,not a siting recommendation
8865051959fffff,Hulu Langat,2.97291137573816,101.81589012471328,3709.438618136953,6.8,0.9081177520071364,0,0.036322072,0.019988341,980,XGBoost (tuned),D,not a siting recommendation
886505ccc3fffff,Hulu Langat,2.982623077690086,101.88879955667946,0.0,0.0,0.9081177520071364,0,0.0038216307,0.0036419912,3388,XGBoost (tuned),D,not a siting recommendation
88650518edfffff,Hulu Langat,2.9624787888166275,101.7519049030798,3179.51881554596,71.0,0.9081177520071364,1,0.41343608,0.4274639,116,XGBoost (tuned),D,not a siting recommendation
886505ccb3fffff,Hulu Langat,3.016351132909667,101.8559182725837,0.0,0.0,0.9081177520071364,0,0.003945011,0.0058188974,3069,XGBoost (tuned),D,not a siting recommendation
8865051a31fffff,Hulu Langat,2.912614852735474,101.79231329104648,0.0,0.8,0.9081177520071364,0,0.00710918,0.0042243344,1561,XGBoost (tuned),D,not a siting recommendation
886505548dfffff,Hulu Langat,3.116147120645824,101.77509503275236,1059.8396051819866,12.2,0.9081177520071364,0,0.08133989,0.109414585,664,XGBoost (tuned),D,not a siting recommendation
8865054057fffff,Hulu Langat,3.2567752862134585,101.864667312593,0.0,0.0,0.9081177520071364,0,0.0037361798,0.0037687244,3622,XGBoost (tuned),D,not a siting recommendation
8865055439fffff,Hulu Langat,3.120640824332727,101.81604202189057,2649.599012954967,5.8,0.9081177520071364,0,0.027927067,0.043665886,1066,XGBoost (tuned),D,not a siting recommendation
886505cc89fffff,Hulu Langat,2.990696622006346,101.8850474511708,0.0,0.0,0.9081177520071364,0,0.0039450675,0.0034299428,3066,XGBoost (tuned),D,not a siting recommendation
8865055569fffff,Hulu Langat,3.1612229544568557,101.89184585414714,0.0,0.0,0.9081177520071364,0,0.0038543106,0.0055331727,3292,XGBoost (tuned),D,not a siting recommendation
8865051909fffff,Hulu Langat,2.9957039886039087,101.82249903817068,3709.438618136953,5.4,0.9081177520071364,0,0.030107502,0.019890198,1047,XGBoost (tuned),D,not a siting recommendation
886505ceb7fffff,Hulu Langat,2.9671922111950257,101.8873695575984,0.0,0.0,0.9081177520071364,0,0.005796805,0.0036419912,1719,XGBoost (tuned),D,not a siting recommendation
8865051907fffff,Hulu Langat,3.0118539105996893,101.81498932060498,3179.51881554596,8.5,0.9081177520071364,0,0.05012454,0.037882015,867,XGBoost (tuned),D,not a siting recommendation
886505551bfffff,Hulu Langat,3.1500905913742936,101.83677874216642,1059.8396051819866,1.9,0.9081177520071364,0,0.0098361885,0.018147074,1466,XGBoost (tuned),D,not a siting recommendation
8865055413fffff,Hulu Langat,3.106633405582079,101.79673420964176,0.0,0.8,0.9081177520071364,0,0.0041329516,0.0053866445,2649,XGBoost (tuned),D,not a siting recommendation
886505c591fffff,Hulu Langat,2.8848361070365494,101.8482442178464,0.0,0.4,0.9081177520071364,0,0.004099863,0.00380813,2714,XGBoost (tuned),D,not a siting recommendation
8865055089fffff,Hulu Langat,3.1502677760130613,101.93135090234992,0.0,0.0,0.9081177520071364,0,0.0037760949,0.0056160754,3509,XGBoost (tuned),D,not a siting recommendation
8865055501fffff,Hulu Langat,3.163378871173516,101.86502805273491,0.0,0.0,0.9081177520071364,0,0.0040147393,0.0055331727,2885,XGBoost (tuned),D,not a siting recommendation
8865051919fffff,Hulu Langat,2.9897744996948323,101.79944340634272,2649.599012954967,98.0,0.9081177520071364,0,0.09837272,0.10451797,581,XGBoost (tuned),D,not a siting recommendation
886505cdd5fffff,Hulu Langat,3.034847266195049,101.91614291834756,0.0,0.0,0.9081177520071364,0,0.004238062,0.0057589277,2483,XGBoost (tuned),D,not a siting recommendation
88650554bdfffff,Hulu Langat,3.1330250138418325,101.75863676507012,18547.193090684767,281.5,0.9081177520071364,1,0.13666688,0.12941216,444,XGBoost (tuned),D,not a siting recommendation
8865055731fffff,Hulu Langat,3.123696695462409,101.87486168391747,0.0,0.0,0.9081177520071364,0,0.0037338429,0.0056160754,3639,XGBoost (tuned),D,not a siting recommendation
8865051b39fffff,Hulu Langat,2.956050172632143,101.83233422856124,1059.8396051819866,1.2,0.9081177520071364,0,0.010395175,0.00661366,1450,XGBoost (tuned),D,not a siting recommendation
88650555c9fffff,Hulu Langat,3.1434459550576377,101.82265391187396,0.0,0.0,0.9081177520071364,0,0.0037851485,0.004958258,3445,XGBoost (tuned),D,not a siting recommendation
8865055529fffff,Hulu Langat,3.1781037405568497,101.87539792253745,0.0,0.0,0.9081177520071364,0,0.003854525,0.005525933,3269,XGBoost (tuned),D,not a siting recommendation
8865051a21fffff,Hulu Langat,2.918545650714924,101.81536394870592,529.9198025909933,2.8,0.9081177520071364,0,0.013376302,0.007844239,1352,XGBoost (tuned),D,not a siting recommendation
886505c597fffff,Hulu Langat,2.8929060597929093,101.84449170575458,1059.8396051819866,1.0,0.9081177520071364,0,0.009209466,0.0044362936,1483,XGBoost (tuned),D,not a siting recommendation
8865054245fffff,Hulu Langat,3.205395209769846,101.92295762745908,0.0,0.0,0.9081177520071364,0,0.0038472468,0.005525933,3337,XGBoost (tuned),D,not a siting recommendation
88650554b9fffff,Hulu Langat,3.125661471469356,101.75345300934708,14837.754472547813,201.2,0.9081177520071364,1,0.22402783,0.34589413,279,XGBoost (tuned),D,not a siting recommendation
88650542a5fffff,Hulu Langat,3.250131022434167,101.85053869463854,0.0,0.0,0.9081177520071364,0,0.0038790097,0.0037687244,3206,XGBoost (tuned),D,not a siting recommendation
886505420dfffff,Hulu Langat,3.2141972575428444,101.91026480531978,0.0,0.0,0.9081177520071364,0,0.0036960563,0.005525933,3682,XGBoost (tuned),D,not a siting recommendation
8865055627fffff,Hulu Langat,3.0861738344726604,101.85788038947037,0.0,0.0,0.9081177520071364,0,0.0039531835,0.005641815,3057,XGBoost (tuned),D,not a siting recommendation
8865054297fffff,Hulu Langat,3.2221122009064254,101.81190986526435,0.0,0.0,0.9081177520071364,0,0.0037391998,0.0036667837,3614,XGBoost (tuned),D,not a siting recommendation
88650542d7fffff,Hulu Langat,3.2052262579492226,101.82836686116444,0.0,0.0,0.9081177520071364,0,0.0039546504,0.0051414915,3050,XGBoost (tuned),D,not a siting recommendation
88650542a7fffff,Hulu Langat,3.2508510442394285,101.84159595870103,0.0,0.0,0.9081177520071364,0,0.0040147393,0.0037687244,2885,XGBoost (tuned),D,not a siting recommendation
88650552d7fffff,Hulu Langat,3.0870773198457844,101.94349235551763,0.0,0.0,0.9081177520071364,0,0.0041223727,0.005641815,2673,XGBoost (tuned),D,not a siting recommendation
8865055703fffff,Hulu Langat,3.10753895912837,101.88236946293216,0.0,0.0,0.9081177520071364,0,0.0040560556,0.005641815,2786,XGBoost (tuned),D,not a siting recommendation
88650556b3fffff,Hulu Langat,3.0779009510987536,101.76706049091756,11128.31585441086,307.5,0.9081177520071364,0,0.14999154,0.20121075,413,XGBoost (tuned),D,not a siting recommendation
886505cc35fffff,Hulu Langat,3.0179812828800467,101.932579263853,0.0,0.0,0.9081177520071364,0,0.0041872575,0.0058188974,2569,XGBoost (tuned),D,not a siting recommendation
88650550a5fffff,Hulu Langat,3.188512376479183,101.93940175681314,0.0,0.0,0.9081177520071364,0,0.0036821126,0.005525933,3725,XGBoost (tuned),D,not a siting recommendation
886505423dfffff,Hulu Langat,3.23108300744372,101.89381622288222,0.0,0.0,0.9081177520071364,0,0.0037361798,0.005525933,3622,XGBoost (tuned),D,not a siting recommendation
8865054043fffff,Hulu Langat,3.2553346193086634,101.88255126425952,0.0,0.0,0.9081177520071364,0,0.0037361798,0.005525933,3622,XGBoost (tuned),D,not a siting recommendation
88650519ddfffff,Hulu Langat,2.985273377840732,101.75851061551244,1059.8396051819866,8.200000000000001,0.9081177520071364,0,0.09147923,0.046322238,606,XGBoost (tuned),D,not a siting recommendation
88650556d7fffff,Hulu Langat,3.0455898673875867,101.78208918139345,2119.679210363973,17.4,0.9081177520071364,1,0.01850834,0.018805109,1214,XGBoost (tuned),D,not a siting recommendation
886505464dfffff,Hulu Langat,3.155833778939377,101.76524621938722,7418.877236273906,17.0,0.9081177520071364,0,0.060955543,0.074586086,790,XGBoost (tuned),D,not a siting recommendation
8865051a1bfffff,Hulu Langat,2.882470444548795,101.78052740319396,1589.75940777298,6.5,0.9081177520071364,0,0.022659425,0.01781324,1146,XGBoost (tuned),D,not a siting recommendation
88650554dbfffff,Hulu Langat,3.086696011601036,101.75436160402126,4769.27822331894,8.0,0.9081177520071364,0,0.035226975,0.027929986,996,XGBoost (tuned),D,not a siting recommendation
8865055757fffff,Hulu Langat,3.092100067089284,101.88093919048934,0.0,0.0,0.9081177520071364,0,0.0039531835,0.005641815,3057,XGBoost (tuned),D,not a siting recommendation
88650556cbfffff,Hulu Langat,3.0360815519695232,101.80372299841972,3179.51881554596,9.0,0.9081177520071364,0,0.041703746,0.026062276,939,XGBoost (tuned),D,not a siting recommendation
8865055631fffff,Hulu Langat,3.0721690636105694,101.83857559502523,0.0,0.0,0.9081177520071364,0,0.0037223683,0.005393229,3661,XGBoost (tuned),D,not a siting recommendation
8865051941fffff,Hulu Langat,2.986914510529615,101.8351896353622,0.0,0.0,0.9081177520071364,0,0.0040832716,0.0034299428,2726,XGBoost (tuned),D,not a siting recommendation
8865051831fffff,Hulu Langat,2.9691244524999707,101.76602394834497,4769.27822331894,9.4,0.9081177520071364,0,0.07904178,0.041161656,681,XGBoost (tuned),D,not a siting recommendation
8865055635fffff,Hulu Langat,3.07952994281632,101.84375890419552,0.0,0.0,0.9081177520071364,0,0.0037338429,0.005641815,3639,XGBoost (tuned),D,not a siting recommendation
886505424dfffff,Hulu Langat,3.1973133863566585,101.92671075589072,0.0,0.0,0.9081177520071364,0,0.0036821126,0.005525933,3725,XGBoost (tuned),D,not a siting recommendation
886505cd15fffff,Hulu Langat,3.046696761945628,101.9622450399334,0.0,0.0,0.9081177520071364,0,0.0038175303,0.0057589277,3408,XGBoost (tuned),D,not a siting recommendation
88650542cdfffff,Hulu Langat,3.202349597433869,101.86413270122252,0.0,0.0,0.9081177520071364,0,0.0036821126,0.005525933,3725,XGBoost (tuned),D,not a siting recommendation
88650555e5fffff,Hulu Langat,3.1816976218420345,101.83069499239248,0.0,0.0,0.9081177520071364,0,0.0038297481,0.0051414915,3357,XGBoost (tuned),D,not a siting recommendation
886505196dfffff,Hulu Langat,3.0089918662367485,101.85073590435604,0.0,0.0,0.9081177520071364,0,0.0038216307,0.0033461829,3388,XGBoost (tuned),D,not a siting recommendation
886505572dfffff,Hulu Langat,3.1289036121943763,101.9068596368504,0.0,0.0,0.9081177520071364,0,0.003777552,0.0056160754,3493,XGBoost (tuned),D,not a siting recommendation
886505556bfffff,Hulu Langat,3.161941645752765,101.88290690324132,529.9198025909933,2.6,0.9081177520071364,0,0.010632152,0.0153170815,1439,XGBoost (tuned),D,not a siting recommendation
886505426bfffff,Hulu Langat,3.213477394975447,101.91920426533966,0.0,0.0,0.9081177520071364,0,0.0038543106,0.005525933,3292,XGBoost (tuned),D,not a siting recommendation
8865055599fffff,Hulu Langat,3.154398297494748,101.78313122343737,4769.27822331894,8.8,0.9081177520071364,0,0.0227163,0.034674533,1145,XGBoost (tuned),D,not a siting recommendation
88650556c9fffff,Hulu Langat,3.0353657482443586,101.81266114299842,529.9198025909933,1.2000000000000002,0.9081177520071364,0,0.0075905593,0.013320904,1542,XGBoost (tuned),D,not a siting recommendation
8865051937fffff,Hulu Langat,3.028720936690172,101.79854055746152,0.0,0.0,0.9081177520071364,0,0.004083039,0.003293319,2727,XGBoost (tuned),D,not a siting recommendation
8865051913fffff,Hulu Langat,2.9985642727274824,101.78675018793572,1589.75940777298,112.3,0.9081177520071364,0,0.16775016,0.12184157,374,XGBoost (tuned),D,not a siting recommendation
886505192dfffff,Hulu Langat,3.025858110408618,101.83429113815905,0.0,0.0,0.9081177520071364,0,0.004174645,0.005431663,2598,XGBoost (tuned),D,not a siting recommendation
886505cd87fffff,Hulu Langat,3.058357585464093,101.91382262397396,0.0,0.0,0.9081177520071364,0,0.0037223683,0.0057589277,3661,XGBoost (tuned),D,not a siting recommendation
886505c593fffff,Hulu Langat,2.8855493813002737,101.83931133399078,0.0,0.0,0.9081177520071364,0,0.004918418,0.0036118408,1858,XGBoost (tuned),D,not a siting recommendation
8865054217fffff,Hulu Langat,3.21707617209844,101.8745037918606,0.0,0.0,0.9081177520071364,0,0.003825541,0.005525933,3366,XGBoost (tuned),D,not a siting recommendation
88650556e5fffff,Hulu Langat,3.073602339038492,101.8206986953266,0.0,0.0,0.9081177520071364,0,0.0039582825,0.004980998,3045,XGBoost (tuned),D,not a siting recommendation
886505c583fffff,Hulu Langat,2.8914791246164464,101.86235721685392,0.0,1.0,0.9081177520071364,0,0.0050741765,0.0038401077,1823,XGBoost (tuned),D,not a siting recommendation
88650542abfffff,Hulu Langat,3.2354021844032417,101.84016677629243,0.0,0.0,0.9081177520071364,0,0.0038571,0.0037687244,3253,XGBoost (tuned),D,not a siting recommendation
8865051a33fffff,Hulu Langat,2.9133282663201863,101.78337781601724,0.0,0.0,0.9081177520071364,0,0.005238218,0.0036419912,1788,XGBoost (tuned),D,not a siting recommendation
8865055093fffff,Hulu Langat,3.153142573270031,101.89559965001438,0.0,0.0,0.9081177520071364,0,0.003854525,0.0056160754,3269,XGBoost (tuned),D,not a siting recommendation
8865051917fffff,Hulu Langat,3.0059244181073463,101.79193209871636,1589.75940777298,26.1,0.9081177520071364,0,0.10340599,0.050299373,556,XGBoost (tuned),D,not a siting recommendation
886505cd89fffff,Hulu Langat,3.0422059584576973,101.92132598027536,0.0,0.0,0.9081177520071364,0,0.0037636184,0.0057589277,3531,XGBoost (tuned),D,not a siting recommendation
8865055481fffff,Hulu Langat,3.1168641324042827,101.76615346401076,1059.8396051819866,89.3,0.9081177520071364,0,0.30000982,0.32623127,201,XGBoost (tuned),D,not a siting recommendation
8865055543fffff,Hulu Langat,3.147217740540406,101.87253747661312,0.0,0.0,0.9081177520071364,0,0.003854525,0.0056160754,3269,XGBoost (tuned),D,not a siting recommendation
88650556e7fffff,Hulu Langat,3.074318901010657,101.8117597753483,0.0,0.0,0.9081177520071364,0,0.0038822538,0.004791935,3197,XGBoost (tuned),D,not a siting recommendation
886505cc81fffff,Hulu Langat,2.998770536340874,101.88129511250028,0.0,0.0,0.9081177520071364,0,0.0042379457,0.0058188974,2491,XGBoost (tuned),D,not a siting recommendation
886505cebdfffff,Hulu Langat,2.9584046688407533,101.90005447412956,0.0,0.0,0.9081177520071364,0,0.0050199255,0.0036419912,1838,XGBoost (tuned),D,not a siting recommendation
8865051a41fffff,Hulu Langat,2.878905840268732,101.8251979332224,0.0,0.0,0.9081177520071364,0,0.0049811304,0.0036118408,1847,XGBoost (tuned),D,not a siting recommendation
886505cde3fffff,Hulu Langat,3.056923554807343,101.93169251833017,0.0,0.0,0.9081177520071364,0,0.003797234,0.0057589277,3432,XGBoost (tuned),D,not a siting recommendation
8865054311fffff,Hulu Langat,3.2605367352894223,101.91456129168976,0.0,0.0,0.9081177520071364,0,0.003825541,0.005525933,3366,XGBoost (tuned),D,not a siting recommendation
8865055519fffff,Hulu Langat,3.1493724569651347,101.84571889809688,0.0,0.0,0.9081177520071364,0,0.0037760949,0.0056160754,3509,XGBoost (tuned),D,not a siting recommendation
886505cd3bfffff,Hulu Langat,3.0547721370146634,101.95849497039046,0.0,0.0,0.9081177520071364,0,0.003797234,0.0057589277,3432,XGBoost (tuned),D,not a siting recommendation
8865055691fffff,Hulu Langat,3.054382986725151,101.76939259286966,19607.03269586676,115.4,0.9081177520071364,0,0.06920397,0.051254053,749,XGBoost (tuned),D,not a siting recommendation
886505180dfffff,Hulu Langat,2.951548808630507,101.79140978777458,2649.599012954967,6.2,0.9081177520071364,0,0.02247696,0.04870802,1148,XGBoost (tuned),D,not a siting recommendation
8865054269fffff,Hulu Langat,3.2127574789557274,101.9281434071849,0.0,0.0,0.9081177520071364,0,0.0036960563,0.005525933,3682,XGBoost (tuned),D,not a siting recommendation
886505cc13fffff,Hulu Langat,2.98854988352012,101.9118491801109,0.0,0.0,0.9081177520071364,0,0.0041096816,0.0058188974,2703,XGBoost (tuned),D,not a siting recommendation
88650550e1fffff,Hulu Langat,3.1642705390368464,101.95065800260552,0.0,0.0,0.9081177520071364,0,0.0040147393,0.0055331727,2885,XGBoost (tuned),D,not a siting recommendation
8865051965fffff,Hulu Langat,3.0170668892186074,101.84698206857205,0.0,0.0,0.9081177520071364,0,0.0042104586,0.0058188974,2533,XGBoost (tuned),D,not a siting recommendation
8865055689fffff,Hulu Langat,3.052235147134169,101.79621095319575,4239.358420727946,20.6,0.9081177520071364,0,0.07449017,0.10334513,705,XGBoost (tuned),D,not a siting recommendation
8865051a63fffff,Hulu Langat,2.902403385058996,101.82287150786917,0.0,0.0,0.9081177520071364,0,0.005070187,0.0036419912,1824,XGBoost (tuned),D,not a siting recommendation
88650519a1fffff,Hulu Langat,3.0315829705506903,101.76278498231488,2649.599012954967,84.9,0.9081177520071364,1,0.48574015,0.45774025,87,XGBoost (tuned),D,not a siting recommendation
886505c58dfffff,Hulu Langat,2.890052005828918,101.88022146840326,0.0,0.0,0.9081177520071364,0,0.004918418,0.0036118408,1858,XGBoost (tuned),D,not a siting recommendation
88650554b3fffff,Hulu Langat,3.134459359284896,101.7407513281588,21233.88648982107,319.4,0.9081177520071364,0,0.30908975,0.37694106,188,XGBoost (tuned),D,not a siting recommendation
886505c5a9fffff,Hulu Langat,2.905478156021631,101.88165083213148,0.0,0.0,0.9081177520071364,0,0.0039417674,0.0036419912,3079,XGBoost (tuned),D,not a siting recommendation
8865051b2dfffff,Hulu Langat,2.9693372566814205,101.8605671303212,0.0,1.0,0.9081177520071364,0,0.0041833026,0.0038721564,2583,XGBoost (tuned),D,not a siting recommendation
8865051a3dfffff,Hulu Langat,2.9119013924149213,101.80124845443528,0.0,0.0,0.9081177520071364,0,0.0047400524,0.0036419912,1909,XGBoost (tuned),D,not a siting recommendation
8865055749fffff,Hulu Langat,3.0818704213094814,101.91150197898116,0.0,0.0,0.9081177520071364,0,0.0041223727,0.005641815,2673,XGBoost (tuned),D,not a siting recommendation
886505508bfffff,Hulu Langat,3.1509865532660184,101.9224135661545,0.0,0.0,0.9081177520071364,0,0.0037760949,0.0056160754,3509,XGBoost (tuned),D,not a siting recommendation
88650556d5fffff,Hulu Langat,3.044874041867275,101.79102829270076,7418.877236273906,131.6,0.9081177520071364,0,0.13573292,0.1257305,447,XGBoost (tuned),D,not a siting recommendation
886505cd95fffff,Hulu Langat,3.05171517220242,101.89970394300607,0.0,0.0,0.9081177520071364,0,0.0039787423,0.0057589277,3002,XGBoost (tuned),D,not a siting recommendation
886505192bfffff,Hulu Langat,3.0192138637937145,101.82017157177168,0.0,0.0,0.9081177520071364,0,0.003894419,0.0033129044,3181,XGBoost (tuned),D,not a siting recommendation
8865051a6bfffff,Hulu Langat,2.8943328108930224,101.8266249384464,0.0,0.8,0.9081177520071364,0,0.0058202655,0.0045535364,1707,XGBoost (tuned),D,not a siting recommendation
886505541dfffff,Hulu Langat,3.1051992616973667,101.81461447933938,529.9198025909933,6.9,0.9081177520071364,0,0.051132917,0.06758445,858,XGBoost (tuned),D,not a siting recommendation
8865051a19fffff,Hulu Langat,2.881757615576933,101.78946213293196,529.9198025909933,28.1,0.9081177520071364,0,0.21328053,0.19723617,301,XGBoost (tuned),D,not a siting recommendation
8865051b45fffff,Hulu Langat,2.937762191123048,101.86664345861716,2119.679210363973,5.800000000000001,0.9081177520071364,0,0.023035472,0.02476181,1138,XGBoost (tuned),D,not a siting recommendation
8865051805fffff,Hulu Langat,2.959622104855668,101.78765438646008,2649.599012954967,41.2,0.9081177520071364,0,0.09380348,0.08645644,599,XGBoost (tuned),D,not a siting recommendation
8865051b6bfffff,Hulu Langat,2.945834130598008,101.86289103276395,9538.55644663788,53.1,0.9081177520071364,0,0.03921871,0.0685462,959,XGBoost (tuned),D,not a siting recommendation
8865051829fffff,Hulu Langat,2.966981357568979,101.79283568791024,6888.957433682914,182.5,0.9081177520071364,0,0.16273877,0.16312839,383,XGBoost (tuned),D,not a siting recommendation
8865051983fffff,Hulu Langat,3.0094995250387258,101.7472388732014,2649.599012954967,36.4,0.9081177520071364,0,0.06600221,0.03491118,765,XGBoost (tuned),D,not a siting recommendation
886505196bfffff,Hulu Langat,3.002348086100252,101.83661752925164,0.0,0.0,0.9081177520071364,0,0.0037731957,0.0034090052,3525,XGBoost (tuned),D,not a siting recommendation
886505cdd1fffff,Hulu Langat,3.027488645103887,101.91095999459192,0.0,0.0,0.9081177520071364,0,0.0037814784,0.0057589277,3460,XGBoost (tuned),D,not a siting recommendation
88650556b1fffff,Hulu Langat,3.0771846425803697,101.77600097101252,16957.433682911786,63.6,0.9081177520071364,0,0.09026057,0.15588233,614,XGBoost (tuned),D,not a siting recommendation
8865051a57fffff,Hulu Langat,2.8810447406049238,101.79839655122194,2119.679210363973,6.5,0.9081177520071364,0,0.027400564,0.077925235,1072,XGBoost (tuned),D,not a siting recommendation
8865054249fffff,Hulu Langat,3.1899514209847784,101.92152522577906,0.0,0.0,0.9081177520071364,0,0.003854525,0.005525933,3269,XGBoost (tuned),D,not a siting recommendation
8865051b11fffff,Hulu Langat,2.941333602605785,101.82197174506064,0.0,0.0,0.9081177520071364,0,0.005812432,0.0036419912,1712,XGBoost (tuned),D,not a siting recommendation
88650554c5fffff,Hulu Langat,3.107350400411537,101.7877936062592,0.0,0.0,0.9081177520071364,0,0.0035958008,0.004700585,3847,XGBoost (tuned),D,not a siting recommendation
886505569bfffff,Hulu Langat,3.0470213683327283,101.76421002496215,7418.877236273906,79.6,0.9081177520071364,0,0.13712981,0.099863134,441,XGBoost (tuned),D,not a siting recommendation
88650550b1fffff,Hulu Langat,3.1752276848002605,101.91115458027627,0.0,0.0,0.9081177520071364,0,0.0040147393,0.005525933,2885,XGBoost (tuned),D,not a siting recommendation
8865055467fffff,Hulu Langat,3.1258501612352765,101.84804525410554,0.0,0.0,0.9081177520071364,0,0.0040147393,0.0056160754,2885,XGBoost (tuned),D,not a siting recommendation
88650542bbfffff,Hulu Langat,3.229476805589696,101.8170954161124,0.0,0.0,0.9081177520071364,0,0.003929576,0.0036986754,3100,XGBoost (tuned),D,not a siting recommendation
886505cc19fffff,Hulu Langat,2.9797611618671187,101.92453318374436,0.0,0.0,0.9081177520071364,0,0.0053881262,0.007199703,1773,XGBoost (tuned),D,not a siting recommendation
88650556b5fffff,Hulu Langat,3.084546725257264,101.78118407009016,0.0,0.8,0.9081177520071364,0,0.0051255887,0.0065933247,1804,XGBoost (tuned),D,not a siting recommendation
88650542b1fffff,Hulu Langat,3.236841475835208,101.82228110693109,0.0,0.0,0.9081177520071364,0,0.003809406,0.0036986754,3420,XGBoost (tuned),D,not a siting recommendation
886505c5b7fffff,Hulu Langat,2.9156904757161604,101.85110034262064,0.0,0.4,0.9081177520071364,0,0.0064070416,0.004466868,1614,XGBoost (tuned),D,not a siting recommendation
886505559dfffff,Hulu Langat,3.161761948516465,101.7883155729474,0.0,0.0,0.9081177520071364,0,0.0038225786,0.0046099834,3380,XGBoost (tuned),D,not a siting recommendation
88650519c9fffff,Hulu Langat,2.983844209510492,101.77638678727584,11128.31585441086,520.9,0.9081177520071364,0,0.05358582,0.10581845,841,XGBoost (tuned),D,not a siting recommendation
88650519d1fffff,Hulu Langat,2.985987889052262,101.7495720641374,2119.679210363973,6.3,0.9081177520071364,0,0.07323451,0.026043758,712,XGBoost (tuned),D,not a siting recommendation
8865051859fffff,Hulu Langat,2.9214000773264,101.77962255104784,529.9198025909933,4.4,0.9081177520071364,0,0.07051866,0.042385254,736,XGBoost (tuned),D,not a siting recommendation
886505cdb3fffff,Hulu Langat,3.0678680296980576,101.89219874192824,0.0,0.0,0.9081177520071364,0,0.0037223683,0.005641815,3661,XGBoost (tuned),D,not a siting recommendation
88650550a7fffff,Hulu Langat,3.1892319251372325,101.93046365062416,0.0,0.0,0.9081177520071364,0,0.0040147393,0.005525933,2885,XGBoost (tuned),D,not a siting recommendation
8865055509fffff,Hulu Langat,3.155298124396958,101.8687828813242,0.0,0.0,0.9081177520071364,0,0.0040147393,0.0056160754,2885,XGBoost (tuned),D,not a siting recommendation
8865055511fffff,Hulu Langat,3.1574532050467066,101.84196327137964,0.0,0.0,0.9081177520071364,0,0.0037760949,0.0055850265,3509,XGBoost (tuned),D,not a siting recommendation
8865055095fffff,Hulu Langat,3.1597854149904445,101.90972280517228,0.0,0.0,0.9081177520071364,0,0.003854525,0.0055331727,3269,XGBoost (tuned),D,not a siting recommendation
886505558dfffff,Hulu Langat,3.1676892857987964,101.81138394179573,0.0,0.0,0.9081177520071364,0,0.003781746,0.004693427,3454,XGBoost (tuned),D,not a siting recommendation
88650550e3fffff,Hulu Langat,3.1649897186532225,101.94172093253184,0.0,0.0,0.9081177520071364,0,0.0038543106,0.0055331727,3292,XGBoost (tuned),D,not a siting recommendation
886505c59dfffff,Hulu Langat,2.88412278696652,101.85717678748918,0.0,1.0,0.9081177520071364,0,0.0050109713,0.0038401077,1842,XGBoost (tuned),D,not a siting recommendation
8865055633fffff,Hulu Langat,3.0728857265521663,101.82963730202512,0.0,0.0,0.9081177520071364,0,0.0037809089,0.0052493536,3474,XGBoost (tuned),D,not a siting recommendation
886505cdb9fffff,Hulu Langat,3.0590745262542547,101.9048872001537,0.0,0.0,0.9081177520071364,0,0.0040067732,0.0057589277,2936,XGBoost (tuned),D,not a siting recommendation
8865051b37fffff,Hulu Langat,2.9721966478750947,101.82482615323212,3179.51881554596,29.0,0.9081177520071364,0,0.08601553,0.12925838,638,XGBoost (tuned),D,not a siting recommendation
886505563dfffff,Hulu Langat,3.0714523502725792,101.8475135739084,0.0,0.0,0.9081177520071364,0,0.0037809089,0.005641815,3474,XGBoost (tuned),D,not a siting recommendation
8865055445fffff,Hulu Langat,3.102330358676722,101.85037125873647,0.0,0.0,0.9081177520071364,0,0.004009701,0.005641815,2918,XGBoost (tuned),D,not a siting recommendation
886505ccd5fffff,Hulu Langat,2.983338436815246,101.87986535811278,0.0,1.0,0.9081177520071364,0,0.004174762,0.0038721564,2597,XGBoost (tuned),D,not a siting recommendation
8865054281fffff,Hulu Langat,3.2199542266547057,101.83873772108493,0.0,0.0,0.9081177520071364,0,0.0036821126,0.0037133235,3725,XGBoost (tuned),D,not a siting recommendation
8865055713fffff,Hulu Langat,3.1016130050884403,101.8593096678105,0.0,0.0,0.9081177520071364,0,0.0041281497,0.005641815,2652,XGBoost (tuned),D,not a siting recommendation
886505566bfffff,Hulu Langat,3.0538651763899094,101.8728958531922,0.0,0.6,0.9081177520071364,0,0.0063508293,0.016812347,1620,XGBoost (tuned),D,not a siting recommendation
886505ce8bfffff,Hulu Langat,2.934904215495989,101.9023751587808,0.0,1.6,0.9081177520071364,0,0.0067070993,0.006286175,1593,XGBoost (tuned),D,not a siting recommendation
886505405bfffff,Hulu Langat,3.241326713219222,101.86323713472794,0.0,0.0,0.9081177520071364,0,0.003825541,0.0037687244,3366,XGBoost (tuned),D,not a siting recommendation
8865055191fffff,Hulu Langat,3.203955569085826,101.94083490206086,0.0,0.0,0.9081177520071364,0,0.0036821126,0.005525933,3725,XGBoost (tuned),D,not a siting recommendation
8865050b47fffff,Hulu Langat,3.056530373753839,101.7425714350609,21233.88648982107,122.9,0.9081177520071364,0,0.13175233,0.09916286,457,XGBoost (tuned),D,not a siting recommendation
88650555a9fffff,Hulu Langat,3.183134803105226,101.8128116197123,0.0,0.0,0.9081177520071364,0,0.0035459758,0.004693427,3995,XGBoost (tuned),D,not a siting recommendation
88650550c3fffff,Hulu Langat,3.1421882494993403,101.93510308534722,0.0,0.0,0.9081177520071364,0,0.003854525,0.0056160754,3269,XGBoost (tuned),D,not a siting recommendation
886505ce87fffff,Hulu Langat,2.950332608586823,101.90380564688624,0.0,0.0,0.9081177520071364,0,0.0041105286,0.0036419912,2700,XGBoost (tuned),D,not a siting recommendation
886505565dfffff,Hulu Langat,3.031785986455761,101.85734716508216,0.0,0.0,0.9081177520071364,0,0.004238062,0.0057589277,2483,XGBoost (tuned),D,not a siting recommendation
8865051837fffff,Hulu Langat,2.9771987309580363,101.76226739814,2649.599012954967,7.6,0.9081177520071364,0,0.06860977,0.04038463,753,XGBoost (tuned),D,not a siting recommendation
8865051aadfffff,Hulu Langat,2.9228270088222508,101.76174998418011,1589.75940777298,10.4,0.9081177520071364,0,0.04849881,0.057172585,878,XGBoost (tuned),D,not a siting recommendation
8865055557fffff,Hulu Langat,3.1486542703169578,101.85465873942726,0.0,0.0,0.9081177520071364,0,0.0037760949,0.0056160754,3509,XGBoost (tuned),D,not a siting recommendation
8865050b61fffff,Hulu Langat,3.0712548567361155,101.75293680413829,6888.957433682914,82.0,0.9081177520071364,0,0.1936117,0.27176556,334,XGBoost (tuned),D,not a siting recommendation
88650556d3fffff,Hulu Langat,3.0382286648230585,101.77690669189438,1589.75940777298,19.5,0.9081177520071364,1,0.15688276,0.03764704,394,XGBoost (tuned),D,not a siting recommendation
886505ccc7fffff,Hulu Langat,2.9899810906367144,101.89398167751654,0.0,0.0,0.9081177520071364,0,0.0038216307,0.0058188974,3388,XGBoost (tuned),D,not a siting recommendation
8865055417fffff,Hulu Langat,3.1139957750451885,101.8019178700014,0.0,0.0,0.9081177520071364,0,0.0039208806,0.004759756,3117,XGBoost (tuned),D,not a siting recommendation
8865051b3dfffff,Hulu Langat,2.963408572400584,101.83751567958171,1589.75940777298,32.0,0.9081177520071364,0,0.09931288,0.13415454,574,XGBoost (tuned),D,not a siting recommendation
8865051ae5fffff,Hulu Langat,2.91404163311088,101.77444202976602,0.0,0.0,0.9081177520071364,0,0.0053574285,0.0036419912,1775,XGBoost (tuned),D,not a siting recommendation
8865051a23fffff,Hulu Langat,2.919259327674692,101.80642906734695,529.9198025909933,3.0,0.9081177520071364,0,0.012391264,0.007916686,1383,XGBoost (tuned),D,not a siting recommendation
886505c5bdfffff,Hulu Langat,2.90690586645696,101.8637858371024,2119.679210363973,15.2,0.9081177520071364,0,0.11305421,0.13479082,509,XGBoost (tuned),D,not a siting recommendation
886505ced7fffff,Hulu Langat,2.9275475862170524,101.8971938694478,1059.8396051819866,3.4,0.9081177520071364,0,0.08257937,0.029866101,660,XGBoost (tuned),D,not a siting recommendation
8865055561fffff,Hulu Langat,3.1693036987228917,101.88809182483634,0.0,0.4,0.9081177520071364,0,0.004709689,0.006514662,1928,XGBoost (tuned),D,not a siting recommendation
88650550a1fffff,Hulu Langat,3.181150826512796,101.93421631164908,0.0,0.0,0.9081177520071364,0,0.003854525,0.005525933,3269,XGBoost (tuned),D,not a siting recommendation
8865055539fffff,Hulu Langat,3.1721786357236867,101.85233274822446,529.9198025909933,1.6,0.9081177520071364,0,0.0065896125,0.010052326,1599,XGBoost (tuned),D,not a siting recommendation
886505519bfffff,Hulu Langat,3.19659371505797,101.93564920734948,0.0,0.0,0.9081177520071364,0,0.0036821126,0.005525933,3725,XGBoost (tuned),D,not a siting recommendation
88650554e5fffff,Hulu Langat,3.130155696459594,101.79440390984983,1059.8396051819866,1.0,0.9081177520071364,0,0.006448808,0.008683219,1613,XGBoost (tuned),D,not a siting recommendation
8865051a37fffff,Hulu Langat,2.920686541038662,101.78855836809964,529.9198025909933,3.9,0.9081177520071364,0,0.01493512,0.010464537,1310,XGBoost (tuned),D,not a siting recommendation
8865055291fffff,Hulu Langat,3.095872344793708,101.93080555997815,0.0,0.0,0.9081177520071364,0,0.004009701,0.005641815,2918,XGBoost (tuned),D,not a siting recommendation
886505cdd9fffff,Hulu Langat,3.0194138734413905,101.91471154507067,0.0,0.0,0.9081177520071364,0,0.0038334068,0.0058188974,3353,XGBoost (tuned),D,not a siting recommendation
8865051b55fffff,Hulu Langat,2.93183323971274,101.8435945954948,1059.8396051819866,1.4,0.9081177520071364,0,0.0117441965,0.005772395,1409,XGBoost (tuned),D,not a siting recommendation
88650550e9fffff,Hulu Langat,3.1561906539905267,101.954409616969,0.0,0.0,0.9081177520071364,0,0.0036821126,0.0056160754,3725,XGBoost (tuned),D,not a siting recommendation
8865055437fffff,Hulu Langat,3.136800989628022,101.80852896719658,0.0,0.0,0.9081177520071364,0,0.0038216398,0.0047380216,3383,XGBoost (tuned),D,not a siting recommendation
8865055709fffff,Hulu Langat,3.098743081173545,101.89506014845271,0.0,1.0,0.9081177520071364,0,0.0043367576,0.005935991,2359,XGBoost (tuned),D,not a siting recommendation
8865055747fffff,Hulu Langat,3.098025473099553,101.90399697760876,0.0,0.0,0.9081177520071364,0,0.0037338429,0.005641815,3639,XGBoost (tuned),D,not a siting recommendation
8865054229fffff,Hulu Langat,3.229642849157944,101.91169684007906,0.0,0.0,0.9081177520071364,0,0.0036821126,0.005525933,3725,XGBoost (tuned),D,not a siting recommendation
8865055449fffff,Hulu Langat,3.086890893079775,101.84894235276931,0.0,0.0,0.9081177520071364,0,0.0041223727,0.005641815,2673,XGBoost (tuned),D,not a siting recommendation
8865054357fffff,Hulu Langat,3.251731996850296,101.92725559675382,0.0,0.0,0.9081177520071364,0,0.003825541,0.005525933,3366,XGBoost (tuned),D,not a siting recommendation
8865051b51fffff,Hulu Langat,2.924475659369142,101.83841361446906,1059.8396051819866,2.1,0.9081177520071364,0,0.017524796,0.009382711,1228,XGBoost (tuned),D,not a siting recommendation
8865055723fffff,Hulu Langat,3.130339964413996,101.88898417385047,0.0,0.0,0.9081177520071364,0,0.0040147393,0.0056160754,2885,XGBoost (tuned),D,not a siting recommendation
886505406bfffff,Hulu Langat,3.2700627878650304,101.89292418811976,0.0,0.0,0.9081177520071364,0,0.003825541,0.0037687244,3366,XGBoost (tuned),D,not a siting recommendation
886505190bfffff,Hulu Langat,2.996419132702088,101.81356229438984,2119.679210363973,92.6,0.9081177520071364,0,0.02862917,0.040408656,1057,XGBoost (tuned),D,not a siting recommendation
88650542ddfffff,Hulu Langat,3.196424497332644,101.84106513165855,0.0,0.0,0.9081177520071364,0,0.0038543106,0.005525933,3292,XGBoost (tuned),D,not a siting recommendation
88650519a5fffff,Hulu Langat,3.038944269471244,101.76796730018556,7948.7970388649,264.7,0.9081177520071364,0,0.32860473,0.3006907,174,XGBoost (tuned),D,not a siting recommendation
886505422dfffff,Hulu Langat,3.237005835631824,101.91688295400056,0.0,0.0,0.9081177520071364,0,0.0036821126,0.005525933,3725,XGBoost (tuned),D,not a siting recommendation
88650542c5fffff,Hulu Langat,3.210432272032411,101.86037716075714,0.0,0.6,0.9081177520071364,0,0.009494588,0.015038222,1474,XGBoost (tuned),D,not a siting recommendation
8865054285fffff,Hulu Langat,3.2273183093798465,101.84392336049297,0.0,0.0,0.9081177520071364,0,0.0038790097,0.0037687244,3206,XGBoost (tuned),D,not a siting recommendation
886505cdddfffff,Hulu Langat,3.0267722497852927,101.91989435761435,0.0,0.0,0.9081177520071364,0,0.0037636184,0.0057589277,3531,XGBoost (tuned),D,not a siting recommendation
886505564dfffff,Hulu Langat,3.037713048913737,101.88040218601208,0.0,0.0,0.9081177520071364,0,0.004157622,0.0057589277,2617,XGBoost (tuned),D,not a siting recommendation
886505420bfffff,Hulu Langat,3.207554271359575,101.89613932908836,0.0,0.0,0.9081177520071364,0,0.0040147393,0.005525933,2885,XGBoost (tuned),D,not a siting recommendation
8865054209fffff,Hulu Langat,3.206834637500517,101.90507907951672,0.0,0.0,0.9081177520071364,0,0.0036960563,0.005525933,3682,XGBoost (tuned),D,not a siting recommendation
88650551bbfffff,Hulu Langat,3.219399666511246,101.94226817471343,0.0,0.0,0.9081177520071364,0,0.0040147393,0.005525933,2885,XGBoost (tuned),D,not a siting recommendation
88650542c9fffff,Hulu Langat,3.194986408230417,101.858947364621,0.0,0.0,0.9081177520071364,0,0.0040147393,0.005525933,2885,XGBoost (tuned),D,not a siting recommendation
886505573bfffff,Hulu Langat,3.1163353962535325,101.86967753951484,0.0,0.0,0.9081177520071364,0,0.0039406163,0.005641815,3082,XGBoost (tuned),D,not a siting recommendation
8865051a0bfffff,Hulu Langat,2.8884020191296784,101.8035766647954,0.0,0.0,0.9081177520071364,0,0.004825649,0.0036118408,1880,XGBoost (tuned),D,not a siting recommendation
88650551b3fffff,Hulu Langat,3.227482207774976,101.93851538092784,0.0,0.0,0.9081177520071364,0,0.0040147393,0.005525933,2885,XGBoost (tuned),D,not a siting recommendation
886505ccbdfffff,Hulu Langat,3.01491947346794,101.87378973571532,0.0,0.0,0.9081177520071364,0,0.0038334068,0.0058188974,3353,XGBoost (tuned),D,not a siting recommendation
8865055517fffff,Hulu Langat,3.165534315487653,101.83820741151612,0.0,0.0,0.9081177520071364,0,0.0038325402,0.0052893483,3355,XGBoost (tuned),D,not a siting recommendation
88650542d5fffff,Hulu Langat,3.2045071731893677,101.83730879306329,0.0,0.6,0.9081177520071364,0,0.0062031294,0.0143816,1640,XGBoost (tuned),D,not a siting recommendation
886505571dfffff,Hulu Langat,3.1001781449252825,101.87718554009896,0.0,0.0,0.9081177520071364,0,0.004009701,0.005641815,2918,XGBoost (tuned),D,not a siting recommendation
8865055513fffff,Hulu Langat,3.158171460436309,101.83302277196172,0.0,0.0,0.9081177520071364,0,0.0037760949,0.0052675917,3509,XGBoost (tuned),D,not a siting recommendation
886505529bfffff,Hulu Langat,3.0885126427241136,101.92562161173284,0.0,0.0,0.9081177520071364,0,0.004009701,0.005641815,2918,XGBoost (tuned),D,not a siting recommendation
8865054289fffff,Hulu Langat,3.2118709506780325,101.84249418248169,529.9198025909933,1.4,0.9081177520071364,0,0.014619139,0.02139516,1316,XGBoost (tuned),D,not a siting recommendation
8865055525fffff,Hulu Langat,3.1935481059844046,101.8768283363473,0.0,0.0,0.9081177520071364,0,0.0040147393,0.005525933,2885,XGBoost (tuned),D,not a siting recommendation
886505429bfffff,Hulu Langat,3.2066642663744127,101.81048205611228,0.0,0.0,0.9081177520071364,0,0.0035459758,0.0036667837,3995,XGBoost (tuned),D,not a siting recommendation
8865051a5dfffff,Hulu Langat,2.872261993464156,101.81108441794534,529.9198025909933,1.7999999999999998,0.9081177520071364,0,0.005016233,0.005649163,1840,XGBoost (tuned),D,not a siting recommendation
8865051949fffff,Hulu Langat,2.978840594469116,101.83894356912393,0.0,0.0,0.9081177520071364,0,0.005357738,0.0036419912,1774,XGBoost (tuned),D,not a siting recommendation
88650552b5fffff,Hulu Langat,3.126030290753953,101.94260675032538,0.0,0.0,0.9081177520071364,0,0.0037338429,0.0056160754,3639,XGBoost (tuned),D,not a siting recommendation
8865055715fffff,Hulu Langat,3.1082565881135324,101.87343165643726,0.0,0.0,0.9081177520071364,0,0.0040560556,0.005641815,2786,XGBoost (tuned),D,not a siting recommendation
88650552a1fffff,Hulu Langat,3.1245933224802127,101.96047839411509,0.0,0.0,0.9081177520071364,0,0.003777552,0.0056160754,3493,XGBoost (tuned),D,not a siting recommendation
8865054253fffff,Hulu Langat,3.192828875081009,101.8857683482002,0.0,0.0,0.9081177520071364,0,0.0040147393,0.005525933,2885,XGBoost (tuned),D,not a siting recommendation
88650519c1fffff,Hulu Langat,2.9919189817235843,101.77263045583648,6359.03763109192,91.4,0.9081177520071364,1,0.08827532,0.064530134,623,XGBoost (tuned),D,not a siting recommendation
8865055605fffff,Hulu Langat,3.062658482467277,101.86020533134256,0.0,0.0,0.9081177520071364,0,0.004009701,0.0057589277,2918,XGBoost (tuned),D,not a siting recommendation
8865051b33fffff,Hulu Langat,2.9648378301599108,101.8196446215642,1059.8396051819866,180.8,0.9081177520071364,0,0.030623361,0.034755904,1042,XGBoost (tuned),D,not a siting recommendation
886505563bfffff,Hulu Langat,3.064808255885331,101.83339242533766,0.0,0.0,0.9081177520071364,0,0.003983931,0.0053211697,2984,XGBoost (tuned),D,not a siting recommendation
88650519e3fffff,Hulu Langat,3.015430362198276,101.77029905394328,1059.8396051819866,26.8,0.9081177520071364,0,0.24232352,0.049046487,255,XGBoost (tuned),D,not a siting recommendation
8865055741fffff,Hulu Langat,3.089947764048679,101.90774959501252,0.0,0.0,0.9081177520071364,0,0.0037809089,0.005641815,3474,XGBoost (tuned),D,not a siting recommendation
886505553dfffff,Hulu Langat,3.179541451881766,101.85751769569744,0.0,0.9,0.9081177520071364,0,0.006926787,0.007502478,1575,XGBoost (tuned),D,not a siting recommendation
8865051921fffff,Hulu Langat,3.0265738910631077,101.82535396267949,0.0,0.0,0.9081177520071364,0,0.0036926495,0.0051504304,3708,XGBoost (tuned),D,not a siting recommendation
886505195dfffff,Hulu Langat,2.980270440288386,101.82107176638723,7948.7970388649,15.9,0.9081177520071364,0,0.04026656,0.051146477,949,XGBoost (tuned),D,not a siting recommendation
886505cce7fffff,Hulu Langat,3.0127716181259427,101.90059456191428,0.0,0.0,0.9081177520071364,0,0.004129591,0.0058188974,2650,XGBoost (tuned),D,not a siting recommendation
88650550b5fffff,Hulu Langat,3.182589520324893,101.91633983388112,0.0,0.0,0.9081177520071364,0,0.0036821126,0.005525933,3725,XGBoost (tuned),D,not a siting recommendation
8865051997fffff,Hulu Langat,3.010929223150188,101.7293594121286,4769.27822331894,13.5,0.9081177520071364,0,0.090954065,0.047396112,611,XGBoost (tuned),D,not a siting recommendation
8865054009fffff,Hulu Langat,3.2634192084814257,101.87879581099232,0.0,0.0,0.9081177520071364,0,0.003913593,0.0037687244,3125,XGBoost (tuned),D,not a siting recommendation
8865055521fffff,Hulu Langat,3.1861853312944923,101.87164308212316,0.0,0.0,0.9081177520071364,0,0.0038543106,0.005525933,3292,XGBoost (tuned),D,not a siting recommendation
886505cea3fffff,Hulu Langat,2.965761942657072,101.90523626211667,0.0,0.0,0.9081177520071364,0,0.0041376958,0.0036419912,2645,XGBoost (tuned),D,not a siting recommendation
886505cd37fffff,Hulu Langat,3.070206504820752,101.95992833303622,0.0,0.0,0.9081177520071364,0,0.0037809089,0.005641815,3474,XGBoost (tuned),D,not a siting recommendation
8865054003fffff,Hulu Langat,3.272224757879873,101.86609761773148,0.0,0.0,0.9081177520071364,0,0.003825541,0.003819785,3366,XGBoost (tuned),D,not a siting recommendation
8865055559fffff,Hulu Langat,3.1324941057862032,101.86216860592958,0.0,0.0,0.9081177520071364,0,0.0039077383,0.0056160754,3142,XGBoost (tuned),D,not a siting recommendation
886505509dfffff,Hulu Langat,3.151705278599355,101.91347591175476,0.0,0.0,0.9081177520071364,0,0.0038543106,0.0056160754,3292,XGBoost (tuned),D,not a siting recommendation
886505540bfffff,Hulu Langat,3.104482112760102,101.82355414481658,0.0,0.0,0.9081177520071364,0,0.0038699112,0.0050456296,3230,XGBoost (tuned),D,not a siting recommendation
886505cc87fffff,Hulu Langat,3.006844820294497,101.87754254067828,0.0,0.0,0.9081177520071364,0,0.0042379457,0.0058188974,2491,XGBoost (tuned),D,not a siting recommendation
88650519cbfffff,Hulu Langat,2.984558817973986,101.76744885669822,529.9198025909933,140.5,0.9081177520071364,0,0.07062806,0.053147122,735,XGBoost (tuned),D,not a siting recommendation
8865054013fffff,Hulu Langat,3.266300803966907,101.84302526832592,0.0,0.0,0.9081177520071364,0,0.003706145,0.0037687244,3671,XGBoost (tuned),D,not a siting recommendation
886505c5b3fffff,Hulu Langat,2.9083333918117744,101.84591958213711,0.0,0.0,0.9081177520071364,0,0.0049218056,0.0036419912,1855,XGBoost (tuned),D,not a siting recommendation
8865050b43fffff,Hulu Langat,3.0491682436309477,101.73738896205973,7948.7970388649,176.39999999999998,0.9081177520071364,0,0.15240563,0.17229325,406,XGBoost (tuned),D,not a siting recommendation
88650519a9fffff,Hulu Langat,3.023506483082216,101.76654213438572,2119.679210363973,96.5,0.9081177520071364,0,0.120381795,0.050643396,485,XGBoost (tuned),D,not a siting recommendation
886505ce83fffff,Hulu Langat,2.9429756564814133,101.89862410823488,0.0,1.0,0.9081177520071364,0,0.015424906,0.0061679953,1300,XGBoost (tuned),D,not a siting recommendation
88650542b9fffff,Hulu Langat,3.228757361095036,101.8260383782056,0.0,0.0,0.9081177520071364,0,0.0039546504,0.0036986754,3050,XGBoost (tuned),D,not a siting recommendation
886505543dfffff,Hulu Langat,3.12800316209964,101.82122599231448,0.0,0.0,0.9081177520071364,0,0.003777552,0.004958258,3493,XGBoost (tuned),D,not a siting recommendation
886505cdebfffff,Hulu Langat,3.048847805600595,101.93544362354916,0.0,0.0,0.9081177520071364,0,0.0041435747,0.0057589277,2637,XGBoost (tuned),D,not a siting recommendation
886505cd85fffff,Hulu Langat,3.057640594962157,101.922757730172,0.0,0.0,0.9081177520071364,0,0.0037223683,0.0057589277,3661,XGBoost (tuned),D,not a siting recommendation
8865050b67fffff,Hulu Langat,3.0793334154747,101.74917859884825,3709.438618136953,17.0,0.9081177520071364,0,0.30442175,0.30085102,193,XGBoost (tuned),D,not a siting recommendation
88650554a9fffff,Hulu Langat,3.131590459409221,101.77652096008552,3709.438618136953,101.1,0.9081177520071364,0,0.055693295,0.104510896,821,XGBoost (tuned),D,not a siting recommendation
886505576bfffff,Hulu Langat,3.105385766098745,101.90918098329726,0.0,0.0,0.9081177520071364,0,0.0037338429,0.005641815,3639,XGBoost (tuned),D,not a siting recommendation
88650542e1fffff,Hulu Langat,3.225879041093646,101.86180708412104,0.0,0.6,0.9081177520071364,0,0.009555084,0.015716141,1472,XGBoost (tuned),D,not a siting recommendation
886505cdbbfffff,Hulu Langat,3.059791417273737,101.89595145912894,0.0,0.0,0.9081177520071364,0,0.0039704363,0.0057589277,3013,XGBoost (tuned),D,not a siting recommendation
886505569dfffff,Hulu Langat,3.053667090401184,101.77833235770186,4769.27822331894,75.3,0.9081177520071364,0,0.077327296,0.15703611,687,XGBoost (tuned),D,not a siting recommendation
8865055549fffff,Hulu Langat,3.138419499017877,101.8852303894273,0.0,0.0,0.9081177520071364,0,0.0038951833,0.0056160754,3176,XGBoost (tuned),D,not a siting recommendation
8865055623fffff,Hulu Langat,3.0788130569346794,101.8526969120616,0.0,0.0,0.9081177520071364,0,0.0041223727,0.005641815,2673,XGBoost (tuned),D,not a siting recommendation
8865051819fffff,Hulu Langat,2.938258545742474,101.76317451210107,1059.8396051819866,6.6,0.9081177520071364,0,0.094080016,0.04692323,595,XGBoost (tuned),D,not a siting recommendation
8865055401fffff,Hulu Langat,3.1118439651960883,101.828737894986,2649.599012954967,52.3,0.9081177520071364,0,0.026305916,0.04213894,1083,XGBoost (tuned),D,not a siting recommendation
886505575bfffff,Hulu Langat,3.0766620965723,101.87950904522944,0.0,0.0,0.9081177520071364,0,0.0041223727,0.005641815,2673,XGBoost (tuned),D,not a siting recommendation
8865055765fffff,Hulu Langat,3.120106557046803,101.9195494096338,0.0,0.0,0.9081177520071364,0,0.003777552,0.0056160754,3493,XGBoost (tuned),D,not a siting recommendation
886505cdc7fffff,Hulu Langat,3.041489216287383,101.93026039693292,0.0,0.0,0.9081177520071364,0,0.0037636184,0.0057589277,3531,XGBoost (tuned),D,not a siting recommendation
88650556cdfffff,Hulu Langat,3.042726265820193,101.81784375396325,0.0,0.0,0.9081177520071364,0,0.003646992,0.0050193067,3760,XGBoost (tuned),D,not a siting recommendation
8865051857fffff,Hulu Langat,2.9375448120401884,101.77211132378184,1059.8396051819866,63.2,0.9081177520071364,0,0.09430069,0.046138003,593,XGBoost (tuned),D,not a siting recommendation
8865055081fffff,Hulu Langat,3.1583476667533046,101.92759848569428,0.0,0.0,0.9081177520071364,0,0.0037760949,0.0055850265,3509,XGBoost (tuned),D,not a siting recommendation
8865055585fffff,Hulu Langat,3.175771119374733,101.80762681912628,0.0,0.0,0.9081177520071364,0,0.003781746,0.004661907,3454,XGBoost (tuned),D,not a siting recommendation
88650550d1fffff,Hulu Langat,3.1355460977783483,101.9209814242406,0.0,0.0,0.9081177520071364,0,0.003726009,0.0056160754,3655,XGBoost (tuned),D,not a siting recommendation
8865055629fffff,Hulu Langat,3.0700187726429906,101.8653885876503,0.0,0.0,0.9081177520071364,0,0.004009701,0.005641815,2918,XGBoost (tuned),D,not a siting recommendation
8865055451fffff,Hulu Langat,3.089041764430295,101.82212635654818,0.0,0.0,0.9081177520071364,0,0.0038822538,0.004980998,3197,XGBoost (tuned),D,not a siting recommendation
8865055697fffff,Hulu Langat,3.0624606959110983,101.76563519449134,4769.27822331894,33.8,0.9081177520071364,0,0.047960475,0.072189346,884,XGBoost (tuned),D,not a siting recommendation
886505cd1bfffff,Hulu Langat,3.031980697384032,101.95187856771494,0.0,0.0,0.9081177520071364,0,0.0037814784,0.0057589277,3460,XGBoost (tuned),D,not a siting recommendation
886505194bfffff,Hulu Langat,2.979555541472429,101.83000782452449,529.9198025909933,1.7999999999999998,0.9081177520071364,0,0.017322224,0.009802812,1235,XGBoost (tuned),D,not a siting recommendation
88650552b3fffff,Hulu Langat,3.1193883755768232,101.92848600241834,0.0,0.0,0.9081177520071364,0,0.0037338429,0.0056160754,3639,XGBoost (tuned),D,not a siting recommendation
88650555e7fffff,Hulu Langat,3.1824162390508803,101.82175346282077,0.0,0.0,0.9081177520071364,0,0.003929576,0.004878623,3100,XGBoost (tuned),D,not a siting recommendation
88650556d9fffff,Hulu Langat,3.029436519591455,101.78960213085766,5299.198025909934,9.8,0.9081177520071364,0,0.066032484,0.043856684,764,XGBoost (tuned),D,not a siting recommendation
88650556c5fffff,Hulu Langat,3.05080300343347,101.81408830033644,1059.8396051819866,1.0,0.9081177520071364,0,0.007049435,0.009186859,1565,XGBoost (tuned),D,not a siting recommendation
88650556a1fffff,Hulu Langat,3.083113612779375,101.7990641576194,0.0,0.0,0.9081177520071364,0,0.0039340034,0.004759756,3087,XGBoost (tuned),D,not a siting recommendation
886505ce91fffff,Hulu Langat,2.936333297086159,101.8845099407238,0.0,0.0,0.9081177520071364,0,0.0043835226,0.0036419912,2281,XGBoost (tuned),D,not a siting recommendation
88650555c7fffff,Hulu Langat,3.1596078136196177,101.8151408314839,0.0,0.0,0.9081177520071364,0,0.003929576,0.0047924165,3100,XGBoost (tuned),D,not a siting recommendation
88650550ebfffff,Hulu Langat,3.1569097102199613,101.945472892369,0.0,0.0,0.9081177520071364,0,0.0040147393,0.0056160754,2885,XGBoost (tuned),D,not a siting recommendation
886505ccd7fffff,Hulu Langat,2.984053747891048,101.87093084366116,1059.8396051819866,3.7,0.9081177520071364,0,0.019844528,0.009823449,1191,XGBoost (tuned),D,not a siting recommendation
8865051943fffff,Hulu Langat,2.9876295804803794,101.82625354775436,0.0,0.0,0.9081177520071364,0,0.00422611,0.0034299428,2515,XGBoost (tuned),D,not a siting recommendation
886505551dfffff,Hulu Langat,3.156734897204117,101.85090345635852,0.0,0.0,0.9081177520071364,0,0.0040147393,0.0056160754,2885,XGBoost (tuned),D,not a siting recommendation
886505195bfffff,Hulu Langat,2.9736260555101484,101.80695378333225,6359.03763109192,12.4,0.9081177520071364,0,0.060478598,0.05980925,792,XGBoost (tuned),D,not a siting recommendation
886505cda5fffff,Hulu Langat,3.0804355472817804,101.92937330613913,0.0,0.0,0.9081177520071364,0,0.0037338429,0.005641815,3639,XGBoost (tuned),D,not a siting recommendation
8865055427fffff,Hulu Langat,3.1427280460435387,101.83159435253164,0.0,0.8,0.9081177520071364,0,0.0039675767,0.005914752,3034,XGBoost (tuned),D,not a siting recommendation
88650556c3fffff,Hulu Langat,3.0441581663934505,101.79996709217735,7418.877236273906,16.4,0.9081177520071364,0,0.056903295,0.06522121,816,XGBoost (tuned),D,not a siting recommendation
886505ceb1fffff,Hulu Langat,2.959119654729507,101.89112130763328,0.0,0.0,0.9081177520071364,0,0.0054107476,0.0036419912,1771,XGBoost (tuned),D,not a siting recommendation
8865051b0bfffff,Hulu Langat,2.939905179494647,101.8398413726724,1589.75940777298,2.4,0.9081177520071364,0,0.019895019,0.006540758,1189,XGBoost (tuned),D,not a siting recommendation
886505568bfffff,Hulu Langat,3.052951143851268,101.78727181128352,4239.358420727946,512.1,0.9081177520071364,1,0.11676805,0.15697652,495,XGBoost (tuned),D,not a siting recommendation
886505cda9fffff,Hulu Langat,3.064999672111401,101.92794117958348,0.0,0.0,0.9081177520071364,0,0.004009701,0.005641815,2918,XGBoost (tuned),D,not a siting recommendation
8865051b35fffff,Hulu Langat,2.9714818719794183,101.83376186847046,529.9198025909933,12.4,0.9081177520071364,0,0.022348767,0.018336607,1149,XGBoost (tuned),D,not a siting recommendation
88650519d3fffff,Hulu Langat,2.9867023515501168,101.74063320299206,529.9198025909933,1.9,0.9081177520071364,0,0.011787909,0.008158591,1408,XGBoost (tuned),D,not a siting recommendation
886505529dfffff,Hulu Langat,3.095154534193992,101.93974111767572,0.0,0.0,0.9081177520071364,0,0.0037338429,0.005641815,3639,XGBoost (tuned),D,not a siting recommendation
8865051833fffff,Hulu Langat,2.969838721098129,101.75708608024084,2119.679210363973,6.3,0.9081177520071364,0,0.07020314,0.029555779,738,XGBoost (tuned),D,not a siting recommendation
886505c5d5fffff,Hulu Langat,2.8753400917928325,101.86986063524986,529.9198025909933,1.3,0.9081177520071364,0,0.0101598315,0.0062612747,1455,XGBoost (tuned),D,not a siting recommendation
8865054263fffff,Hulu Langat,3.2215599415720058,101.91545066954286,0.0,0.0,0.9081177520071364,0,0.0036960563,0.005525933,3682,XGBoost (tuned),D,not a siting recommendation
886505cca5fffff,Hulu Langat,3.0289212887532937,101.89309031667962,0.0,0.0,0.9081177520071364,0,0.0037636184,0.0057589277,3531,XGBoost (tuned),D,not a siting recommendation
8865055769fffff,Hulu Langat,3.104667933261093,101.91811752231892,0.0,0.0,0.9081177520071364,0,0.004009701,0.005641815,2918,XGBoost (tuned),D,not a siting recommendation
8865051a69fffff,Hulu Langat,2.893619458381588,101.83555847891772,0.0,0.0,0.9081177520071364,0,0.0050846855,0.0036118408,1820,XGBoost (tuned),D,not a siting recommendation
886505cdcbfffff,Hulu Langat,3.026055805549124,101.92882840279088,0.0,0.0,0.9081177520071364,0,0.004238062,0.0057589277,2483,XGBoost (tuned),D,not a siting recommendation
886505ceabfffff,Hulu Langat,2.957689635600214,101.9089873238421,0.0,0.0,0.9081177520071364,0,0.0050199255,0.0036419912,1838,XGBoost (tuned),D,not a siting recommendation
886505c5b5fffff,Hulu Langat,2.9149765654677826,101.86003365612936,1059.8396051819866,12.9,0.9081177520071364,0,0.040249582,0.07853348,951,XGBoost (tuned),D,not a siting recommendation
886505185dfffff,Hulu Langat,2.9287586005612787,101.7848032126553,529.9198025909933,11.4,0.9081177520071364,0,0.12195742,0.14302804,483,XGBoost (tuned),D,not a siting recommendation
886505ccedfffff,Hulu Langat,3.00398141182188,101.91328029899684,0.0,0.0,0.9081177520071364,0,0.003970054,0.0058188974,3017,XGBoost (tuned),D,not a siting recommendation
8865051b6dfffff,Hulu Langat,2.952477050252248,101.87700623061176,21233.88648982107,237.2,0.9081177520071364,0,0.042079847,0.05077892,935,XGBoost (tuned),D,not a siting recommendation
8865051809fffff,Hulu Langat,2.9441898807999483,101.7862287361312,4239.358420727946,23.1,0.9081177520071364,0,0.19864558,0.18963124,326,XGBoost (tuned),D,not a siting recommendation
8865055099fffff,Hulu Langat,3.144344056724792,101.90829115736872,0.0,0.0,0.9081177520071364,0,0.0040147393,0.0056160754,2885,XGBoost (tuned),D,not a siting recommendation
8865055547fffff,Hulu Langat,3.1545796595508824,101.8777221204738,0.0,0.0,0.9081177520071364,0,0.0036821126,0.0056160754,3725,XGBoost (tuned),D,not a siting recommendation
8865055505fffff,Hulu Langat,3.1707412725109494,101.87021291811396,0.0,0.4,0.9081177520071364,0,0.004113768,0.005812504,2691,XGBoost (tuned),D,not a siting recommendation
886505568dfffff,Hulu Langat,3.0595963256955327,101.80139375385475,6359.03763109192,11.4,0.9081177520071364,0,0.045467474,0.034093734,905,XGBoost (tuned),D,not a siting recommendation
886505546bfffff,Hulu Langat,3.110409168167947,101.84661634368814,0.0,0.0,0.9081177520071364,0,0.003777552,0.005641815,3493,XGBoost (tuned),D,not a siting recommendation
886505431dfffff,Hulu Langat,3.259815980297645,101.92350186779124,0.0,0.0,0.9081177520071364,0,0.003913593,0.005525933,3125,XGBoost (tuned),D,not a siting recommendation
88650552bdfffff,Hulu Langat,3.117951859323244,101.9463582322856,0.0,0.0,0.9081177520071364,0,0.0040147393,0.0056160754,2885,XGBoost (tuned),D,not a siting recommendation
8865054017fffff,Hulu Langat,3.2736657956688027,101.84821165780804,0.0,0.0,0.9081177520071364,0,0.0040754643,0.003819785,2759,XGBoost (tuned),D,not a siting recommendation
88650552d9fffff,Hulu Langat,3.0709239927183782,101.95099413027364,0.0,0.0,0.9081177520071364,0,0.0037223683,0.005641815,3661,XGBoost (tuned),D,not a siting recommendation
886505cdadfffff,Hulu Langat,3.072358818923529,101.9331247669978,0.0,0.0,0.9081177520071364,0,0.0037223683,0.005641815,3661,XGBoost (tuned),D,not a siting recommendation
886505184dfffff,Hulu Langat,2.9346894034790263,101.80785545893504,1589.75940777298,2.4,0.9081177520071364,0,0.015198089,0.007856993,1305,XGBoost (tuned),D,not a siting recommendation
886505425dfffff,Hulu Langat,3.191390254010565,101.90364742179288,0.0,0.0,0.9081177520071364,0,0.0038472468,0.005525933,3337,XGBoost (tuned),D,not a siting recommendation
8865054247fffff,Hulu Langat,3.2061149502841064,101.9140185124464,0.0,0.0,0.9081177520071364,0,0.0038543106,0.005525933,3292,XGBoost (tuned),D,not a siting recommendation
88650556c1fffff,Hulu Langat,3.0434422410248403,101.80890557940442,5829.117828500926,10.0,0.9081177520071364,0,0.04876666,0.03007867,875,XGBoost (tuned),D,not a siting recommendation
88650519abfffff,Hulu Langat,3.0242217465566634,101.75760280514125,5299.198025909934,33.4,0.9081177520071364,1,0.20936815,0.09027316,308,XGBoost (tuned),D,not a siting recommendation
886505464bfffff,Hulu Langat,3.1491873429077315,101.75111913564338,21233.88648982107,225.7,0.9081177520071364,0,0.32879296,0.42238498,173,XGBoost (tuned),D,not a siting recommendation
88650554abfffff,Hulu Langat,3.132307762719692,101.76757901802452,11128.31585441086,499.9,0.9081177520071364,0,0.1199018,0.15223448,486,XGBoost (tuned),D,not a siting recommendation
8865051b49fffff,Hulu Langat,2.92233355601875,101.86521458435176,1589.75940777298,7.5,0.9081177520071364,0,0.037440363,0.029881189,971,XGBoost (tuned),D,not a siting recommendation
88650519dbfffff,Hulu Langat,2.978627462453937,101.74439066867744,529.9198025909933,24.7,0.9081177520071364,1,0.21333316,0.08306607,300,XGBoost (tuned),D,not a siting recommendation
886505184bfffff,Hulu Langat,2.928044894594469,101.79373906035995,1589.75940777298,5.4,0.9081177520071364,0,0.025932986,0.039814733,1091,XGBoost (tuned),D,not a siting recommendation
8865054251fffff,Hulu Langat,3.192109591069924,101.8947080434882,0.0,0.0,0.9081177520071364,0,0.0038472468,0.005525933,3337,XGBoost (tuned),D,not a siting recommendation
8865051963fffff,Hulu Langat,3.010422986265107,101.832863239942,0.0,0.0,0.9081177520071364,0,0.0037731957,0.0033461829,3525,XGBoost (tuned),D,not a siting recommendation
8865051b47fffff,Hulu Langat,2.938476567663105,101.85770974458912,1059.8396051819866,3.6,0.9081177520071364,0,0.05021227,0.025581997,865,XGBoost (tuned),D,not a siting recommendation
8865055649fffff,Hulu Langat,3.0303537360272585,101.87521937239538,0.0,0.0,0.9081177520071364,0,0.004157622,0.0057589277,2617,XGBoost (tuned),D,not a siting recommendation
8865051803fffff,Hulu Langat,2.952977002456041,101.77353635144408,10068.476249228874,19.9,0.9081177520071364,0,0.08817097,0.045087397,624,XGBoost (tuned),D,not a siting recommendation
886505423bfffff,Hulu Langat,3.224439556712696,101.87968954573849,0.0,0.0,0.9081177520071364,0,0.0036960563,0.005525933,3682,XGBoost (tuned),D,not a siting recommendation
8865055533fffff,Hulu Langat,3.18097895153801,101.83963620800844,0.0,0.0,0.9081177520071364,0,0.003854525,0.005525933,3269,XGBoost (tuned),D,not a siting recommendation
8865055423fffff,Hulu Langat,3.1353655694776115,101.82641010255458,0.0,0.0,0.9081177520071364,0,0.003726009,0.005022596,3655,XGBoost (tuned),D,not a siting recommendation
8865055705fffff,Hulu Langat,3.114181988535396,101.8964910425374,0.0,0.0,0.9081177520071364,0,0.0039963266,0.005641815,2972,XGBoost (tuned),D,not a siting recommendation
886505cea1fffff,Hulu Langat,2.9650467370994846,101.91416913902322,0.0,0.0,0.9081177520071364,0,0.0038929824,0.0036419912,3182,XGBoost (tuned),D,not a siting recommendation
88650542ebfffff,Hulu Langat,3.218515307114536,101.85662138696244,0.0,0.0,0.9081177520071364,0,0.0040147393,0.005525933,2885,XGBoost (tuned),D,not a siting recommendation
88650552b9fffff,Hulu Langat,3.110591953516097,101.94117387033393,0.0,0.0,0.9081177520071364,0,0.0039406163,0.005641815,3082,XGBoost (tuned),D,not a siting recommendation
8865055283fffff,Hulu Langat,3.102514130092026,101.94492523023386,0.0,0.0,0.9081177520071364,0,0.00399239,0.005641815,2977,XGBoost (tuned),D,not a siting recommendation
8865055759fffff,Hulu Langat,3.0759450090754608,101.88844579141448,0.0,0.0,0.9081177520071364,0,0.0041223727,0.005641815,2673,XGBoost (tuned),D,not a siting recommendation
886505cd17fffff,Hulu Langat,3.0474138257798744,101.95331155378518,0.0,0.0,0.9081177520071364,0,0.0038175303,0.0057589277,3408,XGBoost (tuned),D,not a siting recommendation
886505426dfffff,Hulu Langat,3.220119811765236,101.93332932503432,0.0,0.0,0.9081177520071364,0,0.003825541,0.005525933,3366,XGBoost (tuned),D,not a siting recommendation
8865055641fffff,Hulu Langat,3.038429371325528,101.87146621184708,0.0,1.0,0.9081177520071364,0,0.0038589104,0.0060591735,3252,XGBoost (tuned),D,not a siting recommendation
886505191dfffff,Hulu Langat,2.9971342281277784,101.80462523781138,2119.679210363973,9.5,0.9081177520071364,0,0.025493385,0.02762709,1097,XGBoost (tuned),D,not a siting recommendation
8865051825fffff,Hulu Langat,2.9824148470271323,101.7942617149316,7948.7970388649,66.3,0.9081177520071364,0,0.08544616,0.05713417,642,XGBoost (tuned),D,not a siting recommendation
88650519edfffff,Hulu Langat,3.0139999291498247,101.78817609594104,1059.8396051819866,11.8,0.9081177520071364,0,0.17200726,0.05485135,367,XGBoost (tuned),D,not a siting recommendation
88650555dbfffff,Hulu Langat,3.138236201350843,101.79064658052634,4239.358420727946,9.3,0.9081177520071364,0,0.036723625,0.030657012,979,XGBoost (tuned),D,not a siting recommendation
8865051b25fffff,Hulu Langat,2.977410556134422,101.85681411603682,0.0,0.0,0.9081177520071364,0,0.005796805,0.0036419912,1719,XGBoost (tuned),D,not a siting recommendation
8865051a2dfffff,Hulu Langat,2.9178319269809405,101.82429851733076,0.0,0.0,0.9081177520071364,0,0.006093564,0.0036419912,1658,XGBoost (tuned),D,not a siting recommendation
886505546dfffff,Hulu Langat,3.1170530962560234,101.86073907329184,0.0,0.0,0.9081177520071364,0,0.0039406163,0.005641815,3082,XGBoost (tuned),D,not a siting recommendation
88650542c7fffff,Hulu Langat,3.2111516382123506,101.85143582911292,0.0,0.0,0.9081177520071364,0,0.0038543106,0.005525933,3292,XGBoost (tuned),D,not a siting recommendation
8865051855fffff,Hulu Langat,2.936831030904411,101.78104782472415,1059.8396051819866,20.9,0.9081177520071364,0,0.15822427,0.13404877,393,XGBoost (tuned),D,not a siting recommendation
8865051a2bfffff,Hulu Langat,2.9111878854167386,101.81018330576546,0.0,0.0,0.9081177520071364,0,0.0047400524,0.0036419912,1909,XGBoost (tuned),D,not a siting recommendation
8865054045fffff,Hulu Langat,3.261978081359896,101.8966791857622,0.0,0.0,0.9081177520071364,0,0.003706145,0.005525933,3671,XGBoost (tuned),D,not a siting recommendation
8865055637fffff,Hulu Langat,3.080246778146835,101.83482058195496,0.0,0.0,0.9081177520071364,0,0.0036865165,0.0053211697,3709,XGBoost (tuned),D,not a siting recommendation
886505180bfffff,Hulu Langat,2.9449038316690443,101.77729220431684,7418.877236273906,30.0,0.9081177520071364,0,0.114855304,0.066561215,507,XGBoost (tuned),D,not a siting recommendation
88650555a5fffff,Hulu Langat,3.198581230301881,101.81423942472716,0.0,0.0,0.9081177520071364,0,0.0037851485,0.0036667837,3445,XGBoost (tuned),D,not a siting recommendation
8865051a25fffff,Hulu Langat,2.92590349430446,101.82054473138108,0.0,0.0,0.9081177520071364,0,0.005812432,0.0036419912,1712,XGBoost (tuned),D,not a siting recommendation
8865055453fffff,Hulu Langat,3.089758619860366,101.81318706383036,0.0,0.4,0.9081177520071364,0,0.0043172557,0.0052091754,2370,XGBoost (tuned),D,not a siting recommendation
886505560bfffff,Hulu Langat,3.047938116611844,101.84983923616048,529.9198025909933,18.8,0.9081177520071364,0,0.14301102,0.26438412,428,XGBoost (tuned),D,not a siting recommendation
8865055621fffff,Hulu Langat,3.0780961205608435,101.86163460513482,0.0,0.0,0.9081177520071364,0,0.004009701,0.005641815,2918,XGBoost (tuned),D,not a siting recommendation
8865055457fffff,Hulu Langat,3.0971203308405437,101.81837053440496,0.0,0.0,0.9081177520071364,0,0.0039582825,0.00491716,3045,XGBoost (tuned),D,not a siting recommendation
886505ccd1fffff,Hulu Langat,2.9759803257523822,101.87468340378167,0.0,1.0,0.9081177520071364,0,0.005549914,0.0038721564,1758,XGBoost (tuned),D,not a siting recommendation
8865051a15fffff,Hulu Langat,2.8971857590033627,101.79088764857552,1059.8396051819866,6.3,0.9081177520071364,0,0.016187016,0.019272832,1275,XGBoost (tuned),D,not a siting recommendation
886505c589fffff,Hulu Langat,2.882696009640062,101.87504098246582,0.0,0.0,0.9081177520071364,0,0.0051003145,0.0036118408,1812,XGBoost (tuned),D,not a siting recommendation
88650542cbfffff,Hulu Langat,3.195705479454207,101.85000640558492,0.0,0.0,0.9081177520071364,0,0.0037760949,0.005525933,3509,XGBoost (tuned),D,not a siting recommendation
8865051a27fffff,Hulu Langat,2.9266173414077987,101.81160982014111,0.0,0.0,0.9081177520071364,0,0.005812432,0.0036419912,1712,XGBoost (tuned),D,not a siting recommendation
8865051863fffff,Hulu Langat,2.958907813973881,101.79659097957526,2119.679210363973,5.6,0.9081177520071364,0,0.03629391,0.02520796,981,XGBoost (tuned),D,not a siting recommendation
8865055487fffff,Hulu Langat,3.1249443919687696,101.76239523085655,12188.155459592846,105.1,0.9081177520071364,0,0.15544905,0.12636319,397,XGBoost (tuned),D,not a siting recommendation
8865055433fffff,Hulu Langat,3.1294382369385927,101.80334491671472,0.0,1.0,0.9081177520071364,0,0.007804364,0.008480467,1537,XGBoost (tuned),D,not a siting recommendation
8865055735fffff,Hulu Langat,3.1310580631915306,101.88004596724808,0.0,0.0,0.9081177520071364,0,0.0037338429,0.0056160754,3639,XGBoost (tuned),D,not a siting recommendation
8865051901fffff,Hulu Langat,3.0037787654435406,101.818744295784,1059.8396051819866,1.0,0.9081177520071364,0,0.008495616,0.004284927,1517,XGBoost (tuned),D,not a siting recommendation
886505cccdfffff,Hulu Langat,2.981192215525935,101.90666700448732,0.0,0.0,0.9081177520071364,0,0.0050806324,0.007201618,1821,XGBoost (tuned),D,not a siting recommendation
886505c58bfffff,Hulu Langat,2.8834094211483148,101.8661090425015,0.0,0.0,0.9081177520071364,0,0.004918418,0.0036118408,1858,XGBoost (tuned),D,not a siting recommendation
886505cd33fffff,Hulu Langat,3.0628478807387443,101.9547446671671,0.0,0.0,0.9081177520071364,0,0.0039531835,0.0057589277,3057,XGBoost (tuned),D,not a siting recommendation
886505540dfffff,Hulu Langat,3.111126592355532,101.83767727641164,529.9198025909933,6.0,0.9081177520071364,0,0.016028147,0.017320666,1279,XGBoost (tuned),D,not a siting recommendation
886505cde7fffff,Hulu Langat,3.0642824580492087,101.9368759942985,0.0,0.0,0.9081177520071364,0,0.0037223683,0.005641815,3661,XGBoost (tuned),D,not a siting recommendation
88650555d3fffff,Hulu Langat,3.1463170684963764,101.78688901838532,0.0,0.4,0.9081177520071364,0,0.0036987509,0.0049880813,3676,XGBoost (tuned),D,not a siting recommendation
8865055415fffff,Hulu Langat,3.113278556599952,101.81085819136206,3179.51881554596,10.8,0.9081177520071364,0,0.036806833,0.052144047,977,XGBoost (tuned),D,not a siting recommendation
8865051b29fffff,Hulu Langat,2.961979123597358,101.8553854821614,1059.8396051819866,1.0,0.9081177520071364,0,0.006915545,0.0045189816,1576,XGBoost (tuned),D,not a siting recommendation
88650550d5fffff,Hulu Langat,3.142906903633495,101.92616609424648,0.0,0.0,0.9081177520071364,0,0.003854525,0.0056160754,3269,XGBoost (tuned),D,not a siting recommendation
88650519b7fffff,Hulu Langat,3.0337289736611446,101.7359650394738,1589.75940777298,58.6,0.9081177520071364,0,0.05721588,0.02892695,814,XGBoost (tuned),D,not a siting recommendation
88650550d9fffff,Hulu Langat,3.127467054149865,101.92473383012316,0.0,0.0,0.9081177520071364,0,0.0039077383,0.0056160754,3142,XGBoost (tuned),D,not a siting recommendation
88650550a3fffff,Hulu Langat,3.181870199746881,101.92527823196436,0.0,0.0,0.9081177520071364,0,0.0038543106,0.005525933,3292,XGBoost (tuned),D,not a siting recommendation
886505425bfffff,Hulu Langat,3.184747165528352,101.88952273342154,0.0,0.0,0.9081177520071364,0,0.003854525,0.005525933,3269,XGBoost (tuned),D,not a siting recommendation
88650542a3fffff,Hulu Langat,3.243486418516879,101.8364099588456,0.0,0.0,0.9081177520071364,0,0.0037361798,0.003745618,3622,XGBoost (tuned),D,not a siting recommendation
8865055435fffff,Hulu Langat,3.136083305576701,101.81746969149911,0.0,0.0,0.9081177520071364,0,0.0035680025,0.00489471,3931,XGBoost (tuned),D,not a siting recommendation
886505544dfffff,Hulu Langat,3.094251913978101,101.8541259406674,0.0,0.0,0.9081177520071364,0,0.0037809089,0.005641815,3474,XGBoost (tuned),D,not a siting recommendation
8865051b69fffff,Hulu Langat,2.9451195827498933,101.87182477520088,21233.88648982107,133.7,0.9081177520071364,0,0.11246371,0.06086601,513,XGBoost (tuned),D,not a siting recommendation
886505c5b9fffff,Hulu Langat,2.8995492017992284,101.85860515831756,0.0,2.0,0.9081177520071364,0,0.008996658,0.00556125,1494,XGBoost (tuned),D,not a siting recommendation
8865051a45fffff,Hulu Langat,2.886262609699568,101.83037813634002,529.9198025909933,1.6,0.9081177520071364,0,0.013408017,0.011443589,1351,XGBoost (tuned),D,not a siting recommendation
8865054267fffff,Hulu Langat,3.2289226891645937,101.92063667210648,0.0,0.0,0.9081177520071364,0,0.0036821126,0.005525933,3725,XGBoost (tuned),D,not a siting recommendation
8865055667fffff,Hulu Langat,3.069301908469181,101.8743256216724,0.0,0.0,0.9081177520071364,0,0.0037809089,0.005641815,3474,XGBoost (tuned),D,not a siting recommendation
88650555cdfffff,Hulu Langat,3.150808673485236,101.82783827205456,0.0,0.0,0.9081177520071364,0,0.0038297481,0.005225395,3357,XGBoost (tuned),D,not a siting recommendation
8865051817fffff,Hulu Langat,2.9544050050748383,101.75566167177526,529.9198025909933,61.5,0.9081177520071364,0,0.24838059,0.1083764,249,XGBoost (tuned),D,not a siting recommendation
88650550a9fffff,Hulu Langat,3.17307009088446,101.93796873895508,0.0,0.0,0.9081177520071364,0,0.0038543106,0.005525933,3292,XGBoost (tuned),D,not a siting recommendation
886505cd83fffff,Hulu Langat,3.050998404829089,101.90863933960684,0.0,0.0,0.9081177520071364,0,0.0037334936,0.0057589277,3649,XGBoost (tuned),D,not a siting recommendation
88650550ddfffff,Hulu Langat,3.134827618441704,101.92991838872078,0.0,0.0,0.9081177520071364,0,0.0036821126,0.0056160754,3725,XGBoost (tuned),D,not a siting recommendation
88650550c9fffff,Hulu Langat,3.133390505350844,101.947791361688,0.0,0.0,0.9081177520071364,0,0.0039077383,0.0056160754,3142,XGBoost (tuned),D,not a siting recommendation
8865051b15fffff,Hulu Langat,2.948691849226488,101.82715291702785,1589.75940777298,2.4,0.9081177520071364,0,0.013184147,0.006540758,1359,XGBoost (tuned),D,not a siting recommendation
8865051811fffff,Hulu Langat,2.946331590583662,101.75941820811929,1589.75940777298,19.5,0.9081177520071364,1,0.25715375,0.045032065,239,XGBoost (tuned),D,not a siting recommendation
8865054261fffff,Hulu Langat,3.220839903472016,101.92439015650474,0.0,0.0,0.9081177520071364,0,0.0038543106,0.005525933,3292,XGBoost (tuned),D,not a siting recommendation
88650542dbfffff,Hulu Langat,3.18977981695237,101.82693843315356,0.0,0.0,0.9081177520071364,0,0.003612675,0.0051414915,3795,XGBoost (tuned),D,not a siting recommendation
886505cca1fffff,Hulu Langat,3.0215623934129243,101.88790758602616,0.0,0.0,0.9081177520071364,0,0.004238062,0.0058188974,2483,XGBoost (tuned),D,not a siting recommendation
8865054223fffff,Hulu Langat,3.238446344936737,101.899002282224,0.0,0.0,0.9081177520071364,0,0.0036821126,0.005525933,3725,XGBoost (tuned),D,not a siting recommendation
8865055555fffff,Hulu Langat,3.147936031488975,101.86359826573889,0.0,0.0,0.9081177520071364,0,0.0038543106,0.0056160754,3292,XGBoost (tuned),D,not a siting recommendation
8865055485fffff,Hulu Langat,3.124227260434901,101.77133714173044,3709.438618136953,86.7,0.9081177520071364,0,0.093990564,0.10034215,597,XGBoost (tuned),D,not a siting recommendation
886505ccc1fffff,Hulu Langat,2.981907670574127,101.89773343894348,0.0,0.0,0.9081177520071364,0,0.0050806324,0.0036419912,1821,XGBoost (tuned),D,not a siting recommendation
8865055299fffff,Hulu Langat,3.0877950064496527,101.934557142951,0.0,0.0,0.9081177520071364,0,0.0037809089,0.005641815,3474,XGBoost (tuned),D,not a siting recommendation
8865054295fffff,Hulu Langat,3.2213929302429705,101.82085279757963,0.0,0.0,0.9081177520071364,0,0.0036960563,0.0036667837,3682,XGBoost (tuned),D,not a siting recommendation
88650554e9fffff,Hulu Langat,3.1147129419072628,101.79297723616683,0.0,0.0,0.9081177520071364,0,0.0039081764,0.004729314,3136,XGBoost (tuned),D,not a siting recommendation
8865051a17fffff,Hulu Langat,2.897898880256396,101.78195254620184,529.9198025909933,6.5,0.9081177520071364,0,0.020702414,0.017648878,1172,XGBoost (tuned),D,not a siting recommendation
8865051947fffff,Hulu Langat,2.9949887958917936,101.83143546873556,1059.8396051819866,1.0,0.9081177520071364,0,0.006751986,0.0043079904,1589,XGBoost (tuned),D,not a siting recommendation
8865055607fffff,Hulu Langat,3.063375123750176,101.85126801056435,0.0,0.0,0.9081177520071364,0,0.0041263467,0.0057589277,2655,XGBoost (tuned),D,not a siting recommendation
886505199dfffff,Hulu Langat,3.002138528360013,101.74205711859324,1059.8396051819866,125.4,0.9081177520071364,0,0.048148245,0.02634871,883,XGBoost (tuned),D,not a siting recommendation
8865051869fffff,Hulu Langat,2.950120424065032,101.8092819774182,1059.8396051819866,1.4,0.9081177520071364,0,0.011971089,0.005772395,1402,XGBoost (tuned),D,not a siting recommendation
8865051a53fffff,Hulu Langat,2.873687542299137,101.79321657763067,3179.51881554596,5.0,0.9081177520071364,0,0.018459685,0.015110348,1215,XGBoost (tuned),D,not a siting recommendation
886505ceb3fffff,Hulu Langat,2.9598345932080075,101.88218782477068,0.0,0.0,0.9081177520071364,0,0.005796805,0.0036419912,1719,XGBoost (tuned),D,not a siting recommendation
886505565bfffff,Hulu Langat,3.025142280462546,101.84322799981128,0.0,0.0,0.9081177520071364,0,0.003945011,0.0057589277,3069,XGBoost (tuned),D,not a siting recommendation
886505555bfffff,Hulu Langat,3.133212049485028,101.85322945205029,0.0,0.0,0.9081177520071364,0,0.0038951833,0.0056160754,3176,XGBoost (tuned),D,not a siting recommendation
886505c5a1fffff,Hulu Langat,2.9135486055804085,101.87789933825864,1059.8396051819866,1.0,0.9081177520071364,0,0.01076988,0.0044732955,1434,XGBoost (tuned),D,not a siting recommendation
8865051985fffff,Hulu Langat,3.0161455047512,101.76136006653428,3709.438618136953,48.8,0.9081177520071364,0,0.06310196,0.050458547,779,XGBoost (tuned),D,not a siting recommendation
8865051807fffff,Hulu Langat,2.9603363478392115,101.77871748183432,6888.957433682914,100.7,0.9081177520071364,0,0.16042311,0.21869873,386,XGBoost (tuned),D,not a siting recommendation
8865051999fffff,Hulu Langat,2.994777608298214,101.73687550499828,529.9198025909933,9.0,0.9081177520071364,0,0.024676623,0.009639359,1110,XGBoost (tuned),D,not a siting recommendation
8865051a01fffff,Hulu Langat,2.895759377451562,101.80875691827204,0.0,0.0,0.9081177520071364,0,0.0047400524,0.0036118408,1909,XGBoost (tuned),D,not a siting recommendation
886505552dfffff,Hulu Langat,3.1854662748879674,101.88058306592596,0.0,0.0,0.9081177520071364,0,0.0038543106,0.005525933,3292,XGBoost (tuned),D,not a siting recommendation
8865051b67fffff,Hulu Langat,2.9612643277003885,101.86431991161705,0.0,0.0,0.9081177520071364,0,0.0038929824,0.0036419912,3182,XGBoost (tuned),D,not a siting recommendation
88650542a1fffff,Hulu Langat,3.242766571242977,101.84535266570764,0.0,0.0,0.9081177520071364,0,0.0040147393,0.0037687244,2885,XGBoost (tuned),D,not a siting recommendation
8865051867fffff,Hulu Langat,2.9662668964078525,101.80177231145416,1059.8396051819866,5.5,0.9081177520071364,0,0.09356128,0.06986892,600,XGBoost (tuned),D,not a siting recommendation
88650519d7fffff,Hulu Langat,2.994063024986871,101.74581470754003,5829.117828500926,26.1,0.9081177520071364,0,0.15523152,0.0535801,398,XGBoost (tuned),D,not a siting recommendation
8865051953fffff,Hulu Langat,2.981700093124229,101.8031987111724,10598.396051819867,94.8,0.9081177520071364,0,0.042756252,0.040418446,931,XGBoost (tuned),D,not a siting recommendation
8865055195fffff,Hulu Langat,3.211317486797492,101.94602073467888,0.0,0.0,0.9081177520071364,0,0.0036960563,0.005525933,3682,XGBoost (tuned),D,not a siting recommendation
88650554adfffff,Hulu Langat,3.138953728904108,101.78170491899688,3709.438618136953,198.2,0.9081177520071364,1,0.0989146,0.16173953,578,XGBoost (tuned),D,not a siting recommendation
8865055441fffff,Hulu Langat,3.094969094631973,101.84518756038986,0.0,0.0,0.9081177520071364,0,0.0037809089,0.005641815,3474,XGBoost (tuned),D,not a siting recommendation
886505cebbfffff,Hulu Langat,2.951762283600042,101.88593968561824,0.0,0.0,0.9081177520071364,0,0.0041105286,0.0036419912,2700,XGBoost (tuned),D,not a siting recommendation
886505550bfffff,Hulu Langat,3.156016536967788,101.85984332647958,0.0,0.0,0.9081177520071364,0,0.0038543106,0.0056160754,3292,XGBoost (tuned),D,not a siting recommendation
886505562bfffff,Hulu Langat,3.07073558659709,101.8564512382562,0.0,0.0,0.9081177520071364,0,0.0041223727,0.005641815,2673,XGBoost (tuned),D,not a siting recommendation
886505183bfffff,Hulu Langat,2.9617646898780694,101.76084273972543,2119.679210363973,55.8,0.9081177520071364,1,0.30303258,0.36953902,196,XGBoost (tuned),D,not a siting recommendation
8865051929fffff,Hulu Langat,3.0184982547192933,101.82910871774776,0.0,0.0,0.9081177520071364,0,0.004147453,0.0033129044,2630,XGBoost (tuned),D,not a siting recommendation
8865051b1dfffff,Hulu Langat,2.940619414669443,101.8309067156194,0.0,0.0,0.9081177520071364,0,0.0041105286,0.0036419912,2700,XGBoost (tuned),D,not a siting recommendation
886505cc17fffff,Hulu Langat,2.995907624674925,101.91703149393857,0.0,0.0,0.9081177520071364,0,0.0038216307,0.0058188974,3388,XGBoost (tuned),D,not a siting recommendation
886505574dfffff,Hulu Langat,3.08923022861013,101.91668576228078,0.0,0.0,0.9081177520071364,0,0.004009701,0.005641815,2918,XGBoost (tuned),D,not a siting recommendation
8865055763fffff,Hulu Langat,3.1134640835894736,101.90542824360216,0.0,0.0,0.9081177520071364,0,0.0040560556,0.005641815,2786,XGBoost (tuned),D,not a siting recommendation
886505cddbfffff,Hulu Langat,3.020130095606701,101.90577720908774,0.0,0.0,0.9081177520071364,0,0.0041872575,0.0058188974,2569,XGBoost (tuned),D,not a siting recommendation
8865051b17fffff,Hulu Langat,2.949406160400708,101.81821760368642,1589.75940777298,2.4,0.9081177520071364,0,0.012679154,0.006540758,1371,XGBoost (tuned),D,not a siting recommendation
8865051849fffff,Hulu Langat,2.927331141523888,101.802674596328,0.0,0.4,0.9081177520071364,0,0.005719284,0.0038399128,1737,XGBoost (tuned),D,not a siting recommendation
8865051845fffff,Hulu Langat,2.9427618365297734,101.80410086509828,0.0,0.0,0.9081177520071364,0,0.00581954,0.0036419912,1708,XGBoost (tuned),D,not a siting recommendation
886505cc85fffff,Hulu Langat,3.0061290409750634,101.886477455034,0.0,0.0,0.9081177520071364,0,0.0042379457,0.0058188974,2491,XGBoost (tuned),D,not a siting recommendation
886505ccb1fffff,Hulu Langat,3.015635327639881,101.8648541617708,529.9198025909933,3.9,0.9081177520071364,0,0.023046961,0.02731214,1137,XGBoost (tuned),D,not a siting recommendation
886505cda7fffff,Hulu Langat,3.0811530094126405,101.92043780154842,0.0,0.0,0.9081177520071364,0,0.0039531835,0.005641815,3057,XGBoost (tuned),D,not a siting recommendation
8865055565fffff,Hulu Langat,3.176665818038055,101.89327688517952,0.0,0.0,0.9081177520071364,0,0.0038543106,0.005525933,3292,XGBoost (tuned),D,not a siting recommendation
886505ce95fffff,Hulu Langat,2.943690345633199,101.88969131335392,0.0,0.5,0.9081177520071364,0,0.004964466,0.0043242243,1849,XGBoost (tuned),D,not a siting recommendation
8865055615fffff,Hulu Langat,3.0567311512671416,101.83714731568548,0.0,0.0,0.9081177520071364,0,0.0042093713,0.0055052103,2536,XGBoost (tuned),D,not a siting recommendation
886505cc39fffff,Hulu Langat,3.0025494169773337,101.9311472748759,0.0,0.0,0.9081177520071364,0,0.003970054,0.0058188974,3017,XGBoost (tuned),D,not a siting recommendation
886505cc99fffff,Hulu Langat,2.98476901085893,101.86199601374238,1059.8396051819866,5.0,0.9081177520071364,0,0.020295983,0.009564954,1185,XGBoost (tuned),D,not a siting recommendation
8865051a43fffff,Hulu Langat,2.879618852892752,101.81626445178522,0.0,0.9,0.9081177520071364,0,0.0066816607,0.004449567,1594,XGBoost (tuned),D,not a siting recommendation
88650519b1fffff,Hulu Langat,3.02565212462906,101.73972321641132,5829.117828500926,115.4,0.9081177520071364,1,0.30251396,0.28935224,197,XGBoost (tuned),D,not a siting recommendation
88650554ddfffff,Hulu Langat,3.0933421317078444,101.76848591425605,4239.358420727946,10.0,0.9081177520071364,0,0.024182359,0.03073586,1119,XGBoost (tuned),D,not a siting recommendation
8865055443fffff,Hulu Langat,3.0956862243663235,101.83624886564122,0.0,0.0,0.9081177520071364,0,0.003983931,0.005393229,2984,XGBoost (tuned),D,not a siting recommendation
8865051815fffff,Hulu Langat,2.953691027695452,101.76459916681762,1059.8396051819866,4.0,0.9081177520071364,1,0.17054427,0.03534054,370,XGBoost (tuned),D,not a siting recommendation
8865050b45fffff,Hulu Langat,3.0558146284602272,101.75151213113,7418.877236273906,126.9,0.9081177520071364,0,0.17213674,0.17910387,366,XGBoost (tuned),D,not a siting recommendation
886505cd93fffff,Hulu Langat,3.045072433698704,101.88558513839276,0.0,0.0,0.9081177520071364,0,0.0038175303,0.0057589277,3408,XGBoost (tuned),D,not a siting recommendation
88650554d1fffff,Hulu Langat,3.0940586806043044,101.75954475007728,7418.877236273906,85.3,0.9081177520071364,0,0.05212057,0.056703653,852,XGBoost (tuned),D,not a siting recommendation
8865055097fffff,Hulu Langat,3.160504210849648,101.90078448826354,0.0,0.0,0.9081177520071364,0,0.0040147393,0.0055331727,2885,XGBoost (tuned),D,not a siting recommendation
88650555c5fffff,Hulu Langat,3.158889663313689,101.8240819585235,0.0,0.0,0.9081177520071364,0,0.0037851485,0.0049948115,3445,XGBoost (tuned),D,not a siting recommendation
8865055687fffff,Hulu Langat,3.06839020596467,101.78869797705744,4239.358420727946,18.4,0.9081177520071364,0,0.07084142,0.07882163,733,XGBoost (tuned),D,not a siting recommendation
886505c5c7fffff,Hulu Langat,2.8819825524999043,101.88397260696468,0.0,0.0,0.9081177520071364,0,0.005056737,0.0036118408,1825,XGBoost (tuned),D,not a siting recommendation
8865051ae7fffff,Hulu Langat,2.914754953049352,101.76550593271122,0.0,0.0,0.9081177520071364,0,0.0059294077,0.0036419912,1681,XGBoost (tuned),D,not a siting recommendation
8865051839fffff,Hulu Langat,2.96105054286614,101.76978026611654,529.9198025909933,3.6,0.9081177520071364,0,0.036104117,0.016609596,983,XGBoost (tuned),D,not a siting recommendation
886505428dfffff,Hulu Langat,3.219234793848858,101.84767971143664,0.0,0.0,0.9081177520071364,0,0.0040147393,0.005525933,2885,XGBoost (tuned),D,not a siting recommendation
88650550abfffff,Hulu Langat,3.173789341318433,101.9290310044818,0.0,0.0,0.9081177520071364,0,0.0040147393,0.005525933,2885,XGBoost (tuned),D,not a siting recommendation
886505556dfffff,Hulu Langat,3.168584833011425,101.89703080346366,0.0,0.0,0.9081177520071364,0,0.0040147393,0.005525933,2885,XGBoost (tuned),D,not a siting recommendation
8865055447fffff,Hulu Langat,3.103047661190768,101.84143253493376,0.0,0.0,0.9081177520071364,0,0.004009701,0.005641815,2918,XGBoost (tuned),D,not a siting recommendation
8865051ae1fffff,Hulu Langat,2.9066832683367654,101.76926164888884,1059.8396051819866,2.0,0.9081177520071364,0,0.022881363,0.011791343,1142,XGBoost (tuned),D,not a siting recommendation
8865055403fffff,Hulu Langat,3.1125612866305725,101.81979819982988,1059.8396051819866,49.0,0.9081177520071364,0,0.025495406,0.041330528,1096,XGBoost (tuned),D,not a siting recommendation
886505ccc9fffff,Hulu Langat,2.9738346211146265,101.90148496714704,0.0,0.0,0.9081177520071364,0,0.0038697529,0.0036419912,3231,XGBoost (tuned),D,not a siting recommendation
88650555edfffff,Hulu Langat,3.173615787886592,101.83445131851688,0.0,0.0,0.9081177520071364,0,0.0038297481,0.005211837,3357,XGBoost (tuned),D,not a siting recommendation
88650550d7fffff,Hulu Langat,3.143625506061731,101.917228784781,0.0,0.0,0.9081177520071364,0,0.0040147393,0.0056160754,2885,XGBoost (tuned),D,not a siting recommendation
886505cd97fffff,Hulu Langat,3.052431889959573,101.89076822945812,0.0,0.0,0.9081177520071364,0,0.0041435747,0.0057589277,2637,XGBoost (tuned),D,not a siting recommendation
886505c5c3fffff,Hulu Langat,2.8746268054331483,101.87879223170012,0.0,0.0,0.9081177520071364,0,0.0039031308,0.0036118408,3158,XGBoost (tuned),D,not a siting recommendation
886505cdb7fffff,Hulu Langat,3.075227871322173,101.89738222113388,0.0,0.0,0.9081177520071364,0,0.0041223727,0.005641815,2673,XGBoost (tuned),D,not a siting recommendation
886505555dfffff,Hulu Langat,3.139855889144479,101.86735297173864,0.0,0.0,0.9081177520071364,0,0.003726009,0.0056160754,3655,XGBoost (tuned),D,not a siting recommendation
886505182dfffff,Hulu Langat,2.9743406871326004,101.79801712950736,14307.83466995682,283.6,0.9081177520071364,0,0.05363168,0.11762642,840,XGBoost (tuned),D,not a siting recommendation
886505cc07fffff,Hulu Langat,3.001833347108347,101.94008028553426,0.0,0.0,0.9081177520071364,0,0.0042379457,0.0058188974,2491,XGBoost (tuned),D,not a siting recommendation
8865055407fffff,Hulu Langat,3.119923381839085,101.82498206014698,1059.8396051819866,1.0,0.9081177520071364,0,0.006569749,0.008987624,1602,XGBoost (tuned),D,not a siting recommendation
886505181dfffff,Hulu Langat,2.94561773494972,101.76835536150666,1589.75940777298,31.8,0.9081177520071364,0,0.284775,0.15638973,213,XGBoost (tuned),D,not a siting recommendation
886505548bfffff,Hulu Langat,3.1095010757404813,101.7609699270056,11128.31585441086,169.79999999999998,0.9081177520071364,0,0.05448651,0.07020538,831,XGBoost (tuned),D,not a siting recommendation
886505cca9fffff,Hulu Langat,3.013487618652282,101.89165993620487,0.0,0.0,0.9081177520071364,0,0.0038216307,0.0058188974,3388,XGBoost (tuned),D,not a siting recommendation
8865050b69fffff,Hulu Langat,3.0631766623657644,101.7566947769278,20666.87230104874,56.9,0.9081177520071364,0,0.0439989,0.07100858,919,XGBoost (tuned),D,not a siting recommendation
8865054219fffff,Hulu Langat,3.200910946294622,101.88201372952594,0.0,0.0,0.9081177520071364,0,0.0038543106,0.005525933,3292,XGBoost (tuned),D,not a siting recommendation
8865054359fffff,Hulu Langat,3.2355651101871645,101.9347623533325,0.0,0.0,0.9081177520071364,0,0.003825541,0.005525933,3366,XGBoost (tuned),D,not a siting recommendation
8865055469fffff,Hulu Langat,3.1096916926923845,101.8555550963969,1059.8396051819866,1.4,0.9081177520071364,0,0.008007808,0.010567566,1532,XGBoost (tuned),D,not a siting recommendation
8865050b65fffff,Hulu Langat,3.07861720874981,101.7581197000564,3179.51881554596,47.9,0.9081177520071364,0,0.07789682,0.07516647,685,XGBoost (tuned),D,not a siting recommendation
8865051865fffff,Hulu Langat,2.9655523872520164,101.8107086228116,1059.8396051819866,4.6,0.9081177520071364,0,0.030919777,0.014335918,1040,XGBoost (tuned),D,not a siting recommendation
886505cc91fffff,Hulu Langat,2.9928429266575054,101.85824287695176,0.0,0.0,0.9081177520071364,0,0.0043394845,0.0034299428,2341,XGBoost (tuned),D,not a siting recommendation
8865055669fffff,Hulu Langat,3.053148558041684,101.88183219938084,0.0,0.0,0.9081177520071364,0,0.004273314,0.0057589277,2442,XGBoost (tuned),D,not a siting recommendation
886505cdbdfffff,Hulu Langat,3.06643395075501,101.91007059567951,0.0,0.0,0.9081177520071364,0,0.004009701,0.005641815,2918,XGBoost (tuned),D,not a siting recommendation
886505cc83fffff,Hulu Langat,2.9994861433613087,101.87236022614232,529.9198025909933,3.4,0.9081177520071364,0,0.020482454,0.031009942,1180,XGBoost (tuned),D,not a siting recommendation
886505545bfffff,Hulu Langat,3.081680296918828,101.81694299602454,0.0,0.0,0.9081177520071364,0,0.0039582825,0.00491716,3045,XGBoost (tuned),D,not a siting recommendation
8865055753fffff,Hulu Langat,3.0847395653767653,101.87575551730296,0.0,0.0,0.9081177520071364,0,0.0041223727,0.005641815,2673,XGBoost (tuned),D,not a siting recommendation
88650519e5fffff,Hulu Langat,3.0220758075499607,101.78441986053846,2649.599012954967,18.8,0.9081177520071364,0,0.15225092,0.08404483,407,XGBoost (tuned),D,not a siting recommendation
886505428bfffff,Hulu Langat,3.212590209369992,101.8335522212823,0.0,0.0,0.9081177520071364,0,0.0039546504,0.0036907692,3050,XGBoost (tuned),D,not a siting recommendation
88650542edfffff,Hulu Langat,3.225159325885243,101.8707484728905,0.0,0.0,0.9081177520071364,0,0.003825541,0.005525933,3366,XGBoost (tuned),D,not a siting recommendation
88650556a5fffff,Hulu Langat,3.0904754243488197,101.80424745815498,0.0,0.4,0.9081177520071364,0,0.0041097812,0.0050740154,2702,XGBoost (tuned),D,not a siting recommendation
886505cc15fffff,Hulu Langat,2.9951917761555444,101.9259647962118,0.0,0.0,0.9081177520071364,0,0.0038216307,0.0058188974,3388,XGBoost (tuned),D,not a siting recommendation
88650554cdfffff,Hulu Langat,3.099271107181063,101.79155068948393,0.0,1.0,0.9081177520071364,0,0.003984875,0.0049761464,2983,XGBoost (tuned),D,not a siting recommendation
88650542c1fffff,Hulu Langat,3.203068842872258,101.85519171351122,0.0,0.0,0.9081177520071364,0,0.0038543106,0.005525933,3292,XGBoost (tuned),D,not a siting recommendation
8865055751fffff,Hulu Langat,3.084022355005922,101.884692607598,0.0,0.0,0.9081177520071364,0,0.0037809089,0.005641815,3474,XGBoost (tuned),D,not a siting recommendation
886505cde9fffff,Hulu Langat,3.0481308403511584,101.94437774818466,0.0,0.0,0.9081177520071364,0,0.0039787423,0.0057589277,3002,XGBoost (tuned),D,not a siting recommendation
886505cd99fffff,Hulu Langat,3.036280256051127,101.8982731858804,0.0,0.0,0.9081177520071364,0,0.004238062,0.0057589277,2483,XGBoost (tuned),D,not a siting recommendation
8865051b31fffff,Hulu Langat,2.964123225189953,101.82858030729363,5299.198025909934,365.2,0.9081177520071364,0,0.036035396,0.079040386,987,XGBoost (tuned),D,not a siting recommendation
8865051841fffff,Hulu Langat,2.935403326565542,101.79891989271918,9008.636644046886,20.3,0.9081177520071364,0,0.083748035,0.066862255,653,XGBoost (tuned),D,not a siting recommendation
886505c5a3fffff,Hulu Langat,2.914262608736448,101.86896665481456,15367.674275138806,33.6,0.9081177520071364,0,0.03708203,0.0471589,974,XGBoost (tuned),D,not a siting recommendation
8865055515fffff,Hulu Langat,3.1648158866375784,101.8471479400921,1059.8396051819866,2.8,0.9081177520071364,0,0.018511686,0.028490888,1213,XGBoost (tuned),D,not a siting recommendation
8865055755fffff,Hulu Langat,3.091382683347272,101.88987630869886,0.0,0.0,0.9081177520071364,0,0.0037338429,0.005641815,3639,XGBoost (tuned),D,not a siting recommendation
88650552d3fffff,Hulu Langat,3.079718034975883,101.93830849233564,0.0,0.0,0.9081177520071364,0,0.0037809089,0.005641815,3474,XGBoost (tuned),D,not a siting recommendation
886505cde1fffff,Hulu Langat,3.056206465058549,101.94062698803091,0.0,0.0,0.9081177520071364,0,0.003797234,0.0057589277,3432,XGBoost (tuned),D,not a siting recommendation
88650550b7fffff,Hulu Langat,3.183308788187415,101.90740111781744,0.0,0.0,0.9081177520071364,0,0.0038543106,0.005525933,3292,XGBoost (tuned),D,not a siting recommendation
886505cd91fffff,Hulu Langat,3.044355889022142,101.8945208243159,0.0,0.0,0.9081177520071364,0,0.004273314,0.0057589277,2442,XGBoost (tuned),D,not a siting recommendation
8865055297fffff,Hulu Langat,3.103950049608025,101.92705374342742,0.0,0.0,0.9081177520071364,0,0.0037338429,0.005641815,3639,XGBoost (tuned),D,not a siting recommendation
88650542d9fffff,Hulu Langat,3.189061026202008,101.83587999221233,0.0,0.0,0.9081177520071364,0,0.0039546504,0.0052824263,3050,XGBoost (tuned),D,not a siting recommendation
8865054233fffff,Hulu Langat,3.232522949730962,101.87593433761924,0.0,0.0,0.9081177520071364,0,0.0040147393,0.005525933,2885,XGBoost (tuned),D,not a siting recommendation
8865051843fffff,Hulu Langat,2.936117202393436,101.78998401450944,2649.599012954967,15.3,0.9081177520071364,0,0.20287833,0.11488038,319,XGBoost (tuned),D,not a siting recommendation
88650519e1fffff,Hulu Langat,3.014715170311615,101.77923773055184,529.9198025909933,46.3,0.9081177520071364,0,0.08992111,0.033617966,617,XGBoost (tuned),D,not a siting recommendation
8865055091fffff,Hulu Langat,3.1524239519537853,101.9045379395687,0.0,0.0,0.9081177520071364,0,0.003854525,0.0056160754,3269,XGBoost (tuned),D,not a siting recommendation
886505ccd9fffff,Hulu Langat,2.9679072740583896,101.87843573082166,0.0,0.0,0.9081177520071364,0,0.0051368177,0.0036419912,1801,XGBoost (tuned),D,not a siting recommendation
886505cdc1fffff,Hulu Langat,3.033414079815873,101.93401138007236,0.0,0.0,0.9081177520071364,0,0.0037814784,0.0057589277,3460,XGBoost (tuned),D,not a siting recommendation
886505cca7fffff,Hulu Langat,3.029637536966584,101.88415500262508,0.0,0.4,0.9081177520071364,0,0.004532169,0.005978692,2102,XGBoost (tuned),D,not a siting recommendation
8865051967fffff,Hulu Langat,3.017782596508039,101.83804555015398,0.0,0.0,0.9081177520071364,0,0.004163614,0.0033129044,2602,XGBoost (tuned),D,not a siting recommendation
8865051ae9fffff,Hulu Langat,2.8986119550833447,101.77301713270232,2649.599012954967,5.0,0.9081177520071364,0,0.045107715,0.019767638,909,XGBoost (tuned),D,not a siting recommendation
886505ce85fffff,Hulu Langat,2.94961770034268,101.9127381523128,0.0,0.0,0.9081177520071364,0,0.0058307545,0.0036419912,1701,XGBoost (tuned),D,not a siting recommendation
886505cccbfffff,Hulu Langat,2.974549903791135,101.89255142901574,0.0,0.0,0.9081177520071364,0,0.0041376958,0.0036419912,2645,XGBoost (tuned),D,not a siting recommendation
88650556adfffff,Hulu Langat,3.082396980242488,101.80800373317194,0.0,0.0,0.9081177520071364,0,0.0038250394,0.004759756,3376,XGBoost (tuned),D,not a siting recommendation
88650519a7fffff,Hulu Langat,3.039659824203443,101.75902759774148,5829.117828500926,14.1,0.9081177520071364,0,0.10031868,0.06125053,570,XGBoost (tuned),D,not a siting recommendation
8865051b65fffff,Hulu Langat,2.9605494842177853,101.87325402595938,0.0,0.0,0.9081177520071364,0,0.0050199255,0.0036419912,1838,XGBoost (tuned),D,not a siting recommendation
88650519e7fffff,Hulu Langat,3.022791170060438,101.7754811529911,1059.8396051819866,6.8,0.9081177520071364,1,0.09413718,0.043215714,594,XGBoost (tuned),D,not a siting recommendation
886505508dfffff,Hulu Langat,3.1576287144939963,101.93653584847152,0.0,0.0,0.9081177520071364,0,0.0037760949,0.0055850265,3509,XGBoost (tuned),D,not a siting recommendation
886505ce81fffff,Hulu Langat,2.942260920345205,101.90755658642884,0.0,1.6,0.9081177520071364,0,0.01345701,0.006286175,1348,XGBoost (tuned),D,not a siting recommendation
8865055647fffff,Hulu Langat,3.0465053744315096,101.86771281814848,529.9198025909933,3.7,0.9081177520071364,0,0.027697396,0.046948593,1069,XGBoost (tuned),D,not a siting recommendation
8865054239fffff,Hulu Langat,3.223719733635539,101.88863030224624,0.0,0.0,0.9081177520071364,0,0.0040147393,0.005525933,2885,XGBoost (tuned),D,not a siting recommendation
8865054001fffff,Hulu Langat,3.2715041562593834,101.87504012421272,0.0,0.0,0.9081177520071364,0,0.0040754643,0.003819785,2759,XGBoost (tuned),D,not a siting recommendation
88650554d7fffff,Hulu Langat,3.10213809086658,101.75578653079408,5829.117828500926,19.7,0.9081177520071364,0,0.110744536,0.14150743,521,XGBoost (tuned),D,not a siting recommendation
886505cd1dfffff,Hulu Langat,3.0386217559310027,101.96599487578564,0.0,0.0,0.9081177520071364,0,0.004238062,0.0057589277,2483,XGBoost (tuned),D,not a siting recommendation
886505561bfffff,Hulu Langat,3.0420102408382466,101.8267816154352,0.0,0.0,0.9081177520071364,0,0.004174645,0.0053583635,2598,XGBoost (tuned),D,not a siting recommendation
8865054225fffff,Hulu Langat,3.2450893424719687,101.91312900219732,0.0,0.0,0.9081177520071364,0,0.0040147393,0.005525933,2885,XGBoost (tuned),D,not a siting recommendation
8865051905fffff,Hulu Langat,3.011138472923437,101.8239264369297,0.0,0.0,0.9081177520071364,0,0.004055509,0.0033461829,2789,XGBoost (tuned),D,not a siting recommendation
8865054227fffff,Hulu Langat,3.2458097456910693,101.9041884801921,0.0,0.0,0.9081177520071364,0,0.0036821126,0.005525933,3725,XGBoost (tuned),D,not a siting recommendation
886505ccc5fffff,Hulu Langat,2.98926551112177,101.90291558730242,0.0,0.0,0.9081177520071364,0,0.0041096816,0.0058188974,2703,XGBoost (tuned),D,not a siting recommendation
8865054049fffff,Hulu Langat,3.24653009460142,101.8952476406548,0.0,0.0,0.9081177520071364,0,0.0036821126,0.005525933,3725,XGBoost (tuned),D,not a siting recommendation
8865054215fffff,Hulu Langat,3.216356523935697,101.88344452039546,0.0,1.2,0.9081177520071364,0,0.0072475774,0.014973584,1556,XGBoost (tuned),D,not a siting recommendation
886505c5ebfffff,Hulu Langat,2.889338377726426,101.88915312080296,0.0,0.0,0.9081177520071364,0,0.004918418,0.0036118408,1858,XGBoost (tuned),D,not a siting recommendation
8865055659fffff,Hulu Langat,3.024426401283586,101.85216454721798,0.0,0.0,0.9081177520071364,0,0.004238062,0.0057589277,2483,XGBoost (tuned),D,not a siting recommendation
8865055655fffff,Hulu Langat,3.039861867816168,101.85359331714518,0.0,0.0,0.9081177520071364,0,0.004157622,0.0057589277,2617,XGBoost (tuned),D,not a siting recommendation
8865055455fffff,Hulu Langat,3.0964033031221736,101.82730985684006,0.0,0.0,0.9081177520071364,0,0.0036634337,0.0052493536,3745,XGBoost (tuned),D,not a siting recommendation
8865055197fffff,Hulu Langat,3.212037509543224,101.93708223043733,0.0,0.0,0.9081177520071364,0,0.0040147393,0.005525933,2885,XGBoost (tuned),D,not a siting recommendation
8865051991fffff,Hulu Langat,3.002853232298265,101.73311757470684,2119.679210363973,31.2,0.9081177520071364,0,0.08031866,0.029121296,666,XGBoost (tuned),D,not a siting recommendation
8865055609fffff,Hulu Langat,3.047221770370138,101.8587761846634,0.0,0.7,0.9081177520071364,0,0.0043574683,0.006020408,2316,XGBoost (tuned),D,not a siting recommendation
88650550b9fffff,Hulu Langat,3.16714694425029,101.91490780915902,0.0,0.0,0.9081177520071364,0,0.0037760949,0.0055331727,3509,XGBoost (tuned),D,not a siting recommendation
886505424bfffff,Hulu Langat,3.1906708639623726,101.91258648269591,0.0,0.0,0.9081177520071364,0,0.0040147393,0.005525933,2885,XGBoost (tuned),D,not a siting recommendation
886505572bfffff,Hulu Langat,3.122260794119612,101.89273772489068,0.0,0.0,0.9081177520071364,0,0.0038951833,0.0056160754,3176,XGBoost (tuned),D,not a siting recommendation
8865055295fffff,Hulu Langat,3.103232115198637,101.93598964620496,0.0,0.0,0.9081177520071364,0,0.003777552,0.005641815,3493,XGBoost (tuned),D,not a siting recommendation
886505cd13fffff,Hulu Langat,3.040055584326529,101.94812827474944,0.0,0.0,0.9081177520071364,0,0.0037814784,0.0057589277,3460,XGBoost (tuned),D,not a siting recommendation
88650554b1fffff,Hulu Langat,3.1337422127165917,101.74969420164167,21233.88648982107,296.9,0.9081177520071364,0,0.18824583,0.26190317,345,XGBoost (tuned),D,not a siting recommendation
8865054649fffff,Hulu Langat,3.1484698531706945,101.76006207260367,12188.155459592846,310.4,0.9081177520071364,0,0.13882867,0.19515392,436,XGBoost (tuned),D,not a siting recommendation
8865050b49fffff,Hulu Langat,3.040375328960973,101.75008758498124,14837.754472547813,105.8,0.9081177520071364,0,0.08581015,0.06808896,640,XGBoost (tuned),D,not a siting recommendation
886505c5adfffff,Hulu Langat,2.9128345560579345,101.88683170604398,0.0,0.0,0.9081177520071364,0,0.0057996027,0.0036419912,1716,XGBoost (tuned),D,not a siting recommendation
8865051935fffff,Hulu Langat,3.0280053042625643,101.8074786719122,1589.75940777298,3.9,0.9081177520071364,0,0.04684583,0.018495597,892,XGBoost (tuned),D,not a siting recommendation
886505cce3fffff,Hulu Langat,3.0054132130840423,101.8954120531508,0.0,0.0,0.9081177520071364,0,0.0038216307,0.0058188974,3388,XGBoost (tuned),D,not a siting recommendation
88650554ebfffff,Hulu Langat,3.115430057127146,101.78403629027746,0.0,0.0,0.9081177520071364,0,0.003994858,0.004669285,2975,XGBoost (tuned),D,not a siting recommendation
886505cdedfffff,Hulu Langat,3.055489325774681,101.9495611388568,0.0,0.0,0.9081177520071364,0,0.003797234,0.0057589277,3432,XGBoost (tuned),D,not a siting recommendation
8865055617fffff,Hulu Langat,3.057447520063366,101.828209395212,0.0,0.0,0.9081177520071364,0,0.0036751865,0.0053583635,3744,XGBoost (tuned),D,not a siting recommendation
8865054011fffff,Hulu Langat,3.265580487589487,101.85196837708604,0.0,0.0,0.9081177520071364,0,0.003913593,0.0037687244,3125,XGBoost (tuned),D,not a siting recommendation
886505ccabfffff,Hulu Langat,3.0142035704525107,101.88272499399932,0.0,0.0,0.9081177520071364,0,0.0038334068,0.0058188974,3353,XGBoost (tuned),D,not a siting recommendation
886505cdc5fffff,Hulu Langat,3.04077242489071,101.93919449523008,0.0,0.0,0.9081177520071364,0,0.0037814784,0.0057589277,3460,XGBoost (tuned),D,not a siting recommendation
88650554d5fffff,Hulu Langat,3.101421422061533,101.7647280369372,5829.117828500926,10.4,0.9081177520071364,1,0.026820058,0.035633545,1076,XGBoost (tuned),D,not a siting recommendation
886505193bfffff,Hulu Langat,3.0132846387714967,101.79711414969208,2649.599012954967,6.4,0.9081177520071364,0,0.048626922,0.026918441,876,XGBoost (tuned),D,not a siting recommendation
886505185bfffff,Hulu Langat,2.9221135666069995,101.77068642293516,529.9198025909933,10.1,0.9081177520071364,0,0.20668645,0.04314067,313,XGBoost (tuned),D,not a siting recommendation
8865055293fffff,Hulu Langat,3.096590104850581,101.92186968378932,0.0,0.0,0.9081177520071364,0,0.0039531835,0.005641815,3057,XGBoost (tuned),D,not a siting recommendation
886505cea7fffff,Hulu Langat,2.973119290718908,101.91041818839771,0.0,0.0,0.9081177520071364,0,0.0041376958,0.0036419912,2645,XGBoost (tuned),D,not a siting recommendation
8865055739fffff,Hulu Langat,3.115617644926535,101.8786156900756,0.0,0.0,0.9081177520071364,0,0.003777552,0.005641815,3493,XGBoost (tuned),D,not a siting recommendation
8865055405fffff,Hulu Langat,3.119205887725524,101.83392178483402,0.0,0.0,0.9081177520071364,0,0.0038701466,0.0052968855,3229,XGBoost (tuned),D,not a siting recommendation
8865055483fffff,Hulu Langat,3.11758109234352,101.75721158447196,9008.636644046886,215.0,0.9081177520071364,0,0.31835294,0.23092186,181,XGBoost (tuned),D,not a siting recommendation
8865055719fffff,Hulu Langat,3.0928174001477595,101.87200175613545,0.0,0.0,0.9081177520071364,0,0.0041223727,0.005641815,2673,XGBoost (tuned),D,not a siting recommendation
886505ccb5fffff,Hulu Langat,3.022994495461802,101.87003669762188,0.0,0.0,0.9081177520071364,0,0.0037636184,0.0057589277,3531,XGBoost (tuned),D,not a siting recommendation
8865055085fffff,Hulu Langat,3.1657088461004927,101.93278354332097,0.0,0.0,0.9081177520071364,0,0.0036821126,0.0055331727,3725,XGBoost (tuned),D,not a siting recommendation
8865055733fffff,Hulu Langat,3.1244145689446703,101.8659231893421,0.0,0.0,0.9081177520071364,0,0.0039077383,0.0056160754,3142,XGBoost (tuned),D,not a siting recommendation
88650556e9fffff,Hulu Langat,3.05816383877272,101.8192711611367,0.0,0.0,0.9081177520071364,0,0.003797234,0.0050193067,3432,XGBoost (tuned),D,not a siting recommendation
8865051b21fffff,Hulu Langat,2.970052176324107,101.85163235743306,1059.8396051819866,1.0,0.9081177520071364,0,0.011040607,0.0045189816,1430,XGBoost (tuned),D,not a siting recommendation
88650519bdfffff,Hulu Langat,3.0249369604251486,101.74866316567676,14837.754472547813,99.3,0.9081177520071364,1,0.12603185,0.08161973,470,XGBoost (tuned),D,not a siting recommendation
8865051989fffff,Hulu Langat,3.0007089731196825,101.7599352776052,1589.75940777298,35.0,0.9081177520071364,0,0.052710664,0.020264104,847,XGBoost (tuned),D,not a siting recommendation
886505ceb5fffff,Hulu Langat,2.966477100708423,101.89630306816926,0.0,0.0,0.9081177520071364,0,0.005796805,0.0036419912,1719,XGBoost (tuned),D,not a siting recommendation
886505554dfffff,Hulu Langat,3.1457810025184045,101.89041495037586,0.0,0.0,0.9081177520071364,0,0.0038543106,0.0056160754,3292,XGBoost (tuned),D,not a siting recommendation
88650519cdfffff,Hulu Langat,2.9912042030543837,101.78156841742918,5829.117828500926,135.7,0.9081177520071364,0,0.10554846,0.094715685,544,XGBoost (tuned),D,not a siting recommendation
886505cd9dfffff,Hulu Langat,3.0436392948839117,101.90345619354925,0.0,0.0,0.9081177520071364,0,0.004273314,0.0057589277,2442,XGBoost (tuned),D,not a siting recommendation
886505549dfffff,Hulu Langat,3.110217864267065,101.75202807894988,6888.957433682914,140.5,0.9081177520071364,0,0.24714458,0.29770705,251,XGBoost (tuned),D,not a siting recommendation
88650556ddfffff,Hulu Langat,3.0367973060134967,101.79478454143032,10068.476249228874,153.1,0.9081177520071364,0,0.1525849,0.1951107,405,XGBoost (tuned),D,not a siting recommendation
8865050b41fffff,Hulu Langat,3.0484526687590936,101.74632962623572,21196.79210363973,73.5,0.9081177520071364,0,0.09025861,0.08102362,615,XGBoost (tuned),D,not a siting recommendation
886505561dfffff,Hulu Langat,3.048654413097817,101.84090197305795,0.0,0.0,0.9081177520071364,0,0.003797234,0.0057589277,3432,XGBoost (tuned),D,not a siting recommendation
88650519c3fffff,Hulu Langat,2.9926337116410657,101.76369218337813,8478.716841455893,65.8,0.9081177520071364,0,0.15382507,0.12395787,401,XGBoost (tuned),D,not a siting recommendation
88650519ebfffff,Hulu Langat,3.0073546082990017,101.77405574097688,529.9198025909933,24.6,0.9081177520071364,1,0.16500303,0.04274919,381,XGBoost (tuned),D,not a siting recommendation
8865051a11fffff,Hulu Langat,2.8898280616954968,101.78570745578546,3709.438618136953,11.4,0.9081177520071364,0,0.025314175,0.04913068,1101,XGBoost (tuned),D,not a siting recommendation
8865051a4bfffff,Hulu Langat,2.8715491505108943,101.82001786964392,0.0,0.0,0.9081177520071364,0,0.004451242,0.0036118408,2191,XGBoost (tuned),D,not a siting recommendation
8865054257fffff,Hulu Langat,3.2001915407126624,101.89095376928078,0.0,0.0,0.9081177520071364,0,0.0036821126,0.005525933,3725,XGBoost (tuned),D,not a siting recommendation
88650552b1fffff,Hulu Langat,3.1186701429825807,101.93742227677484,0.0,0.0,0.9081177520071364,0,0.0039077383,0.0056160754,3142,XGBoost (tuned),D,not a siting recommendation
886505509bfffff,Hulu Langat,3.14506255556343,101.89935321242764,0.0,0.0,0.9081177520071364,0,0.003854525,0.0056160754,3269,XGBoost (tuned),D,not a siting recommendation
8865055431fffff,Hulu Langat,3.1287207254655742,101.81228561100926,0.0,0.4,0.9081177520071364,0,0.004403147,0.0056955367,2263,XGBoost (tuned),D,not a siting recommendation
8865051b41fffff,Hulu Langat,2.930404875793785,101.8614622809398,3179.51881554596,43.2,0.9081177520071364,0,0.11968177,0.18177058,487,XGBoost (tuned),D,not a siting recommendation
8865054213fffff,Hulu Langat,3.2097128521976863,101.8693181769955,0.0,0.5,0.9081177520071364,0,0.004361966,0.006779303,2301,XGBoost (tuned),D,not a siting recommendation
886505574bfffff,Hulu Langat,3.0825877829132966,101.90256583885508,0.0,0.0,0.9081177520071364,0,0.0039531835,0.005641815,3057,XGBoost (tuned),D,not a siting recommendation
8865055489fffff,Hulu Langat,3.108784235549715,101.76991146452193,1589.75940777298,2.0,0.9081177520071364,0,0.009996223,0.013844111,1461,XGBoost (tuned),D,not a siting recommendation
88650550c1fffff,Hulu Langat,3.1414695437185207,101.94403975766537,0.0,0.0,0.9081177520071364,0,0.0036821126,0.0056160754,3725,XGBoost (tuned),D,not a siting recommendation
886505c5bbfffff,Hulu Langat,2.900262816932958,101.84967221675166,6888.957433682914,13.1,0.9081177520071364,0,0.05973264,0.048154876,795,XGBoost (tuned),D,not a siting recommendation
8865051b1bfffff,Hulu Langat,2.933975433192184,101.8167907127387,0.0,0.0,0.9081177520071364,0,0.004062479,0.0036419912,2777,XGBoost (tuned),D,not a siting recommendation
8865054053fffff,Hulu Langat,3.249410945962299,101.85948111555652,0.0,0.0,0.9081177520071364,0,0.0037361798,0.0037687244,3622,XGBoost (tuned),D,not a siting recommendation
8865051801fffff,Hulu Langat,2.952262929414942,101.78247322523596,2119.679210363973,45.8,0.9081177520071364,0,0.13762806,0.10492693,440,XGBoost (tuned),D,not a siting recommendation
8865051b09fffff,Hulu Langat,2.939190897139752,101.8487757158016,529.9198025909933,9.5,0.9081177520071364,0,0.09005133,0.08533831,616,XGBoost (tuned),D,not a siting recommendation
88650554e3fffff,Hulu Langat,3.123510076926785,101.78027874154932,2649.599012954967,53.6,0.9081177520071364,0,0.08006714,0.060737155,670,XGBoost (tuned),D,not a siting recommendation
886505ce97fffff,Hulu Langat,2.944404987742159,101.8807582022034,529.9198025909933,6.6,0.9081177520071364,0,0.1585136,0.0522665,390,XGBoost (tuned),D,not a siting recommendation
88650554cbfffff,Hulu Langat,3.0926255315751505,101.77742676757234,0.0,0.2,0.9081177520071364,0,0.005532464,0.006655822,1762,XGBoost (tuned),D,not a siting recommendation
886505401bfffff,Hulu Langat,3.258215734071524,101.84678209814096,0.0,0.0,0.9081177520071364,0,0.0040147393,0.0037687244,2885,XGBoost (tuned),D,not a siting recommendation
88650554a7fffff,Hulu Langat,3.147752310817034,101.76900469899375,10598.396051819867,244.2,0.9081177520071364,0,0.44768524,0.38787663,103,XGBoost (tuned),D,not a siting recommendation
8865054205fffff,Hulu Langat,3.2222799260056343,101.90651086456693,0.0,0.0,0.9081177520071364,0,0.0040147393,0.005525933,2885,XGBoost (tuned),D,not a siting recommendation
886505cd8bfffff,Hulu Langat,3.0429226513428147,101.91239124567495,0.0,0.0,0.9081177520071364,0,0.0038175303,0.0057589277,3408,XGBoost (tuned),D,not a siting recommendation
88650519b5fffff,Hulu Langat,3.033013689149722,101.7449053301999,529.9198025909933,74.7,0.9081177520071364,0,0.09100228,0.055791005,610,XGBoost (tuned),D,not a siting recommendation
886505cd11fffff,Hulu Langat,3.0393386946536736,101.95706173507372,0.0,0.0,0.9081177520071364,0,0.0037814784,0.0057589277,3460,XGBoost (tuned),D,not a siting recommendation
8865055625fffff,Hulu Langat,3.085456725218669,101.866818111121,0.0,0.0,0.9081177520071364,0,0.0037809089,0.005641815,3474,XGBoost (tuned),D,not a siting recommendation
8865051a05fffff,Hulu Langat,2.903116815148679,101.81393731157284,529.9198025909933,1.3,0.9081177520071364,0,0.00745363,0.0052909595,1547,XGBoost (tuned),D,not a siting recommendation
8865054059fffff,Hulu Langat,3.240606702588568,101.87217889604824,0.0,0.0,0.9081177520071364,0,0.0038790097,0.005525933,3206,XGBoost (tuned),D,not a siting recommendation
88650556dbfffff,Hulu Langat,3.0301520529077464,101.78066339251934,7418.877236273906,140.9,0.9081177520071364,0,0.09158625,0.10274086,605,XGBoost (tuned),D,not a siting recommendation
88650556edfffff,Hulu Langat,3.0655247466198694,101.82445416172598,0.0,0.0,0.9081177520071364,0,0.0038822538,0.0050456296,3197,XGBoost (tuned),D,not a siting recommendation
8865051961fffff,Hulu Langat,3.009707450683337,101.84179972922354,0.0,0.0,0.9081177520071364,0,0.0042104586,0.0033461829,2533,XGBoost (tuned),D,not a siting recommendation
8865051b4dfffff,Hulu Langat,2.9296906235294657,101.870395651491,529.9198025909933,7.6,0.9081177520071364,0,0.01556071,0.0140146185,1292,XGBoost (tuned),D,not a siting recommendation
8865054221fffff,Hulu Langat,3.237726117331568,101.90794277695868,0.0,0.0,0.9081177520071364,0,0.0037361798,0.005525933,3622,XGBoost (tuned),D,not a siting recommendation
886505cd81fffff,Hulu Langat,3.050281587898432,101.91757441884272,0.0,0.0,0.9081177520071364,0,0.004273314,0.0057589277,2442,XGBoost (tuned),D,not a siting recommendation
8865051aebfffff,Hulu Langat,2.899324983426072,101.76408140849531,1059.8396051819866,7.2,0.9081177520071364,0,0.070675746,0.04264651,734,XGBoost (tuned),D,not a siting recommendation
8865051b61fffff,Hulu Langat,2.9531917695902727,101.86807245991376,20666.87230104874,38.0,0.9081177520071364,0,0.039350487,0.03685014,956,XGBoost (tuned),D,not a siting recommendation
8865051951fffff,Hulu Langat,2.9809852908584813,101.81213539513044,6359.03763109192,39.5,0.9081177520071364,0,0.10418266,0.060627136,552,XGBoost (tuned),D,not a siting recommendation
886505c599fffff,Hulu Langat,2.8767665280219927,101.85199649714144,0.0,0.0,0.9081177520071364,0,0.005015736,0.0036118408,1841,XGBoost (tuned),D,not a siting recommendation
8865051847fffff,Hulu Langat,2.9434758824007514,101.79516495653117,529.9198025909933,2.0,0.9081177520071364,0,0.016847923,0.010486429,1253,XGBoost (tuned),D,not a siting recommendation
886505501bfffff,Hulu Langat,3.140031977453968,101.96191214428303,0.0,0.0,0.9081177520071364,0,0.003726009,0.0056160754,3655,XGBoost (tuned),D,not a siting recommendation
88650556a9fffff,Hulu Langat,3.0750354124097976,101.8028205425089,0.0,0.0,0.9081177520071364,0,0.0038250394,0.004759756,3376,XGBoost (tuned),D,not a siting recommendation
88650546a7fffff,WP Kuala Lumpur,3.209357629400781,101.68006883271178,4846.467971315284,39.0,0.9947234707836624,0,0.06380208,0.13816032,772,XGBoost (tuned),D,not a siting recommendation
88650546ddfffff,WP Kuala Lumpur,3.1549253595122178,101.67956450980108,807.7446618858806,24.2,0.9947234707836624,0,0.34673318,0.36881176,157,XGBoost (tuned),D,not a siting recommendation
8865057309fffff,WP Kuala Lumpur,3.17539369995993,101.61835754447236,5115.71619194391,30.8,0.9947234707836624,0,0.27012566,0.31008378,228,XGBoost (tuned),D,not a siting recommendation
886505732dfffff,WP Kuala Lumpur,3.2055796211342167,101.63014548683137,269.2482206286269,43.1,0.9947234707836624,0,0.223068,0.25274974,280,XGBoost (tuned),D,not a siting recommendation
886505735dfffff,WP Kuala Lumpur,3.159943334778972,101.61693809833844,807.7446618858806,29.6,0.9947234707836624,1,0.711155,0.69926184,16,XGBoost (tuned),D,not a siting recommendation
8865050b2dfffff,WP Kuala Lumpur,3.0874123381806298,101.74542016106842,5654.212633201165,260.9,0.9947234707836624,1,0.40216708,0.4485457,125,XGBoost (tuned),D,not a siting recommendation
8865050931fffff,WP Kuala Lumpur,3.138761136952718,101.68708759962308,538.4964412572538,52.7,0.9947234707836624,1,0.68776286,0.6964602,20,XGBoost (tuned),D,not a siting recommendation
8865054457fffff,WP Kuala Lumpur,3.2152877813312344,101.70314704683128,0.0,1.0,0.9947234707836624,0,0.005283451,0.006861399,1785,XGBoost (tuned),D,not a siting recommendation
886505095bfffff,WP Kuala Lumpur,3.091709220420225,101.69176501295064,4577.219750686657,338.1,0.9947234707836624,0,0.56112945,0.60385305,57,XGBoost (tuned),D,not a siting recommendation
886505734dfffff,WP Kuala Lumpur,3.165876212129003,101.64001656637072,5115.71619194391,23.1,0.9947234707836624,0,0.12851468,0.13573611,463,XGBoost (tuned),D,not a siting recommendation
886505086dfffff,WP Kuala Lumpur,3.0755503085842446,101.69928575047427,5384.964412572537,52.1,0.9947234707836624,0,0.21608834,0.3776727,292,XGBoost (tuned),D,not a siting recommendation
88650509e1fffff,WP Kuala Lumpur,3.1328293916608567,101.66401380162117,10231.43238388782,44.8,0.9947234707836624,0,0.07629169,0.056251217,694,XGBoost (tuned),D,not a siting recommendation
886505445bfffff,WP Kuala Lumpur,3.199837262979348,101.70172384870732,4307.97153005803,26.0,0.9947234707836624,1,0.09644681,0.19997321,588,XGBoost (tuned),D,not a siting recommendation
8865050b15fffff,WP Kuala Lumpur,3.066755735104811,101.71198804373496,9423.68772200194,152.29999999999998,0.9947234707836624,0,0.07509961,0.094922006,701,XGBoost (tuned),D,not a siting recommendation
88650546e5fffff,WP Kuala Lumpur,3.1917534041199525,101.70548519919056,6192.709074458418,85.39999999999999,0.9947234707836624,0,0.10021385,0.13060601,571,XGBoost (tuned),D,not a siting recommendation
8865050855fffff,WP Kuala Lumpur,3.0548910266656963,101.6658525485151,4038.7233094294033,23.0,0.9947234707836624,1,0.23086973,0.28236502,272,XGBoost (tuned),D,not a siting recommendation
88650546ebfffff,WP Kuala Lumpur,3.177021974089097,101.6951164975455,12116.16992828821,197.1,0.9947234707836624,1,0.53167486,0.32179198,68,XGBoost (tuned),D,not a siting recommendation
8865050961fffff,WP Kuala Lumpur,3.1278123971811533,101.72662448520012,7269.701956972925,226.4,0.9947234707836624,1,0.3993509,0.40969017,126,XGBoost (tuned),D,not a siting recommendation
8865050985fffff,WP Kuala Lumpur,3.134262345399022,101.64612227443187,269.2482206286269,5.3,0.9947234707836624,1,0.12798269,0.0721103,464,XGBoost (tuned),D,not a siting recommendation
8865050923fffff,WP Kuala Lumpur,3.1454091170010603,101.70121599489266,12385.418148916837,617.2,0.9947234707836624,1,0.5319758,0.614702,67,XGBoost (tuned),D,not a siting recommendation
886505096dfffff,WP Kuala Lumpur,3.1270954741345727,101.73556763609926,5654.212633201165,404.9,0.9947234707836624,1,0.19350226,0.1571656,335,XGBoost (tuned),D,not a siting recommendation
8865050907fffff,WP Kuala Lumpur,3.129962852468664,101.69979318043892,538.4964412572538,16.6,0.9947234707836624,0,0.30731663,0.46716937,189,XGBoost (tuned),D,not a siting recommendation
8865050821fffff,WP Kuala Lumpur,3.0931411027113724,101.673877501118,5654.212633201165,129.5,0.9947234707836624,1,0.5123974,0.42335173,76,XGBoost (tuned),D,not a siting recommendation
88650509e3fffff,WP Kuala Lumpur,3.133545894900576,101.65506819082457,269.2482206286269,7.7,0.9947234707836624,0,0.1978825,0.22752659,328,XGBoost (tuned),D,not a siting recommendation
8865050b3dfffff,WP Kuala Lumpur,3.081481729504004,101.72235343733568,2423.233985657642,247.7,0.9947234707836624,0,0.07281818,0.13627239,717,XGBoost (tuned),D,not a siting recommendation
88650544c9fffff,WP Kuala Lumpur,3.2100756224380165,101.67112165556084,4307.97153005803,58.1,0.9947234707836624,1,0.21647406,0.3393644,290,XGBoost (tuned),D,not a siting recommendation
886505090bfffff,WP Kuala Lumpur,3.114517507177072,101.69837049278264,269.2482206286269,106.7,0.9947234707836624,0,0.075846516,0.060966004,697,XGBoost (tuned),D,not a siting recommendation
8865050b07fffff,WP Kuala Lumpur,3.0734028119239354,101.72611266704516,1884.737544400388,13.6,0.9947234707836624,0,0.04686651,0.04479926,890,XGBoost (tuned),D,not a siting recommendation
8865054469fffff,WP Kuala Lumpur,3.2278644112279884,101.7403551686001,3230.9786475435226,16.6,0.9947234707836624,0,0.08764058,0.07307645,631,XGBoost (tuned),D,not a siting recommendation
88650509a7fffff,WP Kuala Lumpur,3.157793094140869,101.64377982045848,13193.162810802718,50.7,0.9947234707836624,0,0.057912648,0.045652844,807,XGBoost (tuned),D,not a siting recommendation
88650509a9fffff,WP Kuala Lumpur,3.1416279351243004,101.6513056326964,807.7446618858806,10.7,0.9947234707836624,0,0.035927713,0.04203419,989,XGBoost (tuned),D,not a siting recommendation
88650546b3fffff,WP Kuala Lumpur,3.1960597990678683,101.65180530719704,1884.737544400388,10.6,0.9947234707836624,0,0.046635695,0.065922245,894,XGBoost (tuned),D,not a siting recommendation
8865050869fffff,WP Kuala Lumpur,3.068187008654184,101.69410319044655,2961.730426914896,109.0,0.9947234707836624,1,0.4892096,0.7682007,84,XGBoost (tuned),D,not a siting recommendation
8865054639fffff,WP Kuala Lumpur,3.182234242255924,101.72713647182223,25309.332739090925,95.8,0.9947234707836624,0,0.03193204,0.043942872,1030,XGBoost (tuned),D,not a siting recommendation
88650509c7fffff,WP Kuala Lumpur,3.1180991113631937,101.65364737475709,807.7446618858806,65.6,0.9947234707836624,0,0.57820004,0.73144513,52,XGBoost (tuned),D,not a siting recommendation
8865057367fffff,WP Kuala Lumpur,3.1974948304375617,101.63390956091273,2153.985765029015,120.8,0.9947234707836624,1,0.46335948,0.46338025,96,XGBoost (tuned),D,not a siting recommendation
886505469dfffff,WP Kuala Lumpur,3.171808268020471,101.66309409715888,11577.673487030956,89.2,0.9947234707836624,1,0.7380081,0.6068348,14,XGBoost (tuned),D,not a siting recommendation
88650546c3fffff,WP Kuala Lumpur,3.162290826410646,101.6847483636474,4577.219750686657,25.6,0.9947234707836624,0,0.07352591,0.117681734,710,XGBoost (tuned),D,not a siting recommendation
8865054607fffff,WP Kuala Lumpur,3.181516331070388,101.73608108567625,25578.580959719555,102.4,0.9947234707836624,0,0.09715465,0.10269942,582,XGBoost (tuned),D,not a siting recommendation
8865050b05fffff,WP Kuala Lumpur,3.0726868777304404,101.73505435546646,1076.9928825145075,83.9,0.9947234707836624,0,0.21449798,0.32127354,296,XGBoost (tuned),D,not a siting recommendation
8865050925fffff,WP Kuala Lumpur,3.152056774507332,101.7153442904928,11846.921707659583,167.7,0.9947234707836624,1,0.82473296,0.71059847,2,XGBoost (tuned),D,not a siting recommendation
886505095dfffff,WP Kuala Lumpur,3.098356894723689,101.70589126037947,4307.97153005803,133.6,0.9947234707836624,0,0.15952402,0.43405294,388,XGBoost (tuned),D,not a siting recommendation
8865050827fffff,WP Kuala Lumpur,3.10122133861898,101.6701161031422,3230.9786475435226,24.0,0.9947234707836624,1,0.2092396,0.30919448,309,XGBoost (tuned),D,not a siting recommendation
8865050935fffff,WP Kuala Lumpur,3.1461261190528336,101.6922712365378,807.7446618858806,179.1,0.9947234707836624,0,0.60723186,0.68985283,43,XGBoost (tuned),D,not a siting recommendation
88650544c7fffff,WP Kuala Lumpur,3.226245828464328,101.66359574838926,3769.475088800776,26.2,0.9947234707836624,0,0.06552152,0.09282919,768,XGBoost (tuned),D,not a siting recommendation
8865050b21fffff,WP Kuala Lumpur,3.088128613561271,101.7364784083496,1346.2411031431343,191.0,0.9947234707836624,0,0.16183613,0.20881529,384,XGBoost (tuned),D,not a siting recommendation
88650509e9fffff,WP Kuala Lumpur,3.124747828701223,101.66777578755185,3769.475088800776,97.8,0.9947234707836624,0,0.5779184,0.56922823,53,XGBoost (tuned),D,not a siting recommendation
886505460bfffff,WP Kuala Lumpur,3.166068790887283,101.73465664523049,9154.439501373314,53.8,0.9947234707836624,0,0.2503587,0.25795865,247,XGBoost (tuned),D,not a siting recommendation
886505096bfffff,WP Kuala Lumpur,3.120448412728315,101.72144096673443,8346.694839487433,129.8,0.9947234707836624,1,0.14314674,0.13882305,427,XGBoost (tuned),D,not a siting recommendation
8865050959fffff,WP Kuala Lumpur,3.0909932019171644,101.70070830820536,5115.71619194391,236.6,0.9947234707836624,0,0.23146093,0.21551882,271,XGBoost (tuned),D,not a siting recommendation
8865050b63fffff,WP Kuala Lumpur,3.0719708926482348,101.74399573463732,2692.4822062862686,196.3,0.9947234707836624,0,0.104875006,0.27997458,548,XGBoost (tuned),D,not a siting recommendation
8865050987fffff,WP Kuala Lumpur,3.134978743097228,101.63717605286364,269.2482206286269,1.9,0.9947234707836624,0,0.013234237,0.010252738,1358,XGBoost (tuned),D,not a siting recommendation
88650546bdfffff,WP Kuala Lumpur,3.194624550575861,101.66969983124817,8885.191280744688,199.5,0.9947234707836624,1,0.23780113,0.25187442,262,XGBoost (tuned),D,not a siting recommendation
88650546e1fffff,WP Kuala Lumpur,3.1843876540222227,101.7003007774392,22347.60231217603,147.0,0.9947234707836624,0,0.17976424,0.14121316,360,XGBoost (tuned),D,not a siting recommendation
88650509bdfffff,WP Kuala Lumpur,3.1430610167117248,101.63341281494924,81043.71440921669,368.7,0.9947234707836624,0,0.65712065,0.57367414,29,XGBoost (tuned),D,not a siting recommendation
88650544d7fffff,WP Kuala Lumpur,3.2203145467416463,101.64051442853976,7538.950177601552,422.1,0.9947234707836624,0,0.12429187,0.19182982,476,XGBoost (tuned),D,not a siting recommendation
88650509adfffff,WP Kuala Lumpur,3.148993597919036,101.65648913358862,807.7446618858806,38.1,0.9947234707836624,0,0.44517604,0.5890336,104,XGBoost (tuned),D,not a siting recommendation
8865054411fffff,WP Kuala Lumpur,3.2240909867143737,101.69043840302577,269.2482206286269,54.8,0.9947234707836624,0,0.0737955,0.07012277,709,XGBoost (tuned),D,not a siting recommendation
886505092bfffff,WP Kuala Lumpur,3.137327421312657,101.70497674207648,10231.43238388782,97.3,0.9947234707836624,1,0.7612889,0.7783314,10,XGBoost (tuned),D,not a siting recommendation
8865050805fffff,WP Kuala Lumpur,3.077697345129893,101.67245606575791,2153.985765029015,80.2,0.9947234707836624,0,0.37795344,0.5463533,137,XGBoost (tuned),D,not a siting recommendation
8865054619fffff,WP Kuala Lumpur,3.1594215580114167,101.72052827711344,8885.191280744688,146.8,0.9947234707836624,1,0.7665908,0.64769876,9,XGBoost (tuned),D,not a siting recommendation
8865057329fffff,WP Kuala Lumpur,3.1982122645535243,101.62496123048516,2423.233985657642,31.1,0.9947234707836624,0,0.35564986,0.29133543,154,XGBoost (tuned),D,not a siting recommendation
8865054611fffff,WP Kuala Lumpur,3.1675039803345206,101.71676785625596,5654.212633201165,61.2,0.9947234707836624,1,0.46572655,0.65948135,94,XGBoost (tuned),D,not a siting recommendation
8865050865fffff,WP Kuala Lumpur,3.0836295830799307,101.69552549780164,6192.709074458418,59.3,0.9947234707836624,0,0.2100815,0.18462414,306,XGBoost (tuned),D,not a siting recommendation
886505090dfffff,WP Kuala Lumpur,3.121165112686538,101.71249753950256,1346.2411031431343,108.4,0.9947234707836624,1,0.306895,0.39909378,190,XGBoost (tuned),D,not a siting recommendation
8865050b03fffff,WP Kuala Lumpur,3.0660400220241266,101.7209300083588,269.2482206286269,1.4,0.9947234707836624,0,0.0071350224,0.005528444,1560,XGBoost (tuned),D,not a siting recommendation
8865057343fffff,WP Kuala Lumpur,3.167309991634409,101.62212170989238,538.4964412572538,5.5,0.9947234707836624,1,0.05613956,0.04538074,819,XGBoost (tuned),D,not a siting recommendation
88650544cbfffff,WP Kuala Lumpur,3.210793560942986,101.6621741719144,269.2482206286269,190.2,0.9947234707836624,0,0.23737332,0.21344303,263,XGBoost (tuned),D,not a siting recommendation
886505446bfffff,WP Kuala Lumpur,3.2285831922531654,101.7314094330444,1076.9928825145075,8.7,0.9947234707836624,1,0.037908126,0.089756556,967,XGBoost (tuned),D,not a siting recommendation
8865050825fffff,WP Kuala Lumpur,3.100505305323903,101.67906035286993,5923.460853829792,76.0,0.9947234707836624,1,0.31842002,0.38467333,180,XGBoost (tuned),D,not a siting recommendation
88650509a3fffff,WP Kuala Lumpur,3.1504270189210684,101.63859624628157,538.4964412572538,1.0,0.9947234707836624,0,0.005507388,0.0041156304,1764,XGBoost (tuned),D,not a siting recommendation
8865050b55fffff,WP Kuala Lumpur,3.049883768196971,101.72844798856764,538.4964412572538,3.3,0.9947234707836624,0,0.08898361,0.11220736,620,XGBoost (tuned),D,not a siting recommendation
8865050823fffff,WP Kuala Lumpur,3.093856966381816,101.66493328538024,4038.7233094294033,24.5,0.9947234707836624,0,0.2683481,0.2452288,231,XGBoost (tuned),D,not a siting recommendation
8865050b11fffff,WP Kuala Lumpur,3.059392849731569,101.70680555924082,2692.4822062862686,182.4,0.9947234707836624,1,0.41281882,0.54979324,117,XGBoost (tuned),D,not a siting recommendation
8865054613fffff,WP Kuala Lumpur,3.168221495165041,101.70782299870748,12385.418148916837,162.5,0.9947234707836624,1,0.6235292,0.5646472,37,XGBoost (tuned),D,not a siting recommendation
88650546edfffff,WP Kuala Lumpur,3.183669903791066,101.70924631728366,538.4964412572538,5.1,0.9947234707836624,0,0.14568788,0.2472814,422,XGBoost (tuned),D,not a siting recommendation
8865054653fffff,WP Kuala Lumpur,3.151339495827941,101.72428846553734,14000.907472688596,80.0,0.9947234707836624,1,0.32209066,0.3660753,178,XGBoost (tuned),D,not a siting recommendation
886505093dfffff,WP Kuala Lumpur,3.1380443054630303,101.69603232461746,3230.9786475435226,218.9,0.9947234707836624,1,0.6741378,0.74799335,22,XGBoost (tuned),D,not a siting recommendation
88650546e9fffff,WP Kuala Lumpur,3.176304395019822,101.70406200425327,807.7446618858806,64.5,0.9947234707836624,0,0.24024141,0.2294835,258,XGBoost (tuned),D,not a siting recommendation
8865054621fffff,WP Kuala Lumpur,3.196246527664438,101.7464503311778,3500.2268681721494,170.4,0.9947234707836624,1,0.42919046,0.3458787,110,XGBoost (tuned),D,not a siting recommendation
8865050b29fffff,WP Kuala Lumpur,3.080049571214585,101.74023718771244,2692.4822062862686,165.4,0.9947234707836624,0,0.342864,0.4586724,161,XGBoost (tuned),D,not a siting recommendation
886505082dfffff,WP Kuala Lumpur,3.092425187371236,101.68282141044816,9154.439501373314,246.9,0.9947234707836624,1,0.317616,0.44274798,182,XGBoost (tuned),D,not a siting recommendation
8865054659fffff,WP Kuala Lumpur,3.142540581224742,101.7369919461782,12654.666369545464,91.9,0.9947234707836624,0,0.2709165,0.27892435,226,XGBoost (tuned),D,not a siting recommendation
8865050b01fffff,WP Kuala Lumpur,3.065324258151119,101.72987166440952,0.0,0.0,0.9947234707836624,0,0.003907857,0.0030776777,3137,XGBoost (tuned),D,not a siting recommendation
8865054693fffff,WP Kuala Lumpur,3.173242602120035,101.64520039127656,4307.97153005803,17.9,0.9947234707836624,0,0.10628057,0.08130846,540,XGBoost (tuned),D,not a siting recommendation
8865054605fffff,WP Kuala Lumpur,3.1807983663518464,101.74502539002673,23424.595194690537,145.5,0.9947234707836624,0,0.59317213,0.3593948,46,XGBoost (tuned),D,not a siting recommendation
8865050919fffff,WP Kuala Lumpur,3.1078695820290334,101.68424334675696,6461.957295087045,54.2,0.9947234707836624,0,0.20361419,0.16666588,318,XGBoost (tuned),D,not a siting recommendation
886505086bfffff,WP Kuala Lumpur,3.0689025690053846,101.68516030262155,2692.4822062862686,92.1,0.9947234707836624,0,0.15827909,0.1933054,392,XGBoost (tuned),D,not a siting recommendation
8865050969fffff,WP Kuala Lumpur,3.119731660655919,101.73038408526702,11577.673487030956,170.4,0.9947234707836624,0,0.24787782,0.25361508,250,XGBoost (tuned),D,not a siting recommendation
88650509b1fffff,WP Kuala Lumpur,3.143777477924369,101.62446594897672,98119.43656148257,664.1,0.9947234707836624,1,0.5607908,0.5869375,58,XGBoost (tuned),D,not a siting recommendation
88650509b7fffff,WP Kuala Lumpur,3.151860227006103,101.62070213957236,98119.43656148257,831.0,0.9947234707836624,0,0.49995476,0.4438568,78,XGBoost (tuned),D,not a siting recommendation
8865050b31fffff,WP Kuala Lumpur,3.082197731935893,101.71341109893385,15885.645017088986,98.6,0.9947234707836624,0,0.08468664,0.11843102,648,XGBoost (tuned),D,not a siting recommendation
886505549bfffff,WP Kuala Lumpur,3.103571273890376,101.73790258808258,2961.730426914896,231.0,0.9947234707836624,1,0.25819924,0.44965836,238,XGBoost (tuned),D,not a siting recommendation
8865054603fffff,WP Kuala Lumpur,3.174151336716341,101.73089667478423,15347.148575831732,75.9,0.9947234707836624,0,0.32181138,0.2828208,179,XGBoost (tuned),D,not a siting recommendation
8865050807fffff,WP Kuala Lumpur,3.07841292145648,101.6635122243354,8077.446618858807,80.5,0.9947234707836624,1,0.19399844,0.13079338,333,XGBoost (tuned),D,not a siting recommendation
88650546d1fffff,WP Kuala Lumpur,3.155642373039832,101.67061879660054,2692.4822062862686,23.4,0.9947234707836624,1,0.18490818,0.29412794,352,XGBoost (tuned),D,not a siting recommendation
886505734bfffff,WP Kuala Lumpur,3.1592266413827925,101.62588564345256,9423.68772200194,64.8,0.9947234707836624,1,0.28310168,0.17513457,214,XGBoost (tuned),D,not a siting recommendation
8865057347fffff,WP Kuala Lumpur,3.1746767212000395,101.6273054645768,538.4964412572538,1.5,0.9947234707836624,0,0.009641649,0.0057876115,1471,XGBoost (tuned),D,not a siting recommendation
8865050845fffff,WP Kuala Lumpur,3.0608237837802337,101.68892077227838,11846.921707659583,49.6,0.9947234707836624,0,0.08720092,0.18546772,636,XGBoost (tuned),D,not a siting recommendation
886505444dfffff,WP Kuala Lumpur,3.212414143435484,101.73893034734584,14270.155693317223,57.2,0.9947234707836624,0,0.025965653,0.03272566,1088,XGBoost (tuned),D,not a siting recommendation
8865050909fffff,WP Kuala Lumpur,3.113801029873667,101.7073141952636,1346.2411031431343,172.9,0.9947234707836624,1,0.053428333,0.08838393,843,XGBoost (tuned),D,not a siting recommendation
8865050967fffff,WP Kuala Lumpur,3.135893495265955,101.72286465270822,5654.212633201165,74.3,0.9947234707836624,1,0.58360964,0.6917791,50,XGBoost (tuned),D,not a siting recommendation
8865050839fffff,WP Kuala Lumpur,3.0791284464241544,101.65456807702115,8885.191280744688,51.1,0.9947234707836624,0,0.20039843,0.20717947,320,XGBoost (tuned),D,not a siting recommendation
886505082bfffff,WP Kuala Lumpur,3.085776974614547,101.66869479158018,3230.9786475435226,136.2,0.9947234707836624,0,0.460723,0.6310883,99,XGBoost (tuned),D,not a siting recommendation
8865054481fffff,WP Kuala Lumpur,3.23504975278554,101.65088394174288,2153.985765029015,33.6,0.9947234707836624,0,0.14702596,0.22885236,418,XGBoost (tuned),D,not a siting recommendation
8865054615fffff,WP Kuala Lumpur,3.174869076274254,101.72195209329274,538.4964412572538,21.5,0.9947234707836624,1,0.2526367,0.26168755,244,XGBoost (tuned),D,not a siting recommendation
8865057345fffff,WP Kuala Lumpur,3.1739596885670385,101.6362530803185,538.4964412572538,5.2,0.9947234707836624,0,0.06937966,0.036953773,747,XGBoost (tuned),D,not a siting recommendation
8865050953fffff,WP Kuala Lumpur,3.0997892202037542,101.68800429593207,10769.928825145074,252.6,0.9947234707836624,1,0.66141284,0.71906054,27,XGBoost (tuned),D,not a siting recommendation
8865054451fffff,WP Kuala Lumpur,3.2072033236884305,101.7069085209861,5654.212633201165,39.5,0.9947234707836624,0,0.071552336,0.12873958,727,XGBoost (tuned),D,not a siting recommendation
88650509e7fffff,WP Kuala Lumpur,3.140911314867499,101.66025158362976,15616.39679646036,94.6,0.9947234707836624,1,0.49275252,0.5702055,82,XGBoost (tuned),D,not a siting recommendation
88650546c5fffff,WP Kuala Lumpur,3.168938956654613,101.69887783301164,9692.935942630567,330.8,0.9947234707836624,0,0.32958254,0.3348651,172,XGBoost (tuned),D,not a siting recommendation
8865050941fffff,WP Kuala Lumpur,3.105004250406266,101.72001740760074,5115.71619194391,28.4,0.9947234707836624,0,0.20899735,0.24353732,311,XGBoost (tuned),D,not a siting recommendation
88650544d5fffff,WP Kuala Lumpur,3.219596601697613,101.6494628640168,1076.9928825145075,267.2,0.9947234707836624,0,0.2954875,0.2139074,206,XGBoost (tuned),D,not a siting recommendation
8865050841fffff,WP Kuala Lumpur,3.053460634385304,101.68373849604872,3769.475088800776,20.7,0.9947234707836624,0,0.1447714,0.13065009,424,XGBoost (tuned),D,not a siting recommendation
8865050927fffff,WP Kuala Lumpur,3.152774000274548,101.70639980697683,11846.921707659583,215.2,0.9947234707836624,1,0.8193915,0.73704875,4,XGBoost (tuned),D,not a siting recommendation
88650546c7fffff,WP Kuala Lumpur,3.1696563647440863,101.68993235958855,6461.957295087045,137.0,0.9947234707836624,1,0.75059676,0.6182829,11,XGBoost (tuned),D,not a siting recommendation
8865050829fffff,WP Kuala Lumpur,3.0850612288722674,101.67763866703044,17501.134340860746,173.5,0.9947234707836624,0,0.17471744,0.22909656,362,XGBoost (tuned),D,not a siting recommendation
886505092dfffff,WP Kuala Lumpur,3.143974954508622,101.71910458780218,4577.219750686657,184.9,0.9947234707836624,1,0.63757443,0.57650524,34,XGBoost (tuned),D,not a siting recommendation
8865050955fffff,WP Kuala Lumpur,3.106437019942906,101.70213099270596,6461.957295087045,38.6,0.9947234707836624,0,0.12921916,0.16451338,462,XGBoost (tuned),D,not a siting recommendation
8865050809fffff,WP Kuala Lumpur,3.062254514575812,101.67103475709176,9154.439501373314,91.9,0.9947234707836624,0,0.21816318,0.20375556,288,XGBoost (tuned),D,not a siting recommendation
886505441dfffff,WP Kuala Lumpur,3.223372596484442,101.69938534026691,1884.737544400388,28.1,0.9947234707836624,0,0.07874035,0.10029145,682,XGBoost (tuned),D,not a siting recommendation
88650546d9fffff,WP Kuala Lumpur,3.147559964472202,101.67438079812857,6192.709074458418,39.9,0.9947234707836624,0,0.109624386,0.19489804,529,XGBoost (tuned),D,not a siting recommendation
8865057305fffff,WP Kuala Lumpur,3.1908449793530944,101.6197771172496,2961.730426914896,25.0,0.9947234707836624,1,0.5316346,0.49780408,69,XGBoost (tuned),D,not a siting recommendation
88650509c9fffff,WP Kuala Lumpur,3.101937320030136,101.66117154716912,7538.950177601552,40.8,0.9947234707836624,0,0.14398187,0.09907809,426,XGBoost (tuned),D,not a siting recommendation
88650544dbfffff,WP Kuala Lumpur,3.2048620168910813,101.6390938524234,2153.985765029015,64.0,0.9947234707836624,0,0.08327789,0.13020615,656,XGBoost (tuned),D,not a siting recommendation
8865057365fffff,WP Kuala Lumpur,3.19677734192261,101.64285758662363,269.2482206286269,110.3,0.9947234707836624,1,0.08798468,0.10471768,626,XGBoost (tuned),D,not a siting recommendation
8865057341fffff,WP Kuala Lumpur,3.1665931287109297,101.63106929039424,0.0,0.0,0.9947234707836624,0,0.003615096,0.002835613,3793,XGBoost (tuned),D,not a siting recommendation
886505448dfffff,WP Kuala Lumpur,3.234331466211971,101.65983244651292,2692.4822062862686,17.8,0.9947234707836624,0,0.103258714,0.10595431,558,XGBoost (tuned),D,not a siting recommendation
88650546c1fffff,WP Kuala Lumpur,3.1615735891188885,101.6936938036378,14270.155693317223,212.0,0.9947234707836624,1,0.6875079,0.61880606,21,XGBoost (tuned),D,not a siting recommendation
8865050861fffff,WP Kuala Lumpur,3.0762660386350107,101.6903428292474,4577.219750686657,22.5,0.9947234707836624,0,0.09645903,0.07677746,587,XGBoost (tuned),D,not a siting recommendation
8865050b09fffff,WP Kuala Lumpur,3.0572460685865104,101.733630429418,2692.4822062862686,84.6,0.9947234707836624,0,0.06628881,0.12460017,761,XGBoost (tuned),D,not a siting recommendation
8865054631fffff,WP Kuala Lumpur,3.19031750710382,101.72337603635532,7000.453736344299,61.0,0.9947234707836624,0,0.1322944,0.13358814,456,XGBoost (tuned),D,not a siting recommendation
8865050b17fffff,WP Kuala Lumpur,3.0674713973344105,101.70304577095764,5654.212633201165,39.1,0.9947234707836624,0,0.11183063,0.13637094,515,XGBoost (tuned),D,not a siting recommendation
88650546b7fffff,WP Kuala Lumpur,3.203426644800392,101.65698966826189,8615.94306011606,223.5,0.9947234707836624,0,0.10340064,0.121955365,557,XGBoost (tuned),D,not a siting recommendation
8865057361fffff,WP Kuala Lumpur,3.189410396767716,101.6376734030214,3230.9786475435226,34.8,0.9947234707836624,1,0.27110595,0.32029805,225,XGBoost (tuned),D,not a siting recommendation
8865050b39fffff,WP Kuala Lumpur,3.074118695169926,101.71717066979292,11577.673487030956,130.1,0.9947234707836624,0,0.11724224,0.12578702,492,XGBoost (tuned),D,not a siting recommendation
886505468bfffff,WP Kuala Lumpur,3.1710910204861515,101.6720404912418,1076.9928825145075,27.4,0.9947234707836624,0,0.57005095,0.5210949,55,XGBoost (tuned),D,not a siting recommendation
8865050847fffff,WP Kuala Lumpur,3.061539174614014,101.67997791800312,1346.2411031431343,9.1,0.9947234707836624,0,0.07750654,0.07925081,686,XGBoost (tuned),D,not a siting recommendation
88650509abfffff,WP Kuala Lumpur,3.1423445024253724,101.64235937632937,538.4964412572538,18.8,0.9947234707836624,1,0.37032363,0.4199524,146,XGBoost (tuned),D,not a siting recommendation
886505081dfffff,WP Kuala Lumpur,3.063685041648695,101.65314751704072,2153.985765029015,41.4,0.9947234707836624,0,0.54292935,0.62091404,63,XGBoost (tuned),D,not a siting recommendation
88650544d1fffff,WP Kuala Lumpur,3.2122292741190006,101.64427828681777,7269.701956972925,725.1,0.9947234707836624,0,0.43660268,0.52877325,108,XGBoost (tuned),D,not a siting recommendation
8865050957fffff,WP Kuala Lumpur,3.107153326946733,101.69318732340324,4038.7233094294033,54.9,0.9947234707836624,0,0.09471623,0.15540865,592,XGBoost (tuned),D,not a siting recommendation
8865050863fffff,WP Kuala Lumpur,3.0769817175031493,101.68139960086862,1346.2411031431343,17.9,0.9947234707836624,0,0.087429166,0.09694519,633,XGBoost (tuned),D,not a siting recommendation
88650546b1fffff,WP Kuala Lumpur,3.195342201932548,101.66075272221212,3769.475088800776,77.3,0.9947234707836624,0,0.13515003,0.08797714,449,XGBoost (tuned),D,not a siting recommendation
88650544cdfffff,WP Kuala Lumpur,3.217442437608997,101.67630633581564,2692.4822062862686,15.4,0.9947234707836624,0,0.05875609,0.09572562,800,XGBoost (tuned),D,not a siting recommendation
88650544d3fffff,WP Kuala Lumpur,3.2129470486714933,101.6353298862092,9692.935942630567,319.5,0.9947234707836624,0,0.3711154,0.3163311,145,XGBoost (tuned),D,not a siting recommendation
8865050901fffff,WP Kuala Lumpur,3.1218817604716214,101.70355380399126,1346.2411031431343,14.5,0.9947234707836624,0,0.09399713,0.06945998,596,XGBoost (tuned),D,not a siting recommendation
8865054691fffff,WP Kuala Lumpur,3.1725254619181404,101.65414739703029,22347.60231217603,116.1,0.9947234707836624,0,0.4074153,0.50472087,123,XGBoost (tuned),D,not a siting recommendation
8865054635fffff,WP Kuala Lumpur,3.197682983735421,101.72856066530844,11577.673487030956,425.5,0.9947234707836624,0,0.48753345,0.4121218,86,XGBoost (tuned),D,not a siting recommendation
8865055499fffff,WP Kuala Lumpur,3.102854708162505,101.7468447143694,6192.709074458418,130.7,0.9947234707836624,0,0.15263261,0.16894221,404,XGBoost (tuned),D,not a siting recommendation
8865050903fffff,WP Kuala Lumpur,3.12259835602459,101.69460976062048,807.7446618858806,5.2,0.9947234707836624,0,0.06979749,0.06730295,741,XGBoost (tuned),D,not a siting recommendation
8865050b27fffff,WP Kuala Lumpur,3.096208019287227,101.73271939655956,5115.71619194391,89.1,0.9947234707836624,0,0.1194988,0.17560734,488,XGBoost (tuned),D,not a siting recommendation
8865050803fffff,WP Kuala Lumpur,3.071048943660198,101.6583297994626,7000.453736344299,309.3,0.9947234707836624,0,0.22018088,0.26083598,284,XGBoost (tuned),D,not a siting recommendation
886505084bfffff,WP Kuala Lumpur,3.046097560892272,101.67855636183651,269.2482206286269,2.7,0.9947234707836624,0,0.11152307,0.12180054,517,XGBoost (tuned),D,not a siting recommendation
88650544e3fffff,WP Kuala Lumpur,3.2416990023001544,101.66501745165188,2961.730426914896,59.4,0.9947234707836624,0,0.22755364,0.2936471,276,XGBoost (tuned),D,not a siting recommendation
88650509edfffff,WP Kuala Lumpur,3.1321128357388264,101.6729591064012,33117.53113732111,392.1,0.9947234707836624,1,0.38901207,0.5316868,131,XGBoost (tuned),D,not a siting recommendation
886505461bfffff,WP Kuala Lumpur,3.160138954860157,101.71158376079096,8077.446618858807,176.2,0.9947234707836624,1,0.8208089,0.6620812,3,XGBoost (tuned),D,not a siting recommendation
8865050b0bfffff,WP Kuala Lumpur,3.057961712899509,101.72468911462065,269.2482206286269,1.2000000000000002,0.9947234707836624,0,0.0087899165,0.008787167,1508,XGBoost (tuned),D,not a siting recommendation
88650546e7fffff,WP Kuala Lumpur,3.192471271769836,101.69653931827612,7000.453736344299,60.1,0.9947234707836624,0,0.09872284,0.09868063,579,XGBoost (tuned),D,not a siting recommendation
886505093bfffff,WP Kuala Lumpur,3.131396227193464,101.68190410474436,11039.177045773702,233.3,0.9947234707836624,0,0.5803708,0.46515366,51,XGBoost (tuned),D,not a siting recommendation
88650546d3fffff,WP Kuala Lumpur,3.1563593333598594,101.6616727770296,1346.2411031431343,14.2,0.9947234707836624,0,0.28539076,0.31840402,212,XGBoost (tuned),D,not a siting recommendation
88650544c3fffff,WP Kuala Lumpur,3.2188786017879543,101.65841099400237,807.7446618858806,51.7,0.9947234707836624,0,0.049133778,0.06494003,871,XGBoost (tuned),D,not a siting recommendation
886505463dfffff,WP Kuala Lumpur,3.189599477856085,101.73232099176536,21270.609429661523,140.8,0.9947234707836624,0,0.14163442,0.17498142,432,XGBoost (tuned),D,not a siting recommendation
88650544ebfffff,WP Kuala Lumpur,3.2336131244617734,101.66878064527477,1346.2411031431343,20.8,0.9947234707836624,0,0.48552436,0.44410336,88,XGBoost (tuned),D,not a siting recommendation
8865054453fffff,WP Kuala Lumpur,3.20792147996669,101.69796226584486,1076.9928825145075,11.0,0.9947234707836624,0,0.043440435,0.046268918,924,XGBoost (tuned),D,not a siting recommendation
8865054643fffff,WP Kuala Lumpur,3.1572690492972986,101.74735997202464,5654.212633201165,122.9,0.9947234707836624,1,0.69203264,0.5945897,19,XGBoost (tuned),D,not a siting recommendation
8865050b1dfffff,WP Kuala Lumpur,3.058677306634101,101.7157474910884,4307.97153005803,21.2,0.9947234707836624,0,0.10457431,0.143011,550,XGBoost (tuned),D,not a siting recommendation
88650546dbfffff,WP Kuala Lumpur,3.1482768077217025,101.66543511891474,6731.205515715672,83.1,0.9947234707836624,1,0.8612417,0.84253186,1,XGBoost (tuned),D,not a siting recommendation
8865050b13fffff,WP Kuala Lumpur,3.0601083421331814,101.69786331949756,3230.9786475435226,24.3,0.9947234707836624,0,0.14769801,0.17526385,416,XGBoost (tuned),D,not a siting recommendation
8865050917fffff,WP Kuala Lumpur,3.124031390198346,101.6767207519806,8885.191280744688,141.2,0.9947234707836624,1,0.77055204,0.8180528,8,XGBoost (tuned),D,not a siting recommendation
886505469bfffff,WP Kuala Lumpur,3.1651592419477144,101.64896353740104,24232.33985657642,292.7,0.9947234707836624,1,0.640238,0.72105443,33,XGBoost (tuned),D,not a siting recommendation
88650544d9fffff,WP Kuala Lumpur,3.204144358093393,101.64804191304054,1615.4893237717613,171.9,0.9947234707836624,0,0.1709555,0.092384845,368,XGBoost (tuned),D,not a siting recommendation
88650509ebfffff,WP Kuala Lumpur,3.125464214736172,101.6588305169442,269.2482206286269,43.7,0.9947234707836624,0,0.4608231,0.53440684,98,XGBoost (tuned),D,not a siting recommendation
8865054419fffff,WP Kuala Lumpur,3.216006054679297,101.69420045061403,1346.2411031431343,7.2,0.9947234707836624,0,0.016979953,0.028542215,1248,XGBoost (tuned),D,not a siting recommendation
886505736dfffff,WP Kuala Lumpur,3.1886930241690687,101.64662108879888,2423.233985657642,62.2,0.9947234707836624,0,0.08531953,0.06488304,643,XGBoost (tuned),D,not a siting recommendation
8865050929fffff,WP Kuala Lumpur,3.13661048456062,101.71392085158008,2692.4822062862686,114.1,0.9947234707836624,0,0.65997964,0.7205787,28,XGBoost (tuned),D,not a siting recommendation
88650546a3fffff,WP Kuala Lumpur,3.201991054965412,101.67488426083416,5115.71619194391,222.6,0.9947234707836624,0,0.38447058,0.39782837,133,XGBoost (tuned),D,not a siting recommendation
8865050b23fffff,WP Kuala Lumpur,3.0888448376841,101.72753634628424,1076.9928825145075,70.6,0.9947234707836624,0,0.0766905,0.10579463,693,XGBoost (tuned),D,not a siting recommendation
8865054697fffff,WP Kuala Lumpur,3.180609064033328,101.65038435893808,9692.935942630567,42.1,0.9947234707836624,0,0.050868023,0.060058597,859,XGBoost (tuned),D,not a siting recommendation
8865055491fffff,WP Kuala Lumpur,3.110934601070504,101.7430859207742,1346.2411031431343,119.4,0.9947234707836624,0,0.18183875,0.23127064,357,XGBoost (tuned),D,not a siting recommendation
8865050921fffff,WP Kuala Lumpur,3.1446920621333048,101.71016044545414,11846.921707659583,576.4,0.9947234707836624,1,0.5684127,0.5695299,56,XGBoost (tuned),D,not a siting recommendation
8865054459fffff,WP Kuala Lumpur,3.1991192239587685,101.71066976272051,15347.148575831732,166.5,0.9947234707836624,1,0.2983905,0.37317944,203,XGBoost (tuned),D,not a siting recommendation
8865050913fffff,WP Kuala Lumpur,3.116666626390612,101.6715375414108,807.7446618858806,99.4,0.9947234707836624,1,0.7134394,0.7678518,15,XGBoost (tuned),D,not a siting recommendation
88650546d5fffff,WP Kuala Lumpur,3.1630080103985097,101.67580261660812,807.7446618858806,31.6,0.9947234707836624,0,0.033109248,0.03827134,1019,XGBoost (tuned),D,not a siting recommendation
886505080bfffff,WP Kuala Lumpur,3.0629698036069377,101.66209128996424,8077.446618858807,205.8,0.9947234707836624,1,0.22493593,0.24880885,277,XGBoost (tuned),D,not a siting recommendation
8865054699fffff,WP Kuala Lumpur,3.16444221822614,101.65791020306445,5654.212633201165,65.5,0.9947234707836624,1,0.8104557,0.7819291,5,XGBoost (tuned),D,not a siting recommendation
886505094bfffff,WP Kuala Lumpur,3.0976406544815047,101.7148342809248,10769.928825145074,242.7,0.9947234707836624,0,0.29692137,0.27476218,204,XGBoost (tuned),D,not a siting recommendation
886505084dfffff,WP Kuala Lumpur,3.052745362228836,101.69268100982816,1615.4893237717613,19.2,0.9947234707836624,0,0.2930347,0.44166818,209,XGBoost (tuned),D,not a siting recommendation
8865054627fffff,WP Kuala Lumpur,3.204330156217869,101.74269045557593,6461.957295087045,51.2,0.9947234707836624,0,0.043226007,0.045653205,926,XGBoost (tuned),D,not a siting recommendation
886505461dfffff,WP Kuala Lumpur,3.1667864122222134,101.72571240523692,10500.680604516449,60.0,0.9947234707836624,0,0.23605648,0.25631097,265,XGBoost (tuned),D,not a siting recommendation
8865050965fffff,WP Kuala Lumpur,3.1351764534877025,101.73180814504106,14808.65213457448,84.9,0.9947234707836624,0,0.14297819,0.1578754,430,XGBoost (tuned),D,not a siting recommendation
886505462bfffff,WP Kuala Lumpur,3.1888813948609096,101.7412656378338,8346.694839487433,51.4,0.9947234707836624,0,0.042985946,0.063675776,929,XGBoost (tuned),D,not a siting recommendation
88650546a1fffff,WP Kuala Lumpur,3.201273178541941,101.68383109734376,1076.9928825145075,68.3,0.9947234707836624,0,0.1826406,0.08528313,355,XGBoost (tuned),D,not a siting recommendation
88650546c9fffff,WP Kuala Lumpur,3.153491173070494,101.69745501540946,3769.475088800776,357.9,0.9947234707836624,1,0.5506485,0.47521427,62,XGBoost (tuned),D,not a siting recommendation
88650546adfffff,WP Kuala Lumpur,3.2005552478601658,101.69277762677496,6192.709074458418,38.1,0.9947234707836624,0,0.22027968,0.16973111,283,XGBoost (tuned),D,not a siting recommendation
8865054681fffff,WP Kuala Lumpur,3.178456971324729,101.67722456185504,3500.2268681721494,46.4,0.9947234707836624,0,0.23709905,0.47089857,264,XGBoost (tuned),D,not a siting recommendation
88650544c5fffff,WP Kuala Lumpur,3.225527602763672,101.67254360666634,1615.4893237717613,52.4,0.9947234707836624,0,0.33780473,0.42864463,167,XGBoost (tuned),D,not a siting recommendation
8865054657fffff,WP Kuala Lumpur,3.158704108095272,101.72947248470646,23155.34697406191,135.7,0.9947234707836624,0,0.587778,0.4961557,49,XGBoost (tuned),D,not a siting recommendation
8865050949fffff,WP Kuala Lumpur,3.0969243626497267,101.72377699312474,1346.2411031431343,31.1,0.9947234707836624,0,0.2947178,0.45690045,207,XGBoost (tuned),D,not a siting recommendation
8865054637fffff,WP Kuala Lumpur,3.198401130857697,101.7196153683943,5923.460853829792,111.0,0.9947234707836624,1,0.6499745,0.6984623,31,XGBoost (tuned),D,not a siting recommendation
8865057349fffff,WP Kuala Lumpur,3.158509894483745,101.63483288429951,538.4964412572538,1.0,0.9947234707836624,0,0.006316339,0.0040968074,1625,XGBoost (tuned),D,not a siting recommendation
8865057363fffff,WP Kuala Lumpur,3.1901277151821112,101.62872541236466,5923.460853829792,94.4,0.9947234707836624,1,0.63327694,0.6946332,36,XGBoost (tuned),D,not a siting recommendation
8865055493fffff,WP Kuala Lumpur,3.111651286091834,101.7341434528981,5115.71619194391,82.0,0.9947234707836624,0,0.08833862,0.20583811,622,XGBoost (tuned),D,not a siting recommendation
88650546cdfffff,WP Kuala Lumpur,3.1608562985823525,101.70263893615903,8885.191280744688,259.1,0.9947234707836624,0,0.69252646,0.50386524,18,XGBoost (tuned),D,not a siting recommendation
8865050945fffff,WP Kuala Lumpur,3.112367919272105,101.72520067574116,9423.68772200194,122.7,0.9947234707836624,0,0.20421404,0.24955359,316,XGBoost (tuned),D,not a siting recommendation
88650509b5fffff,WP Kuala Lumpur,3.151143649607716,101.62964934514186,98119.43656148257,902.9,0.9947234707836624,0,0.18894765,0.09881834,342,XGBoost (tuned),D,not a siting recommendation
88650509c5fffff,WP Kuala Lumpur,3.11738289503316,101.66259261104436,4846.467971315284,88.1,0.9947234707836624,1,0.7837811,0.78254503,6,XGBoost (tuned),D,not a siting recommendation
8865054441fffff,WP Kuala Lumpur,3.2131326344662527,101.72998498571076,5654.212633201165,59.2,0.9947234707836624,0,0.20490414,0.27233666,315,XGBoost (tuned),D,not a siting recommendation
8865054623fffff,WP Kuala Lumpur,3.1969647826512357,101.73750565304296,11039.177045773702,130.4,0.9947234707836624,1,0.27385777,0.26136574,221,XGBoost (tuned),D,not a siting recommendation
8865050801fffff,WP Kuala Lumpur,3.070333536567122,101.66727360670954,2692.4822062862686,15.2,0.9947234707836624,0,0.13294455,0.080615215,452,XGBoost (tuned),D,not a siting recommendation
8865050947fffff,WP Kuala Lumpur,3.1130845005523646,101.71625758972306,10769.928825145074,94.2,0.9947234707836624,0,0.3003648,0.2773018,200,XGBoost (tuned),D,not a siting recommendation
8865050915fffff,WP Kuala Lumpur,3.1233148992864828,101.6856654098102,4846.467971315284,36.0,0.9947234707836624,0,0.30077723,0.42079598,199,XGBoost (tuned),D,not a siting recommendation
88650546bbfffff,WP Kuala Lumpur,3.187975597445356,101.65556846927626,3500.2268681721494,133.6,0.9947234707836624,1,0.104296036,0.14983849,551,XGBoost (tuned),D,not a siting recommendation
8865054689fffff,WP Kuala Lumpur,3.1703737193743127,101.6809865788585,3230.9786475435226,35.0,0.9947234707836624,0,0.4116078,0.3372549,118,XGBoost (tuned),D,not a siting recommendation
88650509cdfffff,WP Kuala Lumpur,3.10930193619348,101.666354473114,18578.127223375253,218.2,0.9947234707836624,1,0.62082493,0.68582433,38,XGBoost (tuned),D,not a siting recommendation
8865057369fffff,WP Kuala Lumpur,3.1813263205275994,101.64143701314636,1884.737544400388,7.6,0.9947234707836624,0,0.023293529,0.020643676,1134,XGBoost (tuned),D,not a siting recommendation
8865054655fffff,WP Kuala Lumpur,3.1579866051708527,101.73841638315014,8885.191280744688,60.4,0.9947234707836624,1,0.380159,0.4603661,135,XGBoost (tuned),D,not a siting recommendation
886505091bfffff,WP Kuala Lumpur,3.108585785130912,101.67529906318715,8077.446618858807,54.8,0.9947234707836624,0,0.48792106,0.3700059,85,XGBoost (tuned),D,not a siting recommendation
88650509a1fffff,WP Kuala Lumpur,3.149710335005167,101.6475428425707,1615.4893237717613,13.3,0.9947234707836624,0,0.13074808,0.12400625,460,XGBoost (tuned),D,not a siting recommendation
8865054443fffff,WP Kuala Lumpur,3.213851071165365,101.7210393147999,10500.680604516449,44.9,0.9947234707836624,0,0.051855866,0.07269255,855,XGBoost (tuned),D,not a siting recommendation
886505730dfffff,WP Kuala Lumpur,3.182760671548365,101.62354140685824,5115.71619194391,27.7,0.9947234707836624,0,0.11140927,0.11161586,519,XGBoost (tuned),D,not a siting recommendation
886505463bfffff,WP Kuala Lumpur,3.1829520998492296,101.71819154888472,807.7446618858806,13.7,0.9947234707836624,0,0.036007363,0.048240874,988,XGBoost (tuned),D,not a siting recommendation
8865054651fffff,WP Kuala Lumpur,3.1506221642954726,101.73323233169047,30155.80071040621,140.4,0.9947234707836624,0,0.101835996,0.18270023,564,XGBoost (tuned),D,not a siting recommendation
8865054683fffff,WP Kuala Lumpur,3.179174389372738,101.66827813371305,4307.97153005803,36.0,0.9947234707836624,1,0.38639635,0.44826332,132,XGBoost (tuned),D,not a siting recommendation
88650546cbfffff,WP Kuala Lumpur,3.154208292836078,101.6885099162108,1346.2411031431343,29.9,0.9947234707836624,1,0.25907457,0.25374037,237,XGBoost (tuned),D,not a siting recommendation
8865050905fffff,WP Kuala Lumpur,3.1292460864072065,101.70873725695007,5115.71619194391,52.1,0.9947234707836624,0,0.39455014,0.32336783,128,XGBoost (tuned),D,not a siting recommendation
886505441bfffff,WP Kuala Lumpur,3.216724273458333,101.685253546802,538.4964412572538,17.9,0.9947234707836624,0,0.14166361,0.10783908,431,XGBoost (tuned),D,not a siting recommendation
88650546d7fffff,WP Kuala Lumpur,3.163725141023374,101.66685656294032,807.7446618858806,11.5,0.9947234707836624,0,0.23491143,0.26623222,266,XGBoost (tuned),D,not a siting recommendation
8865054629fffff,WP Kuala Lumpur,3.1881632581775707,101.75020997414072,4038.7233094294033,14.8,0.9947234707836624,0,0.043128733,0.05295253,927,XGBoost (tuned),D,not a siting recommendation
8865054445fffff,WP Kuala Lumpur,3.2204984889147865,101.7351700064984,5654.212633201165,25.8,0.9947234707836624,0,0.169362,0.20916852,371,XGBoost (tuned),D,not a siting recommendation
886505445dfffff,WP Kuala Lumpur,3.2064851131151024,101.71585446795,5923.460853829792,104.2,0.9947234707836624,0,0.21336564,0.22765273,299,XGBoost (tuned),D,not a siting recommendation
8865050b35fffff,WP Kuala Lumpur,3.0895610104902573,101.71859397529197,6731.205515715672,83.6,0.9947234707836624,0,0.10892635,0.09343774,532,XGBoost (tuned),D,not a siting recommendation
8865050b25fffff,WP Kuala Lumpur,3.0954916244528947,101.7416614908096,7808.19839823018,177.6,0.9947234707836624,1,0.36594096,0.35979265,148,XGBoost (tuned),D,not a siting recommendation
88650544c1fffff,WP Kuala Lumpur,3.218160547071976,101.66735881807556,5923.460853829792,114.4,0.9947234707836624,1,0.47811663,0.50192887,89,XGBoost (tuned),D,not a siting recommendation
88650546a5fffff,WP Kuala Lumpur,3.2086395818905773,101.6890157029466,3230.9786475435226,22.0,0.9947234707836624,0,0.1889034,0.218684,343,XGBoost (tuned),D,not a siting recommendation
8865050943fffff,WP Kuala Lumpur,3.105720661076447,101.71107435424508,5923.460853829792,86.9,0.9947234707836624,0,0.18914437,0.15803015,340,XGBoost (tuned),D,not a siting recommendation
8865054687fffff,WP Kuala Lumpur,3.1865405818594343,101.67346231264791,1076.9928825145075,205.9,0.9947234707836624,1,0.6131186,0.5068192,40,XGBoost (tuned),D,not a siting recommendation
8865054449fffff,WP Kuala Lumpur,3.2050485293204938,101.733745435665,28540.31138663445,293.2,0.9947234707836624,1,0.21631779,0.33801073,291,XGBoost (tuned),D,not a siting recommendation
8865054489fffff,WP Kuala Lumpur,3.2269639992031918,101.65464758394154,2153.985765029015,27.1,0.9947234707836624,1,0.26821762,0.55382365,232,XGBoost (tuned),D,not a siting recommendation
8865050b37fffff,WP Kuala Lumpur,3.090277131920896,101.7096512957924,2961.730426914896,50.0,0.9947234707836624,0,0.19678026,0.30774912,329,XGBoost (tuned),D,not a siting recommendation
8865054633fffff,WP Kuala Lumpur,3.1910354825448635,101.71443077202368,5115.71619194391,77.3,0.9947234707836624,0,0.13915294,0.09809289,434,XGBoost (tuned),D,not a siting recommendation
8865054413fffff,WP Kuala Lumpur,3.2248093221605685,101.68149115835205,269.2482206286269,8.0,0.9947234707836624,0,0.013303718,0.014106781,1354,XGBoost (tuned),D,not a siting recommendation
88650546b5fffff,WP Kuala Lumpur,3.202708877071313,101.66593711766666,5115.71619194391,100.0,0.9947234707836624,0,0.5365461,0.4426461,64,XGBoost (tuned),D,not a siting recommendation
8865050939fffff,WP Kuala Lumpur,3.1306795660837485,101.69084879623033,8615.94306011606,218.8,0.9947234707836624,0,0.51674736,0.5323428,75,XGBoost (tuned),D,not a siting recommendation
8865054617fffff,WP Kuala Lumpur,3.175586762395144,101.71300720297576,2153.985765029015,18.8,0.9947234707836624,0,0.1996808,0.21438646,322,XGBoost (tuned),D,not a siting recommendation
886505444bfffff,WP Kuala Lumpur,3.2057668483060144,101.72480010631637,9154.439501373314,80.8,0.9947234707836624,0,0.26898816,0.22957887,230,XGBoost (tuned),D,not a siting recommendation
886505094dfffff,WP Kuala Lumpur,3.1042877879912703,101.72896015235314,8615.94306011606,149.4,0.9947234707836624,0,0.36878806,0.22302307,147,XGBoost (tuned),D,not a siting recommendation
88650546b9fffff,WP Kuala Lumpur,3.18725811665575,101.66451554403282,6192.709074458418,40.7,0.9947234707836624,0,0.09902573,0.12517206,576,XGBoost (tuned),D,not a siting recommendation
88650544ddfffff,WP Kuala Lumpur,3.2115114448564017,101.65322638219313,4307.97153005803,336.7,0.9947234707836624,0,0.30471548,0.42486656,191,XGBoost (tuned),D,not a siting recommendation
88650554d3fffff,WP Kuala Lumpur,3.094775178205622,101.75060327545532,3230.9786475435226,46.1,0.9947234707836624,0,0.030787878,0.060557745,1041,XGBoost (tuned),D,not a siting recommendation
886505080dfffff,WP Kuala Lumpur,3.069618078329277,101.67621710790256,1076.9928825145075,18.2,0.9947234707836624,1,0.21126933,0.30727127,305,XGBoost (tuned),D,not a siting recommendation
88650509a5fffff,WP Kuala Lumpur,3.157076240413225,101.65272645150873,538.4964412572538,62.2,0.9947234707836624,1,0.5308688,0.688881,71,XGBoost (tuned),D,not a siting recommendation
8865054685fffff,WP Kuala Lumpur,3.185822993115614,101.682408774701,3500.2268681721494,190.3,0.9947234707836624,1,0.4614297,0.5760476,97,XGBoost (tuned),D,not a siting recommendation
8865050963fffff,WP Kuala Lumpur,3.1285292679583714,101.7176810253438,1615.4893237717613,59.0,0.9947234707836624,1,0.28244454,0.3726595,217,XGBoost (tuned),D,not a siting recommendation
8865050911fffff,WP Kuala Lumpur,3.115950305494472,101.68048216543616,3230.9786475435226,47.4,0.9947234707836624,1,0.7708464,0.78830093,7,XGBoost (tuned),D,not a siting recommendation
8865050951fffff,WP Kuala Lumpur,3.0990730833173923,101.6969479319086,8615.94306011606,142.6,0.9947234707836624,0,0.10812077,0.1882786,536,XGBoost (tuned),D,not a siting recommendation
886505468dfffff,WP Kuala Lumpur,3.1777394995437884,101.68617068327264,4846.467971315284,177.1,0.9947234707836624,0,0.5360423,0.42078418,65,XGBoost (tuned),D,not a siting recommendation
886505083dfffff,WP Kuala Lumpur,3.0864926688425123,101.65975060998024,6461.957295087045,50.3,0.9947234707836624,0,0.21901305,0.2665634,286,XGBoost (tuned),D,not a siting recommendation
8865050937fffff,WP Kuala Lumpur,3.1468430682295594,101.68332617080968,269.2482206286269,20.9,0.9947234707836624,0,0.4683764,0.3982355,92,XGBoost (tuned),D,not a siting recommendation
886505465bfffff,WP Kuala Lumpur,3.143257794186077,101.72804842151685,10500.680604516449,56.4,0.9947234707836624,0,0.078559116,0.13527243,683,XGBoost (tuned),D,not a siting recommendation
886505448bfffff,WP Kuala Lumpur,3.227682114920922,101.64569911374396,538.4964412572538,8.9,0.9947234707836624,0,0.13589299,0.13304137,446,XGBoost (tuned),D,not a siting recommendation
8865054447fffff,WP Kuala Lumpur,3.2212170976859373,101.72622430319107,16424.14145834624,78.6,0.9947234707836624,0,0.10346706,0.15601285,554,XGBoost (tuned),D,not a siting recommendation
88650546e3fffff,WP Kuala Lumpur,3.1851053504834708,101.69135492977152,5654.212633201165,194.9,0.9947234707836624,0,0.5950228,0.37293237,45,XGBoost (tuned),D,not a siting recommendation
886505462dfffff,WP Kuala Lumpur,3.1955282188343244,101.75539469929308,4307.97153005803,26.4,0.9947234707836624,0,0.05473572,0.0772774,827,XGBoost (tuned),D,not a siting recommendation
8865054455fffff,WP Kuala Lumpur,3.214569453473476,101.71209333503332,2153.985765029015,149.9,0.9947234707836624,0,0.087409265,0.1698844,634,XGBoost (tuned),D,not a siting recommendation
88650546abfffff,WP Kuala Lumpur,3.193906845057029,101.67864663388453,5384.964412572537,252.3,0.9947234707836624,1,0.6625385,0.50793594,26,XGBoost (tuned),D,not a siting recommendation
88650509e5fffff,WP Kuala Lumpur,3.1401946417139674,101.66919722870897,8077.446618858807,69.0,0.9947234707836624,1,0.61011916,0.59401363,41,XGBoost (tuned),D,not a siting recommendation
8865050b2bfffff,WP Kuala Lumpur,3.0807656759106274,101.73129546706842,5115.71619194391,312.7,0.9947234707836624,1,0.34436378,0.52865314,160,XGBoost (tuned),D,not a siting recommendation
8865054695fffff,WP Kuala Lumpur,3.1798917536286586,101.6593313992672,18578.127223375253,109.8,0.9947234707836624,0,0.33611664,0.28092375,169,XGBoost (tuned),D,not a siting recommendation
886505098dfffff,WP Kuala Lumpur,3.1261805482442533,101.64988494057812,538.4964412572538,33.6,0.9947234707836624,0,0.42174923,0.48837304,111,XGBoost (tuned),D,not a siting recommendation
8865050867fffff,WP Kuala Lumpur,3.084345431674463,101.68658223591096,20193.616547147016,112.3,0.9947234707836624,0,0.101142064,0.12457057,567,XGBoost (tuned),D,not a siting recommendation
88650546a9fffff,WP Kuala Lumpur,3.193189085435276,101.68759312970064,5115.71619194391,49.4,0.9947234707836624,0,0.26389414,0.2926838,235,XGBoost (tuned),D,not a siting recommendation
8865050b0dfffff,WP Kuala Lumpur,3.064608443544546,101.73881301146756,538.4964412572538,101.9,0.9947234707836624,0,0.1475381,0.17612487,417,XGBoost (tuned),D,not a siting recommendation
886505091dfffff,WP Kuala Lumpur,3.1152339324036484,101.68942648270014,2153.985765029015,15.0,0.9947234707836624,0,0.03315225,0.037693486,1018,XGBoost (tuned),D,not a siting recommendation
8865050b6bfffff,WP Kuala Lumpur,3.063892578263172,101.74775404911342,2961.730426914896,186.3,0.9947234707836624,0,0.1378985,0.14394137,439,XGBoost (tuned),D,not a siting recommendation
8865050933fffff,WP Kuala Lumpur,3.1394779157226997,101.67814256751348,7000.453736344299,32.7,0.9947234707836624,0,0.18212302,0.2050467,356,XGBoost (tuned),D,not a siting recommendation
886505736bfffff,WP Kuala Lumpur,3.182043523052324,101.6324893623128,2423.233985657642,15.6,0.9947234707836624,1,0.20921054,0.26548603,310,XGBoost (tuned),D,not a siting recommendation
8865050b3bfffff,WP Kuala Lumpur,3.074834527409624,101.7082283641294,1884.737544400388,122.3,0.9947234707836624,0,0.32740095,0.39315063,176,XGBoost (tuned),D,not a siting recommendation
8865050843fffff,WP Kuala Lumpur,3.054175855883817,101.67479567547106,7538.950177601552,60.3,0.9947234707836624,1,0.5114828,0.29030654,77,XGBoost (tuned),D,not a siting recommendation
8865050b33fffff,WP Kuala Lumpur,3.08291368314747,101.70446845228255,8346.694839487433,112.3,0.9947234707836624,0,0.072963834,0.115448095,714,XGBoost (tuned),D,not a siting recommendation
8865050301fffff,WP Putrajaya,2.905740137132386,101.68364597787895,1111.0072009725989,10.7,1.0123309466984884,0,0.28252298,0.038299967,216,XGBoost (tuned),D,not a siting recommendation
88650518c3fffff,WP Putrajaya,2.941113005051259,101.7274241663678,1111.0072009725989,6.0,1.0123309466984884,0,0.34259748,0.14299409,162,XGBoost (tuned),D,not a siting recommendation
886505188bfffff,WP Putrajaya,2.949900152011722,101.71472779718276,555.5036004862994,1.3,1.0123309466984884,0,0.011183018,0.0062255096,1427,XGBoost (tuned),D,not a siting recommendation
88650518d5fffff,WP Putrajaya,2.9418265007120183,101.71848580727637,3333.0216029177964,12.7,1.0123309466984884,0,0.12323679,0.13910007,478,XGBoost (tuned),D,not a siting recommendation
8865050367fffff,WP Putrajaya,2.919746875869558,101.70294458599696,7221.546806321892,14.9,1.0123309466984884,0,0.10537962,0.061685093,545,XGBoost (tuned),D,not a siting recommendation
8865050169fffff,WP Putrajaya,2.96011509414928,101.68415058673784,2222.0144019451977,4.0,1.0123309466984884,0,0.060466267,0.021170128,793,XGBoost (tuned),D,not a siting recommendation
8865050309fffff,WP Putrajaya,2.8976679791117617,101.6874046389926,1111.0072009725989,3.0,1.0123309466984884,1,0.028113335,0.014417154,1064,XGBoost (tuned),D,not a siting recommendation
886505030dfffff,WP Putrajaya,2.905027529762536,101.6925844796098,0.0,0.0,1.0123309466984884,0,0.005886918,0.0036419912,1692,XGBoost (tuned),D,not a siting recommendation
8865050339fffff,WP Putrajaya,2.9145253457573617,101.67094793663246,1666.5108014588982,4.6000000000000005,1.0123309466984884,0,0.06250144,0.053041317,783,XGBoost (tuned),D,not a siting recommendation
8865050321fffff,WP Putrajaya,2.928532845206667,101.69024734126756,1111.0072009725989,20.9,1.0123309466984884,0,0.40293002,0.17256443,124,XGBoost (tuned),D,not a siting recommendation
8865051893fffff,WP Putrajaya,2.952040713376703,101.6879098505066,1111.0072009725989,1.0,1.0123309466984884,0,0.013319494,0.0049098884,1353,XGBoost (tuned),D,not a siting recommendation
8865050335fffff,WP Putrajaya,2.9299588295752117,101.67236860343957,1111.0072009725989,13.9,1.0123309466984884,1,0.16640477,0.23859142,378,XGBoost (tuned),D,not a siting recommendation
88650518bbfffff,WP Putrajaya,2.9667623696389422,101.69827139132256,1111.0072009725989,1.4,1.0123309466984884,0,0.010441189,0.005052617,1447,XGBoost (tuned),D,not a siting recommendation
8865050307fffff,WP Putrajaya,2.9138126651494165,101.67988708490827,555.5036004862994,10.4,1.0123309466984884,0,0.3232585,0.26881194,177,XGBoost (tuned),D,not a siting recommendation
8865050327fffff,WP Putrajaya,2.9366062406884117,101.68648843301804,1111.0072009725989,9.8,1.0123309466984884,0,0.1275697,0.10975061,465,XGBoost (tuned),D,not a siting recommendation
8865050163fffff,WP Putrajaya,2.9689035063328566,101.67145048095512,1666.5108014588982,4.1,1.0123309466984884,0,0.049203582,0.062087152,870,XGBoost (tuned),D,not a siting recommendation
8865050145fffff,WP Putrajaya,2.952754137566701,101.67896992077772,1666.5108014588982,3.3,1.0123309466984884,0,0.042165056,0.011441626,934,XGBoost (tuned),D,not a siting recommendation
8865050161fffff,WP Putrajaya,2.9681898426806197,101.6803910910324,0.0,1.4,1.0123309466984884,0,0.0070050554,0.0040909285,1568,XGBoost (tuned),D,not a siting recommendation
8865051899fffff,WP Putrajaya,2.943253348626019,101.7006081648371,1111.0072009725989,5.1,1.0123309466984884,1,0.15636896,0.06325616,395,XGBoost (tuned),D,not a siting recommendation
8865050353fffff,WP Putrajaya,2.883661229977515,101.66810698269737,1111.0072009725989,2.7,1.0123309466984884,0,0.021439731,0.010219419,1163,XGBoost (tuned),D,not a siting recommendation
8865050305fffff,WP Putrajaya,2.913099937262868,101.68882592682756,3888.525203404096,20.8,1.0123309466984884,0,0.2125569,0.25351453,303,XGBoost (tuned),D,not a siting recommendation
8865050147fffff,WP Putrajaya,2.953467513527083,101.67002968466294,2777.5180024314973,4.4,1.0123309466984884,0,0.026637852,0.015162182,1078,XGBoost (tuned),D,not a siting recommendation
886505010dfffff,WP Putrajaya,2.9615421337349987,101.66626974065572,3333.0216029177964,12.7,1.0123309466984884,0,0.13899343,0.12134062,435,XGBoost (tuned),D,not a siting recommendation
8865051883fffff,WP Putrajaya,2.957974172029665,101.71096955498582,1111.0072009725989,1.0,1.0123309466984884,0,0.0124031445,0.0048117046,1382,XGBoost (tuned),D,not a siting recommendation
8865050319fffff,WP Putrajaya,2.89173300875511,101.66434776526852,1666.5108014588982,4.2,1.0123309466984884,0,0.019068623,0.013464513,1205,XGBoost (tuned),D,not a siting recommendation
88650518d3fffff,WP Putrajaya,2.9351798249815766,101.70436662423376,7221.546806321892,35.5,1.0123309466984884,1,0.11162475,0.05975063,516,XGBoost (tuned),D,not a siting recommendation
886505016bfffff,WP Putrajaya,2.9608286381637416,101.67521031680876,5555.036004862995,11.1,1.0123309466984884,0,0.11039244,0.08154429,524,XGBoost (tuned),D,not a siting recommendation
88650518cbfffff,WP Putrajaya,2.93303984392072,101.73118160339608,0.0,0.0,1.0123309466984884,0,0.0041618724,0.0036419912,2604,XGBoost (tuned),D,not a siting recommendation
8865051889fffff,WP Putrajaya,2.9491865354859854,101.72366649717353,1666.5108014588982,42.2,1.0123309466984884,0,0.27625006,0.17054647,220,XGBoost (tuned),D,not a siting recommendation
8865051895fffff,WP Putrajaya,2.9586878610239373,101.70203020624584,0.0,0.7,1.0123309466984884,0,0.0042691706,0.0036419912,2446,XGBoost (tuned),D,not a siting recommendation
88650518d7fffff,WP Putrajaya,2.942539948589691,101.70954713995972,1111.0072009725989,27.6,1.0123309466984884,0,0.4147012,0.17355439,114,XGBoost (tuned),D,not a siting recommendation
886505189bfffff,WP Putrajaya,2.943966700762751,101.69166888232778,555.5036004862994,1.9,1.0123309466984884,0,0.02630012,0.02298239,1084,XGBoost (tuned),D,not a siting recommendation
886505031dfffff,WP Putrajaya,2.89909281183154,101.66952739639012,1111.0072009725989,11.7,1.0123309466984884,1,0.16839747,0.1262189,373,XGBoost (tuned),D,not a siting recommendation
8865050363fffff,WP Putrajaya,2.91238716215583,101.69776446197088,2777.5180024314973,5.6,1.0123309466984884,0,0.04790651,0.030754214,886,XGBoost (tuned),D,not a siting recommendation
8865051891fffff,WP Putrajaya,2.951327241015357,101.69684947343002,0.0,0.4,1.0123309466984884,0,0.0044510327,0.0038399128,2192,XGBoost (tuned),D,not a siting recommendation
88650518d1fffff,WP Putrajaya,2.9344665455698205,101.7133052587286,6110.539605349293,17.6,1.0123309466984884,0,0.09121318,0.093139574,608,XGBoost (tuned),D,not a siting recommendation
8865050329fffff,WP Putrajaya,2.920459818895987,101.6940060175888,10554.56840923969,21.0,1.0123309466984884,0,0.07180865,0.044641126,726,XGBoost (tuned),D,not a siting recommendation
88650518b3fffff,WP Putrajaya,2.9748372459860883,101.69451234436951,0.0,0.4,1.0123309466984884,0,0.0050025075,0.0038399128,1844,XGBoost (tuned),D,not a siting recommendation
886505016dfffff,WP Putrajaya,2.967476130429872,101.68933139462806,0.0,2.0,1.0123309466984884,0,0.011509206,0.005602548,1418,XGBoost (tuned),D,not a siting recommendation
88650518ddfffff,WP Putrajaya,2.9337532185301267,101.72224358525574,1111.0072009725989,1.4,1.0123309466984884,0,0.019531667,0.005052617,1197,XGBoost (tuned),D,not a siting recommendation
8865050311fffff,WP Putrajaya,2.899805157768438,101.66058831611689,1666.5108014588982,2.0,1.0123309466984884,0,0.010695801,0.00696245,1437,XGBoost (tuned),D,not a siting recommendation
8865050149fffff,WP Putrajaya,2.9373193768670656,101.67754887713583,11032.301505657906,30.9,1.0123309466984884,0,0.2725123,0.13355647,222,XGBoost (tuned),D,not a siting recommendation
8865050315fffff,WP Putrajaya,2.9071652106183,101.66576805528128,1111.0072009725989,4.2,1.0123309466984884,0,0.035388246,0.018824095,995,XGBoost (tuned),D,not a siting recommendation
886505032bfffff,WP Putrajaya,2.921172714546689,101.68506714214722,1111.0072009725989,34.8,1.0123309466984884,1,0.3711832,0.2526593,144,XGBoost (tuned),D,not a siting recommendation
8865050357fffff,WP Putrajaya,2.8910207830676677,101.67328650573502,555.5036004862994,1.7000000000000002,1.0123309466984884,0,0.011423421,0.008839882,1419,XGBoost (tuned),D,not a siting recommendation
886505189dfffff,WP Putrajaya,2.95061372054094,101.70578878912852,0.0,2.0,1.0123309466984884,0,0.008247491,0.005529409,1527,XGBoost (tuned),D,not a siting recommendation
886505014dfffff,WP Putrajaya,2.9446800049416546,101.68272929285114,5555.036004862995,12.6,1.0123309466984884,0,0.09615518,0.08598524,589,XGBoost (tuned),D,not a siting recommendation
886505014bfffff,WP Putrajaya,2.938032465184943,101.66860901496332,3888.525203404096,11.2,1.0123309466984884,0,0.1429908,0.2099995,429,XGBoost (tuned),D,not a siting recommendation
8865050325fffff,WP Putrajaya,2.93589305670718,101.69542768219048,555.5036004862994,21.0,1.0123309466984884,1,0.13451959,0.086501986,450,XGBoost (tuned),D,not a siting recommendation
886505032dfffff,WP Putrajaya,2.9278197816096108,101.69918625008384,3333.0216029177964,13.5,1.0123309466984884,0,0.26910108,0.20822915,229,XGBoost (tuned),D,not a siting recommendation
886505030bfffff,WP Putrajaya,2.8983804189266342,101.67846617082182,1111.0072009725989,1.9,1.0123309466984884,1,0.013951342,0.009130204,1339,XGBoost (tuned),D,not a siting recommendation
8865050355fffff,WP Putrajaya,2.8903085106255464,101.68222494019808,1111.0072009725989,1.9,1.0123309466984884,0,0.022028426,0.0081816,1156,XGBoost (tuned),D,not a siting recommendation
886505033dfffff,WP Putrajaya,2.9218855627635136,101.67612796009152,555.5036004862994,2.8,1.0123309466984884,0,0.0682319,0.02952518,755,XGBoost (tuned),D,not a siting recommendation
8865051897fffff,WP Putrajaya,2.95940150174991,101.69309055002336,0.0,0.7,1.0123309466984884,0,0.0059749465,0.0036419912,1672,XGBoost (tuned),D,not a siting recommendation
8865050323fffff,WP Putrajaya,2.92924586121459,101.68130812557966,3888.525203404096,24.6,1.0123309466984884,0,0.60594445,0.57497114,44,XGBoost (tuned),D,not a siting recommendation
8865050141fffff,WP Putrajaya,2.9453932611044804,101.6737893968266,1666.5108014588982,9.3,1.0123309466984884,0,0.16430168,0.1326148,382,XGBoost (tuned),D,not a siting recommendation
8865050303fffff,WP Putrajaya,2.9064526974369995,101.67470716962964,0.0,0.0,1.0123309466984884,0,0.0060157557,0.0036419912,1666,XGBoost (tuned),D,not a siting recommendation
8865050351fffff,WP Putrajaya,2.882949124725916,101.6770453833051,1111.0072009725989,1.0,1.0123309466984884,0,0.010503493,0.0049358606,1445,XGBoost (tuned),D,not a siting recommendation
